PROVIDER;DESCRIPTION;ACCOUNTID;REGION;ASSESSMENTDATE;REQUIREMENTS_ID;REQUIREMENTS_DESCRIPTION;REQUIREMENTS_ATTRIBUTES_SECTION;REQUIREMENTS_ATTRIBUTES_SUBSECTION;REQUIREMENTS_ATTRIBUTES_SUBGROUP;REQUIREMENTS_ATTRIBUTES_SERVICE;REQUIREMENTS_ATTRIBUTES_TYPE;STATUS;STATUSEXTENDED;RESOURCEID;CHECKID;MUTED;RESOURCENAME;FRAMEWORK;NAME;REQUIREMENTS_ATTRIBUTES_COMMENT
aws;The Federal Risk and Authorization Management Program (FedRAMP) was established in 2011. It provides a cost-effective, risk-based approach for the adoption and use of cloud services by the U.S. federal government. FedRAMP empowers federal agencies to use modern cloud technologies, with an emphasis on the security and protection of federal information.;735291151388;ap-south-1;2026-07-11 14:19:13.485135;au-9;The information system protects audit information and audit tools from unauthorized access, modification, and deletion.;Audit and Accountability (AU);;;aws;;FAIL;Single region trail cloudguardian-trail has encryption disabled.;arn:aws:cloudtrail:ap-south-1:735291151388:trail/cloudguardian-trail;cloudtrail_kms_encryption_enabled;False;cloudguardian-trail;FedRAMP-Low-Revision-4;FedRAMP Low Revision 4;
aws;The Federal Risk and Authorization Management Program (FedRAMP) was established in 2011. It provides a cost-effective, risk-based approach for the adoption and use of cloud services by the U.S. federal government. FedRAMP empowers federal agencies to use modern cloud technologies, with an emphasis on the security and protection of federal information.;735291151388;ap-south-1;2026-07-11 14:19:13.485135;ac-2;Manage system accounts, group memberships, privileges, workflow, notifications, deactivations, and authorizations.;Access Control (AC);;;aws;;FAIL;Single region trail cloudguardian-trail has log file validation disabled.;arn:aws:cloudtrail:ap-south-1:735291151388:trail/cloudguardian-trail;cloudtrail_log_file_validation_enabled;False;cloudguardian-trail;FedRAMP-Low-Revision-4;FedRAMP Low Revision 4;
aws;The Federal Risk and Authorization Management Program (FedRAMP) was established in 2011. It provides a cost-effective, risk-based approach for the adoption and use of cloud services by the U.S. federal government. FedRAMP empowers federal agencies to use modern cloud technologies, with an emphasis on the security and protection of federal information.;735291151388;ap-south-1;2026-07-11 14:19:13.485135;au-2;"The organization: a. Determines that the information system is capable of auditing the following events: [Assignment: organization-defined auditable events]; b. Coordinates the security audit function with other organizational entities requiring audit- related information to enhance mutual support and to help guide the selection of auditable events; c. Provides a rationale for why the auditable events are deemed to be adequate support after- the-fact investigations of security incidents";Audit and Accountability (AU);;;aws;;FAIL;Single region trail cloudguardian-trail has log file validation disabled.;arn:aws:cloudtrail:ap-south-1:735291151388:trail/cloudguardian-trail;cloudtrail_log_file_validation_enabled;False;cloudguardian-trail;FedRAMP-Low-Revision-4;FedRAMP Low Revision 4;
aws;The Federal Risk and Authorization Management Program (FedRAMP) was established in 2011. It provides a cost-effective, risk-based approach for the adoption and use of cloud services by the U.S. federal government. FedRAMP empowers federal agencies to use modern cloud technologies, with an emphasis on the security and protection of federal information.;735291151388;ap-south-1;2026-07-11 14:19:13.485135;au-9;The information system protects audit information and audit tools from unauthorized access, modification, and deletion.;Audit and Accountability (AU);;;aws;;FAIL;Single region trail cloudguardian-trail has log file validation disabled.;arn:aws:cloudtrail:ap-south-1:735291151388:trail/cloudguardian-trail;cloudtrail_log_file_validation_enabled;False;cloudguardian-trail;FedRAMP-Low-Revision-4;FedRAMP Low Revision 4;
aws;The Federal Risk and Authorization Management Program (FedRAMP) was established in 2011. It provides a cost-effective, risk-based approach for the adoption and use of cloud services by the U.S. federal government. FedRAMP empowers federal agencies to use modern cloud technologies, with an emphasis on the security and protection of federal information.;735291151388;ap-south-1;2026-07-11 14:19:13.485135;ac-2;Manage system accounts, group memberships, privileges, workflow, notifications, deactivations, and authorizations.;Access Control (AC);;;aws;;PASS;Trail cloudguardian-trail is not multiregion and it is logging.;arn:aws:cloudtrail:ap-south-1:735291151388:trail/cloudguardian-trail;cloudtrail_multi_region_enabled;False;cloudguardian-trail;FedRAMP-Low-Revision-4;FedRAMP Low Revision 4;
aws;The Federal Risk and Authorization Management Program (FedRAMP) was established in 2011. It provides a cost-effective, risk-based approach for the adoption and use of cloud services by the U.S. federal government. FedRAMP empowers federal agencies to use modern cloud technologies, with an emphasis on the security and protection of federal information.;735291151388;ap-south-1;2026-07-11 14:19:13.485135;au-2;"The organization: a. Determines that the information system is capable of auditing the following events: [Assignment: organization-defined auditable events]; b. Coordinates the security audit function with other organizational entities requiring audit- related information to enhance mutual support and to help guide the selection of auditable events; c. Provides a rationale for why the auditable events are deemed to be adequate support after- the-fact investigations of security incidents";Audit and Accountability (AU);;;aws;;PASS;Trail cloudguardian-trail is not multiregion and it is logging.;arn:aws:cloudtrail:ap-south-1:735291151388:trail/cloudguardian-trail;cloudtrail_multi_region_enabled;False;cloudguardian-trail;FedRAMP-Low-Revision-4;FedRAMP Low Revision 4;
aws;The Federal Risk and Authorization Management Program (FedRAMP) was established in 2011. It provides a cost-effective, risk-based approach for the adoption and use of cloud services by the U.S. federal government. FedRAMP empowers federal agencies to use modern cloud technologies, with an emphasis on the security and protection of federal information.;735291151388;ap-south-1;2026-07-11 14:19:13.485135;ca-7;Continuously monitor configuration management processes. Determine security impact, environment and operational risks.;Security Assessment And Authorization (CA);;;aws;;PASS;Trail cloudguardian-trail is not multiregion and it is logging.;arn:aws:cloudtrail:ap-south-1:735291151388:trail/cloudguardian-trail;cloudtrail_multi_region_enabled;False;cloudguardian-trail;FedRAMP-Low-Revision-4;FedRAMP Low Revision 4;
aws;The Federal Risk and Authorization Management Program (FedRAMP) was established in 2011. It provides a cost-effective, risk-based approach for the adoption and use of cloud services by the U.S. federal government. FedRAMP empowers federal agencies to use modern cloud technologies, with an emphasis on the security and protection of federal information.;735291151388;ap-south-1;2026-07-11 14:19:13.485135;ac-2;Manage system accounts, group memberships, privileges, workflow, notifications, deactivations, and authorizations.;Access Control (AC);;;aws;;FAIL;No CloudTrail trails have a data event to record all S3 object-level API operations.;arn:aws:cloudtrail:ap-south-1:735291151388:trail;cloudtrail_s3_dataevents_read_enabled;False;735291151388;FedRAMP-Low-Revision-4;FedRAMP Low Revision 4;
aws;The Federal Risk and Authorization Management Program (FedRAMP) was established in 2011. It provides a cost-effective, risk-based approach for the adoption and use of cloud services by the U.S. federal government. FedRAMP empowers federal agencies to use modern cloud technologies, with an emphasis on the security and protection of federal information.;735291151388;ap-south-1;2026-07-11 14:19:13.485135;au-2;"The organization: a. Determines that the information system is capable of auditing the following events: [Assignment: organization-defined auditable events]; b. Coordinates the security audit function with other organizational entities requiring audit- related information to enhance mutual support and to help guide the selection of auditable events; c. Provides a rationale for why the auditable events are deemed to be adequate support after- the-fact investigations of security incidents";Audit and Accountability (AU);;;aws;;FAIL;No CloudTrail trails have a data event to record all S3 object-level API operations.;arn:aws:cloudtrail:ap-south-1:735291151388:trail;cloudtrail_s3_dataevents_read_enabled;False;735291151388;FedRAMP-Low-Revision-4;FedRAMP Low Revision 4;
aws;The Federal Risk and Authorization Management Program (FedRAMP) was established in 2011. It provides a cost-effective, risk-based approach for the adoption and use of cloud services by the U.S. federal government. FedRAMP empowers federal agencies to use modern cloud technologies, with an emphasis on the security and protection of federal information.;735291151388;ap-south-1;2026-07-11 14:19:13.485135;ca-7;Continuously monitor configuration management processes. Determine security impact, environment and operational risks.;Security Assessment And Authorization (CA);;;aws;;FAIL;No CloudTrail trails have a data event to record all S3 object-level API operations.;arn:aws:cloudtrail:ap-south-1:735291151388:trail;cloudtrail_s3_dataevents_read_enabled;False;735291151388;FedRAMP-Low-Revision-4;FedRAMP Low Revision 4;
aws;The Federal Risk and Authorization Management Program (FedRAMP) was established in 2011. It provides a cost-effective, risk-based approach for the adoption and use of cloud services by the U.S. federal government. FedRAMP empowers federal agencies to use modern cloud technologies, with an emphasis on the security and protection of federal information.;735291151388;ap-south-1;2026-07-11 14:19:13.485135;ac-2;Manage system accounts, group memberships, privileges, workflow, notifications, deactivations, and authorizations.;Access Control (AC);;;aws;;FAIL;No CloudTrail trails have a data event to record all S3 object-level API operations.;arn:aws:cloudtrail:ap-south-1:735291151388:trail;cloudtrail_s3_dataevents_write_enabled;False;735291151388;FedRAMP-Low-Revision-4;FedRAMP Low Revision 4;
aws;The Federal Risk and Authorization Management Program (FedRAMP) was established in 2011. It provides a cost-effective, risk-based approach for the adoption and use of cloud services by the U.S. federal government. FedRAMP empowers federal agencies to use modern cloud technologies, with an emphasis on the security and protection of federal information.;735291151388;ap-south-1;2026-07-11 14:19:13.485135;au-2;"The organization: a. Determines that the information system is capable of auditing the following events: [Assignment: organization-defined auditable events]; b. Coordinates the security audit function with other organizational entities requiring audit- related information to enhance mutual support and to help guide the selection of auditable events; c. Provides a rationale for why the auditable events are deemed to be adequate support after- the-fact investigations of security incidents";Audit and Accountability (AU);;;aws;;FAIL;No CloudTrail trails have a data event to record all S3 object-level API operations.;arn:aws:cloudtrail:ap-south-1:735291151388:trail;cloudtrail_s3_dataevents_write_enabled;False;735291151388;FedRAMP-Low-Revision-4;FedRAMP Low Revision 4;
aws;The Federal Risk and Authorization Management Program (FedRAMP) was established in 2011. It provides a cost-effective, risk-based approach for the adoption and use of cloud services by the U.S. federal government. FedRAMP empowers federal agencies to use modern cloud technologies, with an emphasis on the security and protection of federal information.;735291151388;ap-south-1;2026-07-11 14:19:13.485135;ca-7;Continuously monitor configuration management processes. Determine security impact, environment and operational risks.;Security Assessment And Authorization (CA);;;aws;;FAIL;No CloudTrail trails have a data event to record all S3 object-level API operations.;arn:aws:cloudtrail:ap-south-1:735291151388:trail;cloudtrail_s3_dataevents_write_enabled;False;735291151388;FedRAMP-Low-Revision-4;FedRAMP Low Revision 4;
aws;The Federal Risk and Authorization Management Program (FedRAMP) was established in 2011. It provides a cost-effective, risk-based approach for the adoption and use of cloud services by the U.S. federal government. FedRAMP empowers federal agencies to use modern cloud technologies, with an emphasis on the security and protection of federal information.;735291151388;ap-south-1;2026-07-11 14:19:13.485135;ac-2;Manage system accounts, group memberships, privileges, workflow, notifications, deactivations, and authorizations.;Access Control (AC);;;aws;;FAIL;No CloudWatch log groups found with metric filters or alarms associated.;arn:aws:logs:ap-south-1:735291151388:log-group;cloudwatch_changes_to_network_acls_alarm_configured;False;735291151388;FedRAMP-Low-Revision-4;FedRAMP Low Revision 4;
aws;The Federal Risk and Authorization Management Program (FedRAMP) was established in 2011. It provides a cost-effective, risk-based approach for the adoption and use of cloud services by the U.S. federal government. FedRAMP empowers federal agencies to use modern cloud technologies, with an emphasis on the security and protection of federal information.;735291151388;ap-south-1;2026-07-11 14:19:13.485135;ca-7;Continuously monitor configuration management processes. Determine security impact, environment and operational risks.;Security Assessment And Authorization (CA);;;aws;;FAIL;No CloudWatch log groups found with metric filters or alarms associated.;arn:aws:logs:ap-south-1:735291151388:log-group;cloudwatch_changes_to_network_acls_alarm_configured;False;735291151388;FedRAMP-Low-Revision-4;FedRAMP Low Revision 4;
aws;The Federal Risk and Authorization Management Program (FedRAMP) was established in 2011. It provides a cost-effective, risk-based approach for the adoption and use of cloud services by the U.S. federal government. FedRAMP empowers federal agencies to use modern cloud technologies, with an emphasis on the security and protection of federal information.;735291151388;ap-south-1;2026-07-11 14:19:13.485135;ir-4;The organization implements an incident handling capability for security incidents that includes preparation, detection and analysis, containment, eradication, and recovery, coordinates incident handling activities with contingency planning activities and incorporates lessons learned from ongoing incident handling activities into incident response procedures, training, and testing, and implements the resulting changes accordingly.;Incident Response (IR);;;aws;;FAIL;No CloudWatch log groups found with metric filters or alarms associated.;arn:aws:logs:ap-south-1:735291151388:log-group;cloudwatch_changes_to_network_acls_alarm_configured;False;735291151388;FedRAMP-Low-Revision-4;FedRAMP Low Revision 4;
aws;The Federal Risk and Authorization Management Program (FedRAMP) was established in 2011. It provides a cost-effective, risk-based approach for the adoption and use of cloud services by the U.S. federal government. FedRAMP empowers federal agencies to use modern cloud technologies, with an emphasis on the security and protection of federal information.;735291151388;ap-south-1;2026-07-11 14:19:13.485135;ir-4;The organization implements an incident handling capability for security incidents that includes preparation, detection and analysis, containment, eradication, and recovery, coordinates incident handling activities with contingency planning activities and incorporates lessons learned from ongoing incident handling activities into incident response procedures, training, and testing, and implements the resulting changes accordingly.;Incident Response (IR);;;aws;;FAIL;No CloudWatch log groups found with metric filters or alarms associated.;arn:aws:logs:ap-south-1:735291151388:log-group;cloudwatch_changes_to_network_gateways_alarm_configured;False;735291151388;FedRAMP-Low-Revision-4;FedRAMP Low Revision 4;
aws;The Federal Risk and Authorization Management Program (FedRAMP) was established in 2011. It provides a cost-effective, risk-based approach for the adoption and use of cloud services by the U.S. federal government. FedRAMP empowers federal agencies to use modern cloud technologies, with an emphasis on the security and protection of federal information.;735291151388;ap-south-1;2026-07-11 14:19:13.485135;ir-4;The organization implements an incident handling capability for security incidents that includes preparation, detection and analysis, containment, eradication, and recovery, coordinates incident handling activities with contingency planning activities and incorporates lessons learned from ongoing incident handling activities into incident response procedures, training, and testing, and implements the resulting changes accordingly.;Incident Response (IR);;;aws;;FAIL;No CloudWatch log groups found with metric filters or alarms associated.;arn:aws:logs:ap-south-1:735291151388:log-group;cloudwatch_changes_to_network_route_tables_alarm_configured;False;735291151388;FedRAMP-Low-Revision-4;FedRAMP Low Revision 4;
aws;The Federal Risk and Authorization Management Program (FedRAMP) was established in 2011. It provides a cost-effective, risk-based approach for the adoption and use of cloud services by the U.S. federal government. FedRAMP empowers federal agencies to use modern cloud technologies, with an emphasis on the security and protection of federal information.;735291151388;ap-south-1;2026-07-11 14:19:13.485135;ir-4;The organization implements an incident handling capability for security incidents that includes preparation, detection and analysis, containment, eradication, and recovery, coordinates incident handling activities with contingency planning activities and incorporates lessons learned from ongoing incident handling activities into incident response procedures, training, and testing, and implements the resulting changes accordingly.;Incident Response (IR);;;aws;;FAIL;No CloudWatch log groups found with metric filters or alarms associated.;arn:aws:logs:ap-south-1:735291151388:log-group;cloudwatch_changes_to_vpcs_alarm_configured;False;735291151388;FedRAMP-Low-Revision-4;FedRAMP Low Revision 4;
aws;The Federal Risk and Authorization Management Program (FedRAMP) was established in 2011. It provides a cost-effective, risk-based approach for the adoption and use of cloud services by the U.S. federal government. FedRAMP empowers federal agencies to use modern cloud technologies, with an emphasis on the security and protection of federal information.;735291151388;ap-south-1;2026-07-11 14:19:13.485135;ac-3;The information system enforces approved authorizations for logical access to information and system resources in accordance with applicable access control policies.;Access Control (AC);;;aws;;FAIL;EC2 Instance i-0c7395c282641f31e has IMDSv2 disabled or not required.;arn:aws:ec2:ap-south-1:735291151388:instance/i-0c7395c282641f31e;ec2_instance_imdsv2_enabled;False;i-0c7395c282641f31e;FedRAMP-Low-Revision-4;FedRAMP Low Revision 4;
aws;The Federal Risk and Authorization Management Program (FedRAMP) was established in 2011. It provides a cost-effective, risk-based approach for the adoption and use of cloud services by the U.S. federal government. FedRAMP empowers federal agencies to use modern cloud technologies, with an emphasis on the security and protection of federal information.;735291151388;ap-south-1;2026-07-11 14:19:13.485135;ca-7;Continuously monitor configuration management processes. Determine security impact, environment and operational risks.;Security Assessment And Authorization (CA);;;aws;;FAIL;EC2 Instance i-0c7395c282641f31e has IMDSv2 disabled or not required.;arn:aws:ec2:ap-south-1:735291151388:instance/i-0c7395c282641f31e;ec2_instance_imdsv2_enabled;False;i-0c7395c282641f31e;FedRAMP-Low-Revision-4;FedRAMP Low Revision 4;
aws;The Federal Risk and Authorization Management Program (FedRAMP) was established in 2011. It provides a cost-effective, risk-based approach for the adoption and use of cloud services by the U.S. federal government. FedRAMP empowers federal agencies to use modern cloud technologies, with an emphasis on the security and protection of federal information.;735291151388;ap-south-1;2026-07-11 14:19:13.485135;cm-8;The organization develops and documents an inventory of information system components that accurately reflects the current information system, includes all components within the authorization boundary of the information system, is at the level of granularity deemed necessary for tracking and reporting and reviews and updates the information system component inventory.;Configuration Management (CM);;;aws;;PASS;EC2 Instance i-0c7395c282641f31e is managed by Systems Manager.;arn:aws:ec2:ap-south-1:735291151388:instance/i-0c7395c282641f31e;ec2_instance_managed_by_ssm;False;i-0c7395c282641f31e;FedRAMP-Low-Revision-4;FedRAMP Low Revision 4;
aws;The Federal Risk and Authorization Management Program (FedRAMP) was established in 2011. It provides a cost-effective, risk-based approach for the adoption and use of cloud services by the U.S. federal government. FedRAMP empowers federal agencies to use modern cloud technologies, with an emphasis on the security and protection of federal information.;735291151388;ap-south-1;2026-07-11 14:19:13.485135;sa-3;The organization manages the information system using organization-defined system development life cycle, defines and documents information security roles and responsibilities throughout the system development life cycle, identifies individuals having information security roles and responsibilities and integrates the organizational information security risk management process into system development life cycle activities.;System and Services Acquisition (SA);;;aws;;PASS;EC2 Instance i-0c7395c282641f31e is managed by Systems Manager.;arn:aws:ec2:ap-south-1:735291151388:instance/i-0c7395c282641f31e;ec2_instance_managed_by_ssm;False;i-0c7395c282641f31e;FedRAMP-Low-Revision-4;FedRAMP Low Revision 4;
aws;The Federal Risk and Authorization Management Program (FedRAMP) was established in 2011. It provides a cost-effective, risk-based approach for the adoption and use of cloud services by the U.S. federal government. FedRAMP empowers federal agencies to use modern cloud technologies, with an emphasis on the security and protection of federal information.;735291151388;ap-south-1;2026-07-11 14:19:13.485135;cm-2;The organization develops, documents, and maintains under configuration control, a current baseline configuration of the information system.;Configuration Management (CM);;;aws;;PASS;EC2 Instance i-0c7395c282641f31e is not older than 180 days (0 days).;arn:aws:ec2:ap-south-1:735291151388:instance/i-0c7395c282641f31e;ec2_instance_older_than_specific_days;False;i-0c7395c282641f31e;FedRAMP-Low-Revision-4;FedRAMP Low Revision 4;
aws;The Federal Risk and Authorization Management Program (FedRAMP) was established in 2011. It provides a cost-effective, risk-based approach for the adoption and use of cloud services by the U.S. federal government. FedRAMP empowers federal agencies to use modern cloud technologies, with an emphasis on the security and protection of federal information.;735291151388;ap-south-1;2026-07-11 14:19:13.485135;ac-3;The information system enforces approved authorizations for logical access to information and system resources in accordance with applicable access control policies.;Access Control (AC);;;aws;;FAIL;EC2 Instance i-0c7395c282641f31e has a Public IP: 13.207.69.17 (ec2-13-207-69-17.ap-south-1.compute.amazonaws.com).;arn:aws:ec2:ap-south-1:735291151388:instance/i-0c7395c282641f31e;ec2_instance_public_ip;False;i-0c7395c282641f31e;FedRAMP-Low-Revision-4;FedRAMP Low Revision 4;
aws;The Federal Risk and Authorization Management Program (FedRAMP) was established in 2011. It provides a cost-effective, risk-based approach for the adoption and use of cloud services by the U.S. federal government. FedRAMP empowers federal agencies to use modern cloud technologies, with an emphasis on the security and protection of federal information.;735291151388;ap-south-1;2026-07-11 14:19:13.485135;ac-17;Authorize remote access systems prior to connection. Enforce remote connection requirements to information systems.;Access Control (AC);;;aws;;FAIL;EC2 Instance i-0c7395c282641f31e has a Public IP: 13.207.69.17 (ec2-13-207-69-17.ap-south-1.compute.amazonaws.com).;arn:aws:ec2:ap-south-1:735291151388:instance/i-0c7395c282641f31e;ec2_instance_public_ip;False;i-0c7395c282641f31e;FedRAMP-Low-Revision-4;FedRAMP Low Revision 4;
aws;The Federal Risk and Authorization Management Program (FedRAMP) was established in 2011. It provides a cost-effective, risk-based approach for the adoption and use of cloud services by the U.S. federal government. FedRAMP empowers federal agencies to use modern cloud technologies, with an emphasis on the security and protection of federal information.;735291151388;ap-south-1;2026-07-11 14:19:13.485135;cm-2;The organization develops, documents, and maintains under configuration control, a current baseline configuration of the information system.;Configuration Management (CM);;;aws;;FAIL;EC2 Instance i-0c7395c282641f31e has a Public IP: 13.207.69.17 (ec2-13-207-69-17.ap-south-1.compute.amazonaws.com).;arn:aws:ec2:ap-south-1:735291151388:instance/i-0c7395c282641f31e;ec2_instance_public_ip;False;i-0c7395c282641f31e;FedRAMP-Low-Revision-4;FedRAMP Low Revision 4;
aws;The Federal Risk and Authorization Management Program (FedRAMP) was established in 2011. It provides a cost-effective, risk-based approach for the adoption and use of cloud services by the U.S. federal government. FedRAMP empowers federal agencies to use modern cloud technologies, with an emphasis on the security and protection of federal information.;735291151388;ap-south-1;2026-07-11 14:19:13.485135;sc-7;"The information system: a. Monitors and controls communications at the external boundary of the system and at key internal boundaries within the system; b. Implements subnetworks for publicly accessible system components that are [Selection: physically; logically] separated from internal organizational networks; and c. Connects to external networks or information systems only through managed interfaces consisting of boundary protection devices arranged in accordance with an organizational security architecture.";System and Communications Protection (SC);;;aws;;FAIL;EC2 Instance i-0c7395c282641f31e has a Public IP: 13.207.69.17 (ec2-13-207-69-17.ap-south-1.compute.amazonaws.com).;arn:aws:ec2:ap-south-1:735291151388:instance/i-0c7395c282641f31e;ec2_instance_public_ip;False;i-0c7395c282641f31e;FedRAMP-Low-Revision-4;FedRAMP Low Revision 4;
aws;The Federal Risk and Authorization Management Program (FedRAMP) was established in 2011. It provides a cost-effective, risk-based approach for the adoption and use of cloud services by the U.S. federal government. FedRAMP empowers federal agencies to use modern cloud technologies, with an emphasis on the security and protection of federal information.;735291151388;ap-south-1;2026-07-11 14:19:13.485135;ac-17;Authorize remote access systems prior to connection. Enforce remote connection requirements to information systems.;Access Control (AC);;;aws;;FAIL;Network ACL acl-055a0136ea4bc4585 has every port open to the Internet.;arn:aws:ec2:ap-south-1:735291151388:network-acl/acl-055a0136ea4bc4585;ec2_networkacl_allow_ingress_any_port;False;acl-055a0136ea4bc4585;FedRAMP-Low-Revision-4;FedRAMP Low Revision 4;
aws;The Federal Risk and Authorization Management Program (FedRAMP) was established in 2011. It provides a cost-effective, risk-based approach for the adoption and use of cloud services by the U.S. federal government. FedRAMP empowers federal agencies to use modern cloud technologies, with an emphasis on the security and protection of federal information.;735291151388;ap-south-1;2026-07-11 14:19:13.485135;cm-2;The organization develops, documents, and maintains under configuration control, a current baseline configuration of the information system.;Configuration Management (CM);;;aws;;FAIL;Network ACL acl-055a0136ea4bc4585 has every port open to the Internet.;arn:aws:ec2:ap-south-1:735291151388:network-acl/acl-055a0136ea4bc4585;ec2_networkacl_allow_ingress_any_port;False;acl-055a0136ea4bc4585;FedRAMP-Low-Revision-4;FedRAMP Low Revision 4;
aws;The Federal Risk and Authorization Management Program (FedRAMP) was established in 2011. It provides a cost-effective, risk-based approach for the adoption and use of cloud services by the U.S. federal government. FedRAMP empowers federal agencies to use modern cloud technologies, with an emphasis on the security and protection of federal information.;735291151388;ap-south-1;2026-07-11 14:19:13.485135;sc-7;"The information system: a. Monitors and controls communications at the external boundary of the system and at key internal boundaries within the system; b. Implements subnetworks for publicly accessible system components that are [Selection: physically; logically] separated from internal organizational networks; and c. Connects to external networks or information systems only through managed interfaces consisting of boundary protection devices arranged in accordance with an organizational security architecture.";System and Communications Protection (SC);;;aws;;FAIL;Network ACL acl-055a0136ea4bc4585 has every port open to the Internet.;arn:aws:ec2:ap-south-1:735291151388:network-acl/acl-055a0136ea4bc4585;ec2_networkacl_allow_ingress_any_port;False;acl-055a0136ea4bc4585;FedRAMP-Low-Revision-4;FedRAMP Low Revision 4;
aws;The Federal Risk and Authorization Management Program (FedRAMP) was established in 2011. It provides a cost-effective, risk-based approach for the adoption and use of cloud services by the U.S. federal government. FedRAMP empowers federal agencies to use modern cloud technologies, with an emphasis on the security and protection of federal information.;735291151388;ap-south-1;2026-07-11 14:19:13.485135;ac-17;Authorize remote access systems prior to connection. Enforce remote connection requirements to information systems.;Access Control (AC);;;aws;;FAIL;Network ACL acl-0db7c7715aa3918aa has every port open to the Internet.;arn:aws:ec2:ap-south-1:735291151388:network-acl/acl-0db7c7715aa3918aa;ec2_networkacl_allow_ingress_any_port;False;acl-0db7c7715aa3918aa;FedRAMP-Low-Revision-4;FedRAMP Low Revision 4;
aws;The Federal Risk and Authorization Management Program (FedRAMP) was established in 2011. It provides a cost-effective, risk-based approach for the adoption and use of cloud services by the U.S. federal government. FedRAMP empowers federal agencies to use modern cloud technologies, with an emphasis on the security and protection of federal information.;735291151388;ap-south-1;2026-07-11 14:19:13.485135;cm-2;The organization develops, documents, and maintains under configuration control, a current baseline configuration of the information system.;Configuration Management (CM);;;aws;;FAIL;Network ACL acl-0db7c7715aa3918aa has every port open to the Internet.;arn:aws:ec2:ap-south-1:735291151388:network-acl/acl-0db7c7715aa3918aa;ec2_networkacl_allow_ingress_any_port;False;acl-0db7c7715aa3918aa;FedRAMP-Low-Revision-4;FedRAMP Low Revision 4;
aws;The Federal Risk and Authorization Management Program (FedRAMP) was established in 2011. It provides a cost-effective, risk-based approach for the adoption and use of cloud services by the U.S. federal government. FedRAMP empowers federal agencies to use modern cloud technologies, with an emphasis on the security and protection of federal information.;735291151388;ap-south-1;2026-07-11 14:19:13.485135;sc-7;"The information system: a. Monitors and controls communications at the external boundary of the system and at key internal boundaries within the system; b. Implements subnetworks for publicly accessible system components that are [Selection: physically; logically] separated from internal organizational networks; and c. Connects to external networks or information systems only through managed interfaces consisting of boundary protection devices arranged in accordance with an organizational security architecture.";System and Communications Protection (SC);;;aws;;FAIL;Network ACL acl-0db7c7715aa3918aa has every port open to the Internet.;arn:aws:ec2:ap-south-1:735291151388:network-acl/acl-0db7c7715aa3918aa;ec2_networkacl_allow_ingress_any_port;False;acl-0db7c7715aa3918aa;FedRAMP-Low-Revision-4;FedRAMP Low Revision 4;
aws;The Federal Risk and Authorization Management Program (FedRAMP) was established in 2011. It provides a cost-effective, risk-based approach for the adoption and use of cloud services by the U.S. federal government. FedRAMP empowers federal agencies to use modern cloud technologies, with an emphasis on the security and protection of federal information.;735291151388;ap-south-1;2026-07-11 14:19:13.485135;ac-17;Authorize remote access systems prior to connection. Enforce remote connection requirements to information systems.;Access Control (AC);;;aws;;FAIL;Security group cloudguardian-web-sg (sg-0fdba0a657788f1d7) has SSH port 22 open to the Internet.;arn:aws:ec2:ap-south-1:735291151388:security-group/sg-0fdba0a657788f1d7;ec2_securitygroup_allow_ingress_from_internet_to_tcp_port_22;False;sg-0fdba0a657788f1d7;FedRAMP-Low-Revision-4;FedRAMP Low Revision 4;
aws;The Federal Risk and Authorization Management Program (FedRAMP) was established in 2011. It provides a cost-effective, risk-based approach for the adoption and use of cloud services by the U.S. federal government. FedRAMP empowers federal agencies to use modern cloud technologies, with an emphasis on the security and protection of federal information.;735291151388;ap-south-1;2026-07-11 14:19:13.485135;cm-2;The organization develops, documents, and maintains under configuration control, a current baseline configuration of the information system.;Configuration Management (CM);;;aws;;FAIL;Security group cloudguardian-web-sg (sg-0fdba0a657788f1d7) has SSH port 22 open to the Internet.;arn:aws:ec2:ap-south-1:735291151388:security-group/sg-0fdba0a657788f1d7;ec2_securitygroup_allow_ingress_from_internet_to_tcp_port_22;False;sg-0fdba0a657788f1d7;FedRAMP-Low-Revision-4;FedRAMP Low Revision 4;
aws;The Federal Risk and Authorization Management Program (FedRAMP) was established in 2011. It provides a cost-effective, risk-based approach for the adoption and use of cloud services by the U.S. federal government. FedRAMP empowers federal agencies to use modern cloud technologies, with an emphasis on the security and protection of federal information.;735291151388;ap-south-1;2026-07-11 14:19:13.485135;sc-7;"The information system: a. Monitors and controls communications at the external boundary of the system and at key internal boundaries within the system; b. Implements subnetworks for publicly accessible system components that are [Selection: physically; logically] separated from internal organizational networks; and c. Connects to external networks or information systems only through managed interfaces consisting of boundary protection devices arranged in accordance with an organizational security architecture.";System and Communications Protection (SC);;;aws;;FAIL;Security group cloudguardian-web-sg (sg-0fdba0a657788f1d7) has SSH port 22 open to the Internet.;arn:aws:ec2:ap-south-1:735291151388:security-group/sg-0fdba0a657788f1d7;ec2_securitygroup_allow_ingress_from_internet_to_tcp_port_22;False;sg-0fdba0a657788f1d7;FedRAMP-Low-Revision-4;FedRAMP Low Revision 4;
aws;The Federal Risk and Authorization Management Program (FedRAMP) was established in 2011. It provides a cost-effective, risk-based approach for the adoption and use of cloud services by the U.S. federal government. FedRAMP empowers federal agencies to use modern cloud technologies, with an emphasis on the security and protection of federal information.;735291151388;ap-south-1;2026-07-11 14:19:13.485135;ac-17;Authorize remote access systems prior to connection. Enforce remote connection requirements to information systems.;Access Control (AC);;;aws;;PASS;Security group cloudguardian-rds-sg (sg-0be0be5f1a7d28519) does not have SSH port 22 open to the Internet.;arn:aws:ec2:ap-south-1:735291151388:security-group/sg-0be0be5f1a7d28519;ec2_securitygroup_allow_ingress_from_internet_to_tcp_port_22;False;sg-0be0be5f1a7d28519;FedRAMP-Low-Revision-4;FedRAMP Low Revision 4;
aws;The Federal Risk and Authorization Management Program (FedRAMP) was established in 2011. It provides a cost-effective, risk-based approach for the adoption and use of cloud services by the U.S. federal government. FedRAMP empowers federal agencies to use modern cloud technologies, with an emphasis on the security and protection of federal information.;735291151388;ap-south-1;2026-07-11 14:19:13.485135;cm-2;The organization develops, documents, and maintains under configuration control, a current baseline configuration of the information system.;Configuration Management (CM);;;aws;;PASS;Security group cloudguardian-rds-sg (sg-0be0be5f1a7d28519) does not have SSH port 22 open to the Internet.;arn:aws:ec2:ap-south-1:735291151388:security-group/sg-0be0be5f1a7d28519;ec2_securitygroup_allow_ingress_from_internet_to_tcp_port_22;False;sg-0be0be5f1a7d28519;FedRAMP-Low-Revision-4;FedRAMP Low Revision 4;
aws;The Federal Risk and Authorization Management Program (FedRAMP) was established in 2011. It provides a cost-effective, risk-based approach for the adoption and use of cloud services by the U.S. federal government. FedRAMP empowers federal agencies to use modern cloud technologies, with an emphasis on the security and protection of federal information.;735291151388;ap-south-1;2026-07-11 14:19:13.485135;sc-7;"The information system: a. Monitors and controls communications at the external boundary of the system and at key internal boundaries within the system; b. Implements subnetworks for publicly accessible system components that are [Selection: physically; logically] separated from internal organizational networks; and c. Connects to external networks or information systems only through managed interfaces consisting of boundary protection devices arranged in accordance with an organizational security architecture.";System and Communications Protection (SC);;;aws;;PASS;Security group cloudguardian-rds-sg (sg-0be0be5f1a7d28519) does not have SSH port 22 open to the Internet.;arn:aws:ec2:ap-south-1:735291151388:security-group/sg-0be0be5f1a7d28519;ec2_securitygroup_allow_ingress_from_internet_to_tcp_port_22;False;sg-0be0be5f1a7d28519;FedRAMP-Low-Revision-4;FedRAMP Low Revision 4;
aws;The Federal Risk and Authorization Management Program (FedRAMP) was established in 2011. It provides a cost-effective, risk-based approach for the adoption and use of cloud services by the U.S. federal government. FedRAMP empowers federal agencies to use modern cloud technologies, with an emphasis on the security and protection of federal information.;735291151388;ap-south-1;2026-07-11 14:19:13.485135;ac-2;Manage system accounts, group memberships, privileges, workflow, notifications, deactivations, and authorizations.;Access Control (AC);;;aws;;PASS;AWS policy AmazonRDSServiceRolePolicy is attached but does not allow '*:*' administrative privileges.;arn:aws:iam::aws:policy/aws-service-role/AmazonRDSServiceRolePolicy;iam_aws_attached_policy_no_administrative_privileges;False;AmazonRDSServiceRolePolicy;FedRAMP-Low-Revision-4;FedRAMP Low Revision 4;
aws;The Federal Risk and Authorization Management Program (FedRAMP) was established in 2011. It provides a cost-effective, risk-based approach for the adoption and use of cloud services by the U.S. federal government. FedRAMP empowers federal agencies to use modern cloud technologies, with an emphasis on the security and protection of federal information.;735291151388;ap-south-1;2026-07-11 14:19:13.485135;ac-3;The information system enforces approved authorizations for logical access to information and system resources in accordance with applicable access control policies.;Access Control (AC);;;aws;;PASS;AWS policy AmazonRDSServiceRolePolicy is attached but does not allow '*:*' administrative privileges.;arn:aws:iam::aws:policy/aws-service-role/AmazonRDSServiceRolePolicy;iam_aws_attached_policy_no_administrative_privileges;False;AmazonRDSServiceRolePolicy;FedRAMP-Low-Revision-4;FedRAMP Low Revision 4;
aws;The Federal Risk and Authorization Management Program (FedRAMP) was established in 2011. It provides a cost-effective, risk-based approach for the adoption and use of cloud services by the U.S. federal government. FedRAMP empowers federal agencies to use modern cloud technologies, with an emphasis on the security and protection of federal information.;735291151388;ap-south-1;2026-07-11 14:19:13.485135;ac-2;Manage system accounts, group memberships, privileges, workflow, notifications, deactivations, and authorizations.;Access Control (AC);;;aws;;PASS;AWS policy AWSTrustedAdvisorServiceRolePolicy is attached but does not allow '*:*' administrative privileges.;arn:aws:iam::aws:policy/aws-service-role/AWSTrustedAdvisorServiceRolePolicy;iam_aws_attached_policy_no_administrative_privileges;False;AWSTrustedAdvisorServiceRolePolicy;FedRAMP-Low-Revision-4;FedRAMP Low Revision 4;
aws;The Federal Risk and Authorization Management Program (FedRAMP) was established in 2011. It provides a cost-effective, risk-based approach for the adoption and use of cloud services by the U.S. federal government. FedRAMP empowers federal agencies to use modern cloud technologies, with an emphasis on the security and protection of federal information.;735291151388;ap-south-1;2026-07-11 14:19:13.485135;ac-3;The information system enforces approved authorizations for logical access to information and system resources in accordance with applicable access control policies.;Access Control (AC);;;aws;;PASS;AWS policy AWSTrustedAdvisorServiceRolePolicy is attached but does not allow '*:*' administrative privileges.;arn:aws:iam::aws:policy/aws-service-role/AWSTrustedAdvisorServiceRolePolicy;iam_aws_attached_policy_no_administrative_privileges;False;AWSTrustedAdvisorServiceRolePolicy;FedRAMP-Low-Revision-4;FedRAMP Low Revision 4;
aws;The Federal Risk and Authorization Management Program (FedRAMP) was established in 2011. It provides a cost-effective, risk-based approach for the adoption and use of cloud services by the U.S. federal government. FedRAMP empowers federal agencies to use modern cloud technologies, with an emphasis on the security and protection of federal information.;735291151388;ap-south-1;2026-07-11 14:19:13.485135;ac-2;Manage system accounts, group memberships, privileges, workflow, notifications, deactivations, and authorizations.;Access Control (AC);;;aws;;FAIL;AWS policy AdministratorAccess is attached and allows '*:*' administrative privileges.;arn:aws:iam::aws:policy/AdministratorAccess;iam_aws_attached_policy_no_administrative_privileges;False;AdministratorAccess;FedRAMP-Low-Revision-4;FedRAMP Low Revision 4;
aws;The Federal Risk and Authorization Management Program (FedRAMP) was established in 2011. It provides a cost-effective, risk-based approach for the adoption and use of cloud services by the U.S. federal government. FedRAMP empowers federal agencies to use modern cloud technologies, with an emphasis on the security and protection of federal information.;735291151388;ap-south-1;2026-07-11 14:19:13.485135;ac-3;The information system enforces approved authorizations for logical access to information and system resources in accordance with applicable access control policies.;Access Control (AC);;;aws;;FAIL;AWS policy AdministratorAccess is attached and allows '*:*' administrative privileges.;arn:aws:iam::aws:policy/AdministratorAccess;iam_aws_attached_policy_no_administrative_privileges;False;AdministratorAccess;FedRAMP-Low-Revision-4;FedRAMP Low Revision 4;
aws;The Federal Risk and Authorization Management Program (FedRAMP) was established in 2011. It provides a cost-effective, risk-based approach for the adoption and use of cloud services by the U.S. federal government. FedRAMP empowers federal agencies to use modern cloud technologies, with an emphasis on the security and protection of federal information.;735291151388;ap-south-1;2026-07-11 14:19:13.485135;ac-2;Manage system accounts, group memberships, privileges, workflow, notifications, deactivations, and authorizations.;Access Control (AC);;;aws;;PASS;AWS policy AWSSupportServiceRolePolicy is attached but does not allow '*:*' administrative privileges.;arn:aws:iam::aws:policy/aws-service-role/AWSSupportServiceRolePolicy;iam_aws_attached_policy_no_administrative_privileges;False;AWSSupportServiceRolePolicy;FedRAMP-Low-Revision-4;FedRAMP Low Revision 4;
aws;The Federal Risk and Authorization Management Program (FedRAMP) was established in 2011. It provides a cost-effective, risk-based approach for the adoption and use of cloud services by the U.S. federal government. FedRAMP empowers federal agencies to use modern cloud technologies, with an emphasis on the security and protection of federal information.;735291151388;ap-south-1;2026-07-11 14:19:13.485135;ac-3;The information system enforces approved authorizations for logical access to information and system resources in accordance with applicable access control policies.;Access Control (AC);;;aws;;PASS;AWS policy AWSSupportServiceRolePolicy is attached but does not allow '*:*' administrative privileges.;arn:aws:iam::aws:policy/aws-service-role/AWSSupportServiceRolePolicy;iam_aws_attached_policy_no_administrative_privileges;False;AWSSupportServiceRolePolicy;FedRAMP-Low-Revision-4;FedRAMP Low Revision 4;
aws;The Federal Risk and Authorization Management Program (FedRAMP) was established in 2011. It provides a cost-effective, risk-based approach for the adoption and use of cloud services by the U.S. federal government. FedRAMP empowers federal agencies to use modern cloud technologies, with an emphasis on the security and protection of federal information.;735291151388;ap-south-1;2026-07-11 14:19:13.485135;ac-2;Manage system accounts, group memberships, privileges, workflow, notifications, deactivations, and authorizations.;Access Control (AC);;;aws;;PASS;AWS policy AWSResourceExplorerServiceRolePolicy is attached but does not allow '*:*' administrative privileges.;arn:aws:iam::aws:policy/aws-service-role/AWSResourceExplorerServiceRolePolicy;iam_aws_attached_policy_no_administrative_privileges;False;AWSResourceExplorerServiceRolePolicy;FedRAMP-Low-Revision-4;FedRAMP Low Revision 4;
aws;The Federal Risk and Authorization Management Program (FedRAMP) was established in 2011. It provides a cost-effective, risk-based approach for the adoption and use of cloud services by the U.S. federal government. FedRAMP empowers federal agencies to use modern cloud technologies, with an emphasis on the security and protection of federal information.;735291151388;ap-south-1;2026-07-11 14:19:13.485135;ac-3;The information system enforces approved authorizations for logical access to information and system resources in accordance with applicable access control policies.;Access Control (AC);;;aws;;PASS;AWS policy AWSResourceExplorerServiceRolePolicy is attached but does not allow '*:*' administrative privileges.;arn:aws:iam::aws:policy/aws-service-role/AWSResourceExplorerServiceRolePolicy;iam_aws_attached_policy_no_administrative_privileges;False;AWSResourceExplorerServiceRolePolicy;FedRAMP-Low-Revision-4;FedRAMP Low Revision 4;
aws;The Federal Risk and Authorization Management Program (FedRAMP) was established in 2011. It provides a cost-effective, risk-based approach for the adoption and use of cloud services by the U.S. federal government. FedRAMP empowers federal agencies to use modern cloud technologies, with an emphasis on the security and protection of federal information.;735291151388;ap-south-1;2026-07-11 14:19:13.485135;ac-2;Manage system accounts, group memberships, privileges, workflow, notifications, deactivations, and authorizations.;Access Control (AC);;;aws;;FAIL;Inline policy cloudguardian-s3-read-only attached to role cloudguardian-web-role allows '*:*' administrative privileges.;arn:aws:iam::735291151388:role/cloudguardian-web-role;iam_inline_policy_no_administrative_privileges;False;cloudguardian-web-role/cloudguardian-s3-read-only;FedRAMP-Low-Revision-4;FedRAMP Low Revision 4;
aws;The Federal Risk and Authorization Management Program (FedRAMP) was established in 2011. It provides a cost-effective, risk-based approach for the adoption and use of cloud services by the U.S. federal government. FedRAMP empowers federal agencies to use modern cloud technologies, with an emphasis on the security and protection of federal information.;735291151388;ap-south-1;2026-07-11 14:19:13.485135;ac-3;The information system enforces approved authorizations for logical access to information and system resources in accordance with applicable access control policies.;Access Control (AC);;;aws;;FAIL;Inline policy cloudguardian-s3-read-only attached to role cloudguardian-web-role allows '*:*' administrative privileges.;arn:aws:iam::735291151388:role/cloudguardian-web-role;iam_inline_policy_no_administrative_privileges;False;cloudguardian-web-role/cloudguardian-s3-read-only;FedRAMP-Low-Revision-4;FedRAMP Low Revision 4;
aws;The Federal Risk and Authorization Management Program (FedRAMP) was established in 2011. It provides a cost-effective, risk-based approach for the adoption and use of cloud services by the U.S. federal government. FedRAMP empowers federal agencies to use modern cloud technologies, with an emphasis on the security and protection of federal information.;735291151388;ap-south-1;2026-07-11 14:19:13.485135;ac-2;Manage system accounts, group memberships, privileges, workflow, notifications, deactivations, and authorizations.;Access Control (AC);;;aws;;PASS;Root account does not have access keys.;arn:aws:iam::735291151388:root;iam_no_root_access_key;False;<root_account>;FedRAMP-Low-Revision-4;FedRAMP Low Revision 4;
aws;The Federal Risk and Authorization Management Program (FedRAMP) was established in 2011. It provides a cost-effective, risk-based approach for the adoption and use of cloud services by the U.S. federal government. FedRAMP empowers federal agencies to use modern cloud technologies, with an emphasis on the security and protection of federal information.;735291151388;ap-south-1;2026-07-11 14:19:13.485135;ac-3;The information system enforces approved authorizations for logical access to information and system resources in accordance with applicable access control policies.;Access Control (AC);;;aws;;PASS;Root account does not have access keys.;arn:aws:iam::735291151388:root;iam_no_root_access_key;False;<root_account>;FedRAMP-Low-Revision-4;FedRAMP Low Revision 4;
aws;The Federal Risk and Authorization Management Program (FedRAMP) was established in 2011. It provides a cost-effective, risk-based approach for the adoption and use of cloud services by the U.S. federal government. FedRAMP empowers federal agencies to use modern cloud technologies, with an emphasis on the security and protection of federal information.;735291151388;ap-south-1;2026-07-11 14:19:13.485135;ia-2;The information system uniquely identifies and authenticates organizational users (or processes acting on behalf of organizational users).;Identification and Authentication (IA);;;aws;;PASS;Root account does not have access keys.;arn:aws:iam::735291151388:root;iam_no_root_access_key;False;<root_account>;FedRAMP-Low-Revision-4;FedRAMP Low Revision 4;
aws;The Federal Risk and Authorization Management Program (FedRAMP) was established in 2011. It provides a cost-effective, risk-based approach for the adoption and use of cloud services by the U.S. federal government. FedRAMP empowers federal agencies to use modern cloud technologies, with an emphasis on the security and protection of federal information.;735291151388;ap-south-1;2026-07-11 14:19:13.485135;ac-2;Manage system accounts, group memberships, privileges, workflow, notifications, deactivations, and authorizations.;Access Control (AC);;;aws;;FAIL;IAM password policy does not require minimum length of 14 characters.;arn:aws:iam:ap-south-1:735291151388:password-policy;iam_password_policy_minimum_length_14;False;735291151388;FedRAMP-Low-Revision-4;FedRAMP Low Revision 4;
aws;The Federal Risk and Authorization Management Program (FedRAMP) was established in 2011. It provides a cost-effective, risk-based approach for the adoption and use of cloud services by the U.S. federal government. FedRAMP empowers federal agencies to use modern cloud technologies, with an emphasis on the security and protection of federal information.;735291151388;ap-south-1;2026-07-11 14:19:13.485135;ia-2;The information system uniquely identifies and authenticates organizational users (or processes acting on behalf of organizational users).;Identification and Authentication (IA);;;aws;;FAIL;IAM password policy does not require minimum length of 14 characters.;arn:aws:iam:ap-south-1:735291151388:password-policy;iam_password_policy_minimum_length_14;False;735291151388;FedRAMP-Low-Revision-4;FedRAMP Low Revision 4;
aws;The Federal Risk and Authorization Management Program (FedRAMP) was established in 2011. It provides a cost-effective, risk-based approach for the adoption and use of cloud services by the U.S. federal government. FedRAMP empowers federal agencies to use modern cloud technologies, with an emphasis on the security and protection of federal information.;735291151388;ap-south-1;2026-07-11 14:19:13.485135;ac-2;Manage system accounts, group memberships, privileges, workflow, notifications, deactivations, and authorizations.;Access Control (AC);;;aws;;PASS;User Alex has no inline or attached policies.;arn:aws:iam::735291151388:user/Alex;iam_policy_attached_only_to_group_or_roles;False;Alex;FedRAMP-Low-Revision-4;FedRAMP Low Revision 4;
aws;The Federal Risk and Authorization Management Program (FedRAMP) was established in 2011. It provides a cost-effective, risk-based approach for the adoption and use of cloud services by the U.S. federal government. FedRAMP empowers federal agencies to use modern cloud technologies, with an emphasis on the security and protection of federal information.;735291151388;ap-south-1;2026-07-11 14:19:13.485135;ac-3;The information system enforces approved authorizations for logical access to information and system resources in accordance with applicable access control policies.;Access Control (AC);;;aws;;PASS;User Alex has no inline or attached policies.;arn:aws:iam::735291151388:user/Alex;iam_policy_attached_only_to_group_or_roles;False;Alex;FedRAMP-Low-Revision-4;FedRAMP Low Revision 4;
aws;The Federal Risk and Authorization Management Program (FedRAMP) was established in 2011. It provides a cost-effective, risk-based approach for the adoption and use of cloud services by the U.S. federal government. FedRAMP empowers federal agencies to use modern cloud technologies, with an emphasis on the security and protection of federal information.;735291151388;ap-south-1;2026-07-11 14:19:13.485135;ac-2;Manage system accounts, group memberships, privileges, workflow, notifications, deactivations, and authorizations.;Access Control (AC);;;aws;;PASS;IAM Role AWSServiceRoleForResourceExplorer accessed Bedrock 0 days ago (threshold: 60 days).;arn:aws:iam::735291151388:role/aws-service-role/resource-explorer-2.amazonaws.com/AWSServiceRoleForResourceExplorer;iam_role_access_not_stale_to_bedrock;False;AWSServiceRoleForResourceExplorer;FedRAMP-Low-Revision-4;FedRAMP Low Revision 4;
aws;The Federal Risk and Authorization Management Program (FedRAMP) was established in 2011. It provides a cost-effective, risk-based approach for the adoption and use of cloud services by the U.S. federal government. FedRAMP empowers federal agencies to use modern cloud technologies, with an emphasis on the security and protection of federal information.;735291151388;ap-south-1;2026-07-11 14:19:13.485135;ac-2;Manage system accounts, group memberships, privileges, workflow, notifications, deactivations, and authorizations.;Access Control (AC);;;aws;;FAIL;IAM Role AWSServiceRoleForSupport has Bedrock permissions but has never used them.;arn:aws:iam::735291151388:role/aws-service-role/support.amazonaws.com/AWSServiceRoleForSupport;iam_role_access_not_stale_to_bedrock;False;AWSServiceRoleForSupport;FedRAMP-Low-Revision-4;FedRAMP Low Revision 4;
aws;The Federal Risk and Authorization Management Program (FedRAMP) was established in 2011. It provides a cost-effective, risk-based approach for the adoption and use of cloud services by the U.S. federal government. FedRAMP empowers federal agencies to use modern cloud technologies, with an emphasis on the security and protection of federal information.;735291151388;ap-south-1;2026-07-11 14:19:13.485135;ac-2;Manage system accounts, group memberships, privileges, workflow, notifications, deactivations, and authorizations.;Access Control (AC);;;aws;;FAIL;IAM Role cloudguardian-web-role has Bedrock permissions but has never used them.;arn:aws:iam::735291151388:role/cloudguardian-web-role;iam_role_access_not_stale_to_bedrock;False;cloudguardian-web-role;FedRAMP-Low-Revision-4;FedRAMP Low Revision 4;
aws;The Federal Risk and Authorization Management Program (FedRAMP) was established in 2011. It provides a cost-effective, risk-based approach for the adoption and use of cloud services by the U.S. federal government. FedRAMP empowers federal agencies to use modern cloud technologies, with an emphasis on the security and protection of federal information.;735291151388;ap-south-1;2026-07-11 14:19:13.485135;ac-2;Manage system accounts, group memberships, privileges, workflow, notifications, deactivations, and authorizations.;Access Control (AC);;;aws;;PASS;Root account has a hardware MFA device enabled.;arn:aws:iam::735291151388:mfa;iam_root_hardware_mfa_enabled;False;<root_account>;FedRAMP-Low-Revision-4;FedRAMP Low Revision 4;
aws;The Federal Risk and Authorization Management Program (FedRAMP) was established in 2011. It provides a cost-effective, risk-based approach for the adoption and use of cloud services by the U.S. federal government. FedRAMP empowers federal agencies to use modern cloud technologies, with an emphasis on the security and protection of federal information.;735291151388;ap-south-1;2026-07-11 14:19:13.485135;ia-2;The information system uniquely identifies and authenticates organizational users (or processes acting on behalf of organizational users).;Identification and Authentication (IA);;;aws;;PASS;Root account has a hardware MFA device enabled.;arn:aws:iam::735291151388:mfa;iam_root_hardware_mfa_enabled;False;<root_account>;FedRAMP-Low-Revision-4;FedRAMP Low Revision 4;
aws;The Federal Risk and Authorization Management Program (FedRAMP) was established in 2011. It provides a cost-effective, risk-based approach for the adoption and use of cloud services by the U.S. federal government. FedRAMP empowers federal agencies to use modern cloud technologies, with an emphasis on the security and protection of federal information.;735291151388;ap-south-1;2026-07-11 14:19:13.485135;ac-2;Manage system accounts, group memberships, privileges, workflow, notifications, deactivations, and authorizations.;Access Control (AC);;;aws;;PASS;MFA is enabled for root account.;arn:aws:iam::735291151388:root;iam_root_mfa_enabled;False;<root_account>;FedRAMP-Low-Revision-4;FedRAMP Low Revision 4;
aws;The Federal Risk and Authorization Management Program (FedRAMP) was established in 2011. It provides a cost-effective, risk-based approach for the adoption and use of cloud services by the U.S. federal government. FedRAMP empowers federal agencies to use modern cloud technologies, with an emphasis on the security and protection of federal information.;735291151388;ap-south-1;2026-07-11 14:19:13.485135;ia-2;The information system uniquely identifies and authenticates organizational users (or processes acting on behalf of organizational users).;Identification and Authentication (IA);;;aws;;PASS;MFA is enabled for root account.;arn:aws:iam::735291151388:root;iam_root_mfa_enabled;False;<root_account>;FedRAMP-Low-Revision-4;FedRAMP Low Revision 4;
aws;The Federal Risk and Authorization Management Program (FedRAMP) was established in 2011. It provides a cost-effective, risk-based approach for the adoption and use of cloud services by the U.S. federal government. FedRAMP empowers federal agencies to use modern cloud technologies, with an emphasis on the security and protection of federal information.;735291151388;ap-south-1;2026-07-11 14:19:13.485135;ac-2;Manage system accounts, group memberships, privileges, workflow, notifications, deactivations, and authorizations.;Access Control (AC);;;aws;;PASS;User <root_account> does not have access keys.;arn:aws:iam::735291151388:root;iam_rotate_access_key_90_days;False;<root_account>;FedRAMP-Low-Revision-4;FedRAMP Low Revision 4;
aws;The Federal Risk and Authorization Management Program (FedRAMP) was established in 2011. It provides a cost-effective, risk-based approach for the adoption and use of cloud services by the U.S. federal government. FedRAMP empowers federal agencies to use modern cloud technologies, with an emphasis on the security and protection of federal information.;735291151388;ap-south-1;2026-07-11 14:19:13.485135;ac-2;Manage system accounts, group memberships, privileges, workflow, notifications, deactivations, and authorizations.;Access Control (AC);;;aws;;PASS;User Alex does not have access keys older than 90 days.;arn:aws:iam::735291151388:user/Alex;iam_rotate_access_key_90_days;False;Alex;FedRAMP-Low-Revision-4;FedRAMP Low Revision 4;
aws;The Federal Risk and Authorization Management Program (FedRAMP) was established in 2011. It provides a cost-effective, risk-based approach for the adoption and use of cloud services by the U.S. federal government. FedRAMP empowers federal agencies to use modern cloud technologies, with an emphasis on the security and protection of federal information.;735291151388;ap-south-1;2026-07-11 14:19:13.485135;ac-2;Manage system accounts, group memberships, privileges, workflow, notifications, deactivations, and authorizations.;Access Control (AC);;;aws;;PASS;IAM User Alex accessed Bedrock 0 days ago (threshold: 60 days).;arn:aws:iam::735291151388:user/Alex;iam_user_access_not_stale_to_bedrock;False;Alex;FedRAMP-Low-Revision-4;FedRAMP Low Revision 4;
aws;The Federal Risk and Authorization Management Program (FedRAMP) was established in 2011. It provides a cost-effective, risk-based approach for the adoption and use of cloud services by the U.S. federal government. FedRAMP empowers federal agencies to use modern cloud technologies, with an emphasis on the security and protection of federal information.;735291151388;ap-south-1;2026-07-11 14:19:13.485135;ac-2;Manage system accounts, group memberships, privileges, workflow, notifications, deactivations, and authorizations.;Access Control (AC);;;aws;;PASS;User <root_account> does not have access keys.;arn:aws:iam::735291151388:root;iam_user_accesskey_unused;False;<root_account>;FedRAMP-Low-Revision-4;FedRAMP Low Revision 4;
aws;The Federal Risk and Authorization Management Program (FedRAMP) was established in 2011. It provides a cost-effective, risk-based approach for the adoption and use of cloud services by the U.S. federal government. FedRAMP empowers federal agencies to use modern cloud technologies, with an emphasis on the security and protection of federal information.;735291151388;ap-south-1;2026-07-11 14:19:13.485135;ac-3;The information system enforces approved authorizations for logical access to information and system resources in accordance with applicable access control policies.;Access Control (AC);;;aws;;PASS;User <root_account> does not have access keys.;arn:aws:iam::735291151388:root;iam_user_accesskey_unused;False;<root_account>;FedRAMP-Low-Revision-4;FedRAMP Low Revision 4;
aws;The Federal Risk and Authorization Management Program (FedRAMP) was established in 2011. It provides a cost-effective, risk-based approach for the adoption and use of cloud services by the U.S. federal government. FedRAMP empowers federal agencies to use modern cloud technologies, with an emphasis on the security and protection of federal information.;735291151388;ap-south-1;2026-07-11 14:19:13.485135;ac-2;Manage system accounts, group memberships, privileges, workflow, notifications, deactivations, and authorizations.;Access Control (AC);;;aws;;PASS;User Alex does not have unused access keys for 45 days.;arn:aws:iam::735291151388:user/Alex;iam_user_accesskey_unused;False;Alex;FedRAMP-Low-Revision-4;FedRAMP Low Revision 4;
aws;The Federal Risk and Authorization Management Program (FedRAMP) was established in 2011. It provides a cost-effective, risk-based approach for the adoption and use of cloud services by the U.S. federal government. FedRAMP empowers federal agencies to use modern cloud technologies, with an emphasis on the security and protection of federal information.;735291151388;ap-south-1;2026-07-11 14:19:13.485135;ac-3;The information system enforces approved authorizations for logical access to information and system resources in accordance with applicable access control policies.;Access Control (AC);;;aws;;PASS;User Alex does not have unused access keys for 45 days.;arn:aws:iam::735291151388:user/Alex;iam_user_accesskey_unused;False;Alex;FedRAMP-Low-Revision-4;FedRAMP Low Revision 4;
aws;The Federal Risk and Authorization Management Program (FedRAMP) was established in 2011. It provides a cost-effective, risk-based approach for the adoption and use of cloud services by the U.S. federal government. FedRAMP empowers federal agencies to use modern cloud technologies, with an emphasis on the security and protection of federal information.;735291151388;ap-south-1;2026-07-11 14:19:13.485135;ac-2;Manage system accounts, group memberships, privileges, workflow, notifications, deactivations, and authorizations.;Access Control (AC);;;aws;;PASS;User Alex does not have console access enabled or is unused.;arn:aws:iam::735291151388:user/Alex;iam_user_console_access_unused;False;Alex;FedRAMP-Low-Revision-4;FedRAMP Low Revision 4;
aws;The Federal Risk and Authorization Management Program (FedRAMP) was established in 2011. It provides a cost-effective, risk-based approach for the adoption and use of cloud services by the U.S. federal government. FedRAMP empowers federal agencies to use modern cloud technologies, with an emphasis on the security and protection of federal information.;735291151388;ap-south-1;2026-07-11 14:19:13.485135;ac-3;The information system enforces approved authorizations for logical access to information and system resources in accordance with applicable access control policies.;Access Control (AC);;;aws;;PASS;User Alex does not have console access enabled or is unused.;arn:aws:iam::735291151388:user/Alex;iam_user_console_access_unused;False;Alex;FedRAMP-Low-Revision-4;FedRAMP Low Revision 4;
aws;The Federal Risk and Authorization Management Program (FedRAMP) was established in 2011. It provides a cost-effective, risk-based approach for the adoption and use of cloud services by the U.S. federal government. FedRAMP empowers federal agencies to use modern cloud technologies, with an emphasis on the security and protection of federal information.;735291151388;ap-south-1;2026-07-11 14:19:13.485135;ac-2;Manage system accounts, group memberships, privileges, workflow, notifications, deactivations, and authorizations.;Access Control (AC);;;aws;;FAIL;User Alex does not have any type of MFA enabled.;arn:aws:iam::735291151388:user/Alex;iam_user_hardware_mfa_enabled;False;Alex;FedRAMP-Low-Revision-4;FedRAMP Low Revision 4;
aws;The Federal Risk and Authorization Management Program (FedRAMP) was established in 2011. It provides a cost-effective, risk-based approach for the adoption and use of cloud services by the U.S. federal government. FedRAMP empowers federal agencies to use modern cloud technologies, with an emphasis on the security and protection of federal information.;735291151388;ap-south-1;2026-07-11 14:19:13.485135;ac-2;Manage system accounts, group memberships, privileges, workflow, notifications, deactivations, and authorizations.;Access Control (AC);;;aws;;PASS;User Alex does not have Console Password enabled.;arn:aws:iam::735291151388:user/Alex;iam_user_mfa_enabled_console_access;False;Alex;FedRAMP-Low-Revision-4;FedRAMP Low Revision 4;
aws;The Federal Risk and Authorization Management Program (FedRAMP) was established in 2011. It provides a cost-effective, risk-based approach for the adoption and use of cloud services by the U.S. federal government. FedRAMP empowers federal agencies to use modern cloud technologies, with an emphasis on the security and protection of federal information.;735291151388;ap-south-1;2026-07-11 14:19:13.485135;ia-2;The information system uniquely identifies and authenticates organizational users (or processes acting on behalf of organizational users).;Identification and Authentication (IA);;;aws;;PASS;User Alex does not have Console Password enabled.;arn:aws:iam::735291151388:user/Alex;iam_user_mfa_enabled_console_access;False;Alex;FedRAMP-Low-Revision-4;FedRAMP Low Revision 4;
aws;The Federal Risk and Authorization Management Program (FedRAMP) was established in 2011. It provides a cost-effective, risk-based approach for the adoption and use of cloud services by the U.S. federal government. FedRAMP empowers federal agencies to use modern cloud technologies, with an emphasis on the security and protection of federal information.;735291151388;ap-south-1;2026-07-11 14:19:13.485135;cp-9;The organization conducts backups of user-level information, system-level information and information system documentation including security-related documentation contained in the information system and protects the confidentiality, integrity, and availability of backup information at storage locations.;Contingency Planning (CP);;;aws;;FAIL;RDS Instance cloudguardian-db does not have backup enabled.;arn:aws:rds:ap-south-1:735291151388:db:cloudguardian-db;rds_instance_backup_enabled;False;cloudguardian-db;FedRAMP-Low-Revision-4;FedRAMP Low Revision 4;
aws;The Federal Risk and Authorization Management Program (FedRAMP) was established in 2011. It provides a cost-effective, risk-based approach for the adoption and use of cloud services by the U.S. federal government. FedRAMP empowers federal agencies to use modern cloud technologies, with an emphasis on the security and protection of federal information.;735291151388;ap-south-1;2026-07-11 14:19:13.485135;cp-10;The organization provides for the recovery and reconstitution of the information system to a known state after a disruption, compromise, or failure.;Contingency Planning (CP);;;aws;;FAIL;RDS Instance cloudguardian-db does not have backup enabled.;arn:aws:rds:ap-south-1:735291151388:db:cloudguardian-db;rds_instance_backup_enabled;False;cloudguardian-db;FedRAMP-Low-Revision-4;FedRAMP Low Revision 4;
aws;The Federal Risk and Authorization Management Program (FedRAMP) was established in 2011. It provides a cost-effective, risk-based approach for the adoption and use of cloud services by the U.S. federal government. FedRAMP empowers federal agencies to use modern cloud technologies, with an emphasis on the security and protection of federal information.;735291151388;ap-south-1;2026-07-11 14:19:13.485135;sc-5;The information system protects against or limits the effects of the following types of denial of service attacks: [Assignment: organization-defined types of denial of service attacks or references to sources for such information] by employing [Assignment: organization-defined security safeguards].;System and Communications Protection (SC);;;aws;;FAIL;RDS Instance cloudguardian-db does not have backup enabled.;arn:aws:rds:ap-south-1:735291151388:db:cloudguardian-db;rds_instance_backup_enabled;False;cloudguardian-db;FedRAMP-Low-Revision-4;FedRAMP Low Revision 4;
aws;The Federal Risk and Authorization Management Program (FedRAMP) was established in 2011. It provides a cost-effective, risk-based approach for the adoption and use of cloud services by the U.S. federal government. FedRAMP empowers federal agencies to use modern cloud technologies, with an emphasis on the security and protection of federal information.;735291151388;ap-south-1;2026-07-11 14:19:13.485135;sc-5;The information system protects against or limits the effects of the following types of denial of service attacks: [Assignment: organization-defined types of denial of service attacks or references to sources for such information] by employing [Assignment: organization-defined security safeguards].;System and Communications Protection (SC);;;aws;;FAIL;RDS Instance cloudguardian-db deletion protection is not enabled.;arn:aws:rds:ap-south-1:735291151388:db:cloudguardian-db;rds_instance_deletion_protection;False;cloudguardian-db;FedRAMP-Low-Revision-4;FedRAMP Low Revision 4;
aws;The Federal Risk and Authorization Management Program (FedRAMP) was established in 2011. It provides a cost-effective, risk-based approach for the adoption and use of cloud services by the U.S. federal government. FedRAMP empowers federal agencies to use modern cloud technologies, with an emphasis on the security and protection of federal information.;735291151388;ap-south-1;2026-07-11 14:19:13.485135;ca-7;Continuously monitor configuration management processes. Determine security impact, environment and operational risks.;Security Assessment And Authorization (CA);;;aws;;FAIL;RDS Instance cloudguardian-db does not have enhanced monitoring enabled.;arn:aws:rds:ap-south-1:735291151388:db:cloudguardian-db;rds_instance_enhanced_monitoring_enabled;False;cloudguardian-db;FedRAMP-Low-Revision-4;FedRAMP Low Revision 4;
aws;The Federal Risk and Authorization Management Program (FedRAMP) was established in 2011. It provides a cost-effective, risk-based approach for the adoption and use of cloud services by the U.S. federal government. FedRAMP empowers federal agencies to use modern cloud technologies, with an emphasis on the security and protection of federal information.;735291151388;ap-south-1;2026-07-11 14:19:13.485135;ac-2;Manage system accounts, group memberships, privileges, workflow, notifications, deactivations, and authorizations.;Access Control (AC);;;aws;;FAIL;RDS Instance cloudguardian-db does not have CloudWatch Logs enabled.;arn:aws:rds:ap-south-1:735291151388:db:cloudguardian-db;rds_instance_integration_cloudwatch_logs;False;cloudguardian-db;FedRAMP-Low-Revision-4;FedRAMP Low Revision 4;
aws;The Federal Risk and Authorization Management Program (FedRAMP) was established in 2011. It provides a cost-effective, risk-based approach for the adoption and use of cloud services by the U.S. federal government. FedRAMP empowers federal agencies to use modern cloud technologies, with an emphasis on the security and protection of federal information.;735291151388;ap-south-1;2026-07-11 14:19:13.485135;au-2;"The organization: a. Determines that the information system is capable of auditing the following events: [Assignment: organization-defined auditable events]; b. Coordinates the security audit function with other organizational entities requiring audit- related information to enhance mutual support and to help guide the selection of auditable events; c. Provides a rationale for why the auditable events are deemed to be adequate support after- the-fact investigations of security incidents";Audit and Accountability (AU);;;aws;;FAIL;RDS Instance cloudguardian-db does not have CloudWatch Logs enabled.;arn:aws:rds:ap-south-1:735291151388:db:cloudguardian-db;rds_instance_integration_cloudwatch_logs;False;cloudguardian-db;FedRAMP-Low-Revision-4;FedRAMP Low Revision 4;
aws;The Federal Risk and Authorization Management Program (FedRAMP) was established in 2011. It provides a cost-effective, risk-based approach for the adoption and use of cloud services by the U.S. federal government. FedRAMP empowers federal agencies to use modern cloud technologies, with an emphasis on the security and protection of federal information.;735291151388;ap-south-1;2026-07-11 14:19:13.485135;cp-10;The organization provides for the recovery and reconstitution of the information system to a known state after a disruption, compromise, or failure.;Contingency Planning (CP);;;aws;;FAIL;RDS Instance cloudguardian-db does not have multi-AZ enabled.;arn:aws:rds:ap-south-1:735291151388:db:cloudguardian-db;rds_instance_multi_az;False;cloudguardian-db;FedRAMP-Low-Revision-4;FedRAMP Low Revision 4;
aws;The Federal Risk and Authorization Management Program (FedRAMP) was established in 2011. It provides a cost-effective, risk-based approach for the adoption and use of cloud services by the U.S. federal government. FedRAMP empowers federal agencies to use modern cloud technologies, with an emphasis on the security and protection of federal information.;735291151388;ap-south-1;2026-07-11 14:19:13.485135;sc-5;The information system protects against or limits the effects of the following types of denial of service attacks: [Assignment: organization-defined types of denial of service attacks or references to sources for such information] by employing [Assignment: organization-defined security safeguards].;System and Communications Protection (SC);;;aws;;FAIL;RDS Instance cloudguardian-db does not have multi-AZ enabled.;arn:aws:rds:ap-south-1:735291151388:db:cloudguardian-db;rds_instance_multi_az;False;cloudguardian-db;FedRAMP-Low-Revision-4;FedRAMP Low Revision 4;
aws;The Federal Risk and Authorization Management Program (FedRAMP) was established in 2011. It provides a cost-effective, risk-based approach for the adoption and use of cloud services by the U.S. federal government. FedRAMP empowers federal agencies to use modern cloud technologies, with an emphasis on the security and protection of federal information.;735291151388;ap-south-1;2026-07-11 14:19:13.485135;ac-3;The information system enforces approved authorizations for logical access to information and system resources in accordance with applicable access control policies.;Access Control (AC);;;aws;;FAIL;RDS Instance cloudguardian-db is set as publicly accessible and security group cloudguardian-rds-sg (sg-0be0be5f1a7d28519) has mysql port 3306 open to the Internet at endpoint cloudguardian-db.cxuyey2k27jg.ap-south-1.rds.amazonaws.com in a public subnet subnet-06415df4407c53071.;arn:aws:rds:ap-south-1:735291151388:db:cloudguardian-db;rds_instance_no_public_access;False;cloudguardian-db;FedRAMP-Low-Revision-4;FedRAMP Low Revision 4;
aws;The Federal Risk and Authorization Management Program (FedRAMP) was established in 2011. It provides a cost-effective, risk-based approach for the adoption and use of cloud services by the U.S. federal government. FedRAMP empowers federal agencies to use modern cloud technologies, with an emphasis on the security and protection of federal information.;735291151388;ap-south-1;2026-07-11 14:19:13.485135;ac-17;Authorize remote access systems prior to connection. Enforce remote connection requirements to information systems.;Access Control (AC);;;aws;;FAIL;RDS Instance cloudguardian-db is set as publicly accessible and security group cloudguardian-rds-sg (sg-0be0be5f1a7d28519) has mysql port 3306 open to the Internet at endpoint cloudguardian-db.cxuyey2k27jg.ap-south-1.rds.amazonaws.com in a public subnet subnet-06415df4407c53071.;arn:aws:rds:ap-south-1:735291151388:db:cloudguardian-db;rds_instance_no_public_access;False;cloudguardian-db;FedRAMP-Low-Revision-4;FedRAMP Low Revision 4;
aws;The Federal Risk and Authorization Management Program (FedRAMP) was established in 2011. It provides a cost-effective, risk-based approach for the adoption and use of cloud services by the U.S. federal government. FedRAMP empowers federal agencies to use modern cloud technologies, with an emphasis on the security and protection of federal information.;735291151388;ap-south-1;2026-07-11 14:19:13.485135;cm-2;The organization develops, documents, and maintains under configuration control, a current baseline configuration of the information system.;Configuration Management (CM);;;aws;;FAIL;RDS Instance cloudguardian-db is set as publicly accessible and security group cloudguardian-rds-sg (sg-0be0be5f1a7d28519) has mysql port 3306 open to the Internet at endpoint cloudguardian-db.cxuyey2k27jg.ap-south-1.rds.amazonaws.com in a public subnet subnet-06415df4407c53071.;arn:aws:rds:ap-south-1:735291151388:db:cloudguardian-db;rds_instance_no_public_access;False;cloudguardian-db;FedRAMP-Low-Revision-4;FedRAMP Low Revision 4;
aws;The Federal Risk and Authorization Management Program (FedRAMP) was established in 2011. It provides a cost-effective, risk-based approach for the adoption and use of cloud services by the U.S. federal government. FedRAMP empowers federal agencies to use modern cloud technologies, with an emphasis on the security and protection of federal information.;735291151388;ap-south-1;2026-07-11 14:19:13.485135;sc-7;"The information system: a. Monitors and controls communications at the external boundary of the system and at key internal boundaries within the system; b. Implements subnetworks for publicly accessible system components that are [Selection: physically; logically] separated from internal organizational networks; and c. Connects to external networks or information systems only through managed interfaces consisting of boundary protection devices arranged in accordance with an organizational security architecture.";System and Communications Protection (SC);;;aws;;FAIL;RDS Instance cloudguardian-db is set as publicly accessible and security group cloudguardian-rds-sg (sg-0be0be5f1a7d28519) has mysql port 3306 open to the Internet at endpoint cloudguardian-db.cxuyey2k27jg.ap-south-1.rds.amazonaws.com in a public subnet subnet-06415df4407c53071.;arn:aws:rds:ap-south-1:735291151388:db:cloudguardian-db;rds_instance_no_public_access;False;cloudguardian-db;FedRAMP-Low-Revision-4;FedRAMP Low Revision 4;
aws;The Federal Risk and Authorization Management Program (FedRAMP) was established in 2011. It provides a cost-effective, risk-based approach for the adoption and use of cloud services by the U.S. federal government. FedRAMP empowers federal agencies to use modern cloud technologies, with an emphasis on the security and protection of federal information.;735291151388;ap-south-1;2026-07-11 14:19:13.485135;ac-3;The information system enforces approved authorizations for logical access to information and system resources in accordance with applicable access control policies.;Access Control (AC);;;aws;;FAIL;Block Public Access is not configured for the account 735291151388.;arn:aws:s3:ap-south-1:735291151388:account;s3_account_level_public_access_blocks;False;735291151388;FedRAMP-Low-Revision-4;FedRAMP Low Revision 4;
aws;The Federal Risk and Authorization Management Program (FedRAMP) was established in 2011. It provides a cost-effective, risk-based approach for the adoption and use of cloud services by the U.S. federal government. FedRAMP empowers federal agencies to use modern cloud technologies, with an emphasis on the security and protection of federal information.;735291151388;ap-south-1;2026-07-11 14:19:13.485135;ac-17;Authorize remote access systems prior to connection. Enforce remote connection requirements to information systems.;Access Control (AC);;;aws;;FAIL;Block Public Access is not configured for the account 735291151388.;arn:aws:s3:ap-south-1:735291151388:account;s3_account_level_public_access_blocks;False;735291151388;FedRAMP-Low-Revision-4;FedRAMP Low Revision 4;
aws;The Federal Risk and Authorization Management Program (FedRAMP) was established in 2011. It provides a cost-effective, risk-based approach for the adoption and use of cloud services by the U.S. federal government. FedRAMP empowers federal agencies to use modern cloud technologies, with an emphasis on the security and protection of federal information.;735291151388;ap-south-1;2026-07-11 14:19:13.485135;cm-2;The organization develops, documents, and maintains under configuration control, a current baseline configuration of the information system.;Configuration Management (CM);;;aws;;FAIL;Block Public Access is not configured for the account 735291151388.;arn:aws:s3:ap-south-1:735291151388:account;s3_account_level_public_access_blocks;False;735291151388;FedRAMP-Low-Revision-4;FedRAMP Low Revision 4;
aws;The Federal Risk and Authorization Management Program (FedRAMP) was established in 2011. It provides a cost-effective, risk-based approach for the adoption and use of cloud services by the U.S. federal government. FedRAMP empowers federal agencies to use modern cloud technologies, with an emphasis on the security and protection of federal information.;735291151388;ap-south-1;2026-07-11 14:19:13.485135;sc-7;"The information system: a. Monitors and controls communications at the external boundary of the system and at key internal boundaries within the system; b. Implements subnetworks for publicly accessible system components that are [Selection: physically; logically] separated from internal organizational networks; and c. Connects to external networks or information systems only through managed interfaces consisting of boundary protection devices arranged in accordance with an organizational security architecture.";System and Communications Protection (SC);;;aws;;FAIL;Block Public Access is not configured for the account 735291151388.;arn:aws:s3:ap-south-1:735291151388:account;s3_account_level_public_access_blocks;False;735291151388;FedRAMP-Low-Revision-4;FedRAMP Low Revision 4;
aws;The Federal Risk and Authorization Management Program (FedRAMP) was established in 2011. It provides a cost-effective, risk-based approach for the adoption and use of cloud services by the U.S. federal government. FedRAMP empowers federal agencies to use modern cloud technologies, with an emphasis on the security and protection of federal information.;735291151388;ap-south-1;2026-07-11 14:19:13.485135;sc-13;The information system implements FIPS-validated or NSA-approved cryptography in accordance with applicable federal laws, Executive Orders, directives, policies, regulations, and standards.;System and Communications Protection (SC);;;aws;;PASS;S3 Bucket cloudguardian-data-c8f4e2a3 has Server Side Encryption with AES256.;arn:aws:s3:::cloudguardian-data-c8f4e2a3;s3_bucket_default_encryption;False;cloudguardian-data-c8f4e2a3;FedRAMP-Low-Revision-4;FedRAMP Low Revision 4;
aws;The Federal Risk and Authorization Management Program (FedRAMP) was established in 2011. It provides a cost-effective, risk-based approach for the adoption and use of cloud services by the U.S. federal government. FedRAMP empowers federal agencies to use modern cloud technologies, with an emphasis on the security and protection of federal information.;735291151388;ap-south-1;2026-07-11 14:19:13.485135;au-9;The information system protects audit information and audit tools from unauthorized access, modification, and deletion.;Audit and Accountability (AU);;;aws;;FAIL;S3 Bucket cloudguardian-data-c8f4e2a3 has versioning disabled.;arn:aws:s3:::cloudguardian-data-c8f4e2a3;s3_bucket_object_versioning;False;cloudguardian-data-c8f4e2a3;FedRAMP-Low-Revision-4;FedRAMP Low Revision 4;
aws;The Federal Risk and Authorization Management Program (FedRAMP) was established in 2011. It provides a cost-effective, risk-based approach for the adoption and use of cloud services by the U.S. federal government. FedRAMP empowers federal agencies to use modern cloud technologies, with an emphasis on the security and protection of federal information.;735291151388;ap-south-1;2026-07-11 14:19:13.485135;cp-9;The organization conducts backups of user-level information, system-level information and information system documentation including security-related documentation contained in the information system and protects the confidentiality, integrity, and availability of backup information at storage locations.;Contingency Planning (CP);;;aws;;FAIL;S3 Bucket cloudguardian-data-c8f4e2a3 has versioning disabled.;arn:aws:s3:::cloudguardian-data-c8f4e2a3;s3_bucket_object_versioning;False;cloudguardian-data-c8f4e2a3;FedRAMP-Low-Revision-4;FedRAMP Low Revision 4;
aws;The Federal Risk and Authorization Management Program (FedRAMP) was established in 2011. It provides a cost-effective, risk-based approach for the adoption and use of cloud services by the U.S. federal government. FedRAMP empowers federal agencies to use modern cloud technologies, with an emphasis on the security and protection of federal information.;735291151388;ap-south-1;2026-07-11 14:19:13.485135;cp-10;The organization provides for the recovery and reconstitution of the information system to a known state after a disruption, compromise, or failure.;Contingency Planning (CP);;;aws;;FAIL;S3 Bucket cloudguardian-data-c8f4e2a3 has versioning disabled.;arn:aws:s3:::cloudguardian-data-c8f4e2a3;s3_bucket_object_versioning;False;cloudguardian-data-c8f4e2a3;FedRAMP-Low-Revision-4;FedRAMP Low Revision 4;
aws;The Federal Risk and Authorization Management Program (FedRAMP) was established in 2011. It provides a cost-effective, risk-based approach for the adoption and use of cloud services by the U.S. federal government. FedRAMP empowers federal agencies to use modern cloud technologies, with an emphasis on the security and protection of federal information.;735291151388;ap-south-1;2026-07-11 14:19:13.485135;sc-5;The information system protects against or limits the effects of the following types of denial of service attacks: [Assignment: organization-defined types of denial of service attacks or references to sources for such information] by employing [Assignment: organization-defined security safeguards].;System and Communications Protection (SC);;;aws;;FAIL;S3 Bucket cloudguardian-data-c8f4e2a3 has versioning disabled.;arn:aws:s3:::cloudguardian-data-c8f4e2a3;s3_bucket_object_versioning;False;cloudguardian-data-c8f4e2a3;FedRAMP-Low-Revision-4;FedRAMP Low Revision 4;
aws;The Federal Risk and Authorization Management Program (FedRAMP) was established in 2011. It provides a cost-effective, risk-based approach for the adoption and use of cloud services by the U.S. federal government. FedRAMP empowers federal agencies to use modern cloud technologies, with an emphasis on the security and protection of federal information.;735291151388;ap-south-1;2026-07-11 14:19:13.485135;ac-3;The information system enforces approved authorizations for logical access to information and system resources in accordance with applicable access control policies.;Access Control (AC);;;aws;;PASS;S3 Bucket cloudguardian-data-c8f4e2a3 does not allow public write access in the bucket policy.;arn:aws:s3:::cloudguardian-data-c8f4e2a3;s3_bucket_policy_public_write_access;False;cloudguardian-data-c8f4e2a3;FedRAMP-Low-Revision-4;FedRAMP Low Revision 4;
aws;The Federal Risk and Authorization Management Program (FedRAMP) was established in 2011. It provides a cost-effective, risk-based approach for the adoption and use of cloud services by the U.S. federal government. FedRAMP empowers federal agencies to use modern cloud technologies, with an emphasis on the security and protection of federal information.;735291151388;ap-south-1;2026-07-11 14:19:13.485135;ac-17;Authorize remote access systems prior to connection. Enforce remote connection requirements to information systems.;Access Control (AC);;;aws;;PASS;S3 Bucket cloudguardian-data-c8f4e2a3 does not allow public write access in the bucket policy.;arn:aws:s3:::cloudguardian-data-c8f4e2a3;s3_bucket_policy_public_write_access;False;cloudguardian-data-c8f4e2a3;FedRAMP-Low-Revision-4;FedRAMP Low Revision 4;
aws;The Federal Risk and Authorization Management Program (FedRAMP) was established in 2011. It provides a cost-effective, risk-based approach for the adoption and use of cloud services by the U.S. federal government. FedRAMP empowers federal agencies to use modern cloud technologies, with an emphasis on the security and protection of federal information.;735291151388;ap-south-1;2026-07-11 14:19:13.485135;cm-2;The organization develops, documents, and maintains under configuration control, a current baseline configuration of the information system.;Configuration Management (CM);;;aws;;PASS;S3 Bucket cloudguardian-data-c8f4e2a3 does not allow public write access in the bucket policy.;arn:aws:s3:::cloudguardian-data-c8f4e2a3;s3_bucket_policy_public_write_access;False;cloudguardian-data-c8f4e2a3;FedRAMP-Low-Revision-4;FedRAMP Low Revision 4;
aws;The Federal Risk and Authorization Management Program (FedRAMP) was established in 2011. It provides a cost-effective, risk-based approach for the adoption and use of cloud services by the U.S. federal government. FedRAMP empowers federal agencies to use modern cloud technologies, with an emphasis on the security and protection of federal information.;735291151388;ap-south-1;2026-07-11 14:19:13.485135;sc-7;"The information system: a. Monitors and controls communications at the external boundary of the system and at key internal boundaries within the system; b. Implements subnetworks for publicly accessible system components that are [Selection: physically; logically] separated from internal organizational networks; and c. Connects to external networks or information systems only through managed interfaces consisting of boundary protection devices arranged in accordance with an organizational security architecture.";System and Communications Protection (SC);;;aws;;PASS;S3 Bucket cloudguardian-data-c8f4e2a3 does not allow public write access in the bucket policy.;arn:aws:s3:::cloudguardian-data-c8f4e2a3;s3_bucket_policy_public_write_access;False;cloudguardian-data-c8f4e2a3;FedRAMP-Low-Revision-4;FedRAMP Low Revision 4;
aws;The Federal Risk and Authorization Management Program (FedRAMP) was established in 2011. It provides a cost-effective, risk-based approach for the adoption and use of cloud services by the U.S. federal government. FedRAMP empowers federal agencies to use modern cloud technologies, with an emphasis on the security and protection of federal information.;735291151388;ap-south-1;2026-07-11 14:19:13.485135;ac-3;The information system enforces approved authorizations for logical access to information and system resources in accordance with applicable access control policies.;Access Control (AC);;;aws;;PASS;S3 Bucket cloudguardian-data-c8f4e2a3 is not public.;arn:aws:s3:::cloudguardian-data-c8f4e2a3;s3_bucket_public_access;False;cloudguardian-data-c8f4e2a3;FedRAMP-Low-Revision-4;FedRAMP Low Revision 4;
aws;The Federal Risk and Authorization Management Program (FedRAMP) was established in 2011. It provides a cost-effective, risk-based approach for the adoption and use of cloud services by the U.S. federal government. FedRAMP empowers federal agencies to use modern cloud technologies, with an emphasis on the security and protection of federal information.;735291151388;ap-south-1;2026-07-11 14:19:13.485135;ac-17;Authorize remote access systems prior to connection. Enforce remote connection requirements to information systems.;Access Control (AC);;;aws;;PASS;S3 Bucket cloudguardian-data-c8f4e2a3 is not public.;arn:aws:s3:::cloudguardian-data-c8f4e2a3;s3_bucket_public_access;False;cloudguardian-data-c8f4e2a3;FedRAMP-Low-Revision-4;FedRAMP Low Revision 4;
aws;The Federal Risk and Authorization Management Program (FedRAMP) was established in 2011. It provides a cost-effective, risk-based approach for the adoption and use of cloud services by the U.S. federal government. FedRAMP empowers federal agencies to use modern cloud technologies, with an emphasis on the security and protection of federal information.;735291151388;ap-south-1;2026-07-11 14:19:13.485135;cm-2;The organization develops, documents, and maintains under configuration control, a current baseline configuration of the information system.;Configuration Management (CM);;;aws;;PASS;S3 Bucket cloudguardian-data-c8f4e2a3 is not public.;arn:aws:s3:::cloudguardian-data-c8f4e2a3;s3_bucket_public_access;False;cloudguardian-data-c8f4e2a3;FedRAMP-Low-Revision-4;FedRAMP Low Revision 4;
aws;The Federal Risk and Authorization Management Program (FedRAMP) was established in 2011. It provides a cost-effective, risk-based approach for the adoption and use of cloud services by the U.S. federal government. FedRAMP empowers federal agencies to use modern cloud technologies, with an emphasis on the security and protection of federal information.;735291151388;ap-south-1;2026-07-11 14:19:13.485135;sc-7;"The information system: a. Monitors and controls communications at the external boundary of the system and at key internal boundaries within the system; b. Implements subnetworks for publicly accessible system components that are [Selection: physically; logically] separated from internal organizational networks; and c. Connects to external networks or information systems only through managed interfaces consisting of boundary protection devices arranged in accordance with an organizational security architecture.";System and Communications Protection (SC);;;aws;;PASS;S3 Bucket cloudguardian-data-c8f4e2a3 is not public.;arn:aws:s3:::cloudguardian-data-c8f4e2a3;s3_bucket_public_access;False;cloudguardian-data-c8f4e2a3;FedRAMP-Low-Revision-4;FedRAMP Low Revision 4;
aws;The Federal Risk and Authorization Management Program (FedRAMP) was established in 2011. It provides a cost-effective, risk-based approach for the adoption and use of cloud services by the U.S. federal government. FedRAMP empowers federal agencies to use modern cloud technologies, with an emphasis on the security and protection of federal information.;735291151388;ap-south-1;2026-07-11 14:19:13.485135;ac-17;Authorize remote access systems prior to connection. Enforce remote connection requirements to information systems.;Access Control (AC);;;aws;;FAIL;S3 Bucket cloudguardian-data-c8f4e2a3 allows requests over insecure transport in the bucket policy.;arn:aws:s3:::cloudguardian-data-c8f4e2a3;s3_bucket_secure_transport_policy;False;cloudguardian-data-c8f4e2a3;FedRAMP-Low-Revision-4;FedRAMP Low Revision 4;
aws;The Federal Risk and Authorization Management Program (FedRAMP) was established in 2011. It provides a cost-effective, risk-based approach for the adoption and use of cloud services by the U.S. federal government. FedRAMP empowers federal agencies to use modern cloud technologies, with an emphasis on the security and protection of federal information.;735291151388;ap-south-1;2026-07-11 14:19:13.485135;sc-7;"The information system: a. Monitors and controls communications at the external boundary of the system and at key internal boundaries within the system; b. Implements subnetworks for publicly accessible system components that are [Selection: physically; logically] separated from internal organizational networks; and c. Connects to external networks or information systems only through managed interfaces consisting of boundary protection devices arranged in accordance with an organizational security architecture.";System and Communications Protection (SC);;;aws;;FAIL;S3 Bucket cloudguardian-data-c8f4e2a3 allows requests over insecure transport in the bucket policy.;arn:aws:s3:::cloudguardian-data-c8f4e2a3;s3_bucket_secure_transport_policy;False;cloudguardian-data-c8f4e2a3;FedRAMP-Low-Revision-4;FedRAMP Low Revision 4;
aws;The Federal Risk and Authorization Management Program (FedRAMP) was established in 2011. It provides a cost-effective, risk-based approach for the adoption and use of cloud services by the U.S. federal government. FedRAMP empowers federal agencies to use modern cloud technologies, with an emphasis on the security and protection of federal information.;735291151388;ap-south-1;2026-07-11 14:19:13.485135;ac-2;Manage system accounts, group memberships, privileges, workflow, notifications, deactivations, and authorizations.;Access Control (AC);;;aws;;FAIL;S3 Bucket cloudguardian-data-c8f4e2a3 has server access logging disabled.;arn:aws:s3:::cloudguardian-data-c8f4e2a3;s3_bucket_server_access_logging_enabled;False;cloudguardian-data-c8f4e2a3;FedRAMP-Low-Revision-4;FedRAMP Low Revision 4;
aws;The Federal Risk and Authorization Management Program (FedRAMP) was established in 2011. It provides a cost-effective, risk-based approach for the adoption and use of cloud services by the U.S. federal government. FedRAMP empowers federal agencies to use modern cloud technologies, with an emphasis on the security and protection of federal information.;735291151388;ap-south-1;2026-07-11 14:19:13.485135;au-2;"The organization: a. Determines that the information system is capable of auditing the following events: [Assignment: organization-defined auditable events]; b. Coordinates the security audit function with other organizational entities requiring audit- related information to enhance mutual support and to help guide the selection of auditable events; c. Provides a rationale for why the auditable events are deemed to be adequate support after- the-fact investigations of security incidents";Audit and Accountability (AU);;;aws;;FAIL;S3 Bucket cloudguardian-data-c8f4e2a3 has server access logging disabled.;arn:aws:s3:::cloudguardian-data-c8f4e2a3;s3_bucket_server_access_logging_enabled;False;cloudguardian-data-c8f4e2a3;FedRAMP-Low-Revision-4;FedRAMP Low Revision 4;
aws;The Federal Risk and Authorization Management Program (FedRAMP) was established in 2011. It provides a cost-effective, risk-based approach for the adoption and use of cloud services by the U.S. federal government. FedRAMP empowers federal agencies to use modern cloud technologies, with an emphasis on the security and protection of federal information.;735291151388;ap-south-1;2026-07-11 14:19:13.485135;au-2;"The organization: a. Determines that the information system is capable of auditing the following events: [Assignment: organization-defined auditable events]; b. Coordinates the security audit function with other organizational entities requiring audit- related information to enhance mutual support and to help guide the selection of auditable events; c. Provides a rationale for why the auditable events are deemed to be adequate support after- the-fact investigations of security incidents";Audit and Accountability (AU);;;aws;;FAIL;VPC cloudguardian-vpc Flow logs are disabled.;arn:aws:ec2:ap-south-1:735291151388:vpc/vpc-056acc9b951114346;vpc_flow_logs_enabled;False;vpc-056acc9b951114346;FedRAMP-Low-Revision-4;FedRAMP Low Revision 4;
