PROVIDER;DESCRIPTION;ACCOUNTID;REGION;ASSESSMENTDATE;REQUIREMENTS_ID;REQUIREMENTS_DESCRIPTION;REQUIREMENTS_ATTRIBUTES_PILLAR;REQUIREMENTS_ATTRIBUTES_ARTICLE;REQUIREMENTS_ATTRIBUTES_ARTICLETITLE;STATUS;STATUSEXTENDED;RESOURCEID;RESOURCENAME;CHECKID;MUTED;FRAMEWORK;NAME
aws;"The Digital Operational Resilience Act (DORA) is a European Union regulation (Regulation (EU) 2022/2554) that sets a uniform framework for the digital operational resilience of the EU financial sector. Mandatory since 17 January 2025, it applies to financial entities (banks, insurers, investment firms, payment institutions, etc.) and to ICT third-party service providers. DORA is structured around five pillars: ICT risk management, ICT-related incident reporting, digital operational resilience testing, ICT third-party risk management, and information sharing. This Prowler mapping covers the technical controls auditable from cloud configuration; the organisational, contractual and supervisory obligations defined in DORA must be addressed outside of Prowler.";735291151388;ap-south-1;2026-07-11 14:19:13.485135;DORA-Art6;Financial entities shall have an ICT risk management framework that is sound, comprehensive and well-documented, enabling them to address ICT risk quickly, efficiently and comprehensively and to ensure a high level of digital operational resilience. This includes continuous configuration recording, security findings aggregation and an enterprise-wide visibility plane.;ICT Risk Management;Article 6;ICT risk management framework;FAIL;IAM Access Analyzer in account 735291151388 is not enabled.;arn:aws:accessanalyzer:ap-south-1:735291151388:analyzer/unknown;analyzer/unknown;accessanalyzer_enabled;False;DORA;Digital Operational Resilience Act (Regulation (EU) 2022/2554)
aws;"The Digital Operational Resilience Act (DORA) is a European Union regulation (Regulation (EU) 2022/2554) that sets a uniform framework for the digital operational resilience of the EU financial sector. Mandatory since 17 January 2025, it applies to financial entities (banks, insurers, investment firms, payment institutions, etc.) and to ICT third-party service providers. DORA is structured around five pillars: ICT risk management, ICT-related incident reporting, digital operational resilience testing, ICT third-party risk management, and information sharing. This Prowler mapping covers the technical controls auditable from cloud configuration; the organisational, contractual and supervisory obligations defined in DORA must be addressed outside of Prowler.";735291151388;ap-south-1;2026-07-11 14:19:13.485135;DORA-Art8;Financial entities shall identify, classify and adequately document all ICT supported business functions, roles and responsibilities, the information assets and ICT assets supporting them, and their interdependencies. They shall on a continuous basis identify all sources of ICT risk, in particular the risk exposure to and from other financial entities.;ICT Risk Management;Article 8;Identification;FAIL;IAM Access Analyzer in account 735291151388 is not enabled.;arn:aws:accessanalyzer:ap-south-1:735291151388:analyzer/unknown;analyzer/unknown;accessanalyzer_enabled;False;DORA;Digital Operational Resilience Act (Regulation (EU) 2022/2554)
aws;"The Digital Operational Resilience Act (DORA) is a European Union regulation (Regulation (EU) 2022/2554) that sets a uniform framework for the digital operational resilience of the EU financial sector. Mandatory since 17 January 2025, it applies to financial entities (banks, insurers, investment firms, payment institutions, etc.) and to ICT third-party service providers. DORA is structured around five pillars: ICT risk management, ICT-related incident reporting, digital operational resilience testing, ICT third-party risk management, and information sharing. This Prowler mapping covers the technical controls auditable from cloud configuration; the organisational, contractual and supervisory obligations defined in DORA must be addressed outside of Prowler.";735291151388;ap-south-1;2026-07-11 14:19:13.485135;DORA-Art28;Financial entities shall manage ICT third-party risk as an integral component of ICT risk within their ICT risk management framework. Cross-account access, trust boundaries, organization-level controls and dependency visibility are critical to monitor third-party exposure on AWS.;ICT Third-Party Risk Management;Article 28;General principles (ICT third-party risk);FAIL;IAM Access Analyzer in account 735291151388 is not enabled.;arn:aws:accessanalyzer:ap-south-1:735291151388:analyzer/unknown;analyzer/unknown;accessanalyzer_enabled;False;DORA;Digital Operational Resilience Act (Regulation (EU) 2022/2554)
aws;"The Digital Operational Resilience Act (DORA) is a European Union regulation (Regulation (EU) 2022/2554) that sets a uniform framework for the digital operational resilience of the EU financial sector. Mandatory since 17 January 2025, it applies to financial entities (banks, insurers, investment firms, payment institutions, etc.) and to ICT third-party service providers. DORA is structured around five pillars: ICT risk management, ICT-related incident reporting, digital operational resilience testing, ICT third-party risk management, and information sharing. This Prowler mapping covers the technical controls auditable from cloud configuration; the organisational, contractual and supervisory obligations defined in DORA must be addressed outside of Prowler.";735291151388;ap-south-1;2026-07-11 14:19:13.485135;DORA-Art30;Contractual arrangements with ICT third-party service providers shall be set out in writing and include, at minimum, agreed service levels and clear allocation of rights and obligations. Privilege boundaries, least-privilege policies and absence of administrative wildcards are the technical guardrails that enforce these contractual constraints inside AWS.;ICT Third-Party Risk Management;Article 30;Key contractual provisions;FAIL;IAM Access Analyzer in account 735291151388 is not enabled.;arn:aws:accessanalyzer:ap-south-1:735291151388:analyzer/unknown;analyzer/unknown;accessanalyzer_enabled;False;DORA;Digital Operational Resilience Act (Regulation (EU) 2022/2554)
aws;"The Digital Operational Resilience Act (DORA) is a European Union regulation (Regulation (EU) 2022/2554) that sets a uniform framework for the digital operational resilience of the EU financial sector. Mandatory since 17 January 2025, it applies to financial entities (banks, insurers, investment firms, payment institutions, etc.) and to ICT third-party service providers. DORA is structured around five pillars: ICT risk management, ICT-related incident reporting, digital operational resilience testing, ICT third-party risk management, and information sharing. This Prowler mapping covers the technical controls auditable from cloud configuration; the organisational, contractual and supervisory obligations defined in DORA must be addressed outside of Prowler.";735291151388;ap-south-1;2026-07-11 14:19:13.485135;DORA-Art11;Financial entities shall put in place a comprehensive ICT business continuity policy, including ICT response and recovery plans, that ensures the continuity of ICT-supported critical or important functions. Operational alarming, automated event routing and tested recovery actions are essential.;ICT Risk Management;Article 11;Response and recovery;FAIL;No Backup Vault exist.;arn:aws:backup:ap-south-1:735291151388:backup-vault;735291151388;backup_vaults_exist;False;DORA;Digital Operational Resilience Act (Regulation (EU) 2022/2554)
aws;"The Digital Operational Resilience Act (DORA) is a European Union regulation (Regulation (EU) 2022/2554) that sets a uniform framework for the digital operational resilience of the EU financial sector. Mandatory since 17 January 2025, it applies to financial entities (banks, insurers, investment firms, payment institutions, etc.) and to ICT third-party service providers. DORA is structured around five pillars: ICT risk management, ICT-related incident reporting, digital operational resilience testing, ICT third-party risk management, and information sharing. This Prowler mapping covers the technical controls auditable from cloud configuration; the organisational, contractual and supervisory obligations defined in DORA must be addressed outside of Prowler.";735291151388;ap-south-1;2026-07-11 14:19:13.485135;DORA-Art12;Financial entities shall develop and document backup policies and procedures specifying the scope of data subject to backup and the minimum frequency of the backup, as well as restoration and recovery procedures and methods. Backups must be encrypted, retained, and resources must be designed for recoverability across availability zones and regions.;ICT Risk Management;Article 12;Backup policies and procedures, restoration and recovery procedures and methods;FAIL;No Backup Vault exist.;arn:aws:backup:ap-south-1:735291151388:backup-vault;735291151388;backup_vaults_exist;False;DORA;Digital Operational Resilience Act (Regulation (EU) 2022/2554)
aws;"The Digital Operational Resilience Act (DORA) is a European Union regulation (Regulation (EU) 2022/2554) that sets a uniform framework for the digital operational resilience of the EU financial sector. Mandatory since 17 January 2025, it applies to financial entities (banks, insurers, investment firms, payment institutions, etc.) and to ICT third-party service providers. DORA is structured around five pillars: ICT risk management, ICT-related incident reporting, digital operational resilience testing, ICT third-party risk management, and information sharing. This Prowler mapping covers the technical controls auditable from cloud configuration; the organisational, contractual and supervisory obligations defined in DORA must be addressed outside of Prowler.";735291151388;ap-south-1;2026-07-11 14:19:13.485135;DORA-Art17;Financial entities shall define, establish and implement an ICT-related incident management process to detect, manage and notify ICT-related incidents. Comprehensive trail logging, log integrity protection, retention and centralisation of ICT events are foundational requirements.;ICT-Related Incident Reporting;Article 17;ICT-related incident management process;PASS;Trail cloudguardian-trail from home region ap-south-1 has management events enabled to log Amazon Bedrock control-plane API calls.;arn:aws:cloudtrail:ap-south-1:735291151388:trail/cloudguardian-trail;cloudguardian-trail;cloudtrail_bedrock_logging_enabled;False;DORA;Digital Operational Resilience Act (Regulation (EU) 2022/2554)
aws;"The Digital Operational Resilience Act (DORA) is a European Union regulation (Regulation (EU) 2022/2554) that sets a uniform framework for the digital operational resilience of the EU financial sector. Mandatory since 17 January 2025, it applies to financial entities (banks, insurers, investment firms, payment institutions, etc.) and to ICT third-party service providers. DORA is structured around five pillars: ICT risk management, ICT-related incident reporting, digital operational resilience testing, ICT third-party risk management, and information sharing. This Prowler mapping covers the technical controls auditable from cloud configuration; the organisational, contractual and supervisory obligations defined in DORA must be addressed outside of Prowler.";735291151388;ap-south-1;2026-07-11 14:19:13.485135;DORA-Art17;Financial entities shall define, establish and implement an ICT-related incident management process to detect, manage and notify ICT-related incidents. Comprehensive trail logging, log integrity protection, retention and centralisation of ICT events are foundational requirements.;ICT-Related Incident Reporting;Article 17;ICT-related incident management process;FAIL;Trail cloudguardian-trail bucket (cloudguardian-data-c8f4e2a3) does not have MFA delete enabled.;arn:aws:cloudtrail:ap-south-1:735291151388:trail/cloudguardian-trail;cloudguardian-trail;cloudtrail_bucket_requires_mfa_delete;False;DORA;Digital Operational Resilience Act (Regulation (EU) 2022/2554)
aws;"The Digital Operational Resilience Act (DORA) is a European Union regulation (Regulation (EU) 2022/2554) that sets a uniform framework for the digital operational resilience of the EU financial sector. Mandatory since 17 January 2025, it applies to financial entities (banks, insurers, investment firms, payment institutions, etc.) and to ICT third-party service providers. DORA is structured around five pillars: ICT risk management, ICT-related incident reporting, digital operational resilience testing, ICT third-party risk management, and information sharing. This Prowler mapping covers the technical controls auditable from cloud configuration; the organisational, contractual and supervisory obligations defined in DORA must be addressed outside of Prowler.";735291151388;ap-south-1;2026-07-11 14:19:13.485135;DORA-Art17;Financial entities shall define, establish and implement an ICT-related incident management process to detect, manage and notify ICT-related incidents. Comprehensive trail logging, log integrity protection, retention and centralisation of ICT events are foundational requirements.;ICT-Related Incident Reporting;Article 17;ICT-related incident management process;FAIL;Single region trail cloudguardian-trail has not been logging in the last 24h or is not configured to deliver logs.;arn:aws:cloudtrail:ap-south-1:735291151388:trail/cloudguardian-trail;cloudguardian-trail;cloudtrail_cloudwatch_logging_enabled;False;DORA;Digital Operational Resilience Act (Regulation (EU) 2022/2554)
aws;"The Digital Operational Resilience Act (DORA) is a European Union regulation (Regulation (EU) 2022/2554) that sets a uniform framework for the digital operational resilience of the EU financial sector. Mandatory since 17 January 2025, it applies to financial entities (banks, insurers, investment firms, payment institutions, etc.) and to ICT third-party service providers. DORA is structured around five pillars: ICT risk management, ICT-related incident reporting, digital operational resilience testing, ICT third-party risk management, and information sharing. This Prowler mapping covers the technical controls auditable from cloud configuration; the organisational, contractual and supervisory obligations defined in DORA must be addressed outside of Prowler.";735291151388;ap-south-1;2026-07-11 14:19:13.485135;DORA-Art10;Financial entities shall have in place mechanisms to promptly detect anomalous activities, including ICT network performance issues and ICT-related incidents, and to identify potential single points of failure. Threat detection across compute, identity, storage and the API control plane is required for timely detection.;ICT Risk Management;Article 10;Detection;FAIL;Trail cloudguardian-trail does not have insight selectors and it is logging.;arn:aws:cloudtrail:ap-south-1:735291151388:trail/cloudguardian-trail;cloudguardian-trail;cloudtrail_insights_exist;False;DORA;Digital Operational Resilience Act (Regulation (EU) 2022/2554)
aws;"The Digital Operational Resilience Act (DORA) is a European Union regulation (Regulation (EU) 2022/2554) that sets a uniform framework for the digital operational resilience of the EU financial sector. Mandatory since 17 January 2025, it applies to financial entities (banks, insurers, investment firms, payment institutions, etc.) and to ICT third-party service providers. DORA is structured around five pillars: ICT risk management, ICT-related incident reporting, digital operational resilience testing, ICT third-party risk management, and information sharing. This Prowler mapping covers the technical controls auditable from cloud configuration; the organisational, contractual and supervisory obligations defined in DORA must be addressed outside of Prowler.";735291151388;ap-south-1;2026-07-11 14:19:13.485135;DORA-Art13;Financial entities shall have in place capabilities and staff to gather information on vulnerabilities and cyber threats, perform post ICT-related incident reviews, and continuously feed lessons learnt back into the ICT risk assessment process. Findings aggregation and continuous insights drive this cycle.;ICT Risk Management;Article 13;Learning and evolving;FAIL;Trail cloudguardian-trail does not have insight selectors and it is logging.;arn:aws:cloudtrail:ap-south-1:735291151388:trail/cloudguardian-trail;cloudguardian-trail;cloudtrail_insights_exist;False;DORA;Digital Operational Resilience Act (Regulation (EU) 2022/2554)
aws;"The Digital Operational Resilience Act (DORA) is a European Union regulation (Regulation (EU) 2022/2554) that sets a uniform framework for the digital operational resilience of the EU financial sector. Mandatory since 17 January 2025, it applies to financial entities (banks, insurers, investment firms, payment institutions, etc.) and to ICT third-party service providers. DORA is structured around five pillars: ICT risk management, ICT-related incident reporting, digital operational resilience testing, ICT third-party risk management, and information sharing. This Prowler mapping covers the technical controls auditable from cloud configuration; the organisational, contractual and supervisory obligations defined in DORA must be addressed outside of Prowler.";735291151388;ap-south-1;2026-07-11 14:19:13.485135;DORA-Art17;Financial entities shall define, establish and implement an ICT-related incident management process to detect, manage and notify ICT-related incidents. Comprehensive trail logging, log integrity protection, retention and centralisation of ICT events are foundational requirements.;ICT-Related Incident Reporting;Article 17;ICT-related incident management process;FAIL;Single region trail cloudguardian-trail has encryption disabled.;arn:aws:cloudtrail:ap-south-1:735291151388:trail/cloudguardian-trail;cloudguardian-trail;cloudtrail_kms_encryption_enabled;False;DORA;Digital Operational Resilience Act (Regulation (EU) 2022/2554)
aws;"The Digital Operational Resilience Act (DORA) is a European Union regulation (Regulation (EU) 2022/2554) that sets a uniform framework for the digital operational resilience of the EU financial sector. Mandatory since 17 January 2025, it applies to financial entities (banks, insurers, investment firms, payment institutions, etc.) and to ICT third-party service providers. DORA is structured around five pillars: ICT risk management, ICT-related incident reporting, digital operational resilience testing, ICT third-party risk management, and information sharing. This Prowler mapping covers the technical controls auditable from cloud configuration; the organisational, contractual and supervisory obligations defined in DORA must be addressed outside of Prowler.";735291151388;ap-south-1;2026-07-11 14:19:13.485135;DORA-Art17;Financial entities shall define, establish and implement an ICT-related incident management process to detect, manage and notify ICT-related incidents. Comprehensive trail logging, log integrity protection, retention and centralisation of ICT events are foundational requirements.;ICT-Related Incident Reporting;Article 17;ICT-related incident management process;FAIL;Single region trail cloudguardian-trail has log file validation disabled.;arn:aws:cloudtrail:ap-south-1:735291151388:trail/cloudguardian-trail;cloudguardian-trail;cloudtrail_log_file_validation_enabled;False;DORA;Digital Operational Resilience Act (Regulation (EU) 2022/2554)
aws;"The Digital Operational Resilience Act (DORA) is a European Union regulation (Regulation (EU) 2022/2554) that sets a uniform framework for the digital operational resilience of the EU financial sector. Mandatory since 17 January 2025, it applies to financial entities (banks, insurers, investment firms, payment institutions, etc.) and to ICT third-party service providers. DORA is structured around five pillars: ICT risk management, ICT-related incident reporting, digital operational resilience testing, ICT third-party risk management, and information sharing. This Prowler mapping covers the technical controls auditable from cloud configuration; the organisational, contractual and supervisory obligations defined in DORA must be addressed outside of Prowler.";735291151388;ap-south-1;2026-07-11 14:19:13.485135;DORA-Art17;Financial entities shall define, establish and implement an ICT-related incident management process to detect, manage and notify ICT-related incidents. Comprehensive trail logging, log integrity protection, retention and centralisation of ICT events are foundational requirements.;ICT-Related Incident Reporting;Article 17;ICT-related incident management process;FAIL;Single region Trail cloudguardian-trail S3 bucket access logging is not enabled for bucket cloudguardian-data-c8f4e2a3.;arn:aws:cloudtrail:ap-south-1:735291151388:trail/cloudguardian-trail;cloudguardian-trail;cloudtrail_logs_s3_bucket_access_logging_enabled;False;DORA;Digital Operational Resilience Act (Regulation (EU) 2022/2554)
aws;"The Digital Operational Resilience Act (DORA) is a European Union regulation (Regulation (EU) 2022/2554) that sets a uniform framework for the digital operational resilience of the EU financial sector. Mandatory since 17 January 2025, it applies to financial entities (banks, insurers, investment firms, payment institutions, etc.) and to ICT third-party service providers. DORA is structured around five pillars: ICT risk management, ICT-related incident reporting, digital operational resilience testing, ICT third-party risk management, and information sharing. This Prowler mapping covers the technical controls auditable from cloud configuration; the organisational, contractual and supervisory obligations defined in DORA must be addressed outside of Prowler.";735291151388;ap-south-1;2026-07-11 14:19:13.485135;DORA-Art17;Financial entities shall define, establish and implement an ICT-related incident management process to detect, manage and notify ICT-related incidents. Comprehensive trail logging, log integrity protection, retention and centralisation of ICT events are foundational requirements.;ICT-Related Incident Reporting;Article 17;ICT-related incident management process;PASS;S3 Bucket cloudguardian-data-c8f4e2a3 from single region trail cloudguardian-trail is not publicly accessible.;arn:aws:cloudtrail:ap-south-1:735291151388:trail/cloudguardian-trail;cloudguardian-trail;cloudtrail_logs_s3_bucket_is_not_publicly_accessible;False;DORA;Digital Operational Resilience Act (Regulation (EU) 2022/2554)
aws;"The Digital Operational Resilience Act (DORA) is a European Union regulation (Regulation (EU) 2022/2554) that sets a uniform framework for the digital operational resilience of the EU financial sector. Mandatory since 17 January 2025, it applies to financial entities (banks, insurers, investment firms, payment institutions, etc.) and to ICT third-party service providers. DORA is structured around five pillars: ICT risk management, ICT-related incident reporting, digital operational resilience testing, ICT third-party risk management, and information sharing. This Prowler mapping covers the technical controls auditable from cloud configuration; the organisational, contractual and supervisory obligations defined in DORA must be addressed outside of Prowler.";735291151388;ap-south-1;2026-07-11 14:19:13.485135;DORA-Art17;Financial entities shall define, establish and implement an ICT-related incident management process to detect, manage and notify ICT-related incidents. Comprehensive trail logging, log integrity protection, retention and centralisation of ICT events are foundational requirements.;ICT-Related Incident Reporting;Article 17;ICT-related incident management process;PASS;Trail cloudguardian-trail is not multiregion and it is logging.;arn:aws:cloudtrail:ap-south-1:735291151388:trail/cloudguardian-trail;cloudguardian-trail;cloudtrail_multi_region_enabled;False;DORA;Digital Operational Resilience Act (Regulation (EU) 2022/2554)
aws;"The Digital Operational Resilience Act (DORA) is a European Union regulation (Regulation (EU) 2022/2554) that sets a uniform framework for the digital operational resilience of the EU financial sector. Mandatory since 17 January 2025, it applies to financial entities (banks, insurers, investment firms, payment institutions, etc.) and to ICT third-party service providers. DORA is structured around five pillars: ICT risk management, ICT-related incident reporting, digital operational resilience testing, ICT third-party risk management, and information sharing. This Prowler mapping covers the technical controls auditable from cloud configuration; the organisational, contractual and supervisory obligations defined in DORA must be addressed outside of Prowler.";735291151388;ap-south-1;2026-07-11 14:19:13.485135;DORA-Art17;Financial entities shall define, establish and implement an ICT-related incident management process to detect, manage and notify ICT-related incidents. Comprehensive trail logging, log integrity protection, retention and centralisation of ICT events are foundational requirements.;ICT-Related Incident Reporting;Article 17;ICT-related incident management process;PASS;Trail cloudguardian-trail in region ap-south-1 is logging and have management events enabled.;arn:aws:cloudtrail:ap-south-1:735291151388:trail/cloudguardian-trail;cloudguardian-trail;cloudtrail_multi_region_enabled_logging_management_events;False;DORA;Digital Operational Resilience Act (Regulation (EU) 2022/2554)
aws;"The Digital Operational Resilience Act (DORA) is a European Union regulation (Regulation (EU) 2022/2554) that sets a uniform framework for the digital operational resilience of the EU financial sector. Mandatory since 17 January 2025, it applies to financial entities (banks, insurers, investment firms, payment institutions, etc.) and to ICT third-party service providers. DORA is structured around five pillars: ICT risk management, ICT-related incident reporting, digital operational resilience testing, ICT third-party risk management, and information sharing. This Prowler mapping covers the technical controls auditable from cloud configuration; the organisational, contractual and supervisory obligations defined in DORA must be addressed outside of Prowler.";735291151388;ap-south-1;2026-07-11 14:19:13.485135;DORA-Art17;Financial entities shall define, establish and implement an ICT-related incident management process to detect, manage and notify ICT-related incidents. Comprehensive trail logging, log integrity protection, retention and centralisation of ICT events are foundational requirements.;ICT-Related Incident Reporting;Article 17;ICT-related incident management process;FAIL;No CloudTrail trails have a data event to record all S3 object-level API operations.;arn:aws:cloudtrail:ap-south-1:735291151388:trail;735291151388;cloudtrail_s3_dataevents_read_enabled;False;DORA;Digital Operational Resilience Act (Regulation (EU) 2022/2554)
aws;"The Digital Operational Resilience Act (DORA) is a European Union regulation (Regulation (EU) 2022/2554) that sets a uniform framework for the digital operational resilience of the EU financial sector. Mandatory since 17 January 2025, it applies to financial entities (banks, insurers, investment firms, payment institutions, etc.) and to ICT third-party service providers. DORA is structured around five pillars: ICT risk management, ICT-related incident reporting, digital operational resilience testing, ICT third-party risk management, and information sharing. This Prowler mapping covers the technical controls auditable from cloud configuration; the organisational, contractual and supervisory obligations defined in DORA must be addressed outside of Prowler.";735291151388;ap-south-1;2026-07-11 14:19:13.485135;DORA-Art17;Financial entities shall define, establish and implement an ICT-related incident management process to detect, manage and notify ICT-related incidents. Comprehensive trail logging, log integrity protection, retention and centralisation of ICT events are foundational requirements.;ICT-Related Incident Reporting;Article 17;ICT-related incident management process;FAIL;No CloudTrail trails have a data event to record all S3 object-level API operations.;arn:aws:cloudtrail:ap-south-1:735291151388:trail;735291151388;cloudtrail_s3_dataevents_write_enabled;False;DORA;Digital Operational Resilience Act (Regulation (EU) 2022/2554)
aws;"The Digital Operational Resilience Act (DORA) is a European Union regulation (Regulation (EU) 2022/2554) that sets a uniform framework for the digital operational resilience of the EU financial sector. Mandatory since 17 January 2025, it applies to financial entities (banks, insurers, investment firms, payment institutions, etc.) and to ICT third-party service providers. DORA is structured around five pillars: ICT risk management, ICT-related incident reporting, digital operational resilience testing, ICT third-party risk management, and information sharing. This Prowler mapping covers the technical controls auditable from cloud configuration; the organisational, contractual and supervisory obligations defined in DORA must be addressed outside of Prowler.";735291151388;ap-south-1;2026-07-11 14:19:13.485135;DORA-Art19;Financial entities shall report major ICT-related incidents to the relevant competent authority and may, on a voluntary basis, notify significant cyber threats. Detective metric filters, change-tracking alarms and reliable notification topics are needed to surface and route reportable events.;ICT-Related Incident Reporting;Article 19;Reporting of major ICT-related incidents and voluntary notification of significant cyber threats;FAIL;No CloudWatch log groups found with metric filters or alarms associated.;arn:aws:logs:ap-south-1:735291151388:log-group;735291151388;cloudwatch_changes_to_network_acls_alarm_configured;False;DORA;Digital Operational Resilience Act (Regulation (EU) 2022/2554)
aws;"The Digital Operational Resilience Act (DORA) is a European Union regulation (Regulation (EU) 2022/2554) that sets a uniform framework for the digital operational resilience of the EU financial sector. Mandatory since 17 January 2025, it applies to financial entities (banks, insurers, investment firms, payment institutions, etc.) and to ICT third-party service providers. DORA is structured around five pillars: ICT risk management, ICT-related incident reporting, digital operational resilience testing, ICT third-party risk management, and information sharing. This Prowler mapping covers the technical controls auditable from cloud configuration; the organisational, contractual and supervisory obligations defined in DORA must be addressed outside of Prowler.";735291151388;ap-south-1;2026-07-11 14:19:13.485135;DORA-Art19;Financial entities shall report major ICT-related incidents to the relevant competent authority and may, on a voluntary basis, notify significant cyber threats. Detective metric filters, change-tracking alarms and reliable notification topics are needed to surface and route reportable events.;ICT-Related Incident Reporting;Article 19;Reporting of major ICT-related incidents and voluntary notification of significant cyber threats;FAIL;No CloudWatch log groups found with metric filters or alarms associated.;arn:aws:logs:ap-south-1:735291151388:log-group;735291151388;cloudwatch_changes_to_network_gateways_alarm_configured;False;DORA;Digital Operational Resilience Act (Regulation (EU) 2022/2554)
aws;"The Digital Operational Resilience Act (DORA) is a European Union regulation (Regulation (EU) 2022/2554) that sets a uniform framework for the digital operational resilience of the EU financial sector. Mandatory since 17 January 2025, it applies to financial entities (banks, insurers, investment firms, payment institutions, etc.) and to ICT third-party service providers. DORA is structured around five pillars: ICT risk management, ICT-related incident reporting, digital operational resilience testing, ICT third-party risk management, and information sharing. This Prowler mapping covers the technical controls auditable from cloud configuration; the organisational, contractual and supervisory obligations defined in DORA must be addressed outside of Prowler.";735291151388;ap-south-1;2026-07-11 14:19:13.485135;DORA-Art19;Financial entities shall report major ICT-related incidents to the relevant competent authority and may, on a voluntary basis, notify significant cyber threats. Detective metric filters, change-tracking alarms and reliable notification topics are needed to surface and route reportable events.;ICT-Related Incident Reporting;Article 19;Reporting of major ICT-related incidents and voluntary notification of significant cyber threats;FAIL;No CloudWatch log groups found with metric filters or alarms associated.;arn:aws:logs:ap-south-1:735291151388:log-group;735291151388;cloudwatch_changes_to_network_route_tables_alarm_configured;False;DORA;Digital Operational Resilience Act (Regulation (EU) 2022/2554)
aws;"The Digital Operational Resilience Act (DORA) is a European Union regulation (Regulation (EU) 2022/2554) that sets a uniform framework for the digital operational resilience of the EU financial sector. Mandatory since 17 January 2025, it applies to financial entities (banks, insurers, investment firms, payment institutions, etc.) and to ICT third-party service providers. DORA is structured around five pillars: ICT risk management, ICT-related incident reporting, digital operational resilience testing, ICT third-party risk management, and information sharing. This Prowler mapping covers the technical controls auditable from cloud configuration; the organisational, contractual and supervisory obligations defined in DORA must be addressed outside of Prowler.";735291151388;ap-south-1;2026-07-11 14:19:13.485135;DORA-Art19;Financial entities shall report major ICT-related incidents to the relevant competent authority and may, on a voluntary basis, notify significant cyber threats. Detective metric filters, change-tracking alarms and reliable notification topics are needed to surface and route reportable events.;ICT-Related Incident Reporting;Article 19;Reporting of major ICT-related incidents and voluntary notification of significant cyber threats;FAIL;No CloudWatch log groups found with metric filters or alarms associated.;arn:aws:logs:ap-south-1:735291151388:log-group;735291151388;cloudwatch_changes_to_vpcs_alarm_configured;False;DORA;Digital Operational Resilience Act (Regulation (EU) 2022/2554)
aws;"The Digital Operational Resilience Act (DORA) is a European Union regulation (Regulation (EU) 2022/2554) that sets a uniform framework for the digital operational resilience of the EU financial sector. Mandatory since 17 January 2025, it applies to financial entities (banks, insurers, investment firms, payment institutions, etc.) and to ICT third-party service providers. DORA is structured around five pillars: ICT risk management, ICT-related incident reporting, digital operational resilience testing, ICT third-party risk management, and information sharing. This Prowler mapping covers the technical controls auditable from cloud configuration; the organisational, contractual and supervisory obligations defined in DORA must be addressed outside of Prowler.";735291151388;ap-south-1;2026-07-11 14:19:13.485135;DORA-Art28;Financial entities shall manage ICT third-party risk as an integral component of ICT risk within their ICT risk management framework. Cross-account access, trust boundaries, organization-level controls and dependency visibility are critical to monitor third-party exposure on AWS.;ICT Third-Party Risk Management;Article 28;General principles (ICT third-party risk);PASS;CloudWatch doesn't allow cross-account sharing.;arn:aws:iam:ap-south-1:735291151388:role;735291151388;cloudwatch_cross_account_sharing_disabled;False;DORA;Digital Operational Resilience Act (Regulation (EU) 2022/2554)
aws;"The Digital Operational Resilience Act (DORA) is a European Union regulation (Regulation (EU) 2022/2554) that sets a uniform framework for the digital operational resilience of the EU financial sector. Mandatory since 17 January 2025, it applies to financial entities (banks, insurers, investment firms, payment institutions, etc.) and to ICT third-party service providers. DORA is structured around five pillars: ICT risk management, ICT-related incident reporting, digital operational resilience testing, ICT third-party risk management, and information sharing. This Prowler mapping covers the technical controls auditable from cloud configuration; the organisational, contractual and supervisory obligations defined in DORA must be addressed outside of Prowler.";735291151388;ap-south-1;2026-07-11 14:19:13.485135;DORA-Art19;Financial entities shall report major ICT-related incidents to the relevant competent authority and may, on a voluntary basis, notify significant cyber threats. Detective metric filters, change-tracking alarms and reliable notification topics are needed to surface and route reportable events.;ICT-Related Incident Reporting;Article 19;Reporting of major ICT-related incidents and voluntary notification of significant cyber threats;FAIL;No CloudWatch log groups found with metric filters or alarms associated.;arn:aws:logs:ap-south-1:735291151388:log-group;735291151388;cloudwatch_log_metric_filter_and_alarm_for_aws_config_configuration_changes_enabled;False;DORA;Digital Operational Resilience Act (Regulation (EU) 2022/2554)
aws;"The Digital Operational Resilience Act (DORA) is a European Union regulation (Regulation (EU) 2022/2554) that sets a uniform framework for the digital operational resilience of the EU financial sector. Mandatory since 17 January 2025, it applies to financial entities (banks, insurers, investment firms, payment institutions, etc.) and to ICT third-party service providers. DORA is structured around five pillars: ICT risk management, ICT-related incident reporting, digital operational resilience testing, ICT third-party risk management, and information sharing. This Prowler mapping covers the technical controls auditable from cloud configuration; the organisational, contractual and supervisory obligations defined in DORA must be addressed outside of Prowler.";735291151388;ap-south-1;2026-07-11 14:19:13.485135;DORA-Art19;Financial entities shall report major ICT-related incidents to the relevant competent authority and may, on a voluntary basis, notify significant cyber threats. Detective metric filters, change-tracking alarms and reliable notification topics are needed to surface and route reportable events.;ICT-Related Incident Reporting;Article 19;Reporting of major ICT-related incidents and voluntary notification of significant cyber threats;FAIL;No CloudWatch log groups found with metric filters or alarms associated.;arn:aws:logs:ap-south-1:735291151388:log-group;735291151388;cloudwatch_log_metric_filter_and_alarm_for_cloudtrail_configuration_changes_enabled;False;DORA;Digital Operational Resilience Act (Regulation (EU) 2022/2554)
aws;"The Digital Operational Resilience Act (DORA) is a European Union regulation (Regulation (EU) 2022/2554) that sets a uniform framework for the digital operational resilience of the EU financial sector. Mandatory since 17 January 2025, it applies to financial entities (banks, insurers, investment firms, payment institutions, etc.) and to ICT third-party service providers. DORA is structured around five pillars: ICT risk management, ICT-related incident reporting, digital operational resilience testing, ICT third-party risk management, and information sharing. This Prowler mapping covers the technical controls auditable from cloud configuration; the organisational, contractual and supervisory obligations defined in DORA must be addressed outside of Prowler.";735291151388;ap-south-1;2026-07-11 14:19:13.485135;DORA-Art19;Financial entities shall report major ICT-related incidents to the relevant competent authority and may, on a voluntary basis, notify significant cyber threats. Detective metric filters, change-tracking alarms and reliable notification topics are needed to surface and route reportable events.;ICT-Related Incident Reporting;Article 19;Reporting of major ICT-related incidents and voluntary notification of significant cyber threats;FAIL;No CloudWatch log groups found with metric filters or alarms associated.;arn:aws:logs:ap-south-1:735291151388:log-group;735291151388;cloudwatch_log_metric_filter_authentication_failures;False;DORA;Digital Operational Resilience Act (Regulation (EU) 2022/2554)
aws;"The Digital Operational Resilience Act (DORA) is a European Union regulation (Regulation (EU) 2022/2554) that sets a uniform framework for the digital operational resilience of the EU financial sector. Mandatory since 17 January 2025, it applies to financial entities (banks, insurers, investment firms, payment institutions, etc.) and to ICT third-party service providers. DORA is structured around five pillars: ICT risk management, ICT-related incident reporting, digital operational resilience testing, ICT third-party risk management, and information sharing. This Prowler mapping covers the technical controls auditable from cloud configuration; the organisational, contractual and supervisory obligations defined in DORA must be addressed outside of Prowler.";735291151388;ap-south-1;2026-07-11 14:19:13.485135;DORA-Art19;Financial entities shall report major ICT-related incidents to the relevant competent authority and may, on a voluntary basis, notify significant cyber threats. Detective metric filters, change-tracking alarms and reliable notification topics are needed to surface and route reportable events.;ICT-Related Incident Reporting;Article 19;Reporting of major ICT-related incidents and voluntary notification of significant cyber threats;FAIL;No CloudWatch log groups found with metric filters or alarms associated.;arn:aws:logs:ap-south-1:735291151388:log-group;735291151388;cloudwatch_log_metric_filter_aws_organizations_changes;False;DORA;Digital Operational Resilience Act (Regulation (EU) 2022/2554)
aws;"The Digital Operational Resilience Act (DORA) is a European Union regulation (Regulation (EU) 2022/2554) that sets a uniform framework for the digital operational resilience of the EU financial sector. Mandatory since 17 January 2025, it applies to financial entities (banks, insurers, investment firms, payment institutions, etc.) and to ICT third-party service providers. DORA is structured around five pillars: ICT risk management, ICT-related incident reporting, digital operational resilience testing, ICT third-party risk management, and information sharing. This Prowler mapping covers the technical controls auditable from cloud configuration; the organisational, contractual and supervisory obligations defined in DORA must be addressed outside of Prowler.";735291151388;ap-south-1;2026-07-11 14:19:13.485135;DORA-Art19;Financial entities shall report major ICT-related incidents to the relevant competent authority and may, on a voluntary basis, notify significant cyber threats. Detective metric filters, change-tracking alarms and reliable notification topics are needed to surface and route reportable events.;ICT-Related Incident Reporting;Article 19;Reporting of major ICT-related incidents and voluntary notification of significant cyber threats;FAIL;No CloudWatch log groups found with metric filters or alarms associated.;arn:aws:logs:ap-south-1:735291151388:log-group;735291151388;cloudwatch_log_metric_filter_disable_or_scheduled_deletion_of_kms_cmk;False;DORA;Digital Operational Resilience Act (Regulation (EU) 2022/2554)
aws;"The Digital Operational Resilience Act (DORA) is a European Union regulation (Regulation (EU) 2022/2554) that sets a uniform framework for the digital operational resilience of the EU financial sector. Mandatory since 17 January 2025, it applies to financial entities (banks, insurers, investment firms, payment institutions, etc.) and to ICT third-party service providers. DORA is structured around five pillars: ICT risk management, ICT-related incident reporting, digital operational resilience testing, ICT third-party risk management, and information sharing. This Prowler mapping covers the technical controls auditable from cloud configuration; the organisational, contractual and supervisory obligations defined in DORA must be addressed outside of Prowler.";735291151388;ap-south-1;2026-07-11 14:19:13.485135;DORA-Art19;Financial entities shall report major ICT-related incidents to the relevant competent authority and may, on a voluntary basis, notify significant cyber threats. Detective metric filters, change-tracking alarms and reliable notification topics are needed to surface and route reportable events.;ICT-Related Incident Reporting;Article 19;Reporting of major ICT-related incidents and voluntary notification of significant cyber threats;FAIL;No CloudWatch log groups found with metric filters or alarms associated.;arn:aws:logs:ap-south-1:735291151388:log-group;735291151388;cloudwatch_log_metric_filter_for_s3_bucket_policy_changes;False;DORA;Digital Operational Resilience Act (Regulation (EU) 2022/2554)
aws;"The Digital Operational Resilience Act (DORA) is a European Union regulation (Regulation (EU) 2022/2554) that sets a uniform framework for the digital operational resilience of the EU financial sector. Mandatory since 17 January 2025, it applies to financial entities (banks, insurers, investment firms, payment institutions, etc.) and to ICT third-party service providers. DORA is structured around five pillars: ICT risk management, ICT-related incident reporting, digital operational resilience testing, ICT third-party risk management, and information sharing. This Prowler mapping covers the technical controls auditable from cloud configuration; the organisational, contractual and supervisory obligations defined in DORA must be addressed outside of Prowler.";735291151388;ap-south-1;2026-07-11 14:19:13.485135;DORA-Art19;Financial entities shall report major ICT-related incidents to the relevant competent authority and may, on a voluntary basis, notify significant cyber threats. Detective metric filters, change-tracking alarms and reliable notification topics are needed to surface and route reportable events.;ICT-Related Incident Reporting;Article 19;Reporting of major ICT-related incidents and voluntary notification of significant cyber threats;FAIL;No CloudWatch log groups found with metric filters or alarms associated.;arn:aws:logs:ap-south-1:735291151388:log-group;735291151388;cloudwatch_log_metric_filter_policy_changes;False;DORA;Digital Operational Resilience Act (Regulation (EU) 2022/2554)
aws;"The Digital Operational Resilience Act (DORA) is a European Union regulation (Regulation (EU) 2022/2554) that sets a uniform framework for the digital operational resilience of the EU financial sector. Mandatory since 17 January 2025, it applies to financial entities (banks, insurers, investment firms, payment institutions, etc.) and to ICT third-party service providers. DORA is structured around five pillars: ICT risk management, ICT-related incident reporting, digital operational resilience testing, ICT third-party risk management, and information sharing. This Prowler mapping covers the technical controls auditable from cloud configuration; the organisational, contractual and supervisory obligations defined in DORA must be addressed outside of Prowler.";735291151388;ap-south-1;2026-07-11 14:19:13.485135;DORA-Art19;Financial entities shall report major ICT-related incidents to the relevant competent authority and may, on a voluntary basis, notify significant cyber threats. Detective metric filters, change-tracking alarms and reliable notification topics are needed to surface and route reportable events.;ICT-Related Incident Reporting;Article 19;Reporting of major ICT-related incidents and voluntary notification of significant cyber threats;FAIL;No CloudWatch log groups found with metric filters or alarms associated.;arn:aws:logs:ap-south-1:735291151388:log-group;735291151388;cloudwatch_log_metric_filter_root_usage;False;DORA;Digital Operational Resilience Act (Regulation (EU) 2022/2554)
aws;"The Digital Operational Resilience Act (DORA) is a European Union regulation (Regulation (EU) 2022/2554) that sets a uniform framework for the digital operational resilience of the EU financial sector. Mandatory since 17 January 2025, it applies to financial entities (banks, insurers, investment firms, payment institutions, etc.) and to ICT third-party service providers. DORA is structured around five pillars: ICT risk management, ICT-related incident reporting, digital operational resilience testing, ICT third-party risk management, and information sharing. This Prowler mapping covers the technical controls auditable from cloud configuration; the organisational, contractual and supervisory obligations defined in DORA must be addressed outside of Prowler.";735291151388;ap-south-1;2026-07-11 14:19:13.485135;DORA-Art19;Financial entities shall report major ICT-related incidents to the relevant competent authority and may, on a voluntary basis, notify significant cyber threats. Detective metric filters, change-tracking alarms and reliable notification topics are needed to surface and route reportable events.;ICT-Related Incident Reporting;Article 19;Reporting of major ICT-related incidents and voluntary notification of significant cyber threats;FAIL;No CloudWatch log groups found with metric filters or alarms associated.;arn:aws:logs:ap-south-1:735291151388:log-group;735291151388;cloudwatch_log_metric_filter_security_group_changes;False;DORA;Digital Operational Resilience Act (Regulation (EU) 2022/2554)
aws;"The Digital Operational Resilience Act (DORA) is a European Union regulation (Regulation (EU) 2022/2554) that sets a uniform framework for the digital operational resilience of the EU financial sector. Mandatory since 17 January 2025, it applies to financial entities (banks, insurers, investment firms, payment institutions, etc.) and to ICT third-party service providers. DORA is structured around five pillars: ICT risk management, ICT-related incident reporting, digital operational resilience testing, ICT third-party risk management, and information sharing. This Prowler mapping covers the technical controls auditable from cloud configuration; the organisational, contractual and supervisory obligations defined in DORA must be addressed outside of Prowler.";735291151388;ap-south-1;2026-07-11 14:19:13.485135;DORA-Art19;Financial entities shall report major ICT-related incidents to the relevant competent authority and may, on a voluntary basis, notify significant cyber threats. Detective metric filters, change-tracking alarms and reliable notification topics are needed to surface and route reportable events.;ICT-Related Incident Reporting;Article 19;Reporting of major ICT-related incidents and voluntary notification of significant cyber threats;FAIL;No CloudWatch log groups found with metric filters or alarms associated.;arn:aws:logs:ap-south-1:735291151388:log-group;735291151388;cloudwatch_log_metric_filter_sign_in_without_mfa;False;DORA;Digital Operational Resilience Act (Regulation (EU) 2022/2554)
aws;"The Digital Operational Resilience Act (DORA) is a European Union regulation (Regulation (EU) 2022/2554) that sets a uniform framework for the digital operational resilience of the EU financial sector. Mandatory since 17 January 2025, it applies to financial entities (banks, insurers, investment firms, payment institutions, etc.) and to ICT third-party service providers. DORA is structured around five pillars: ICT risk management, ICT-related incident reporting, digital operational resilience testing, ICT third-party risk management, and information sharing. This Prowler mapping covers the technical controls auditable from cloud configuration; the organisational, contractual and supervisory obligations defined in DORA must be addressed outside of Prowler.";735291151388;ap-south-1;2026-07-11 14:19:13.485135;DORA-Art19;Financial entities shall report major ICT-related incidents to the relevant competent authority and may, on a voluntary basis, notify significant cyber threats. Detective metric filters, change-tracking alarms and reliable notification topics are needed to surface and route reportable events.;ICT-Related Incident Reporting;Article 19;Reporting of major ICT-related incidents and voluntary notification of significant cyber threats;FAIL;No CloudWatch log groups found with metric filters or alarms associated.;arn:aws:logs:ap-south-1:735291151388:log-group;735291151388;cloudwatch_log_metric_filter_unauthorized_api_calls;False;DORA;Digital Operational Resilience Act (Regulation (EU) 2022/2554)
aws;"The Digital Operational Resilience Act (DORA) is a European Union regulation (Regulation (EU) 2022/2554) that sets a uniform framework for the digital operational resilience of the EU financial sector. Mandatory since 17 January 2025, it applies to financial entities (banks, insurers, investment firms, payment institutions, etc.) and to ICT third-party service providers. DORA is structured around five pillars: ICT risk management, ICT-related incident reporting, digital operational resilience testing, ICT third-party risk management, and information sharing. This Prowler mapping covers the technical controls auditable from cloud configuration; the organisational, contractual and supervisory obligations defined in DORA must be addressed outside of Prowler.";735291151388;ap-south-1;2026-07-11 14:19:13.485135;DORA-Art6;Financial entities shall have an ICT risk management framework that is sound, comprehensive and well-documented, enabling them to address ICT risk quickly, efficiently and comprehensively and to ensure a high level of digital operational resilience. This includes continuous configuration recording, security findings aggregation and an enterprise-wide visibility plane.;ICT Risk Management;Article 6;ICT risk management framework;FAIL;AWS Config recorder 735291151388 is disabled.;arn:aws:config:ap-south-1:735291151388:recorder;735291151388;config_recorder_all_regions_enabled;False;DORA;Digital Operational Resilience Act (Regulation (EU) 2022/2554)
aws;"The Digital Operational Resilience Act (DORA) is a European Union regulation (Regulation (EU) 2022/2554) that sets a uniform framework for the digital operational resilience of the EU financial sector. Mandatory since 17 January 2025, it applies to financial entities (banks, insurers, investment firms, payment institutions, etc.) and to ICT third-party service providers. DORA is structured around five pillars: ICT risk management, ICT-related incident reporting, digital operational resilience testing, ICT third-party risk management, and information sharing. This Prowler mapping covers the technical controls auditable from cloud configuration; the organisational, contractual and supervisory obligations defined in DORA must be addressed outside of Prowler.";735291151388;ap-south-1;2026-07-11 14:19:13.485135;DORA-Art25;Financial entities shall ensure that tests are undertaken on ICT tools and systems, on critical ICT systems supporting all critical or important functions, at least yearly. Vulnerability assessments, deprecated component detection and certificate hygiene must be tracked.;Digital Operational Resilience Testing;Article 25;Testing of ICT tools and systems;FAIL;AWS Config recorder 735291151388 is disabled.;arn:aws:config:ap-south-1:735291151388:recorder;735291151388;config_recorder_all_regions_enabled;False;DORA;Digital Operational Resilience Act (Regulation (EU) 2022/2554)
aws;"The Digital Operational Resilience Act (DORA) is a European Union regulation (Regulation (EU) 2022/2554) that sets a uniform framework for the digital operational resilience of the EU financial sector. Mandatory since 17 January 2025, it applies to financial entities (banks, insurers, investment firms, payment institutions, etc.) and to ICT third-party service providers. DORA is structured around five pillars: ICT risk management, ICT-related incident reporting, digital operational resilience testing, ICT third-party risk management, and information sharing. This Prowler mapping covers the technical controls auditable from cloud configuration; the organisational, contractual and supervisory obligations defined in DORA must be addressed outside of Prowler.";735291151388;ap-south-1;2026-07-11 14:19:13.485135;DORA-Art7;Financial entities shall use and maintain updated ICT systems, protocols and tools that are appropriate to the magnitude of operations supporting ICT functions, technologically resilient, and adequately equipped to securely process data. Cryptographic primitives, certificate hygiene and network segmentation are core to this requirement.;ICT Risk Management;Article 7;ICT systems, protocols and tools;FAIL;EBS Default Encryption is not activated.;arn:aws:ec2:ap-south-1:735291151388:volume;735291151388;ec2_ebs_default_encryption;False;DORA;Digital Operational Resilience Act (Regulation (EU) 2022/2554)
aws;"The Digital Operational Resilience Act (DORA) is a European Union regulation (Regulation (EU) 2022/2554) that sets a uniform framework for the digital operational resilience of the EU financial sector. Mandatory since 17 January 2025, it applies to financial entities (banks, insurers, investment firms, payment institutions, etc.) and to ICT third-party service providers. DORA is structured around five pillars: ICT risk management, ICT-related incident reporting, digital operational resilience testing, ICT third-party risk management, and information sharing. This Prowler mapping covers the technical controls auditable from cloud configuration; the organisational, contractual and supervisory obligations defined in DORA must be addressed outside of Prowler.";735291151388;ap-south-1;2026-07-11 14:19:13.485135;DORA-Art9;Financial entities shall continuously monitor and control the security and functioning of ICT systems and tools and minimise the impact of ICT risk by deploying appropriate ICT security tools, policies and procedures. Encryption at rest and in transit, blocking of public exposure, network access controls, secret management and instance hardening are central to this article.;ICT Risk Management;Article 9;Protection and prevention;FAIL;EBS Snapshot vol-022955d77ae658dd5 is unencrypted.;arn:aws:ec2:ap-south-1:735291151388:volume/vol-022955d77ae658dd5;vol-022955d77ae658dd5;ec2_ebs_volume_encryption;False;DORA;Digital Operational Resilience Act (Regulation (EU) 2022/2554)
aws;"The Digital Operational Resilience Act (DORA) is a European Union regulation (Regulation (EU) 2022/2554) that sets a uniform framework for the digital operational resilience of the EU financial sector. Mandatory since 17 January 2025, it applies to financial entities (banks, insurers, investment firms, payment institutions, etc.) and to ICT third-party service providers. DORA is structured around five pillars: ICT risk management, ICT-related incident reporting, digital operational resilience testing, ICT third-party risk management, and information sharing. This Prowler mapping covers the technical controls auditable from cloud configuration; the organisational, contractual and supervisory obligations defined in DORA must be addressed outside of Prowler.";735291151388;ap-south-1;2026-07-11 14:19:13.485135;DORA-Art12;Financial entities shall develop and document backup policies and procedures specifying the scope of data subject to backup and the minimum frequency of the backup, as well as restoration and recovery procedures and methods. Backups must be encrypted, retained, and resources must be designed for recoverability across availability zones and regions.;ICT Risk Management;Article 12;Backup policies and procedures, restoration and recovery procedures and methods;FAIL;EBS Volume vol-022955d77ae658dd5 is not protected by a backup plan.;arn:aws:ec2:ap-south-1:735291151388:volume/vol-022955d77ae658dd5;vol-022955d77ae658dd5;ec2_ebs_volume_protected_by_backup_plan;False;DORA;Digital Operational Resilience Act (Regulation (EU) 2022/2554)
aws;"The Digital Operational Resilience Act (DORA) is a European Union regulation (Regulation (EU) 2022/2554) that sets a uniform framework for the digital operational resilience of the EU financial sector. Mandatory since 17 January 2025, it applies to financial entities (banks, insurers, investment firms, payment institutions, etc.) and to ICT third-party service providers. DORA is structured around five pillars: ICT risk management, ICT-related incident reporting, digital operational resilience testing, ICT third-party risk management, and information sharing. This Prowler mapping covers the technical controls auditable from cloud configuration; the organisational, contractual and supervisory obligations defined in DORA must be addressed outside of Prowler.";735291151388;ap-south-1;2026-07-11 14:19:13.485135;DORA-Art12;Financial entities shall develop and document backup policies and procedures specifying the scope of data subject to backup and the minimum frequency of the backup, as well as restoration and recovery procedures and methods. Backups must be encrypted, retained, and resources must be designed for recoverability across availability zones and regions.;ICT Risk Management;Article 12;Backup policies and procedures, restoration and recovery procedures and methods;FAIL;Snapshots not found for the EBS volume vol-022955d77ae658dd5.;arn:aws:ec2:ap-south-1:735291151388:volume/vol-022955d77ae658dd5;vol-022955d77ae658dd5;ec2_ebs_volume_snapshots_exists;False;DORA;Digital Operational Resilience Act (Regulation (EU) 2022/2554)
aws;"The Digital Operational Resilience Act (DORA) is a European Union regulation (Regulation (EU) 2022/2554) that sets a uniform framework for the digital operational resilience of the EU financial sector. Mandatory since 17 January 2025, it applies to financial entities (banks, insurers, investment firms, payment institutions, etc.) and to ICT third-party service providers. DORA is structured around five pillars: ICT risk management, ICT-related incident reporting, digital operational resilience testing, ICT third-party risk management, and information sharing. This Prowler mapping covers the technical controls auditable from cloud configuration; the organisational, contractual and supervisory obligations defined in DORA must be addressed outside of Prowler.";735291151388;ap-south-1;2026-07-11 14:19:13.485135;DORA-Art8;Financial entities shall identify, classify and adequately document all ICT supported business functions, roles and responsibilities, the information assets and ICT assets supporting them, and their interdependencies. They shall on a continuous basis identify all sources of ICT risk, in particular the risk exposure to and from other financial entities.;ICT Risk Management;Article 8;Identification;PASS;Elastic IP 15.207.145.205 is associated with an instance or network interface.;arn:aws:ec2:ap-south-1:735291151388:eip-allocation/eipalloc-0d095a89c951b6788;15.207.145.205;ec2_elastic_ip_unassigned;False;DORA;Digital Operational Resilience Act (Regulation (EU) 2022/2554)
aws;"The Digital Operational Resilience Act (DORA) is a European Union regulation (Regulation (EU) 2022/2554) that sets a uniform framework for the digital operational resilience of the EU financial sector. Mandatory since 17 January 2025, it applies to financial entities (banks, insurers, investment firms, payment institutions, etc.) and to ICT third-party service providers. DORA is structured around five pillars: ICT risk management, ICT-related incident reporting, digital operational resilience testing, ICT third-party risk management, and information sharing. This Prowler mapping covers the technical controls auditable from cloud configuration; the organisational, contractual and supervisory obligations defined in DORA must be addressed outside of Prowler.";735291151388;ap-south-1;2026-07-11 14:19:13.485135;DORA-Art9;Financial entities shall continuously monitor and control the security and functioning of ICT systems and tools and minimise the impact of ICT risk by deploying appropriate ICT security tools, policies and procedures. Encryption at rest and in transit, blocking of public exposure, network access controls, secret management and instance hardening are central to this article.;ICT Risk Management;Article 9;Protection and prevention;FAIL;IMDSv2 is not enabled by default for EC2 instances.;arn:aws:ec2:ap-south-1:735291151388:account;735291151388;ec2_instance_account_imdsv2_enabled;False;DORA;Digital Operational Resilience Act (Regulation (EU) 2022/2554)
aws;"The Digital Operational Resilience Act (DORA) is a European Union regulation (Regulation (EU) 2022/2554) that sets a uniform framework for the digital operational resilience of the EU financial sector. Mandatory since 17 January 2025, it applies to financial entities (banks, insurers, investment firms, payment institutions, etc.) and to ICT third-party service providers. DORA is structured around five pillars: ICT risk management, ICT-related incident reporting, digital operational resilience testing, ICT third-party risk management, and information sharing. This Prowler mapping covers the technical controls auditable from cloud configuration; the organisational, contractual and supervisory obligations defined in DORA must be addressed outside of Prowler.";735291151388;ap-south-1;2026-07-11 14:19:13.485135;DORA-Art9;Financial entities shall continuously monitor and control the security and functioning of ICT systems and tools and minimise the impact of ICT risk by deploying appropriate ICT security tools, policies and procedures. Encryption at rest and in transit, blocking of public exposure, network access controls, secret management and instance hardening are central to this article.;ICT Risk Management;Article 9;Protection and prevention;FAIL;EC2 Instance i-0c7395c282641f31e has IMDSv2 disabled or not required.;arn:aws:ec2:ap-south-1:735291151388:instance/i-0c7395c282641f31e;i-0c7395c282641f31e;ec2_instance_imdsv2_enabled;False;DORA;Digital Operational Resilience Act (Regulation (EU) 2022/2554)
aws;"The Digital Operational Resilience Act (DORA) is a European Union regulation (Regulation (EU) 2022/2554) that sets a uniform framework for the digital operational resilience of the EU financial sector. Mandatory since 17 January 2025, it applies to financial entities (banks, insurers, investment firms, payment institutions, etc.) and to ICT third-party service providers. DORA is structured around five pillars: ICT risk management, ICT-related incident reporting, digital operational resilience testing, ICT third-party risk management, and information sharing. This Prowler mapping covers the technical controls auditable from cloud configuration; the organisational, contractual and supervisory obligations defined in DORA must be addressed outside of Prowler.";735291151388;ap-south-1;2026-07-11 14:19:13.485135;DORA-Art24;Financial entities shall establish, maintain and review a sound and comprehensive digital operational resilience testing programme, as an integral part of the ICT risk management framework. Continuous vulnerability discovery, configuration assessment and instance manageability are foundational.;Digital Operational Resilience Testing;Article 24;General requirements for the performance of digital operational resilience testing;PASS;EC2 Instance i-0c7395c282641f31e is managed by Systems Manager.;arn:aws:ec2:ap-south-1:735291151388:instance/i-0c7395c282641f31e;i-0c7395c282641f31e;ec2_instance_managed_by_ssm;False;DORA;Digital Operational Resilience Act (Regulation (EU) 2022/2554)
aws;"The Digital Operational Resilience Act (DORA) is a European Union regulation (Regulation (EU) 2022/2554) that sets a uniform framework for the digital operational resilience of the EU financial sector. Mandatory since 17 January 2025, it applies to financial entities (banks, insurers, investment firms, payment institutions, etc.) and to ICT third-party service providers. DORA is structured around five pillars: ICT risk management, ICT-related incident reporting, digital operational resilience testing, ICT third-party risk management, and information sharing. This Prowler mapping covers the technical controls auditable from cloud configuration; the organisational, contractual and supervisory obligations defined in DORA must be addressed outside of Prowler.";735291151388;ap-south-1;2026-07-11 14:19:13.485135;DORA-Art25;Financial entities shall ensure that tests are undertaken on ICT tools and systems, on critical ICT systems supporting all critical or important functions, at least yearly. Vulnerability assessments, deprecated component detection and certificate hygiene must be tracked.;Digital Operational Resilience Testing;Article 25;Testing of ICT tools and systems;PASS;EC2 Instance i-0c7395c282641f31e is managed by Systems Manager.;arn:aws:ec2:ap-south-1:735291151388:instance/i-0c7395c282641f31e;i-0c7395c282641f31e;ec2_instance_managed_by_ssm;False;DORA;Digital Operational Resilience Act (Regulation (EU) 2022/2554)
aws;"The Digital Operational Resilience Act (DORA) is a European Union regulation (Regulation (EU) 2022/2554) that sets a uniform framework for the digital operational resilience of the EU financial sector. Mandatory since 17 January 2025, it applies to financial entities (banks, insurers, investment firms, payment institutions, etc.) and to ICT third-party service providers. DORA is structured around five pillars: ICT risk management, ICT-related incident reporting, digital operational resilience testing, ICT third-party risk management, and information sharing. This Prowler mapping covers the technical controls auditable from cloud configuration; the organisational, contractual and supervisory obligations defined in DORA must be addressed outside of Prowler.";735291151388;ap-south-1;2026-07-11 14:19:13.485135;DORA-Art25;Financial entities shall ensure that tests are undertaken on ICT tools and systems, on critical ICT systems supporting all critical or important functions, at least yearly. Vulnerability assessments, deprecated component detection and certificate hygiene must be tracked.;Digital Operational Resilience Testing;Article 25;Testing of ICT tools and systems;PASS;EC2 Instance i-0c7395c282641f31e virtualization type is set to HVM.;arn:aws:ec2:ap-south-1:735291151388:instance/i-0c7395c282641f31e;i-0c7395c282641f31e;ec2_instance_paravirtual_type;False;DORA;Digital Operational Resilience Act (Regulation (EU) 2022/2554)
aws;"The Digital Operational Resilience Act (DORA) is a European Union regulation (Regulation (EU) 2022/2554) that sets a uniform framework for the digital operational resilience of the EU financial sector. Mandatory since 17 January 2025, it applies to financial entities (banks, insurers, investment firms, payment institutions, etc.) and to ICT third-party service providers. DORA is structured around five pillars: ICT risk management, ICT-related incident reporting, digital operational resilience testing, ICT third-party risk management, and information sharing. This Prowler mapping covers the technical controls auditable from cloud configuration; the organisational, contractual and supervisory obligations defined in DORA must be addressed outside of Prowler.";735291151388;ap-south-1;2026-07-11 14:19:13.485135;DORA-Art24;Financial entities shall establish, maintain and review a sound and comprehensive digital operational resilience testing programme, as an integral part of the ICT risk management framework. Continuous vulnerability discovery, configuration assessment and instance manageability are foundational.;Digital Operational Resilience Testing;Article 24;General requirements for the performance of digital operational resilience testing;FAIL;EC2 Instance i-0c7395c282641f31e is using outdated AMI ami-0f58b397bc5c1f2e8.;arn:aws:ec2:ap-south-1:735291151388:instance/i-0c7395c282641f31e;i-0c7395c282641f31e;ec2_instance_with_outdated_ami;False;DORA;Digital Operational Resilience Act (Regulation (EU) 2022/2554)
aws;"The Digital Operational Resilience Act (DORA) is a European Union regulation (Regulation (EU) 2022/2554) that sets a uniform framework for the digital operational resilience of the EU financial sector. Mandatory since 17 January 2025, it applies to financial entities (banks, insurers, investment firms, payment institutions, etc.) and to ICT third-party service providers. DORA is structured around five pillars: ICT risk management, ICT-related incident reporting, digital operational resilience testing, ICT third-party risk management, and information sharing. This Prowler mapping covers the technical controls auditable from cloud configuration; the organisational, contractual and supervisory obligations defined in DORA must be addressed outside of Prowler.";735291151388;ap-south-1;2026-07-11 14:19:13.485135;DORA-Art25;Financial entities shall ensure that tests are undertaken on ICT tools and systems, on critical ICT systems supporting all critical or important functions, at least yearly. Vulnerability assessments, deprecated component detection and certificate hygiene must be tracked.;Digital Operational Resilience Testing;Article 25;Testing of ICT tools and systems;FAIL;EC2 Instance i-0c7395c282641f31e is using outdated AMI ami-0f58b397bc5c1f2e8.;arn:aws:ec2:ap-south-1:735291151388:instance/i-0c7395c282641f31e;i-0c7395c282641f31e;ec2_instance_with_outdated_ami;False;DORA;Digital Operational Resilience Act (Regulation (EU) 2022/2554)
aws;"The Digital Operational Resilience Act (DORA) is a European Union regulation (Regulation (EU) 2022/2554) that sets a uniform framework for the digital operational resilience of the EU financial sector. Mandatory since 17 January 2025, it applies to financial entities (banks, insurers, investment firms, payment institutions, etc.) and to ICT third-party service providers. DORA is structured around five pillars: ICT risk management, ICT-related incident reporting, digital operational resilience testing, ICT third-party risk management, and information sharing. This Prowler mapping covers the technical controls auditable from cloud configuration; the organisational, contractual and supervisory obligations defined in DORA must be addressed outside of Prowler.";735291151388;ap-south-1;2026-07-11 14:19:13.485135;DORA-Art9;Financial entities shall continuously monitor and control the security and functioning of ICT systems and tools and minimise the impact of ICT risk by deploying appropriate ICT security tools, policies and procedures. Encryption at rest and in transit, blocking of public exposure, network access controls, secret management and instance hardening are central to this article.;ICT Risk Management;Article 9;Protection and prevention;PASS;Security group cloudguardian-web-sg (sg-0fdba0a657788f1d7) does not have all ports open to the Internet.;arn:aws:ec2:ap-south-1:735291151388:security-group/sg-0fdba0a657788f1d7;sg-0fdba0a657788f1d7;ec2_securitygroup_allow_ingress_from_internet_to_all_ports;False;DORA;Digital Operational Resilience Act (Regulation (EU) 2022/2554)
aws;"The Digital Operational Resilience Act (DORA) is a European Union regulation (Regulation (EU) 2022/2554) that sets a uniform framework for the digital operational resilience of the EU financial sector. Mandatory since 17 January 2025, it applies to financial entities (banks, insurers, investment firms, payment institutions, etc.) and to ICT third-party service providers. DORA is structured around five pillars: ICT risk management, ICT-related incident reporting, digital operational resilience testing, ICT third-party risk management, and information sharing. This Prowler mapping covers the technical controls auditable from cloud configuration; the organisational, contractual and supervisory obligations defined in DORA must be addressed outside of Prowler.";735291151388;ap-south-1;2026-07-11 14:19:13.485135;DORA-Art9;Financial entities shall continuously monitor and control the security and functioning of ICT systems and tools and minimise the impact of ICT risk by deploying appropriate ICT security tools, policies and procedures. Encryption at rest and in transit, blocking of public exposure, network access controls, secret management and instance hardening are central to this article.;ICT Risk Management;Article 9;Protection and prevention;PASS;Security group cloudguardian-rds-sg (sg-0be0be5f1a7d28519) does not have all ports open to the Internet.;arn:aws:ec2:ap-south-1:735291151388:security-group/sg-0be0be5f1a7d28519;sg-0be0be5f1a7d28519;ec2_securitygroup_allow_ingress_from_internet_to_all_ports;False;DORA;Digital Operational Resilience Act (Regulation (EU) 2022/2554)
aws;"The Digital Operational Resilience Act (DORA) is a European Union regulation (Regulation (EU) 2022/2554) that sets a uniform framework for the digital operational resilience of the EU financial sector. Mandatory since 17 January 2025, it applies to financial entities (banks, insurers, investment firms, payment institutions, etc.) and to ICT third-party service providers. DORA is structured around five pillars: ICT risk management, ICT-related incident reporting, digital operational resilience testing, ICT third-party risk management, and information sharing. This Prowler mapping covers the technical controls auditable from cloud configuration; the organisational, contractual and supervisory obligations defined in DORA must be addressed outside of Prowler.";735291151388;ap-south-1;2026-07-11 14:19:13.485135;DORA-Art9;Financial entities shall continuously monitor and control the security and functioning of ICT systems and tools and minimise the impact of ICT risk by deploying appropriate ICT security tools, policies and procedures. Encryption at rest and in transit, blocking of public exposure, network access controls, secret management and instance hardening are central to this article.;ICT Risk Management;Article 9;Protection and prevention;FAIL;Security group cloudguardian-web-sg (sg-0fdba0a657788f1d7) has at least one port open to the Internet but its network interface type (interface) is not allowed.;arn:aws:ec2:ap-south-1:735291151388:security-group/sg-0fdba0a657788f1d7;sg-0fdba0a657788f1d7;ec2_securitygroup_allow_ingress_from_internet_to_any_port;False;DORA;Digital Operational Resilience Act (Regulation (EU) 2022/2554)
aws;"The Digital Operational Resilience Act (DORA) is a European Union regulation (Regulation (EU) 2022/2554) that sets a uniform framework for the digital operational resilience of the EU financial sector. Mandatory since 17 January 2025, it applies to financial entities (banks, insurers, investment firms, payment institutions, etc.) and to ICT third-party service providers. DORA is structured around five pillars: ICT risk management, ICT-related incident reporting, digital operational resilience testing, ICT third-party risk management, and information sharing. This Prowler mapping covers the technical controls auditable from cloud configuration; the organisational, contractual and supervisory obligations defined in DORA must be addressed outside of Prowler.";735291151388;ap-south-1;2026-07-11 14:19:13.485135;DORA-Art9;Financial entities shall continuously monitor and control the security and functioning of ICT systems and tools and minimise the impact of ICT risk by deploying appropriate ICT security tools, policies and procedures. Encryption at rest and in transit, blocking of public exposure, network access controls, secret management and instance hardening are central to this article.;ICT Risk Management;Article 9;Protection and prevention;FAIL;Security group cloudguardian-rds-sg (sg-0be0be5f1a7d28519) has at least one port open to the Internet but its network interface type (interface) is not allowed.;arn:aws:ec2:ap-south-1:735291151388:security-group/sg-0be0be5f1a7d28519;sg-0be0be5f1a7d28519;ec2_securitygroup_allow_ingress_from_internet_to_any_port;False;DORA;Digital Operational Resilience Act (Regulation (EU) 2022/2554)
aws;"The Digital Operational Resilience Act (DORA) is a European Union regulation (Regulation (EU) 2022/2554) that sets a uniform framework for the digital operational resilience of the EU financial sector. Mandatory since 17 January 2025, it applies to financial entities (banks, insurers, investment firms, payment institutions, etc.) and to ICT third-party service providers. DORA is structured around five pillars: ICT risk management, ICT-related incident reporting, digital operational resilience testing, ICT third-party risk management, and information sharing. This Prowler mapping covers the technical controls auditable from cloud configuration; the organisational, contractual and supervisory obligations defined in DORA must be addressed outside of Prowler.";735291151388;ap-south-1;2026-07-11 14:19:13.485135;DORA-Art9;Financial entities shall continuously monitor and control the security and functioning of ICT systems and tools and minimise the impact of ICT risk by deploying appropriate ICT security tools, policies and procedures. Encryption at rest and in transit, blocking of public exposure, network access controls, secret management and instance hardening are central to this article.;ICT Risk Management;Article 9;Protection and prevention;PASS;Security group cloudguardian-web-sg (sg-0fdba0a657788f1d7) does not have any high-risk port open to the Internet.;arn:aws:ec2:ap-south-1:735291151388:security-group/sg-0fdba0a657788f1d7;sg-0fdba0a657788f1d7;ec2_securitygroup_allow_ingress_from_internet_to_high_risk_tcp_ports;False;DORA;Digital Operational Resilience Act (Regulation (EU) 2022/2554)
aws;"The Digital Operational Resilience Act (DORA) is a European Union regulation (Regulation (EU) 2022/2554) that sets a uniform framework for the digital operational resilience of the EU financial sector. Mandatory since 17 January 2025, it applies to financial entities (banks, insurers, investment firms, payment institutions, etc.) and to ICT third-party service providers. DORA is structured around five pillars: ICT risk management, ICT-related incident reporting, digital operational resilience testing, ICT third-party risk management, and information sharing. This Prowler mapping covers the technical controls auditable from cloud configuration; the organisational, contractual and supervisory obligations defined in DORA must be addressed outside of Prowler.";735291151388;ap-south-1;2026-07-11 14:19:13.485135;DORA-Art9;Financial entities shall continuously monitor and control the security and functioning of ICT systems and tools and minimise the impact of ICT risk by deploying appropriate ICT security tools, policies and procedures. Encryption at rest and in transit, blocking of public exposure, network access controls, secret management and instance hardening are central to this article.;ICT Risk Management;Article 9;Protection and prevention;PASS;Security group cloudguardian-rds-sg (sg-0be0be5f1a7d28519) does not have any high-risk port open to the Internet.;arn:aws:ec2:ap-south-1:735291151388:security-group/sg-0be0be5f1a7d28519;sg-0be0be5f1a7d28519;ec2_securitygroup_allow_ingress_from_internet_to_high_risk_tcp_ports;False;DORA;Digital Operational Resilience Act (Regulation (EU) 2022/2554)
aws;"The Digital Operational Resilience Act (DORA) is a European Union regulation (Regulation (EU) 2022/2554) that sets a uniform framework for the digital operational resilience of the EU financial sector. Mandatory since 17 January 2025, it applies to financial entities (banks, insurers, investment firms, payment institutions, etc.) and to ICT third-party service providers. DORA is structured around five pillars: ICT risk management, ICT-related incident reporting, digital operational resilience testing, ICT third-party risk management, and information sharing. This Prowler mapping covers the technical controls auditable from cloud configuration; the organisational, contractual and supervisory obligations defined in DORA must be addressed outside of Prowler.";735291151388;ap-south-1;2026-07-11 14:19:13.485135;DORA-Art9;Financial entities shall continuously monitor and control the security and functioning of ICT systems and tools and minimise the impact of ICT risk by deploying appropriate ICT security tools, policies and procedures. Encryption at rest and in transit, blocking of public exposure, network access controls, secret management and instance hardening are central to this article.;ICT Risk Management;Article 9;Protection and prevention;FAIL;Security group cloudguardian-web-sg (sg-0fdba0a657788f1d7) has SSH port 22 open to the Internet.;arn:aws:ec2:ap-south-1:735291151388:security-group/sg-0fdba0a657788f1d7;sg-0fdba0a657788f1d7;ec2_securitygroup_allow_ingress_from_internet_to_tcp_port_22;False;DORA;Digital Operational Resilience Act (Regulation (EU) 2022/2554)
aws;"The Digital Operational Resilience Act (DORA) is a European Union regulation (Regulation (EU) 2022/2554) that sets a uniform framework for the digital operational resilience of the EU financial sector. Mandatory since 17 January 2025, it applies to financial entities (banks, insurers, investment firms, payment institutions, etc.) and to ICT third-party service providers. DORA is structured around five pillars: ICT risk management, ICT-related incident reporting, digital operational resilience testing, ICT third-party risk management, and information sharing. This Prowler mapping covers the technical controls auditable from cloud configuration; the organisational, contractual and supervisory obligations defined in DORA must be addressed outside of Prowler.";735291151388;ap-south-1;2026-07-11 14:19:13.485135;DORA-Art9;Financial entities shall continuously monitor and control the security and functioning of ICT systems and tools and minimise the impact of ICT risk by deploying appropriate ICT security tools, policies and procedures. Encryption at rest and in transit, blocking of public exposure, network access controls, secret management and instance hardening are central to this article.;ICT Risk Management;Article 9;Protection and prevention;PASS;Security group cloudguardian-rds-sg (sg-0be0be5f1a7d28519) does not have SSH port 22 open to the Internet.;arn:aws:ec2:ap-south-1:735291151388:security-group/sg-0be0be5f1a7d28519;sg-0be0be5f1a7d28519;ec2_securitygroup_allow_ingress_from_internet_to_tcp_port_22;False;DORA;Digital Operational Resilience Act (Regulation (EU) 2022/2554)
aws;"The Digital Operational Resilience Act (DORA) is a European Union regulation (Regulation (EU) 2022/2554) that sets a uniform framework for the digital operational resilience of the EU financial sector. Mandatory since 17 January 2025, it applies to financial entities (banks, insurers, investment firms, payment institutions, etc.) and to ICT third-party service providers. DORA is structured around five pillars: ICT risk management, ICT-related incident reporting, digital operational resilience testing, ICT third-party risk management, and information sharing. This Prowler mapping covers the technical controls auditable from cloud configuration; the organisational, contractual and supervisory obligations defined in DORA must be addressed outside of Prowler.";735291151388;ap-south-1;2026-07-11 14:19:13.485135;DORA-Art9;Financial entities shall continuously monitor and control the security and functioning of ICT systems and tools and minimise the impact of ICT risk by deploying appropriate ICT security tools, policies and procedures. Encryption at rest and in transit, blocking of public exposure, network access controls, secret management and instance hardening are central to this article.;ICT Risk Management;Article 9;Protection and prevention;PASS;Security group cloudguardian-web-sg (sg-0fdba0a657788f1d7) does not have Microsoft RDP port 3389 open to the Internet.;arn:aws:ec2:ap-south-1:735291151388:security-group/sg-0fdba0a657788f1d7;sg-0fdba0a657788f1d7;ec2_securitygroup_allow_ingress_from_internet_to_tcp_port_3389;False;DORA;Digital Operational Resilience Act (Regulation (EU) 2022/2554)
aws;"The Digital Operational Resilience Act (DORA) is a European Union regulation (Regulation (EU) 2022/2554) that sets a uniform framework for the digital operational resilience of the EU financial sector. Mandatory since 17 January 2025, it applies to financial entities (banks, insurers, investment firms, payment institutions, etc.) and to ICT third-party service providers. DORA is structured around five pillars: ICT risk management, ICT-related incident reporting, digital operational resilience testing, ICT third-party risk management, and information sharing. This Prowler mapping covers the technical controls auditable from cloud configuration; the organisational, contractual and supervisory obligations defined in DORA must be addressed outside of Prowler.";735291151388;ap-south-1;2026-07-11 14:19:13.485135;DORA-Art9;Financial entities shall continuously monitor and control the security and functioning of ICT systems and tools and minimise the impact of ICT risk by deploying appropriate ICT security tools, policies and procedures. Encryption at rest and in transit, blocking of public exposure, network access controls, secret management and instance hardening are central to this article.;ICT Risk Management;Article 9;Protection and prevention;PASS;Security group cloudguardian-rds-sg (sg-0be0be5f1a7d28519) does not have Microsoft RDP port 3389 open to the Internet.;arn:aws:ec2:ap-south-1:735291151388:security-group/sg-0be0be5f1a7d28519;sg-0be0be5f1a7d28519;ec2_securitygroup_allow_ingress_from_internet_to_tcp_port_3389;False;DORA;Digital Operational Resilience Act (Regulation (EU) 2022/2554)
aws;"The Digital Operational Resilience Act (DORA) is a European Union regulation (Regulation (EU) 2022/2554) that sets a uniform framework for the digital operational resilience of the EU financial sector. Mandatory since 17 January 2025, it applies to financial entities (banks, insurers, investment firms, payment institutions, etc.) and to ICT third-party service providers. DORA is structured around five pillars: ICT risk management, ICT-related incident reporting, digital operational resilience testing, ICT third-party risk management, and information sharing. This Prowler mapping covers the technical controls auditable from cloud configuration; the organisational, contractual and supervisory obligations defined in DORA must be addressed outside of Prowler.";735291151388;ap-south-1;2026-07-11 14:19:13.485135;DORA-Art8;Financial entities shall identify, classify and adequately document all ICT supported business functions, roles and responsibilities, the information assets and ICT assets supporting them, and their interdependencies. They shall on a continuous basis identify all sources of ICT risk, in particular the risk exposure to and from other financial entities.;ICT Risk Management;Article 8;Identification;PASS;Security group cloudguardian-web-sg (sg-0fdba0a657788f1d7) it is being used.;arn:aws:ec2:ap-south-1:735291151388:security-group/sg-0fdba0a657788f1d7;sg-0fdba0a657788f1d7;ec2_securitygroup_not_used;False;DORA;Digital Operational Resilience Act (Regulation (EU) 2022/2554)
aws;"The Digital Operational Resilience Act (DORA) is a European Union regulation (Regulation (EU) 2022/2554) that sets a uniform framework for the digital operational resilience of the EU financial sector. Mandatory since 17 January 2025, it applies to financial entities (banks, insurers, investment firms, payment institutions, etc.) and to ICT third-party service providers. DORA is structured around five pillars: ICT risk management, ICT-related incident reporting, digital operational resilience testing, ICT third-party risk management, and information sharing. This Prowler mapping covers the technical controls auditable from cloud configuration; the organisational, contractual and supervisory obligations defined in DORA must be addressed outside of Prowler.";735291151388;ap-south-1;2026-07-11 14:19:13.485135;DORA-Art8;Financial entities shall identify, classify and adequately document all ICT supported business functions, roles and responsibilities, the information assets and ICT assets supporting them, and their interdependencies. They shall on a continuous basis identify all sources of ICT risk, in particular the risk exposure to and from other financial entities.;ICT Risk Management;Article 8;Identification;PASS;Security group cloudguardian-rds-sg (sg-0be0be5f1a7d28519) it is being used.;arn:aws:ec2:ap-south-1:735291151388:security-group/sg-0be0be5f1a7d28519;sg-0be0be5f1a7d28519;ec2_securitygroup_not_used;False;DORA;Digital Operational Resilience Act (Regulation (EU) 2022/2554)
aws;"The Digital Operational Resilience Act (DORA) is a European Union regulation (Regulation (EU) 2022/2554) that sets a uniform framework for the digital operational resilience of the EU financial sector. Mandatory since 17 January 2025, it applies to financial entities (banks, insurers, investment firms, payment institutions, etc.) and to ICT third-party service providers. DORA is structured around five pillars: ICT risk management, ICT-related incident reporting, digital operational resilience testing, ICT third-party risk management, and information sharing. This Prowler mapping covers the technical controls auditable from cloud configuration; the organisational, contractual and supervisory obligations defined in DORA must be addressed outside of Prowler.";735291151388;ap-south-1;2026-07-11 14:19:13.485135;DORA-Art8;Financial entities shall identify, classify and adequately document all ICT supported business functions, roles and responsibilities, the information assets and ICT assets supporting them, and their interdependencies. They shall on a continuous basis identify all sources of ICT risk, in particular the risk exposure to and from other financial entities.;ICT Risk Management;Article 8;Identification;FAIL;Security group launch-wizard-1 (sg-0aaba2fb7e64252aa) it is not being used.;arn:aws:ec2:ap-south-1:735291151388:security-group/sg-0aaba2fb7e64252aa;sg-0aaba2fb7e64252aa;ec2_securitygroup_not_used;False;DORA;Digital Operational Resilience Act (Regulation (EU) 2022/2554)
aws;"The Digital Operational Resilience Act (DORA) is a European Union regulation (Regulation (EU) 2022/2554) that sets a uniform framework for the digital operational resilience of the EU financial sector. Mandatory since 17 January 2025, it applies to financial entities (banks, insurers, investment firms, payment institutions, etc.) and to ICT third-party service providers. DORA is structured around five pillars: ICT risk management, ICT-related incident reporting, digital operational resilience testing, ICT third-party risk management, and information sharing. This Prowler mapping covers the technical controls auditable from cloud configuration; the organisational, contractual and supervisory obligations defined in DORA must be addressed outside of Prowler.";735291151388;ap-south-1;2026-07-11 14:19:13.485135;DORA-Art14;As part of the ICT risk management framework, financial entities shall have in place crisis communication plans enabling a responsible disclosure of ICT-related incidents or major vulnerabilities to clients, counterparts and the public. Reliable, encrypted and access-controlled notification channels are required.;ICT Risk Management;Article 14;Communication;PASS;EventBridge event bus default does not allow cross-account access.;arn:aws:events:ap-south-1:735291151388:event-bus/default;default;eventbridge_bus_cross_account_access;False;DORA;Digital Operational Resilience Act (Regulation (EU) 2022/2554)
aws;"The Digital Operational Resilience Act (DORA) is a European Union regulation (Regulation (EU) 2022/2554) that sets a uniform framework for the digital operational resilience of the EU financial sector. Mandatory since 17 January 2025, it applies to financial entities (banks, insurers, investment firms, payment institutions, etc.) and to ICT third-party service providers. DORA is structured around five pillars: ICT risk management, ICT-related incident reporting, digital operational resilience testing, ICT third-party risk management, and information sharing. This Prowler mapping covers the technical controls auditable from cloud configuration; the organisational, contractual and supervisory obligations defined in DORA must be addressed outside of Prowler.";735291151388;ap-south-1;2026-07-11 14:19:13.485135;DORA-Art28;Financial entities shall manage ICT third-party risk as an integral component of ICT risk within their ICT risk management framework. Cross-account access, trust boundaries, organization-level controls and dependency visibility are critical to monitor third-party exposure on AWS.;ICT Third-Party Risk Management;Article 28;General principles (ICT third-party risk);PASS;EventBridge event bus default does not allow cross-account access.;arn:aws:events:ap-south-1:735291151388:event-bus/default;default;eventbridge_bus_cross_account_access;False;DORA;Digital Operational Resilience Act (Regulation (EU) 2022/2554)
aws;"The Digital Operational Resilience Act (DORA) is a European Union regulation (Regulation (EU) 2022/2554) that sets a uniform framework for the digital operational resilience of the EU financial sector. Mandatory since 17 January 2025, it applies to financial entities (banks, insurers, investment firms, payment institutions, etc.) and to ICT third-party service providers. DORA is structured around five pillars: ICT risk management, ICT-related incident reporting, digital operational resilience testing, ICT third-party risk management, and information sharing. This Prowler mapping covers the technical controls auditable from cloud configuration; the organisational, contractual and supervisory obligations defined in DORA must be addressed outside of Prowler.";735291151388;ap-south-1;2026-07-11 14:19:13.485135;DORA-Art14;As part of the ICT risk management framework, financial entities shall have in place crisis communication plans enabling a responsible disclosure of ICT-related incidents or major vulnerabilities to clients, counterparts and the public. Reliable, encrypted and access-controlled notification channels are required.;ICT Risk Management;Article 14;Communication;PASS;EventBridge event bus default is not exposed to everyone.;arn:aws:events:ap-south-1:735291151388:event-bus/default;default;eventbridge_bus_exposed;False;DORA;Digital Operational Resilience Act (Regulation (EU) 2022/2554)
aws;"The Digital Operational Resilience Act (DORA) is a European Union regulation (Regulation (EU) 2022/2554) that sets a uniform framework for the digital operational resilience of the EU financial sector. Mandatory since 17 January 2025, it applies to financial entities (banks, insurers, investment firms, payment institutions, etc.) and to ICT third-party service providers. DORA is structured around five pillars: ICT risk management, ICT-related incident reporting, digital operational resilience testing, ICT third-party risk management, and information sharing. This Prowler mapping covers the technical controls auditable from cloud configuration; the organisational, contractual and supervisory obligations defined in DORA must be addressed outside of Prowler.";735291151388;ap-south-1;2026-07-11 14:19:13.485135;DORA-Art30;Contractual arrangements with ICT third-party service providers shall be set out in writing and include, at minimum, agreed service levels and clear allocation of rights and obligations. Privilege boundaries, least-privilege policies and absence of administrative wildcards are the technical guardrails that enforce these contractual constraints inside AWS.;ICT Third-Party Risk Management;Article 30;Key contractual provisions;FAIL;Group admin provides administrator access to User Alex with MFA disabled.;arn:aws:iam::735291151388:group/admin;admin;iam_administrator_access_with_mfa;False;DORA;Digital Operational Resilience Act (Regulation (EU) 2022/2554)
aws;"The Digital Operational Resilience Act (DORA) is a European Union regulation (Regulation (EU) 2022/2554) that sets a uniform framework for the digital operational resilience of the EU financial sector. Mandatory since 17 January 2025, it applies to financial entities (banks, insurers, investment firms, payment institutions, etc.) and to ICT third-party service providers. DORA is structured around five pillars: ICT risk management, ICT-related incident reporting, digital operational resilience testing, ICT third-party risk management, and information sharing. This Prowler mapping covers the technical controls auditable from cloud configuration; the organisational, contractual and supervisory obligations defined in DORA must be addressed outside of Prowler.";735291151388;ap-south-1;2026-07-11 14:19:13.485135;DORA-Art5;Financial entities shall have a sound, comprehensive and well-documented ICT internal governance and control framework. Senior management is accountable for ICT risk and shall enforce strong identity, authentication and least-privilege policies for privileged identities, including the root account.;ICT Risk Management;Article 5;Governance and organisation;FAIL;Root user in the account was last accessed 1 days ago.;arn:aws:iam::735291151388:root;<root_account>;iam_avoid_root_usage;False;DORA;Digital Operational Resilience Act (Regulation (EU) 2022/2554)
aws;"The Digital Operational Resilience Act (DORA) is a European Union regulation (Regulation (EU) 2022/2554) that sets a uniform framework for the digital operational resilience of the EU financial sector. Mandatory since 17 January 2025, it applies to financial entities (banks, insurers, investment firms, payment institutions, etc.) and to ICT third-party service providers. DORA is structured around five pillars: ICT risk management, ICT-related incident reporting, digital operational resilience testing, ICT third-party risk management, and information sharing. This Prowler mapping covers the technical controls auditable from cloud configuration; the organisational, contractual and supervisory obligations defined in DORA must be addressed outside of Prowler.";735291151388;ap-south-1;2026-07-11 14:19:13.485135;DORA-Art30;Contractual arrangements with ICT third-party service providers shall be set out in writing and include, at minimum, agreed service levels and clear allocation of rights and obligations. Privilege boundaries, least-privilege policies and absence of administrative wildcards are the technical guardrails that enforce these contractual constraints inside AWS.;ICT Third-Party Risk Management;Article 30;Key contractual provisions;PASS;AWS policy AmazonRDSServiceRolePolicy is attached but does not allow '*:*' administrative privileges.;arn:aws:iam::aws:policy/aws-service-role/AmazonRDSServiceRolePolicy;AmazonRDSServiceRolePolicy;iam_aws_attached_policy_no_administrative_privileges;False;DORA;Digital Operational Resilience Act (Regulation (EU) 2022/2554)
aws;"The Digital Operational Resilience Act (DORA) is a European Union regulation (Regulation (EU) 2022/2554) that sets a uniform framework for the digital operational resilience of the EU financial sector. Mandatory since 17 January 2025, it applies to financial entities (banks, insurers, investment firms, payment institutions, etc.) and to ICT third-party service providers. DORA is structured around five pillars: ICT risk management, ICT-related incident reporting, digital operational resilience testing, ICT third-party risk management, and information sharing. This Prowler mapping covers the technical controls auditable from cloud configuration; the organisational, contractual and supervisory obligations defined in DORA must be addressed outside of Prowler.";735291151388;ap-south-1;2026-07-11 14:19:13.485135;DORA-Art30;Contractual arrangements with ICT third-party service providers shall be set out in writing and include, at minimum, agreed service levels and clear allocation of rights and obligations. Privilege boundaries, least-privilege policies and absence of administrative wildcards are the technical guardrails that enforce these contractual constraints inside AWS.;ICT Third-Party Risk Management;Article 30;Key contractual provisions;PASS;AWS policy AWSTrustedAdvisorServiceRolePolicy is attached but does not allow '*:*' administrative privileges.;arn:aws:iam::aws:policy/aws-service-role/AWSTrustedAdvisorServiceRolePolicy;AWSTrustedAdvisorServiceRolePolicy;iam_aws_attached_policy_no_administrative_privileges;False;DORA;Digital Operational Resilience Act (Regulation (EU) 2022/2554)
aws;"The Digital Operational Resilience Act (DORA) is a European Union regulation (Regulation (EU) 2022/2554) that sets a uniform framework for the digital operational resilience of the EU financial sector. Mandatory since 17 January 2025, it applies to financial entities (banks, insurers, investment firms, payment institutions, etc.) and to ICT third-party service providers. DORA is structured around five pillars: ICT risk management, ICT-related incident reporting, digital operational resilience testing, ICT third-party risk management, and information sharing. This Prowler mapping covers the technical controls auditable from cloud configuration; the organisational, contractual and supervisory obligations defined in DORA must be addressed outside of Prowler.";735291151388;ap-south-1;2026-07-11 14:19:13.485135;DORA-Art30;Contractual arrangements with ICT third-party service providers shall be set out in writing and include, at minimum, agreed service levels and clear allocation of rights and obligations. Privilege boundaries, least-privilege policies and absence of administrative wildcards are the technical guardrails that enforce these contractual constraints inside AWS.;ICT Third-Party Risk Management;Article 30;Key contractual provisions;FAIL;AWS policy AdministratorAccess is attached and allows '*:*' administrative privileges.;arn:aws:iam::aws:policy/AdministratorAccess;AdministratorAccess;iam_aws_attached_policy_no_administrative_privileges;False;DORA;Digital Operational Resilience Act (Regulation (EU) 2022/2554)
aws;"The Digital Operational Resilience Act (DORA) is a European Union regulation (Regulation (EU) 2022/2554) that sets a uniform framework for the digital operational resilience of the EU financial sector. Mandatory since 17 January 2025, it applies to financial entities (banks, insurers, investment firms, payment institutions, etc.) and to ICT third-party service providers. DORA is structured around five pillars: ICT risk management, ICT-related incident reporting, digital operational resilience testing, ICT third-party risk management, and information sharing. This Prowler mapping covers the technical controls auditable from cloud configuration; the organisational, contractual and supervisory obligations defined in DORA must be addressed outside of Prowler.";735291151388;ap-south-1;2026-07-11 14:19:13.485135;DORA-Art30;Contractual arrangements with ICT third-party service providers shall be set out in writing and include, at minimum, agreed service levels and clear allocation of rights and obligations. Privilege boundaries, least-privilege policies and absence of administrative wildcards are the technical guardrails that enforce these contractual constraints inside AWS.;ICT Third-Party Risk Management;Article 30;Key contractual provisions;PASS;AWS policy AWSSupportServiceRolePolicy is attached but does not allow '*:*' administrative privileges.;arn:aws:iam::aws:policy/aws-service-role/AWSSupportServiceRolePolicy;AWSSupportServiceRolePolicy;iam_aws_attached_policy_no_administrative_privileges;False;DORA;Digital Operational Resilience Act (Regulation (EU) 2022/2554)
aws;"The Digital Operational Resilience Act (DORA) is a European Union regulation (Regulation (EU) 2022/2554) that sets a uniform framework for the digital operational resilience of the EU financial sector. Mandatory since 17 January 2025, it applies to financial entities (banks, insurers, investment firms, payment institutions, etc.) and to ICT third-party service providers. DORA is structured around five pillars: ICT risk management, ICT-related incident reporting, digital operational resilience testing, ICT third-party risk management, and information sharing. This Prowler mapping covers the technical controls auditable from cloud configuration; the organisational, contractual and supervisory obligations defined in DORA must be addressed outside of Prowler.";735291151388;ap-south-1;2026-07-11 14:19:13.485135;DORA-Art30;Contractual arrangements with ICT third-party service providers shall be set out in writing and include, at minimum, agreed service levels and clear allocation of rights and obligations. Privilege boundaries, least-privilege policies and absence of administrative wildcards are the technical guardrails that enforce these contractual constraints inside AWS.;ICT Third-Party Risk Management;Article 30;Key contractual provisions;PASS;AWS policy AWSResourceExplorerServiceRolePolicy is attached but does not allow '*:*' administrative privileges.;arn:aws:iam::aws:policy/aws-service-role/AWSResourceExplorerServiceRolePolicy;AWSResourceExplorerServiceRolePolicy;iam_aws_attached_policy_no_administrative_privileges;False;DORA;Digital Operational Resilience Act (Regulation (EU) 2022/2554)
aws;"The Digital Operational Resilience Act (DORA) is a European Union regulation (Regulation (EU) 2022/2554) that sets a uniform framework for the digital operational resilience of the EU financial sector. Mandatory since 17 January 2025, it applies to financial entities (banks, insurers, investment firms, payment institutions, etc.) and to ICT third-party service providers. DORA is structured around five pillars: ICT risk management, ICT-related incident reporting, digital operational resilience testing, ICT third-party risk management, and information sharing. This Prowler mapping covers the technical controls auditable from cloud configuration; the organisational, contractual and supervisory obligations defined in DORA must be addressed outside of Prowler.";735291151388;ap-south-1;2026-07-11 14:19:13.485135;DORA-Art30;Contractual arrangements with ICT third-party service providers shall be set out in writing and include, at minimum, agreed service levels and clear allocation of rights and obligations. Privilege boundaries, least-privilege policies and absence of administrative wildcards are the technical guardrails that enforce these contractual constraints inside AWS.;ICT Third-Party Risk Management;Article 30;Key contractual provisions;FAIL;IAM Group admin has AdministratorAccess policy attached.;arn:aws:iam::735291151388:group/admin;admin;iam_group_administrator_access_policy;False;DORA;Digital Operational Resilience Act (Regulation (EU) 2022/2554)
aws;"The Digital Operational Resilience Act (DORA) is a European Union regulation (Regulation (EU) 2022/2554) that sets a uniform framework for the digital operational resilience of the EU financial sector. Mandatory since 17 January 2025, it applies to financial entities (banks, insurers, investment firms, payment institutions, etc.) and to ICT third-party service providers. DORA is structured around five pillars: ICT risk management, ICT-related incident reporting, digital operational resilience testing, ICT third-party risk management, and information sharing. This Prowler mapping covers the technical controls auditable from cloud configuration; the organisational, contractual and supervisory obligations defined in DORA must be addressed outside of Prowler.";735291151388;ap-south-1;2026-07-11 14:19:13.485135;DORA-Art30;Contractual arrangements with ICT third-party service providers shall be set out in writing and include, at minimum, agreed service levels and clear allocation of rights and obligations. Privilege boundaries, least-privilege policies and absence of administrative wildcards are the technical guardrails that enforce these contractual constraints inside AWS.;ICT Third-Party Risk Management;Article 30;Key contractual provisions;FAIL;Inline policy cloudguardian-s3-read-only attached to role cloudguardian-web-role allows privilege escalation using the following actions: 'apprunner:CreateService', 'apprunner:UpdateService', 'autoscaling:CreateAutoScalingGroup', 'autoscaling:CreateLaunchConfiguration', 'autoscaling:UpdateAutoScalingGroup', 'bedrock-agentcore:ConnectBrowserAutomationStream', 'bedrock-agentcore:CreateAgentRuntime', 'bedrock-agentcore:CreateAgentRuntimeEndpoint', 'bedrock-agentcore:CreateBrowser', 'bedrock-agentcore:CreateCodeInterpreter', 'bedrock-agentcore:CreateHarness', 'bedrock-agentcore:CreateWorkloadIdentity', 'bedrock-agentcore:GetAgentRuntime', 'bedrock-agentcore:InvokeAgentRuntimeCommand', 'bedrock-agentcore:InvokeCodeInterpreter', 'bedrock-agentcore:StartBrowserSession', 'bedrock-agentcore:StartCodeInterpreterSession', 'cloudformation:CreateChangeSet', 'cloudformation:CreateStack', 'cloudformation:CreateStackInstances', 'cloudformation:CreateStackSet', 'cloudformation:ExecuteChangeSet', 'cloudformation:UpdateStack', 'cloudformation:UpdateStackSet', 'codebuild:CreateProject', 'codebuild:StartBuild', 'codebuild:StartBuildBatch', 'codestar:CreateProject', 'datapipeline:ActivatePipeline', 'datapipeline:CreatePipeline', 'datapipeline:PutPipelineDefinition', 'dynamodb:CreateTable', 'dynamodb:PutItem', 'ec2-instance-connect:SendSSHPublicKey', 'ec2:CreateLaunchTemplateVersion', 'ec2:DescribeInstances', 'ec2:ModifyInstanceAttribute', 'ec2:ModifyLaunchTemplate', 'ec2:RequestSpotInstances', 'ec2:RunInstances', 'ec2:StartInstances', 'ec2:StopInstances', 'ecs:CreateService', 'ecs:DeregisterContainerInstance', 'ecs:DescribeTasks', 'ecs:ExecuteCommand', 'ecs:RegisterContainerInstance', 'ecs:RegisterTaskDefinition', 'ecs:RunTask', 'ecs:StartTask', 'glue:CreateDevEndpoint', 'glue:CreateJob', 'glue:CreateTrigger', 'glue:StartJobRun', 'glue:UpdateDevEndpoint', 'glue:UpdateJob', 'iam:*', 'iam:AddUserToGroup', 'iam:AttachGroupPolicy', 'iam:AttachRolePolicy', 'iam:AttachUserPolicy', 'iam:CreateAccessKey', 'iam:CreateLoginProfile', 'iam:CreatePolicyVersion', 'iam:DeleteAccessKey', 'iam:PassRole', 'iam:Put*', 'iam:PutGroupPolicy', 'iam:PutRolePolicy', 'iam:PutUserPolicy', 'iam:SetDefaultPolicyVersion', 'iam:UpdateAssumeRolePolicy', 'iam:UpdateLoginProfile', 'lambda:AddPermission', 'lambda:CreateEventSourceMapping', 'lambda:CreateFunction', 'lambda:InvokeFunction', 'lambda:UpdateFunctionCode', 'lambda:UpdateFunctionConfiguration', 'sagemaker:CreateNotebookInstance', 'sagemaker:CreateNotebookInstanceLifecycleConfig', 'sagemaker:CreatePresignedNotebookInstanceUrl', 'sagemaker:CreateProcessingJob', 'sagemaker:CreateTrainingJob', 'sagemaker:StartNotebookInstance', 'sagemaker:StopNotebookInstance', 'sagemaker:UpdateNotebookInstance', 'ssm:SendCommand', 'ssm:StartSession', 'sts:AssumeRole'.;arn:aws:iam::735291151388:role/cloudguardian-web-role;cloudguardian-web-role/cloudguardian-s3-read-only;iam_inline_policy_allows_privilege_escalation;False;DORA;Digital Operational Resilience Act (Regulation (EU) 2022/2554)
aws;"The Digital Operational Resilience Act (DORA) is a European Union regulation (Regulation (EU) 2022/2554) that sets a uniform framework for the digital operational resilience of the EU financial sector. Mandatory since 17 January 2025, it applies to financial entities (banks, insurers, investment firms, payment institutions, etc.) and to ICT third-party service providers. DORA is structured around five pillars: ICT risk management, ICT-related incident reporting, digital operational resilience testing, ICT third-party risk management, and information sharing. This Prowler mapping covers the technical controls auditable from cloud configuration; the organisational, contractual and supervisory obligations defined in DORA must be addressed outside of Prowler.";735291151388;ap-south-1;2026-07-11 14:19:13.485135;DORA-Art30;Contractual arrangements with ICT third-party service providers shall be set out in writing and include, at minimum, agreed service levels and clear allocation of rights and obligations. Privilege boundaries, least-privilege policies and absence of administrative wildcards are the technical guardrails that enforce these contractual constraints inside AWS.;ICT Third-Party Risk Management;Article 30;Key contractual provisions;FAIL;Inline policy cloudguardian-s3-read-only attached to role cloudguardian-web-role allows '*:*' administrative privileges.;arn:aws:iam::735291151388:role/cloudguardian-web-role;cloudguardian-web-role/cloudguardian-s3-read-only;iam_inline_policy_no_administrative_privileges;False;DORA;Digital Operational Resilience Act (Regulation (EU) 2022/2554)
aws;"The Digital Operational Resilience Act (DORA) is a European Union regulation (Regulation (EU) 2022/2554) that sets a uniform framework for the digital operational resilience of the EU financial sector. Mandatory since 17 January 2025, it applies to financial entities (banks, insurers, investment firms, payment institutions, etc.) and to ICT third-party service providers. DORA is structured around five pillars: ICT risk management, ICT-related incident reporting, digital operational resilience testing, ICT third-party risk management, and information sharing. This Prowler mapping covers the technical controls auditable from cloud configuration; the organisational, contractual and supervisory obligations defined in DORA must be addressed outside of Prowler.";735291151388;ap-south-1;2026-07-11 14:19:13.485135;DORA-Art30;Contractual arrangements with ICT third-party service providers shall be set out in writing and include, at minimum, agreed service levels and clear allocation of rights and obligations. Privilege boundaries, least-privilege policies and absence of administrative wildcards are the technical guardrails that enforce these contractual constraints inside AWS.;ICT Third-Party Risk Management;Article 30;Key contractual provisions;FAIL;Inline policy cloudguardian-s3-read-only attached to role cloudguardian-web-role allows 'cloudtrail:*' privileges to all resources.;arn:aws:iam::735291151388:role/cloudguardian-web-role;cloudguardian-web-role/cloudguardian-s3-read-only;iam_inline_policy_no_full_access_to_cloudtrail;False;DORA;Digital Operational Resilience Act (Regulation (EU) 2022/2554)
aws;"The Digital Operational Resilience Act (DORA) is a European Union regulation (Regulation (EU) 2022/2554) that sets a uniform framework for the digital operational resilience of the EU financial sector. Mandatory since 17 January 2025, it applies to financial entities (banks, insurers, investment firms, payment institutions, etc.) and to ICT third-party service providers. DORA is structured around five pillars: ICT risk management, ICT-related incident reporting, digital operational resilience testing, ICT third-party risk management, and information sharing. This Prowler mapping covers the technical controls auditable from cloud configuration; the organisational, contractual and supervisory obligations defined in DORA must be addressed outside of Prowler.";735291151388;ap-south-1;2026-07-11 14:19:13.485135;DORA-Art30;Contractual arrangements with ICT third-party service providers shall be set out in writing and include, at minimum, agreed service levels and clear allocation of rights and obligations. Privilege boundaries, least-privilege policies and absence of administrative wildcards are the technical guardrails that enforce these contractual constraints inside AWS.;ICT Third-Party Risk Management;Article 30;Key contractual provisions;FAIL;Inline policy cloudguardian-s3-read-only attached to role cloudguardian-web-role allows 'kms:*' privileges.;arn:aws:iam::735291151388:role/cloudguardian-web-role;cloudguardian-web-role/cloudguardian-s3-read-only;iam_inline_policy_no_full_access_to_kms;False;DORA;Digital Operational Resilience Act (Regulation (EU) 2022/2554)
aws;"The Digital Operational Resilience Act (DORA) is a European Union regulation (Regulation (EU) 2022/2554) that sets a uniform framework for the digital operational resilience of the EU financial sector. Mandatory since 17 January 2025, it applies to financial entities (banks, insurers, investment firms, payment institutions, etc.) and to ICT third-party service providers. DORA is structured around five pillars: ICT risk management, ICT-related incident reporting, digital operational resilience testing, ICT third-party risk management, and information sharing. This Prowler mapping covers the technical controls auditable from cloud configuration; the organisational, contractual and supervisory obligations defined in DORA must be addressed outside of Prowler.";735291151388;ap-south-1;2026-07-11 14:19:13.485135;DORA-Art5;Financial entities shall have a sound, comprehensive and well-documented ICT internal governance and control framework. Senior management is accountable for ICT risk and shall enforce strong identity, authentication and least-privilege policies for privileged identities, including the root account.;ICT Risk Management;Article 5;Governance and organisation;PASS;Root account does not have access keys.;arn:aws:iam::735291151388:root;<root_account>;iam_no_root_access_key;False;DORA;Digital Operational Resilience Act (Regulation (EU) 2022/2554)
aws;"The Digital Operational Resilience Act (DORA) is a European Union regulation (Regulation (EU) 2022/2554) that sets a uniform framework for the digital operational resilience of the EU financial sector. Mandatory since 17 January 2025, it applies to financial entities (banks, insurers, investment firms, payment institutions, etc.) and to ICT third-party service providers. DORA is structured around five pillars: ICT risk management, ICT-related incident reporting, digital operational resilience testing, ICT third-party risk management, and information sharing. This Prowler mapping covers the technical controls auditable from cloud configuration; the organisational, contractual and supervisory obligations defined in DORA must be addressed outside of Prowler.";735291151388;ap-south-1;2026-07-11 14:19:13.485135;DORA-Art5;Financial entities shall have a sound, comprehensive and well-documented ICT internal governance and control framework. Senior management is accountable for ICT risk and shall enforce strong identity, authentication and least-privilege policies for privileged identities, including the root account.;ICT Risk Management;Article 5;Governance and organisation;FAIL;Password expiration is not set.;arn:aws:iam:ap-south-1:735291151388:password-policy;735291151388;iam_password_policy_expires_passwords_within_90_days_or_less;False;DORA;Digital Operational Resilience Act (Regulation (EU) 2022/2554)
aws;"The Digital Operational Resilience Act (DORA) is a European Union regulation (Regulation (EU) 2022/2554) that sets a uniform framework for the digital operational resilience of the EU financial sector. Mandatory since 17 January 2025, it applies to financial entities (banks, insurers, investment firms, payment institutions, etc.) and to ICT third-party service providers. DORA is structured around five pillars: ICT risk management, ICT-related incident reporting, digital operational resilience testing, ICT third-party risk management, and information sharing. This Prowler mapping covers the technical controls auditable from cloud configuration; the organisational, contractual and supervisory obligations defined in DORA must be addressed outside of Prowler.";735291151388;ap-south-1;2026-07-11 14:19:13.485135;DORA-Art5;Financial entities shall have a sound, comprehensive and well-documented ICT internal governance and control framework. Senior management is accountable for ICT risk and shall enforce strong identity, authentication and least-privilege policies for privileged identities, including the root account.;ICT Risk Management;Article 5;Governance and organisation;FAIL;IAM password policy does not require at least one lowercase letter.;arn:aws:iam:ap-south-1:735291151388:password-policy;735291151388;iam_password_policy_lowercase;False;DORA;Digital Operational Resilience Act (Regulation (EU) 2022/2554)
aws;"The Digital Operational Resilience Act (DORA) is a European Union regulation (Regulation (EU) 2022/2554) that sets a uniform framework for the digital operational resilience of the EU financial sector. Mandatory since 17 January 2025, it applies to financial entities (banks, insurers, investment firms, payment institutions, etc.) and to ICT third-party service providers. DORA is structured around five pillars: ICT risk management, ICT-related incident reporting, digital operational resilience testing, ICT third-party risk management, and information sharing. This Prowler mapping covers the technical controls auditable from cloud configuration; the organisational, contractual and supervisory obligations defined in DORA must be addressed outside of Prowler.";735291151388;ap-south-1;2026-07-11 14:19:13.485135;DORA-Art5;Financial entities shall have a sound, comprehensive and well-documented ICT internal governance and control framework. Senior management is accountable for ICT risk and shall enforce strong identity, authentication and least-privilege policies for privileged identities, including the root account.;ICT Risk Management;Article 5;Governance and organisation;FAIL;IAM password policy does not require minimum length of 14 characters.;arn:aws:iam:ap-south-1:735291151388:password-policy;735291151388;iam_password_policy_minimum_length_14;False;DORA;Digital Operational Resilience Act (Regulation (EU) 2022/2554)
aws;"The Digital Operational Resilience Act (DORA) is a European Union regulation (Regulation (EU) 2022/2554) that sets a uniform framework for the digital operational resilience of the EU financial sector. Mandatory since 17 January 2025, it applies to financial entities (banks, insurers, investment firms, payment institutions, etc.) and to ICT third-party service providers. DORA is structured around five pillars: ICT risk management, ICT-related incident reporting, digital operational resilience testing, ICT third-party risk management, and information sharing. This Prowler mapping covers the technical controls auditable from cloud configuration; the organisational, contractual and supervisory obligations defined in DORA must be addressed outside of Prowler.";735291151388;ap-south-1;2026-07-11 14:19:13.485135;DORA-Art5;Financial entities shall have a sound, comprehensive and well-documented ICT internal governance and control framework. Senior management is accountable for ICT risk and shall enforce strong identity, authentication and least-privilege policies for privileged identities, including the root account.;ICT Risk Management;Article 5;Governance and organisation;FAIL;IAM password policy does not require at least one number.;arn:aws:iam:ap-south-1:735291151388:password-policy;735291151388;iam_password_policy_number;False;DORA;Digital Operational Resilience Act (Regulation (EU) 2022/2554)
aws;"The Digital Operational Resilience Act (DORA) is a European Union regulation (Regulation (EU) 2022/2554) that sets a uniform framework for the digital operational resilience of the EU financial sector. Mandatory since 17 January 2025, it applies to financial entities (banks, insurers, investment firms, payment institutions, etc.) and to ICT third-party service providers. DORA is structured around five pillars: ICT risk management, ICT-related incident reporting, digital operational resilience testing, ICT third-party risk management, and information sharing. This Prowler mapping covers the technical controls auditable from cloud configuration; the organisational, contractual and supervisory obligations defined in DORA must be addressed outside of Prowler.";735291151388;ap-south-1;2026-07-11 14:19:13.485135;DORA-Art5;Financial entities shall have a sound, comprehensive and well-documented ICT internal governance and control framework. Senior management is accountable for ICT risk and shall enforce strong identity, authentication and least-privilege policies for privileged identities, including the root account.;ICT Risk Management;Article 5;Governance and organisation;FAIL;IAM password policy reuse prevention is less than 24 or not set.;arn:aws:iam:ap-south-1:735291151388:password-policy;735291151388;iam_password_policy_reuse_24;False;DORA;Digital Operational Resilience Act (Regulation (EU) 2022/2554)
aws;"The Digital Operational Resilience Act (DORA) is a European Union regulation (Regulation (EU) 2022/2554) that sets a uniform framework for the digital operational resilience of the EU financial sector. Mandatory since 17 January 2025, it applies to financial entities (banks, insurers, investment firms, payment institutions, etc.) and to ICT third-party service providers. DORA is structured around five pillars: ICT risk management, ICT-related incident reporting, digital operational resilience testing, ICT third-party risk management, and information sharing. This Prowler mapping covers the technical controls auditable from cloud configuration; the organisational, contractual and supervisory obligations defined in DORA must be addressed outside of Prowler.";735291151388;ap-south-1;2026-07-11 14:19:13.485135;DORA-Art5;Financial entities shall have a sound, comprehensive and well-documented ICT internal governance and control framework. Senior management is accountable for ICT risk and shall enforce strong identity, authentication and least-privilege policies for privileged identities, including the root account.;ICT Risk Management;Article 5;Governance and organisation;FAIL;IAM password policy does not require at least one symbol.;arn:aws:iam:ap-south-1:735291151388:password-policy;735291151388;iam_password_policy_symbol;False;DORA;Digital Operational Resilience Act (Regulation (EU) 2022/2554)
aws;"The Digital Operational Resilience Act (DORA) is a European Union regulation (Regulation (EU) 2022/2554) that sets a uniform framework for the digital operational resilience of the EU financial sector. Mandatory since 17 January 2025, it applies to financial entities (banks, insurers, investment firms, payment institutions, etc.) and to ICT third-party service providers. DORA is structured around five pillars: ICT risk management, ICT-related incident reporting, digital operational resilience testing, ICT third-party risk management, and information sharing. This Prowler mapping covers the technical controls auditable from cloud configuration; the organisational, contractual and supervisory obligations defined in DORA must be addressed outside of Prowler.";735291151388;ap-south-1;2026-07-11 14:19:13.485135;DORA-Art5;Financial entities shall have a sound, comprehensive and well-documented ICT internal governance and control framework. Senior management is accountable for ICT risk and shall enforce strong identity, authentication and least-privilege policies for privileged identities, including the root account.;ICT Risk Management;Article 5;Governance and organisation;FAIL;IAM password policy does not require at least one uppercase letter.;arn:aws:iam:ap-south-1:735291151388:password-policy;735291151388;iam_password_policy_uppercase;False;DORA;Digital Operational Resilience Act (Regulation (EU) 2022/2554)
aws;"The Digital Operational Resilience Act (DORA) is a European Union regulation (Regulation (EU) 2022/2554) that sets a uniform framework for the digital operational resilience of the EU financial sector. Mandatory since 17 January 2025, it applies to financial entities (banks, insurers, investment firms, payment institutions, etc.) and to ICT third-party service providers. DORA is structured around five pillars: ICT risk management, ICT-related incident reporting, digital operational resilience testing, ICT third-party risk management, and information sharing. This Prowler mapping covers the technical controls auditable from cloud configuration; the organisational, contractual and supervisory obligations defined in DORA must be addressed outside of Prowler.";735291151388;ap-south-1;2026-07-11 14:19:13.485135;DORA-Art30;Contractual arrangements with ICT third-party service providers shall be set out in writing and include, at minimum, agreed service levels and clear allocation of rights and obligations. Privilege boundaries, least-privilege policies and absence of administrative wildcards are the technical guardrails that enforce these contractual constraints inside AWS.;ICT Third-Party Risk Management;Article 30;Key contractual provisions;PASS;User Alex has no inline or attached policies.;arn:aws:iam::735291151388:user/Alex;Alex;iam_policy_attached_only_to_group_or_roles;False;DORA;Digital Operational Resilience Act (Regulation (EU) 2022/2554)
aws;"The Digital Operational Resilience Act (DORA) is a European Union regulation (Regulation (EU) 2022/2554) that sets a uniform framework for the digital operational resilience of the EU financial sector. Mandatory since 17 January 2025, it applies to financial entities (banks, insurers, investment firms, payment institutions, etc.) and to ICT third-party service providers. DORA is structured around five pillars: ICT risk management, ICT-related incident reporting, digital operational resilience testing, ICT third-party risk management, and information sharing. This Prowler mapping covers the technical controls auditable from cloud configuration; the organisational, contractual and supervisory obligations defined in DORA must be addressed outside of Prowler.";735291151388;ap-south-1;2026-07-11 14:19:13.485135;DORA-Art28;Financial entities shall manage ICT third-party risk as an integral component of ICT risk within their ICT risk management framework. Cross-account access, trust boundaries, organization-level controls and dependency visibility are critical to monitor third-party exposure on AWS.;ICT Third-Party Risk Management;Article 28;General principles (ICT third-party risk);FAIL;IAM Service Role cloudguardian-web-role does not prevent against a cross-service confused deputy attack.;arn:aws:iam::735291151388:role/cloudguardian-web-role;cloudguardian-web-role;iam_role_cross_service_confused_deputy_prevention;False;DORA;Digital Operational Resilience Act (Regulation (EU) 2022/2554)
aws;"The Digital Operational Resilience Act (DORA) is a European Union regulation (Regulation (EU) 2022/2554) that sets a uniform framework for the digital operational resilience of the EU financial sector. Mandatory since 17 January 2025, it applies to financial entities (banks, insurers, investment firms, payment institutions, etc.) and to ICT third-party service providers. DORA is structured around five pillars: ICT risk management, ICT-related incident reporting, digital operational resilience testing, ICT third-party risk management, and information sharing. This Prowler mapping covers the technical controls auditable from cloud configuration; the organisational, contractual and supervisory obligations defined in DORA must be addressed outside of Prowler.";735291151388;ap-south-1;2026-07-11 14:19:13.485135;DORA-Art5;Financial entities shall have a sound, comprehensive and well-documented ICT internal governance and control framework. Senior management is accountable for ICT risk and shall enforce strong identity, authentication and least-privilege policies for privileged identities, including the root account.;ICT Risk Management;Article 5;Governance and organisation;PASS;Root account has a hardware MFA device enabled.;arn:aws:iam::735291151388:mfa;<root_account>;iam_root_hardware_mfa_enabled;False;DORA;Digital Operational Resilience Act (Regulation (EU) 2022/2554)
aws;"The Digital Operational Resilience Act (DORA) is a European Union regulation (Regulation (EU) 2022/2554) that sets a uniform framework for the digital operational resilience of the EU financial sector. Mandatory since 17 January 2025, it applies to financial entities (banks, insurers, investment firms, payment institutions, etc.) and to ICT third-party service providers. DORA is structured around five pillars: ICT risk management, ICT-related incident reporting, digital operational resilience testing, ICT third-party risk management, and information sharing. This Prowler mapping covers the technical controls auditable from cloud configuration; the organisational, contractual and supervisory obligations defined in DORA must be addressed outside of Prowler.";735291151388;ap-south-1;2026-07-11 14:19:13.485135;DORA-Art5;Financial entities shall have a sound, comprehensive and well-documented ICT internal governance and control framework. Senior management is accountable for ICT risk and shall enforce strong identity, authentication and least-privilege policies for privileged identities, including the root account.;ICT Risk Management;Article 5;Governance and organisation;PASS;MFA is enabled for root account.;arn:aws:iam::735291151388:root;<root_account>;iam_root_mfa_enabled;False;DORA;Digital Operational Resilience Act (Regulation (EU) 2022/2554)
aws;"The Digital Operational Resilience Act (DORA) is a European Union regulation (Regulation (EU) 2022/2554) that sets a uniform framework for the digital operational resilience of the EU financial sector. Mandatory since 17 January 2025, it applies to financial entities (banks, insurers, investment firms, payment institutions, etc.) and to ICT third-party service providers. DORA is structured around five pillars: ICT risk management, ICT-related incident reporting, digital operational resilience testing, ICT third-party risk management, and information sharing. This Prowler mapping covers the technical controls auditable from cloud configuration; the organisational, contractual and supervisory obligations defined in DORA must be addressed outside of Prowler.";735291151388;ap-south-1;2026-07-11 14:19:13.485135;DORA-Art5;Financial entities shall have a sound, comprehensive and well-documented ICT internal governance and control framework. Senior management is accountable for ICT risk and shall enforce strong identity, authentication and least-privilege policies for privileged identities, including the root account.;ICT Risk Management;Article 5;Governance and organisation;FAIL;SecurityAudit policy is not attached to any role.;arn:aws:iam::aws:policy/SecurityAudit;SecurityAudit;iam_securityaudit_role_created;False;DORA;Digital Operational Resilience Act (Regulation (EU) 2022/2554)
aws;"The Digital Operational Resilience Act (DORA) is a European Union regulation (Regulation (EU) 2022/2554) that sets a uniform framework for the digital operational resilience of the EU financial sector. Mandatory since 17 January 2025, it applies to financial entities (banks, insurers, investment firms, payment institutions, etc.) and to ICT third-party service providers. DORA is structured around five pillars: ICT risk management, ICT-related incident reporting, digital operational resilience testing, ICT third-party risk management, and information sharing. This Prowler mapping covers the technical controls auditable from cloud configuration; the organisational, contractual and supervisory obligations defined in DORA must be addressed outside of Prowler.";735291151388;ap-south-1;2026-07-11 14:19:13.485135;DORA-Art5;Financial entities shall have a sound, comprehensive and well-documented ICT internal governance and control framework. Senior management is accountable for ICT risk and shall enforce strong identity, authentication and least-privilege policies for privileged identities, including the root account.;ICT Risk Management;Article 5;Governance and organisation;FAIL;AWS Support Access policy is not attached to any role.;arn:aws:iam::aws:policy/AWSSupportAccess;735291151388;iam_support_role_created;False;DORA;Digital Operational Resilience Act (Regulation (EU) 2022/2554)
aws;"The Digital Operational Resilience Act (DORA) is a European Union regulation (Regulation (EU) 2022/2554) that sets a uniform framework for the digital operational resilience of the EU financial sector. Mandatory since 17 January 2025, it applies to financial entities (banks, insurers, investment firms, payment institutions, etc.) and to ICT third-party service providers. DORA is structured around five pillars: ICT risk management, ICT-related incident reporting, digital operational resilience testing, ICT third-party risk management, and information sharing. This Prowler mapping covers the technical controls auditable from cloud configuration; the organisational, contractual and supervisory obligations defined in DORA must be addressed outside of Prowler.";735291151388;ap-south-1;2026-07-11 14:19:13.485135;DORA-Art30;Contractual arrangements with ICT third-party service providers shall be set out in writing and include, at minimum, agreed service levels and clear allocation of rights and obligations. Privilege boundaries, least-privilege policies and absence of administrative wildcards are the technical guardrails that enforce these contractual constraints inside AWS.;ICT Third-Party Risk Management;Article 30;Key contractual provisions;PASS;IAM User Alex does not have AdministratorAccess policy.;arn:aws:iam::735291151388:user/Alex;Alex;iam_user_administrator_access_policy;False;DORA;Digital Operational Resilience Act (Regulation (EU) 2022/2554)
aws;"The Digital Operational Resilience Act (DORA) is a European Union regulation (Regulation (EU) 2022/2554) that sets a uniform framework for the digital operational resilience of the EU financial sector. Mandatory since 17 January 2025, it applies to financial entities (banks, insurers, investment firms, payment institutions, etc.) and to ICT third-party service providers. DORA is structured around five pillars: ICT risk management, ICT-related incident reporting, digital operational resilience testing, ICT third-party risk management, and information sharing. This Prowler mapping covers the technical controls auditable from cloud configuration; the organisational, contractual and supervisory obligations defined in DORA must be addressed outside of Prowler.";735291151388;ap-south-1;2026-07-11 14:19:13.485135;DORA-Art5;Financial entities shall have a sound, comprehensive and well-documented ICT internal governance and control framework. Senior management is accountable for ICT risk and shall enforce strong identity, authentication and least-privilege policies for privileged identities, including the root account.;ICT Risk Management;Article 5;Governance and organisation;FAIL;User Alex does not have any type of MFA enabled.;arn:aws:iam::735291151388:user/Alex;Alex;iam_user_hardware_mfa_enabled;False;DORA;Digital Operational Resilience Act (Regulation (EU) 2022/2554)
aws;"The Digital Operational Resilience Act (DORA) is a European Union regulation (Regulation (EU) 2022/2554) that sets a uniform framework for the digital operational resilience of the EU financial sector. Mandatory since 17 January 2025, it applies to financial entities (banks, insurers, investment firms, payment institutions, etc.) and to ICT third-party service providers. DORA is structured around five pillars: ICT risk management, ICT-related incident reporting, digital operational resilience testing, ICT third-party risk management, and information sharing. This Prowler mapping covers the technical controls auditable from cloud configuration; the organisational, contractual and supervisory obligations defined in DORA must be addressed outside of Prowler.";735291151388;ap-south-1;2026-07-11 14:19:13.485135;DORA-Art5;Financial entities shall have a sound, comprehensive and well-documented ICT internal governance and control framework. Senior management is accountable for ICT risk and shall enforce strong identity, authentication and least-privilege policies for privileged identities, including the root account.;ICT Risk Management;Article 5;Governance and organisation;PASS;User Alex does not have Console Password enabled.;arn:aws:iam::735291151388:user/Alex;Alex;iam_user_mfa_enabled_console_access;False;DORA;Digital Operational Resilience Act (Regulation (EU) 2022/2554)
aws;"The Digital Operational Resilience Act (DORA) is a European Union regulation (Regulation (EU) 2022/2554) that sets a uniform framework for the digital operational resilience of the EU financial sector. Mandatory since 17 January 2025, it applies to financial entities (banks, insurers, investment firms, payment institutions, etc.) and to ICT third-party service providers. DORA is structured around five pillars: ICT risk management, ICT-related incident reporting, digital operational resilience testing, ICT third-party risk management, and information sharing. This Prowler mapping covers the technical controls auditable from cloud configuration; the organisational, contractual and supervisory obligations defined in DORA must be addressed outside of Prowler.";735291151388;ap-south-1;2026-07-11 14:19:13.485135;DORA-Art5;Financial entities shall have a sound, comprehensive and well-documented ICT internal governance and control framework. Senior management is accountable for ICT risk and shall enforce strong identity, authentication and least-privilege policies for privileged identities, including the root account.;ICT Risk Management;Article 5;Governance and organisation;FAIL;AWS Organizations is not in-use for this AWS Account.;arn:aws:organizations::735291151388:unknown;unknown;organizations_account_part_of_organizations;False;DORA;Digital Operational Resilience Act (Regulation (EU) 2022/2554)
aws;"The Digital Operational Resilience Act (DORA) is a European Union regulation (Regulation (EU) 2022/2554) that sets a uniform framework for the digital operational resilience of the EU financial sector. Mandatory since 17 January 2025, it applies to financial entities (banks, insurers, investment firms, payment institutions, etc.) and to ICT third-party service providers. DORA is structured around five pillars: ICT risk management, ICT-related incident reporting, digital operational resilience testing, ICT third-party risk management, and information sharing. This Prowler mapping covers the technical controls auditable from cloud configuration; the organisational, contractual and supervisory obligations defined in DORA must be addressed outside of Prowler.";735291151388;ap-south-1;2026-07-11 14:19:13.485135;DORA-Art28;Financial entities shall manage ICT third-party risk as an integral component of ICT risk within their ICT risk management framework. Cross-account access, trust boundaries, organization-level controls and dependency visibility are critical to monitor third-party exposure on AWS.;ICT Third-Party Risk Management;Article 28;General principles (ICT third-party risk);FAIL;AWS Organizations is not in-use for this AWS Account.;arn:aws:organizations::735291151388:unknown;unknown;organizations_account_part_of_organizations;False;DORA;Digital Operational Resilience Act (Regulation (EU) 2022/2554)
aws;"The Digital Operational Resilience Act (DORA) is a European Union regulation (Regulation (EU) 2022/2554) that sets a uniform framework for the digital operational resilience of the EU financial sector. Mandatory since 17 January 2025, it applies to financial entities (banks, insurers, investment firms, payment institutions, etc.) and to ICT third-party service providers. DORA is structured around five pillars: ICT risk management, ICT-related incident reporting, digital operational resilience testing, ICT third-party risk management, and information sharing. This Prowler mapping covers the technical controls auditable from cloud configuration; the organisational, contractual and supervisory obligations defined in DORA must be addressed outside of Prowler.";735291151388;ap-south-1;2026-07-11 14:19:13.485135;DORA-Art28;Financial entities shall manage ICT third-party risk as an integral component of ICT risk within their ICT risk management framework. Cross-account access, trust boundaries, organization-level controls and dependency visibility are critical to monitor third-party exposure on AWS.;ICT Third-Party Risk Management;Article 28;General principles (ICT third-party risk);FAIL;AWS Organizations is not in-use for this AWS Account.;arn:aws:organizations::735291151388:unknown;unknown;organizations_scp_check_deny_regions;False;DORA;Digital Operational Resilience Act (Regulation (EU) 2022/2554)
aws;"The Digital Operational Resilience Act (DORA) is a European Union regulation (Regulation (EU) 2022/2554) that sets a uniform framework for the digital operational resilience of the EU financial sector. Mandatory since 17 January 2025, it applies to financial entities (banks, insurers, investment firms, payment institutions, etc.) and to ICT third-party service providers. DORA is structured around five pillars: ICT risk management, ICT-related incident reporting, digital operational resilience testing, ICT third-party risk management, and information sharing. This Prowler mapping covers the technical controls auditable from cloud configuration; the organisational, contractual and supervisory obligations defined in DORA must be addressed outside of Prowler.";735291151388;ap-south-1;2026-07-11 14:19:13.485135;DORA-Art12;Financial entities shall develop and document backup policies and procedures specifying the scope of data subject to backup and the minimum frequency of the backup, as well as restoration and recovery procedures and methods. Backups must be encrypted, retained, and resources must be designed for recoverability across availability zones and regions.;ICT Risk Management;Article 12;Backup policies and procedures, restoration and recovery procedures and methods;FAIL;RDS Instance cloudguardian-db does not have backup enabled.;arn:aws:rds:ap-south-1:735291151388:db:cloudguardian-db;cloudguardian-db;rds_instance_backup_enabled;False;DORA;Digital Operational Resilience Act (Regulation (EU) 2022/2554)
aws;"The Digital Operational Resilience Act (DORA) is a European Union regulation (Regulation (EU) 2022/2554) that sets a uniform framework for the digital operational resilience of the EU financial sector. Mandatory since 17 January 2025, it applies to financial entities (banks, insurers, investment firms, payment institutions, etc.) and to ICT third-party service providers. DORA is structured around five pillars: ICT risk management, ICT-related incident reporting, digital operational resilience testing, ICT third-party risk management, and information sharing. This Prowler mapping covers the technical controls auditable from cloud configuration; the organisational, contractual and supervisory obligations defined in DORA must be addressed outside of Prowler.";735291151388;ap-south-1;2026-07-11 14:19:13.485135;DORA-Art25;Financial entities shall ensure that tests are undertaken on ICT tools and systems, on critical ICT systems supporting all critical or important functions, at least yearly. Vulnerability assessments, deprecated component detection and certificate hygiene must be tracked.;Digital Operational Resilience Testing;Article 25;Testing of ICT tools and systems;PASS;RDS Instance cloudguardian-db certificate has over 6 months of validity left.;arn:aws:rds:ap-south-1:735291151388:db:cloudguardian-db;cloudguardian-db;rds_instance_certificate_expiration;False;DORA;Digital Operational Resilience Act (Regulation (EU) 2022/2554)
aws;"The Digital Operational Resilience Act (DORA) is a European Union regulation (Regulation (EU) 2022/2554) that sets a uniform framework for the digital operational resilience of the EU financial sector. Mandatory since 17 January 2025, it applies to financial entities (banks, insurers, investment firms, payment institutions, etc.) and to ICT third-party service providers. DORA is structured around five pillars: ICT risk management, ICT-related incident reporting, digital operational resilience testing, ICT third-party risk management, and information sharing. This Prowler mapping covers the technical controls auditable from cloud configuration; the organisational, contractual and supervisory obligations defined in DORA must be addressed outside of Prowler.";735291151388;ap-south-1;2026-07-11 14:19:13.485135;DORA-Art11;Financial entities shall put in place a comprehensive ICT business continuity policy, including ICT response and recovery plans, that ensures the continuity of ICT-supported critical or important functions. Operational alarming, automated event routing and tested recovery actions are essential.;ICT Risk Management;Article 11;Response and recovery;FAIL;RDS instance event categories of maintenance, configuration change, and failure are not subscribed.;arn:aws:rds:ap-south-1:735291151388:account;735291151388;rds_instance_critical_event_subscription;False;DORA;Digital Operational Resilience Act (Regulation (EU) 2022/2554)
aws;"The Digital Operational Resilience Act (DORA) is a European Union regulation (Regulation (EU) 2022/2554) that sets a uniform framework for the digital operational resilience of the EU financial sector. Mandatory since 17 January 2025, it applies to financial entities (banks, insurers, investment firms, payment institutions, etc.) and to ICT third-party service providers. DORA is structured around five pillars: ICT risk management, ICT-related incident reporting, digital operational resilience testing, ICT third-party risk management, and information sharing. This Prowler mapping covers the technical controls auditable from cloud configuration; the organisational, contractual and supervisory obligations defined in DORA must be addressed outside of Prowler.";735291151388;ap-south-1;2026-07-11 14:19:13.485135;DORA-Art12;Financial entities shall develop and document backup policies and procedures specifying the scope of data subject to backup and the minimum frequency of the backup, as well as restoration and recovery procedures and methods. Backups must be encrypted, retained, and resources must be designed for recoverability across availability zones and regions.;ICT Risk Management;Article 12;Backup policies and procedures, restoration and recovery procedures and methods;FAIL;RDS Instance cloudguardian-db deletion protection is not enabled.;arn:aws:rds:ap-south-1:735291151388:db:cloudguardian-db;cloudguardian-db;rds_instance_deletion_protection;False;DORA;Digital Operational Resilience Act (Regulation (EU) 2022/2554)
aws;"The Digital Operational Resilience Act (DORA) is a European Union regulation (Regulation (EU) 2022/2554) that sets a uniform framework for the digital operational resilience of the EU financial sector. Mandatory since 17 January 2025, it applies to financial entities (banks, insurers, investment firms, payment institutions, etc.) and to ICT third-party service providers. DORA is structured around five pillars: ICT risk management, ICT-related incident reporting, digital operational resilience testing, ICT third-party risk management, and information sharing. This Prowler mapping covers the technical controls auditable from cloud configuration; the organisational, contractual and supervisory obligations defined in DORA must be addressed outside of Prowler.";735291151388;ap-south-1;2026-07-11 14:19:13.485135;DORA-Art25;Financial entities shall ensure that tests are undertaken on ICT tools and systems, on critical ICT systems supporting all critical or important functions, at least yearly. Vulnerability assessments, deprecated component detection and certificate hygiene must be tracked.;Digital Operational Resilience Testing;Article 25;Testing of ICT tools and systems;PASS;RDS instance cloudguardian-db is not using a deprecated engine mysql with version 8.0.46.;arn:aws:rds:ap-south-1:735291151388:db:cloudguardian-db;cloudguardian-db;rds_instance_deprecated_engine_version;False;DORA;Digital Operational Resilience Act (Regulation (EU) 2022/2554)
aws;"The Digital Operational Resilience Act (DORA) is a European Union regulation (Regulation (EU) 2022/2554) that sets a uniform framework for the digital operational resilience of the EU financial sector. Mandatory since 17 January 2025, it applies to financial entities (banks, insurers, investment firms, payment institutions, etc.) and to ICT third-party service providers. DORA is structured around five pillars: ICT risk management, ICT-related incident reporting, digital operational resilience testing, ICT third-party risk management, and information sharing. This Prowler mapping covers the technical controls auditable from cloud configuration; the organisational, contractual and supervisory obligations defined in DORA must be addressed outside of Prowler.";735291151388;ap-south-1;2026-07-11 14:19:13.485135;DORA-Art12;Financial entities shall develop and document backup policies and procedures specifying the scope of data subject to backup and the minimum frequency of the backup, as well as restoration and recovery procedures and methods. Backups must be encrypted, retained, and resources must be designed for recoverability across availability zones and regions.;ICT Risk Management;Article 12;Backup policies and procedures, restoration and recovery procedures and methods;FAIL;RDS Instance cloudguardian-db does not have multi-AZ enabled.;arn:aws:rds:ap-south-1:735291151388:db:cloudguardian-db;cloudguardian-db;rds_instance_multi_az;False;DORA;Digital Operational Resilience Act (Regulation (EU) 2022/2554)
aws;"The Digital Operational Resilience Act (DORA) is a European Union regulation (Regulation (EU) 2022/2554) that sets a uniform framework for the digital operational resilience of the EU financial sector. Mandatory since 17 January 2025, it applies to financial entities (banks, insurers, investment firms, payment institutions, etc.) and to ICT third-party service providers. DORA is structured around five pillars: ICT risk management, ICT-related incident reporting, digital operational resilience testing, ICT third-party risk management, and information sharing. This Prowler mapping covers the technical controls auditable from cloud configuration; the organisational, contractual and supervisory obligations defined in DORA must be addressed outside of Prowler.";735291151388;ap-south-1;2026-07-11 14:19:13.485135;DORA-Art9;Financial entities shall continuously monitor and control the security and functioning of ICT systems and tools and minimise the impact of ICT risk by deploying appropriate ICT security tools, policies and procedures. Encryption at rest and in transit, blocking of public exposure, network access controls, secret management and instance hardening are central to this article.;ICT Risk Management;Article 9;Protection and prevention;FAIL;RDS Instance cloudguardian-db is set as publicly accessible and security group cloudguardian-rds-sg (sg-0be0be5f1a7d28519) has mysql port 3306 open to the Internet at endpoint cloudguardian-db.cxuyey2k27jg.ap-south-1.rds.amazonaws.com in a public subnet subnet-06415df4407c53071.;arn:aws:rds:ap-south-1:735291151388:db:cloudguardian-db;cloudguardian-db;rds_instance_no_public_access;False;DORA;Digital Operational Resilience Act (Regulation (EU) 2022/2554)
aws;"The Digital Operational Resilience Act (DORA) is a European Union regulation (Regulation (EU) 2022/2554) that sets a uniform framework for the digital operational resilience of the EU financial sector. Mandatory since 17 January 2025, it applies to financial entities (banks, insurers, investment firms, payment institutions, etc.) and to ICT third-party service providers. DORA is structured around five pillars: ICT risk management, ICT-related incident reporting, digital operational resilience testing, ICT third-party risk management, and information sharing. This Prowler mapping covers the technical controls auditable from cloud configuration; the organisational, contractual and supervisory obligations defined in DORA must be addressed outside of Prowler.";735291151388;ap-south-1;2026-07-11 14:19:13.485135;DORA-Art12;Financial entities shall develop and document backup policies and procedures specifying the scope of data subject to backup and the minimum frequency of the backup, as well as restoration and recovery procedures and methods. Backups must be encrypted, retained, and resources must be designed for recoverability across availability zones and regions.;ICT Risk Management;Article 12;Backup policies and procedures, restoration and recovery procedures and methods;FAIL;RDS Instance cloudguardian-db is not protected by a backup plan.;arn:aws:rds:ap-south-1:735291151388:db:cloudguardian-db;cloudguardian-db;rds_instance_protected_by_backup_plan;False;DORA;Digital Operational Resilience Act (Regulation (EU) 2022/2554)
aws;"The Digital Operational Resilience Act (DORA) is a European Union regulation (Regulation (EU) 2022/2554) that sets a uniform framework for the digital operational resilience of the EU financial sector. Mandatory since 17 January 2025, it applies to financial entities (banks, insurers, investment firms, payment institutions, etc.) and to ICT third-party service providers. DORA is structured around five pillars: ICT risk management, ICT-related incident reporting, digital operational resilience testing, ICT third-party risk management, and information sharing. This Prowler mapping covers the technical controls auditable from cloud configuration; the organisational, contractual and supervisory obligations defined in DORA must be addressed outside of Prowler.";735291151388;ap-south-1;2026-07-11 14:19:13.485135;DORA-Art9;Financial entities shall continuously monitor and control the security and functioning of ICT systems and tools and minimise the impact of ICT risk by deploying appropriate ICT security tools, policies and procedures. Encryption at rest and in transit, blocking of public exposure, network access controls, secret management and instance hardening are central to this article.;ICT Risk Management;Article 9;Protection and prevention;FAIL;RDS Instance cloudguardian-db is not encrypted.;arn:aws:rds:ap-south-1:735291151388:db:cloudguardian-db;cloudguardian-db;rds_instance_storage_encrypted;False;DORA;Digital Operational Resilience Act (Regulation (EU) 2022/2554)
aws;"The Digital Operational Resilience Act (DORA) is a European Union regulation (Regulation (EU) 2022/2554) that sets a uniform framework for the digital operational resilience of the EU financial sector. Mandatory since 17 January 2025, it applies to financial entities (banks, insurers, investment firms, payment institutions, etc.) and to ICT third-party service providers. DORA is structured around five pillars: ICT risk management, ICT-related incident reporting, digital operational resilience testing, ICT third-party risk management, and information sharing. This Prowler mapping covers the technical controls auditable from cloud configuration; the organisational, contractual and supervisory obligations defined in DORA must be addressed outside of Prowler.";735291151388;ap-south-1;2026-07-11 14:19:13.485135;DORA-Art7;Financial entities shall use and maintain updated ICT systems, protocols and tools that are appropriate to the magnitude of operations supporting ICT functions, technologically resilient, and adequately equipped to securely process data. Cryptographic primitives, certificate hygiene and network segmentation are core to this requirement.;ICT Risk Management;Article 7;ICT systems, protocols and tools;FAIL;RDS Instance cloudguardian-db connections are not encrypted.;arn:aws:rds:ap-south-1:735291151388:db:cloudguardian-db;cloudguardian-db;rds_instance_transport_encrypted;False;DORA;Digital Operational Resilience Act (Regulation (EU) 2022/2554)
aws;"The Digital Operational Resilience Act (DORA) is a European Union regulation (Regulation (EU) 2022/2554) that sets a uniform framework for the digital operational resilience of the EU financial sector. Mandatory since 17 January 2025, it applies to financial entities (banks, insurers, investment firms, payment institutions, etc.) and to ICT third-party service providers. DORA is structured around five pillars: ICT risk management, ICT-related incident reporting, digital operational resilience testing, ICT third-party risk management, and information sharing. This Prowler mapping covers the technical controls auditable from cloud configuration; the organisational, contractual and supervisory obligations defined in DORA must be addressed outside of Prowler.";735291151388;ap-south-1;2026-07-11 14:19:13.485135;DORA-Art9;Financial entities shall continuously monitor and control the security and functioning of ICT systems and tools and minimise the impact of ICT risk by deploying appropriate ICT security tools, policies and procedures. Encryption at rest and in transit, blocking of public exposure, network access controls, secret management and instance hardening are central to this article.;ICT Risk Management;Article 9;Protection and prevention;FAIL;Block Public Access is not configured for the account 735291151388.;arn:aws:s3:ap-south-1:735291151388:account;735291151388;s3_account_level_public_access_blocks;False;DORA;Digital Operational Resilience Act (Regulation (EU) 2022/2554)
aws;"The Digital Operational Resilience Act (DORA) is a European Union regulation (Regulation (EU) 2022/2554) that sets a uniform framework for the digital operational resilience of the EU financial sector. Mandatory since 17 January 2025, it applies to financial entities (banks, insurers, investment firms, payment institutions, etc.) and to ICT third-party service providers. DORA is structured around five pillars: ICT risk management, ICT-related incident reporting, digital operational resilience testing, ICT third-party risk management, and information sharing. This Prowler mapping covers the technical controls auditable from cloud configuration; the organisational, contractual and supervisory obligations defined in DORA must be addressed outside of Prowler.";735291151388;ap-south-1;2026-07-11 14:19:13.485135;DORA-Art9;Financial entities shall continuously monitor and control the security and functioning of ICT systems and tools and minimise the impact of ICT risk by deploying appropriate ICT security tools, policies and procedures. Encryption at rest and in transit, blocking of public exposure, network access controls, secret management and instance hardening are central to this article.;ICT Risk Management;Article 9;Protection and prevention;PASS;S3 Bucket cloudguardian-data-c8f4e2a3 has bucket ACLs disabled.;arn:aws:s3:::cloudguardian-data-c8f4e2a3;cloudguardian-data-c8f4e2a3;s3_bucket_acl_prohibited;False;DORA;Digital Operational Resilience Act (Regulation (EU) 2022/2554)
aws;"The Digital Operational Resilience Act (DORA) is a European Union regulation (Regulation (EU) 2022/2554) that sets a uniform framework for the digital operational resilience of the EU financial sector. Mandatory since 17 January 2025, it applies to financial entities (banks, insurers, investment firms, payment institutions, etc.) and to ICT third-party service providers. DORA is structured around five pillars: ICT risk management, ICT-related incident reporting, digital operational resilience testing, ICT third-party risk management, and information sharing. This Prowler mapping covers the technical controls auditable from cloud configuration; the organisational, contractual and supervisory obligations defined in DORA must be addressed outside of Prowler.";735291151388;ap-south-1;2026-07-11 14:19:13.485135;DORA-Art28;Financial entities shall manage ICT third-party risk as an integral component of ICT risk within their ICT risk management framework. Cross-account access, trust boundaries, organization-level controls and dependency visibility are critical to monitor third-party exposure on AWS.;ICT Third-Party Risk Management;Article 28;General principles (ICT third-party risk);PASS;S3 Bucket cloudguardian-data-c8f4e2a3 has a bucket policy but it does not allow cross account access.;arn:aws:s3:::cloudguardian-data-c8f4e2a3;cloudguardian-data-c8f4e2a3;s3_bucket_cross_account_access;False;DORA;Digital Operational Resilience Act (Regulation (EU) 2022/2554)
aws;"The Digital Operational Resilience Act (DORA) is a European Union regulation (Regulation (EU) 2022/2554) that sets a uniform framework for the digital operational resilience of the EU financial sector. Mandatory since 17 January 2025, it applies to financial entities (banks, insurers, investment firms, payment institutions, etc.) and to ICT third-party service providers. DORA is structured around five pillars: ICT risk management, ICT-related incident reporting, digital operational resilience testing, ICT third-party risk management, and information sharing. This Prowler mapping covers the technical controls auditable from cloud configuration; the organisational, contractual and supervisory obligations defined in DORA must be addressed outside of Prowler.";735291151388;ap-south-1;2026-07-11 14:19:13.485135;DORA-Art12;Financial entities shall develop and document backup policies and procedures specifying the scope of data subject to backup and the minimum frequency of the backup, as well as restoration and recovery procedures and methods. Backups must be encrypted, retained, and resources must be designed for recoverability across availability zones and regions.;ICT Risk Management;Article 12;Backup policies and procedures, restoration and recovery procedures and methods;FAIL;S3 Bucket cloudguardian-data-c8f4e2a3 does not have correct cross region replication configuration.;arn:aws:s3:::cloudguardian-data-c8f4e2a3;cloudguardian-data-c8f4e2a3;s3_bucket_cross_region_replication;False;DORA;Digital Operational Resilience Act (Regulation (EU) 2022/2554)
aws;"The Digital Operational Resilience Act (DORA) is a European Union regulation (Regulation (EU) 2022/2554) that sets a uniform framework for the digital operational resilience of the EU financial sector. Mandatory since 17 January 2025, it applies to financial entities (banks, insurers, investment firms, payment institutions, etc.) and to ICT third-party service providers. DORA is structured around five pillars: ICT risk management, ICT-related incident reporting, digital operational resilience testing, ICT third-party risk management, and information sharing. This Prowler mapping covers the technical controls auditable from cloud configuration; the organisational, contractual and supervisory obligations defined in DORA must be addressed outside of Prowler.";735291151388;ap-south-1;2026-07-11 14:19:13.485135;DORA-Art7;Financial entities shall use and maintain updated ICT systems, protocols and tools that are appropriate to the magnitude of operations supporting ICT functions, technologically resilient, and adequately equipped to securely process data. Cryptographic primitives, certificate hygiene and network segmentation are core to this requirement.;ICT Risk Management;Article 7;ICT systems, protocols and tools;PASS;S3 Bucket cloudguardian-data-c8f4e2a3 has Server Side Encryption with AES256.;arn:aws:s3:::cloudguardian-data-c8f4e2a3;cloudguardian-data-c8f4e2a3;s3_bucket_default_encryption;False;DORA;Digital Operational Resilience Act (Regulation (EU) 2022/2554)
aws;"The Digital Operational Resilience Act (DORA) is a European Union regulation (Regulation (EU) 2022/2554) that sets a uniform framework for the digital operational resilience of the EU financial sector. Mandatory since 17 January 2025, it applies to financial entities (banks, insurers, investment firms, payment institutions, etc.) and to ICT third-party service providers. DORA is structured around five pillars: ICT risk management, ICT-related incident reporting, digital operational resilience testing, ICT third-party risk management, and information sharing. This Prowler mapping covers the technical controls auditable from cloud configuration; the organisational, contractual and supervisory obligations defined in DORA must be addressed outside of Prowler.";735291151388;ap-south-1;2026-07-11 14:19:13.485135;DORA-Art7;Financial entities shall use and maintain updated ICT systems, protocols and tools that are appropriate to the magnitude of operations supporting ICT functions, technologically resilient, and adequately equipped to securely process data. Cryptographic primitives, certificate hygiene and network segmentation are core to this requirement.;ICT Risk Management;Article 7;ICT systems, protocols and tools;FAIL;Server Side Encryption is not configured with kms for S3 Bucket cloudguardian-data-c8f4e2a3.;arn:aws:s3:::cloudguardian-data-c8f4e2a3;cloudguardian-data-c8f4e2a3;s3_bucket_kms_encryption;False;DORA;Digital Operational Resilience Act (Regulation (EU) 2022/2554)
aws;"The Digital Operational Resilience Act (DORA) is a European Union regulation (Regulation (EU) 2022/2554) that sets a uniform framework for the digital operational resilience of the EU financial sector. Mandatory since 17 January 2025, it applies to financial entities (banks, insurers, investment firms, payment institutions, etc.) and to ICT third-party service providers. DORA is structured around five pillars: ICT risk management, ICT-related incident reporting, digital operational resilience testing, ICT third-party risk management, and information sharing. This Prowler mapping covers the technical controls auditable from cloud configuration; the organisational, contractual and supervisory obligations defined in DORA must be addressed outside of Prowler.";735291151388;ap-south-1;2026-07-11 14:19:13.485135;DORA-Art9;Financial entities shall continuously monitor and control the security and functioning of ICT systems and tools and minimise the impact of ICT risk by deploying appropriate ICT security tools, policies and procedures. Encryption at rest and in transit, blocking of public exposure, network access controls, secret management and instance hardening are central to this article.;ICT Risk Management;Article 9;Protection and prevention;FAIL;Block Public Access is not configured for the S3 Bucket cloudguardian-data-c8f4e2a3.;arn:aws:s3:::cloudguardian-data-c8f4e2a3;cloudguardian-data-c8f4e2a3;s3_bucket_level_public_access_block;False;DORA;Digital Operational Resilience Act (Regulation (EU) 2022/2554)
aws;"The Digital Operational Resilience Act (DORA) is a European Union regulation (Regulation (EU) 2022/2554) that sets a uniform framework for the digital operational resilience of the EU financial sector. Mandatory since 17 January 2025, it applies to financial entities (banks, insurers, investment firms, payment institutions, etc.) and to ICT third-party service providers. DORA is structured around five pillars: ICT risk management, ICT-related incident reporting, digital operational resilience testing, ICT third-party risk management, and information sharing. This Prowler mapping covers the technical controls auditable from cloud configuration; the organisational, contractual and supervisory obligations defined in DORA must be addressed outside of Prowler.";735291151388;ap-south-1;2026-07-11 14:19:13.485135;DORA-Art12;Financial entities shall develop and document backup policies and procedures specifying the scope of data subject to backup and the minimum frequency of the backup, as well as restoration and recovery procedures and methods. Backups must be encrypted, retained, and resources must be designed for recoverability across availability zones and regions.;ICT Risk Management;Article 12;Backup policies and procedures, restoration and recovery procedures and methods;FAIL;S3 Bucket cloudguardian-data-c8f4e2a3 has MFA Delete disabled.;arn:aws:s3:::cloudguardian-data-c8f4e2a3;cloudguardian-data-c8f4e2a3;s3_bucket_no_mfa_delete;False;DORA;Digital Operational Resilience Act (Regulation (EU) 2022/2554)
aws;"The Digital Operational Resilience Act (DORA) is a European Union regulation (Regulation (EU) 2022/2554) that sets a uniform framework for the digital operational resilience of the EU financial sector. Mandatory since 17 January 2025, it applies to financial entities (banks, insurers, investment firms, payment institutions, etc.) and to ICT third-party service providers. DORA is structured around five pillars: ICT risk management, ICT-related incident reporting, digital operational resilience testing, ICT third-party risk management, and information sharing. This Prowler mapping covers the technical controls auditable from cloud configuration; the organisational, contractual and supervisory obligations defined in DORA must be addressed outside of Prowler.";735291151388;ap-south-1;2026-07-11 14:19:13.485135;DORA-Art12;Financial entities shall develop and document backup policies and procedures specifying the scope of data subject to backup and the minimum frequency of the backup, as well as restoration and recovery procedures and methods. Backups must be encrypted, retained, and resources must be designed for recoverability across availability zones and regions.;ICT Risk Management;Article 12;Backup policies and procedures, restoration and recovery procedures and methods;FAIL;S3 Bucket cloudguardian-data-c8f4e2a3 has Object Lock disabled.;arn:aws:s3:::cloudguardian-data-c8f4e2a3;cloudguardian-data-c8f4e2a3;s3_bucket_object_lock;False;DORA;Digital Operational Resilience Act (Regulation (EU) 2022/2554)
aws;"The Digital Operational Resilience Act (DORA) is a European Union regulation (Regulation (EU) 2022/2554) that sets a uniform framework for the digital operational resilience of the EU financial sector. Mandatory since 17 January 2025, it applies to financial entities (banks, insurers, investment firms, payment institutions, etc.) and to ICT third-party service providers. DORA is structured around five pillars: ICT risk management, ICT-related incident reporting, digital operational resilience testing, ICT third-party risk management, and information sharing. This Prowler mapping covers the technical controls auditable from cloud configuration; the organisational, contractual and supervisory obligations defined in DORA must be addressed outside of Prowler.";735291151388;ap-south-1;2026-07-11 14:19:13.485135;DORA-Art12;Financial entities shall develop and document backup policies and procedures specifying the scope of data subject to backup and the minimum frequency of the backup, as well as restoration and recovery procedures and methods. Backups must be encrypted, retained, and resources must be designed for recoverability across availability zones and regions.;ICT Risk Management;Article 12;Backup policies and procedures, restoration and recovery procedures and methods;FAIL;S3 Bucket cloudguardian-data-c8f4e2a3 has versioning disabled.;arn:aws:s3:::cloudguardian-data-c8f4e2a3;cloudguardian-data-c8f4e2a3;s3_bucket_object_versioning;False;DORA;Digital Operational Resilience Act (Regulation (EU) 2022/2554)
aws;"The Digital Operational Resilience Act (DORA) is a European Union regulation (Regulation (EU) 2022/2554) that sets a uniform framework for the digital operational resilience of the EU financial sector. Mandatory since 17 January 2025, it applies to financial entities (banks, insurers, investment firms, payment institutions, etc.) and to ICT third-party service providers. DORA is structured around five pillars: ICT risk management, ICT-related incident reporting, digital operational resilience testing, ICT third-party risk management, and information sharing. This Prowler mapping covers the technical controls auditable from cloud configuration; the organisational, contractual and supervisory obligations defined in DORA must be addressed outside of Prowler.";735291151388;ap-south-1;2026-07-11 14:19:13.485135;DORA-Art9;Financial entities shall continuously monitor and control the security and functioning of ICT systems and tools and minimise the impact of ICT risk by deploying appropriate ICT security tools, policies and procedures. Encryption at rest and in transit, blocking of public exposure, network access controls, secret management and instance hardening are central to this article.;ICT Risk Management;Article 9;Protection and prevention;PASS;S3 Bucket cloudguardian-data-c8f4e2a3 does not allow public write access in the bucket policy.;arn:aws:s3:::cloudguardian-data-c8f4e2a3;cloudguardian-data-c8f4e2a3;s3_bucket_policy_public_write_access;False;DORA;Digital Operational Resilience Act (Regulation (EU) 2022/2554)
aws;"The Digital Operational Resilience Act (DORA) is a European Union regulation (Regulation (EU) 2022/2554) that sets a uniform framework for the digital operational resilience of the EU financial sector. Mandatory since 17 January 2025, it applies to financial entities (banks, insurers, investment firms, payment institutions, etc.) and to ICT third-party service providers. DORA is structured around five pillars: ICT risk management, ICT-related incident reporting, digital operational resilience testing, ICT third-party risk management, and information sharing. This Prowler mapping covers the technical controls auditable from cloud configuration; the organisational, contractual and supervisory obligations defined in DORA must be addressed outside of Prowler.";735291151388;ap-south-1;2026-07-11 14:19:13.485135;DORA-Art9;Financial entities shall continuously monitor and control the security and functioning of ICT systems and tools and minimise the impact of ICT risk by deploying appropriate ICT security tools, policies and procedures. Encryption at rest and in transit, blocking of public exposure, network access controls, secret management and instance hardening are central to this article.;ICT Risk Management;Article 9;Protection and prevention;PASS;S3 Bucket cloudguardian-data-c8f4e2a3 is not public.;arn:aws:s3:::cloudguardian-data-c8f4e2a3;cloudguardian-data-c8f4e2a3;s3_bucket_public_access;False;DORA;Digital Operational Resilience Act (Regulation (EU) 2022/2554)
aws;"The Digital Operational Resilience Act (DORA) is a European Union regulation (Regulation (EU) 2022/2554) that sets a uniform framework for the digital operational resilience of the EU financial sector. Mandatory since 17 January 2025, it applies to financial entities (banks, insurers, investment firms, payment institutions, etc.) and to ICT third-party service providers. DORA is structured around five pillars: ICT risk management, ICT-related incident reporting, digital operational resilience testing, ICT third-party risk management, and information sharing. This Prowler mapping covers the technical controls auditable from cloud configuration; the organisational, contractual and supervisory obligations defined in DORA must be addressed outside of Prowler.";735291151388;ap-south-1;2026-07-11 14:19:13.485135;DORA-Art9;Financial entities shall continuously monitor and control the security and functioning of ICT systems and tools and minimise the impact of ICT risk by deploying appropriate ICT security tools, policies and procedures. Encryption at rest and in transit, blocking of public exposure, network access controls, secret management and instance hardening are central to this article.;ICT Risk Management;Article 9;Protection and prevention;PASS;S3 Bucket cloudguardian-data-c8f4e2a3 is not publicly listable.;arn:aws:s3:::cloudguardian-data-c8f4e2a3;cloudguardian-data-c8f4e2a3;s3_bucket_public_list_acl;False;DORA;Digital Operational Resilience Act (Regulation (EU) 2022/2554)
aws;"The Digital Operational Resilience Act (DORA) is a European Union regulation (Regulation (EU) 2022/2554) that sets a uniform framework for the digital operational resilience of the EU financial sector. Mandatory since 17 January 2025, it applies to financial entities (banks, insurers, investment firms, payment institutions, etc.) and to ICT third-party service providers. DORA is structured around five pillars: ICT risk management, ICT-related incident reporting, digital operational resilience testing, ICT third-party risk management, and information sharing. This Prowler mapping covers the technical controls auditable from cloud configuration; the organisational, contractual and supervisory obligations defined in DORA must be addressed outside of Prowler.";735291151388;ap-south-1;2026-07-11 14:19:13.485135;DORA-Art9;Financial entities shall continuously monitor and control the security and functioning of ICT systems and tools and minimise the impact of ICT risk by deploying appropriate ICT security tools, policies and procedures. Encryption at rest and in transit, blocking of public exposure, network access controls, secret management and instance hardening are central to this article.;ICT Risk Management;Article 9;Protection and prevention;PASS;S3 Bucket cloudguardian-data-c8f4e2a3 is not publicly writable.;arn:aws:s3:::cloudguardian-data-c8f4e2a3;cloudguardian-data-c8f4e2a3;s3_bucket_public_write_acl;False;DORA;Digital Operational Resilience Act (Regulation (EU) 2022/2554)
aws;"The Digital Operational Resilience Act (DORA) is a European Union regulation (Regulation (EU) 2022/2554) that sets a uniform framework for the digital operational resilience of the EU financial sector. Mandatory since 17 January 2025, it applies to financial entities (banks, insurers, investment firms, payment institutions, etc.) and to ICT third-party service providers. DORA is structured around five pillars: ICT risk management, ICT-related incident reporting, digital operational resilience testing, ICT third-party risk management, and information sharing. This Prowler mapping covers the technical controls auditable from cloud configuration; the organisational, contractual and supervisory obligations defined in DORA must be addressed outside of Prowler.";735291151388;ap-south-1;2026-07-11 14:19:13.485135;DORA-Art7;Financial entities shall use and maintain updated ICT systems, protocols and tools that are appropriate to the magnitude of operations supporting ICT functions, technologically resilient, and adequately equipped to securely process data. Cryptographic primitives, certificate hygiene and network segmentation are core to this requirement.;ICT Risk Management;Article 7;ICT systems, protocols and tools;FAIL;S3 Bucket cloudguardian-data-c8f4e2a3 allows requests over insecure transport in the bucket policy.;arn:aws:s3:::cloudguardian-data-c8f4e2a3;cloudguardian-data-c8f4e2a3;s3_bucket_secure_transport_policy;False;DORA;Digital Operational Resilience Act (Regulation (EU) 2022/2554)
aws;"The Digital Operational Resilience Act (DORA) is a European Union regulation (Regulation (EU) 2022/2554) that sets a uniform framework for the digital operational resilience of the EU financial sector. Mandatory since 17 January 2025, it applies to financial entities (banks, insurers, investment firms, payment institutions, etc.) and to ICT third-party service providers. DORA is structured around five pillars: ICT risk management, ICT-related incident reporting, digital operational resilience testing, ICT third-party risk management, and information sharing. This Prowler mapping covers the technical controls auditable from cloud configuration; the organisational, contractual and supervisory obligations defined in DORA must be addressed outside of Prowler.";735291151388;ap-south-1;2026-07-11 14:19:13.485135;DORA-Art17;Financial entities shall define, establish and implement an ICT-related incident management process to detect, manage and notify ICT-related incidents. Comprehensive trail logging, log integrity protection, retention and centralisation of ICT events are foundational requirements.;ICT-Related Incident Reporting;Article 17;ICT-related incident management process;FAIL;S3 Bucket cloudguardian-data-c8f4e2a3 has server access logging disabled.;arn:aws:s3:::cloudguardian-data-c8f4e2a3;cloudguardian-data-c8f4e2a3;s3_bucket_server_access_logging_enabled;False;DORA;Digital Operational Resilience Act (Regulation (EU) 2022/2554)
aws;"The Digital Operational Resilience Act (DORA) is a European Union regulation (Regulation (EU) 2022/2554) that sets a uniform framework for the digital operational resilience of the EU financial sector. Mandatory since 17 January 2025, it applies to financial entities (banks, insurers, investment firms, payment institutions, etc.) and to ICT third-party service providers. DORA is structured around five pillars: ICT risk management, ICT-related incident reporting, digital operational resilience testing, ICT third-party risk management, and information sharing. This Prowler mapping covers the technical controls auditable from cloud configuration; the organisational, contractual and supervisory obligations defined in DORA must be addressed outside of Prowler.";735291151388;ap-south-1;2026-07-11 14:19:13.485135;DORA-Art17;Financial entities shall define, establish and implement an ICT-related incident management process to detect, manage and notify ICT-related incidents. Comprehensive trail logging, log integrity protection, retention and centralisation of ICT events are foundational requirements.;ICT-Related Incident Reporting;Article 17;ICT-related incident management process;FAIL;VPC cloudguardian-vpc Flow logs are disabled.;arn:aws:ec2:ap-south-1:735291151388:vpc/vpc-056acc9b951114346;vpc-056acc9b951114346;vpc_flow_logs_enabled;False;DORA;Digital Operational Resilience Act (Regulation (EU) 2022/2554)
aws;"The Digital Operational Resilience Act (DORA) is a European Union regulation (Regulation (EU) 2022/2554) that sets a uniform framework for the digital operational resilience of the EU financial sector. Mandatory since 17 January 2025, it applies to financial entities (banks, insurers, investment firms, payment institutions, etc.) and to ICT third-party service providers. DORA is structured around five pillars: ICT risk management, ICT-related incident reporting, digital operational resilience testing, ICT third-party risk management, and information sharing. This Prowler mapping covers the technical controls auditable from cloud configuration; the organisational, contractual and supervisory obligations defined in DORA must be addressed outside of Prowler.";735291151388;ap-south-1;2026-07-11 14:19:13.485135;DORA-Art7;Financial entities shall use and maintain updated ICT systems, protocols and tools that are appropriate to the magnitude of operations supporting ICT functions, technologically resilient, and adequately equipped to securely process data. Cryptographic primitives, certificate hygiene and network segmentation are core to this requirement.;ICT Risk Management;Article 7;ICT systems, protocols and tools;FAIL;VPC subnet cloudguardian-public assigns public IP by default.;arn:aws:ec2:ap-south-1:735291151388:subnet/subnet-014929246c544396c;subnet-014929246c544396c;vpc_subnet_no_public_ip_by_default;False;DORA;Digital Operational Resilience Act (Regulation (EU) 2022/2554)
aws;"The Digital Operational Resilience Act (DORA) is a European Union regulation (Regulation (EU) 2022/2554) that sets a uniform framework for the digital operational resilience of the EU financial sector. Mandatory since 17 January 2025, it applies to financial entities (banks, insurers, investment firms, payment institutions, etc.) and to ICT third-party service providers. DORA is structured around five pillars: ICT risk management, ICT-related incident reporting, digital operational resilience testing, ICT third-party risk management, and information sharing. This Prowler mapping covers the technical controls auditable from cloud configuration; the organisational, contractual and supervisory obligations defined in DORA must be addressed outside of Prowler.";735291151388;ap-south-1;2026-07-11 14:19:13.485135;DORA-Art7;Financial entities shall use and maintain updated ICT systems, protocols and tools that are appropriate to the magnitude of operations supporting ICT functions, technologically resilient, and adequately equipped to securely process data. Cryptographic primitives, certificate hygiene and network segmentation are core to this requirement.;ICT Risk Management;Article 7;ICT systems, protocols and tools;FAIL;VPC cloudguardian-vpc has only public subnets.;arn:aws:ec2:ap-south-1:735291151388:vpc/vpc-056acc9b951114346;vpc-056acc9b951114346;vpc_subnet_separate_private_public;False;DORA;Digital Operational Resilience Act (Regulation (EU) 2022/2554)
