PROVIDER;DESCRIPTION;ACCOUNTID;REGION;ASSESSMENTDATE;REQUIREMENTS_ID;REQUIREMENTS_DESCRIPTION;REQUIREMENTS_ATTRIBUTES_SECTION;REQUIREMENTS_ATTRIBUTES_SUBSECTION;REQUIREMENTS_ATTRIBUTES_SUBGROUP;REQUIREMENTS_ATTRIBUTES_SERVICE;REQUIREMENTS_ATTRIBUTES_TYPE;STATUS;STATUSEXTENDED;RESOURCEID;CHECKID;MUTED;RESOURCENAME;FRAMEWORK;NAME;REQUIREMENTS_ATTRIBUTES_COMMENT
aws;The NIST Cybersecurity Framework (CSF) is supported by governments and industries worldwide as a recommended baseline for use by any organization, regardless of sector or size. The NIST Cybersecurity Framework consists of three primary components: the framework core, the profiles, and the implementation tiers. The framework core contains desired cybersecurity activities and outcomes organized into 23 categories that cover the breadth of cybersecurity objectives for an organization. The profiles contain an organization's unique alignment of their organizational requirements and objectives, risk appetite, and resources using the desired outcomes of the framework core. The implementation tiers describe the degree to which an organization’s cybersecurity risk management practices exhibit the characteristics defined in the framework core.;735291151388;ap-south-1;2026-07-11 14:19:13.485135;ae_1;A baseline of network operations and expected data flows for users and systems is established and managed.;Detect (DE);Anomalies and Events (DE.AE);;aws;;FAIL;Single region trail cloudguardian-trail has not been logging in the last 24h or is not configured to deliver logs.;arn:aws:cloudtrail:ap-south-1:735291151388:trail/cloudguardian-trail;cloudtrail_cloudwatch_logging_enabled;False;cloudguardian-trail;NIST-CSF;National Institute of Standards and Technology (NIST) Cybersecurity Framework (CSF) v1.1;
aws;The NIST Cybersecurity Framework (CSF) is supported by governments and industries worldwide as a recommended baseline for use by any organization, regardless of sector or size. The NIST Cybersecurity Framework consists of three primary components: the framework core, the profiles, and the implementation tiers. The framework core contains desired cybersecurity activities and outcomes organized into 23 categories that cover the breadth of cybersecurity objectives for an organization. The profiles contain an organization's unique alignment of their organizational requirements and objectives, risk appetite, and resources using the desired outcomes of the framework core. The implementation tiers describe the degree to which an organization’s cybersecurity risk management practices exhibit the characteristics defined in the framework core.;735291151388;ap-south-1;2026-07-11 14:19:13.485135;ae_3;Event data are collected and correlated from multiple sources and sensors.;Detect (DE);Anomalies and Events (DE.AE);;aws;;FAIL;Single region trail cloudguardian-trail has not been logging in the last 24h or is not configured to deliver logs.;arn:aws:cloudtrail:ap-south-1:735291151388:trail/cloudguardian-trail;cloudtrail_cloudwatch_logging_enabled;False;cloudguardian-trail;NIST-CSF;National Institute of Standards and Technology (NIST) Cybersecurity Framework (CSF) v1.1;
aws;The NIST Cybersecurity Framework (CSF) is supported by governments and industries worldwide as a recommended baseline for use by any organization, regardless of sector or size. The NIST Cybersecurity Framework consists of three primary components: the framework core, the profiles, and the implementation tiers. The framework core contains desired cybersecurity activities and outcomes organized into 23 categories that cover the breadth of cybersecurity objectives for an organization. The profiles contain an organization's unique alignment of their organizational requirements and objectives, risk appetite, and resources using the desired outcomes of the framework core. The implementation tiers describe the degree to which an organization’s cybersecurity risk management practices exhibit the characteristics defined in the framework core.;735291151388;ap-south-1;2026-07-11 14:19:13.485135;cm_2;The physical environment is monitored to detect potential cybersecurity events.;Detect (DE);Security Continuous Monitoring (DE.CM);;aws;;FAIL;Single region trail cloudguardian-trail has not been logging in the last 24h or is not configured to deliver logs.;arn:aws:cloudtrail:ap-south-1:735291151388:trail/cloudguardian-trail;cloudtrail_cloudwatch_logging_enabled;False;cloudguardian-trail;NIST-CSF;National Institute of Standards and Technology (NIST) Cybersecurity Framework (CSF) v1.1;
aws;The NIST Cybersecurity Framework (CSF) is supported by governments and industries worldwide as a recommended baseline for use by any organization, regardless of sector or size. The NIST Cybersecurity Framework consists of three primary components: the framework core, the profiles, and the implementation tiers. The framework core contains desired cybersecurity activities and outcomes organized into 23 categories that cover the breadth of cybersecurity objectives for an organization. The profiles contain an organization's unique alignment of their organizational requirements and objectives, risk appetite, and resources using the desired outcomes of the framework core. The implementation tiers describe the degree to which an organization’s cybersecurity risk management practices exhibit the characteristics defined in the framework core.;735291151388;ap-south-1;2026-07-11 14:19:13.485135;cm_5;Unauthorized mobile code is detected.;Detect (DE);Security Continuous Monitoring (DE.CM);;aws;;FAIL;Single region trail cloudguardian-trail has not been logging in the last 24h or is not configured to deliver logs.;arn:aws:cloudtrail:ap-south-1:735291151388:trail/cloudguardian-trail;cloudtrail_cloudwatch_logging_enabled;False;cloudguardian-trail;NIST-CSF;National Institute of Standards and Technology (NIST) Cybersecurity Framework (CSF) v1.1;
aws;The NIST Cybersecurity Framework (CSF) is supported by governments and industries worldwide as a recommended baseline for use by any organization, regardless of sector or size. The NIST Cybersecurity Framework consists of three primary components: the framework core, the profiles, and the implementation tiers. The framework core contains desired cybersecurity activities and outcomes organized into 23 categories that cover the breadth of cybersecurity objectives for an organization. The profiles contain an organization's unique alignment of their organizational requirements and objectives, risk appetite, and resources using the desired outcomes of the framework core. The implementation tiers describe the degree to which an organization’s cybersecurity risk management practices exhibit the characteristics defined in the framework core.;735291151388;ap-south-1;2026-07-11 14:19:13.485135;cp_4;Event detection information is communicated.;Detect (DE);Detection Processes (DE.DP);;aws;;FAIL;Single region trail cloudguardian-trail has not been logging in the last 24h or is not configured to deliver logs.;arn:aws:cloudtrail:ap-south-1:735291151388:trail/cloudguardian-trail;cloudtrail_cloudwatch_logging_enabled;False;cloudguardian-trail;NIST-CSF;National Institute of Standards and Technology (NIST) Cybersecurity Framework (CSF) v1.1;
aws;The NIST Cybersecurity Framework (CSF) is supported by governments and industries worldwide as a recommended baseline for use by any organization, regardless of sector or size. The NIST Cybersecurity Framework consists of three primary components: the framework core, the profiles, and the implementation tiers. The framework core contains desired cybersecurity activities and outcomes organized into 23 categories that cover the breadth of cybersecurity objectives for an organization. The profiles contain an organization's unique alignment of their organizational requirements and objectives, risk appetite, and resources using the desired outcomes of the framework core. The implementation tiers describe the degree to which an organization’s cybersecurity risk management practices exhibit the characteristics defined in the framework core.;735291151388;ap-south-1;2026-07-11 14:19:13.485135;ra_5;Threats, vulnerabilities, likelihoods, and impacts are used to determine risk.;Identify (ID);Risk Assessment (ID.RA);;aws;;FAIL;Single region trail cloudguardian-trail has not been logging in the last 24h or is not configured to deliver logs.;arn:aws:cloudtrail:ap-south-1:735291151388:trail/cloudguardian-trail;cloudtrail_cloudwatch_logging_enabled;False;cloudguardian-trail;NIST-CSF;National Institute of Standards and Technology (NIST) Cybersecurity Framework (CSF) v1.1;
aws;The NIST Cybersecurity Framework (CSF) is supported by governments and industries worldwide as a recommended baseline for use by any organization, regardless of sector or size. The NIST Cybersecurity Framework consists of three primary components: the framework core, the profiles, and the implementation tiers. The framework core contains desired cybersecurity activities and outcomes organized into 23 categories that cover the breadth of cybersecurity objectives for an organization. The profiles contain an organization's unique alignment of their organizational requirements and objectives, risk appetite, and resources using the desired outcomes of the framework core. The implementation tiers describe the degree to which an organization’s cybersecurity risk management practices exhibit the characteristics defined in the framework core.;735291151388;ap-south-1;2026-07-11 14:19:13.485135;sc_4;Suppliers and third-party partners are routinely assessed using audits, test results, or other forms of evaluations to confirm they are meeting their contractual obligations.;Identify (ID);Supply Chain Risk Management (ID.SC);;aws;;FAIL;Single region trail cloudguardian-trail has not been logging in the last 24h or is not configured to deliver logs.;arn:aws:cloudtrail:ap-south-1:735291151388:trail/cloudguardian-trail;cloudtrail_cloudwatch_logging_enabled;False;cloudguardian-trail;NIST-CSF;National Institute of Standards and Technology (NIST) Cybersecurity Framework (CSF) v1.1;
aws;The NIST Cybersecurity Framework (CSF) is supported by governments and industries worldwide as a recommended baseline for use by any organization, regardless of sector or size. The NIST Cybersecurity Framework consists of three primary components: the framework core, the profiles, and the implementation tiers. The framework core contains desired cybersecurity activities and outcomes organized into 23 categories that cover the breadth of cybersecurity objectives for an organization. The profiles contain an organization's unique alignment of their organizational requirements and objectives, risk appetite, and resources using the desired outcomes of the framework core. The implementation tiers describe the degree to which an organization’s cybersecurity risk management practices exhibit the characteristics defined in the framework core.;735291151388;ap-south-1;2026-07-11 14:19:13.485135;pt_1;Audit/log records are determined, documented, implemented, and reviewed in accordance with policy.;Protect (PR);Protective Technology (PR.PT);;aws;;FAIL;Single region trail cloudguardian-trail has not been logging in the last 24h or is not configured to deliver logs.;arn:aws:cloudtrail:ap-south-1:735291151388:trail/cloudguardian-trail;cloudtrail_cloudwatch_logging_enabled;False;cloudguardian-trail;NIST-CSF;National Institute of Standards and Technology (NIST) Cybersecurity Framework (CSF) v1.1;
aws;The NIST Cybersecurity Framework (CSF) is supported by governments and industries worldwide as a recommended baseline for use by any organization, regardless of sector or size. The NIST Cybersecurity Framework consists of three primary components: the framework core, the profiles, and the implementation tiers. The framework core contains desired cybersecurity activities and outcomes organized into 23 categories that cover the breadth of cybersecurity objectives for an organization. The profiles contain an organization's unique alignment of their organizational requirements and objectives, risk appetite, and resources using the desired outcomes of the framework core. The implementation tiers describe the degree to which an organization’s cybersecurity risk management practices exhibit the characteristics defined in the framework core.;735291151388;ap-south-1;2026-07-11 14:19:13.485135;ds_1;Data-at-rest is protected.;Protect (PR);Data Security (PR.DS);;aws;;FAIL;Single region trail cloudguardian-trail has encryption disabled.;arn:aws:cloudtrail:ap-south-1:735291151388:trail/cloudguardian-trail;cloudtrail_kms_encryption_enabled;False;cloudguardian-trail;NIST-CSF;National Institute of Standards and Technology (NIST) Cybersecurity Framework (CSF) v1.1;
aws;The NIST Cybersecurity Framework (CSF) is supported by governments and industries worldwide as a recommended baseline for use by any organization, regardless of sector or size. The NIST Cybersecurity Framework consists of three primary components: the framework core, the profiles, and the implementation tiers. The framework core contains desired cybersecurity activities and outcomes organized into 23 categories that cover the breadth of cybersecurity objectives for an organization. The profiles contain an organization's unique alignment of their organizational requirements and objectives, risk appetite, and resources using the desired outcomes of the framework core. The implementation tiers describe the degree to which an organization’s cybersecurity risk management practices exhibit the characteristics defined in the framework core.;735291151388;ap-south-1;2026-07-11 14:19:13.485135;ds_6;Integrity checking mechanisms are used to verify software, firmware, and information integrity.;Protect (PR);Data Security (PR.DS);;cloudtrail;;FAIL;Single region trail cloudguardian-trail has log file validation disabled.;arn:aws:cloudtrail:ap-south-1:735291151388:trail/cloudguardian-trail;cloudtrail_log_file_validation_enabled;False;cloudguardian-trail;NIST-CSF;National Institute of Standards and Technology (NIST) Cybersecurity Framework (CSF) v1.1;
aws;The NIST Cybersecurity Framework (CSF) is supported by governments and industries worldwide as a recommended baseline for use by any organization, regardless of sector or size. The NIST Cybersecurity Framework consists of three primary components: the framework core, the profiles, and the implementation tiers. The framework core contains desired cybersecurity activities and outcomes organized into 23 categories that cover the breadth of cybersecurity objectives for an organization. The profiles contain an organization's unique alignment of their organizational requirements and objectives, risk appetite, and resources using the desired outcomes of the framework core. The implementation tiers describe the degree to which an organization’s cybersecurity risk management practices exhibit the characteristics defined in the framework core.;735291151388;ap-south-1;2026-07-11 14:19:13.485135;ds_7;The development and testing environment(s) are separate from the production environment.;Protect (PR);Data Security (PR.DS);;aws;;FAIL;Single region trail cloudguardian-trail has log file validation disabled.;arn:aws:cloudtrail:ap-south-1:735291151388:trail/cloudguardian-trail;cloudtrail_log_file_validation_enabled;False;cloudguardian-trail;NIST-CSF;National Institute of Standards and Technology (NIST) Cybersecurity Framework (CSF) v1.1;
aws;The NIST Cybersecurity Framework (CSF) is supported by governments and industries worldwide as a recommended baseline for use by any organization, regardless of sector or size. The NIST Cybersecurity Framework consists of three primary components: the framework core, the profiles, and the implementation tiers. The framework core contains desired cybersecurity activities and outcomes organized into 23 categories that cover the breadth of cybersecurity objectives for an organization. The profiles contain an organization's unique alignment of their organizational requirements and objectives, risk appetite, and resources using the desired outcomes of the framework core. The implementation tiers describe the degree to which an organization’s cybersecurity risk management practices exhibit the characteristics defined in the framework core.;735291151388;ap-south-1;2026-07-11 14:19:13.485135;ae_1;A baseline of network operations and expected data flows for users and systems is established and managed.;Detect (DE);Anomalies and Events (DE.AE);;aws;;PASS;Trail cloudguardian-trail is not multiregion and it is logging.;arn:aws:cloudtrail:ap-south-1:735291151388:trail/cloudguardian-trail;cloudtrail_multi_region_enabled;False;cloudguardian-trail;NIST-CSF;National Institute of Standards and Technology (NIST) Cybersecurity Framework (CSF) v1.1;
aws;The NIST Cybersecurity Framework (CSF) is supported by governments and industries worldwide as a recommended baseline for use by any organization, regardless of sector or size. The NIST Cybersecurity Framework consists of three primary components: the framework core, the profiles, and the implementation tiers. The framework core contains desired cybersecurity activities and outcomes organized into 23 categories that cover the breadth of cybersecurity objectives for an organization. The profiles contain an organization's unique alignment of their organizational requirements and objectives, risk appetite, and resources using the desired outcomes of the framework core. The implementation tiers describe the degree to which an organization’s cybersecurity risk management practices exhibit the characteristics defined in the framework core.;735291151388;ap-south-1;2026-07-11 14:19:13.485135;ae_3;Event data are collected and correlated from multiple sources and sensors.;Detect (DE);Anomalies and Events (DE.AE);;aws;;PASS;Trail cloudguardian-trail is not multiregion and it is logging.;arn:aws:cloudtrail:ap-south-1:735291151388:trail/cloudguardian-trail;cloudtrail_multi_region_enabled;False;cloudguardian-trail;NIST-CSF;National Institute of Standards and Technology (NIST) Cybersecurity Framework (CSF) v1.1;
aws;The NIST Cybersecurity Framework (CSF) is supported by governments and industries worldwide as a recommended baseline for use by any organization, regardless of sector or size. The NIST Cybersecurity Framework consists of three primary components: the framework core, the profiles, and the implementation tiers. The framework core contains desired cybersecurity activities and outcomes organized into 23 categories that cover the breadth of cybersecurity objectives for an organization. The profiles contain an organization's unique alignment of their organizational requirements and objectives, risk appetite, and resources using the desired outcomes of the framework core. The implementation tiers describe the degree to which an organization’s cybersecurity risk management practices exhibit the characteristics defined in the framework core.;735291151388;ap-south-1;2026-07-11 14:19:13.485135;ae_4;Impact of events is determined.;Detect (DE);Anomalies and Events (DE.AE);;aws;;PASS;Trail cloudguardian-trail is not multiregion and it is logging.;arn:aws:cloudtrail:ap-south-1:735291151388:trail/cloudguardian-trail;cloudtrail_multi_region_enabled;False;cloudguardian-trail;NIST-CSF;National Institute of Standards and Technology (NIST) Cybersecurity Framework (CSF) v1.1;
aws;The NIST Cybersecurity Framework (CSF) is supported by governments and industries worldwide as a recommended baseline for use by any organization, regardless of sector or size. The NIST Cybersecurity Framework consists of three primary components: the framework core, the profiles, and the implementation tiers. The framework core contains desired cybersecurity activities and outcomes organized into 23 categories that cover the breadth of cybersecurity objectives for an organization. The profiles contain an organization's unique alignment of their organizational requirements and objectives, risk appetite, and resources using the desired outcomes of the framework core. The implementation tiers describe the degree to which an organization’s cybersecurity risk management practices exhibit the characteristics defined in the framework core.;735291151388;ap-south-1;2026-07-11 14:19:13.485135;cm_1;The network is monitored to detect potential cybersecurity events.;Detect (DE);Security Continuous Monitoring (DE.CM);;aws;;PASS;Trail cloudguardian-trail is not multiregion and it is logging.;arn:aws:cloudtrail:ap-south-1:735291151388:trail/cloudguardian-trail;cloudtrail_multi_region_enabled;False;cloudguardian-trail;NIST-CSF;National Institute of Standards and Technology (NIST) Cybersecurity Framework (CSF) v1.1;
aws;The NIST Cybersecurity Framework (CSF) is supported by governments and industries worldwide as a recommended baseline for use by any organization, regardless of sector or size. The NIST Cybersecurity Framework consists of three primary components: the framework core, the profiles, and the implementation tiers. The framework core contains desired cybersecurity activities and outcomes organized into 23 categories that cover the breadth of cybersecurity objectives for an organization. The profiles contain an organization's unique alignment of their organizational requirements and objectives, risk appetite, and resources using the desired outcomes of the framework core. The implementation tiers describe the degree to which an organization’s cybersecurity risk management practices exhibit the characteristics defined in the framework core.;735291151388;ap-south-1;2026-07-11 14:19:13.485135;cm_3;Personnel activity is monitored to detect potential cybersecurity events.;Detect (DE);Security Continuous Monitoring (DE.CM);;aws;;PASS;Trail cloudguardian-trail is not multiregion and it is logging.;arn:aws:cloudtrail:ap-south-1:735291151388:trail/cloudguardian-trail;cloudtrail_multi_region_enabled;False;cloudguardian-trail;NIST-CSF;National Institute of Standards and Technology (NIST) Cybersecurity Framework (CSF) v1.1;
aws;The NIST Cybersecurity Framework (CSF) is supported by governments and industries worldwide as a recommended baseline for use by any organization, regardless of sector or size. The NIST Cybersecurity Framework consists of three primary components: the framework core, the profiles, and the implementation tiers. The framework core contains desired cybersecurity activities and outcomes organized into 23 categories that cover the breadth of cybersecurity objectives for an organization. The profiles contain an organization's unique alignment of their organizational requirements and objectives, risk appetite, and resources using the desired outcomes of the framework core. The implementation tiers describe the degree to which an organization’s cybersecurity risk management practices exhibit the characteristics defined in the framework core.;735291151388;ap-south-1;2026-07-11 14:19:13.485135;cm_6;External service provider activity is monitored to detect potential cybersecurity events.;Detect (DE);Security Continuous Monitoring (DE.CM);;aws;;PASS;Trail cloudguardian-trail is not multiregion and it is logging.;arn:aws:cloudtrail:ap-south-1:735291151388:trail/cloudguardian-trail;cloudtrail_multi_region_enabled;False;cloudguardian-trail;NIST-CSF;National Institute of Standards and Technology (NIST) Cybersecurity Framework (CSF) v1.1;
aws;The NIST Cybersecurity Framework (CSF) is supported by governments and industries worldwide as a recommended baseline for use by any organization, regardless of sector or size. The NIST Cybersecurity Framework consists of three primary components: the framework core, the profiles, and the implementation tiers. The framework core contains desired cybersecurity activities and outcomes organized into 23 categories that cover the breadth of cybersecurity objectives for an organization. The profiles contain an organization's unique alignment of their organizational requirements and objectives, risk appetite, and resources using the desired outcomes of the framework core. The implementation tiers describe the degree to which an organization’s cybersecurity risk management practices exhibit the characteristics defined in the framework core.;735291151388;ap-south-1;2026-07-11 14:19:13.485135;cm_7;Monitoring for unauthorized personnel, connections, devices, and software is performed.;Detect (DE);Security Continuous Monitoring (DE.CM);;aws;;PASS;Trail cloudguardian-trail is not multiregion and it is logging.;arn:aws:cloudtrail:ap-south-1:735291151388:trail/cloudguardian-trail;cloudtrail_multi_region_enabled;False;cloudguardian-trail;NIST-CSF;National Institute of Standards and Technology (NIST) Cybersecurity Framework (CSF) v1.1;
aws;The NIST Cybersecurity Framework (CSF) is supported by governments and industries worldwide as a recommended baseline for use by any organization, regardless of sector or size. The NIST Cybersecurity Framework consists of three primary components: the framework core, the profiles, and the implementation tiers. The framework core contains desired cybersecurity activities and outcomes organized into 23 categories that cover the breadth of cybersecurity objectives for an organization. The profiles contain an organization's unique alignment of their organizational requirements and objectives, risk appetite, and resources using the desired outcomes of the framework core. The implementation tiers describe the degree to which an organization’s cybersecurity risk management practices exhibit the characteristics defined in the framework core.;735291151388;ap-south-1;2026-07-11 14:19:13.485135;am_3;Organizational communication and data flows are mapped.;Identify (ID);Asset Management (ID.AM);;aws;;PASS;Trail cloudguardian-trail is not multiregion and it is logging.;arn:aws:cloudtrail:ap-south-1:735291151388:trail/cloudguardian-trail;cloudtrail_multi_region_enabled;False;cloudguardian-trail;NIST-CSF;National Institute of Standards and Technology (NIST) Cybersecurity Framework (CSF) v1.1;
aws;The NIST Cybersecurity Framework (CSF) is supported by governments and industries worldwide as a recommended baseline for use by any organization, regardless of sector or size. The NIST Cybersecurity Framework consists of three primary components: the framework core, the profiles, and the implementation tiers. The framework core contains desired cybersecurity activities and outcomes organized into 23 categories that cover the breadth of cybersecurity objectives for an organization. The profiles contain an organization's unique alignment of their organizational requirements and objectives, risk appetite, and resources using the desired outcomes of the framework core. The implementation tiers describe the degree to which an organization’s cybersecurity risk management practices exhibit the characteristics defined in the framework core.;735291151388;ap-south-1;2026-07-11 14:19:13.485135;ac_6;Identities are proofed and bound to credentials and asserted in interactions.;Protect (PR);Identity Management and Access Control (PR.AC);;aws;;PASS;Trail cloudguardian-trail is not multiregion and it is logging.;arn:aws:cloudtrail:ap-south-1:735291151388:trail/cloudguardian-trail;cloudtrail_multi_region_enabled;False;cloudguardian-trail;NIST-CSF;National Institute of Standards and Technology (NIST) Cybersecurity Framework (CSF) v1.1;
aws;The NIST Cybersecurity Framework (CSF) is supported by governments and industries worldwide as a recommended baseline for use by any organization, regardless of sector or size. The NIST Cybersecurity Framework consists of three primary components: the framework core, the profiles, and the implementation tiers. The framework core contains desired cybersecurity activities and outcomes organized into 23 categories that cover the breadth of cybersecurity objectives for an organization. The profiles contain an organization's unique alignment of their organizational requirements and objectives, risk appetite, and resources using the desired outcomes of the framework core. The implementation tiers describe the degree to which an organization’s cybersecurity risk management practices exhibit the characteristics defined in the framework core.;735291151388;ap-south-1;2026-07-11 14:19:13.485135;ds_5;Protections against data leaks are implemented.;Protect (PR);Data Security (PR.DS);;aws;;PASS;Trail cloudguardian-trail is not multiregion and it is logging.;arn:aws:cloudtrail:ap-south-1:735291151388:trail/cloudguardian-trail;cloudtrail_multi_region_enabled;False;cloudguardian-trail;NIST-CSF;National Institute of Standards and Technology (NIST) Cybersecurity Framework (CSF) v1.1;
aws;The NIST Cybersecurity Framework (CSF) is supported by governments and industries worldwide as a recommended baseline for use by any organization, regardless of sector or size. The NIST Cybersecurity Framework consists of three primary components: the framework core, the profiles, and the implementation tiers. The framework core contains desired cybersecurity activities and outcomes organized into 23 categories that cover the breadth of cybersecurity objectives for an organization. The profiles contain an organization's unique alignment of their organizational requirements and objectives, risk appetite, and resources using the desired outcomes of the framework core. The implementation tiers describe the degree to which an organization’s cybersecurity risk management practices exhibit the characteristics defined in the framework core.;735291151388;ap-south-1;2026-07-11 14:19:13.485135;ma_2;Remote maintenance of organizational assets is approved, logged, and performed in a manner that prevents unauthorized access.;Protect (PR);Maintenance (PR.MA);;cloudtrail;;PASS;Trail cloudguardian-trail is not multiregion and it is logging.;arn:aws:cloudtrail:ap-south-1:735291151388:trail/cloudguardian-trail;cloudtrail_multi_region_enabled;False;cloudguardian-trail;NIST-CSF;National Institute of Standards and Technology (NIST) Cybersecurity Framework (CSF) v1.1;
aws;The NIST Cybersecurity Framework (CSF) is supported by governments and industries worldwide as a recommended baseline for use by any organization, regardless of sector or size. The NIST Cybersecurity Framework consists of three primary components: the framework core, the profiles, and the implementation tiers. The framework core contains desired cybersecurity activities and outcomes organized into 23 categories that cover the breadth of cybersecurity objectives for an organization. The profiles contain an organization's unique alignment of their organizational requirements and objectives, risk appetite, and resources using the desired outcomes of the framework core. The implementation tiers describe the degree to which an organization’s cybersecurity risk management practices exhibit the characteristics defined in the framework core.;735291151388;ap-south-1;2026-07-11 14:19:13.485135;pt_1;Audit/log records are determined, documented, implemented, and reviewed in accordance with policy.;Protect (PR);Protective Technology (PR.PT);;aws;;PASS;Trail cloudguardian-trail is not multiregion and it is logging.;arn:aws:cloudtrail:ap-south-1:735291151388:trail/cloudguardian-trail;cloudtrail_multi_region_enabled;False;cloudguardian-trail;NIST-CSF;National Institute of Standards and Technology (NIST) Cybersecurity Framework (CSF) v1.1;
aws;The NIST Cybersecurity Framework (CSF) is supported by governments and industries worldwide as a recommended baseline for use by any organization, regardless of sector or size. The NIST Cybersecurity Framework consists of three primary components: the framework core, the profiles, and the implementation tiers. The framework core contains desired cybersecurity activities and outcomes organized into 23 categories that cover the breadth of cybersecurity objectives for an organization. The profiles contain an organization's unique alignment of their organizational requirements and objectives, risk appetite, and resources using the desired outcomes of the framework core. The implementation tiers describe the degree to which an organization’s cybersecurity risk management practices exhibit the characteristics defined in the framework core.;735291151388;ap-south-1;2026-07-11 14:19:13.485135;ae_3;Event data are collected and correlated from multiple sources and sensors.;Detect (DE);Anomalies and Events (DE.AE);;aws;;FAIL;No CloudTrail trails have a data event to record all S3 object-level API operations.;arn:aws:cloudtrail:ap-south-1:735291151388:trail;cloudtrail_s3_dataevents_read_enabled;False;735291151388;NIST-CSF;National Institute of Standards and Technology (NIST) Cybersecurity Framework (CSF) v1.1;
aws;The NIST Cybersecurity Framework (CSF) is supported by governments and industries worldwide as a recommended baseline for use by any organization, regardless of sector or size. The NIST Cybersecurity Framework consists of three primary components: the framework core, the profiles, and the implementation tiers. The framework core contains desired cybersecurity activities and outcomes organized into 23 categories that cover the breadth of cybersecurity objectives for an organization. The profiles contain an organization's unique alignment of their organizational requirements and objectives, risk appetite, and resources using the desired outcomes of the framework core. The implementation tiers describe the degree to which an organization’s cybersecurity risk management practices exhibit the characteristics defined in the framework core.;735291151388;ap-south-1;2026-07-11 14:19:13.485135;ae_4;Impact of events is determined.;Detect (DE);Anomalies and Events (DE.AE);;aws;;FAIL;No CloudTrail trails have a data event to record all S3 object-level API operations.;arn:aws:cloudtrail:ap-south-1:735291151388:trail;cloudtrail_s3_dataevents_read_enabled;False;735291151388;NIST-CSF;National Institute of Standards and Technology (NIST) Cybersecurity Framework (CSF) v1.1;
aws;The NIST Cybersecurity Framework (CSF) is supported by governments and industries worldwide as a recommended baseline for use by any organization, regardless of sector or size. The NIST Cybersecurity Framework consists of three primary components: the framework core, the profiles, and the implementation tiers. The framework core contains desired cybersecurity activities and outcomes organized into 23 categories that cover the breadth of cybersecurity objectives for an organization. The profiles contain an organization's unique alignment of their organizational requirements and objectives, risk appetite, and resources using the desired outcomes of the framework core. The implementation tiers describe the degree to which an organization’s cybersecurity risk management practices exhibit the characteristics defined in the framework core.;735291151388;ap-south-1;2026-07-11 14:19:13.485135;cm_1;The network is monitored to detect potential cybersecurity events.;Detect (DE);Security Continuous Monitoring (DE.CM);;aws;;FAIL;No CloudTrail trails have a data event to record all S3 object-level API operations.;arn:aws:cloudtrail:ap-south-1:735291151388:trail;cloudtrail_s3_dataevents_read_enabled;False;735291151388;NIST-CSF;National Institute of Standards and Technology (NIST) Cybersecurity Framework (CSF) v1.1;
aws;The NIST Cybersecurity Framework (CSF) is supported by governments and industries worldwide as a recommended baseline for use by any organization, regardless of sector or size. The NIST Cybersecurity Framework consists of three primary components: the framework core, the profiles, and the implementation tiers. The framework core contains desired cybersecurity activities and outcomes organized into 23 categories that cover the breadth of cybersecurity objectives for an organization. The profiles contain an organization's unique alignment of their organizational requirements and objectives, risk appetite, and resources using the desired outcomes of the framework core. The implementation tiers describe the degree to which an organization’s cybersecurity risk management practices exhibit the characteristics defined in the framework core.;735291151388;ap-south-1;2026-07-11 14:19:13.485135;cm_3;Personnel activity is monitored to detect potential cybersecurity events.;Detect (DE);Security Continuous Monitoring (DE.CM);;aws;;FAIL;No CloudTrail trails have a data event to record all S3 object-level API operations.;arn:aws:cloudtrail:ap-south-1:735291151388:trail;cloudtrail_s3_dataevents_read_enabled;False;735291151388;NIST-CSF;National Institute of Standards and Technology (NIST) Cybersecurity Framework (CSF) v1.1;
aws;The NIST Cybersecurity Framework (CSF) is supported by governments and industries worldwide as a recommended baseline for use by any organization, regardless of sector or size. The NIST Cybersecurity Framework consists of three primary components: the framework core, the profiles, and the implementation tiers. The framework core contains desired cybersecurity activities and outcomes organized into 23 categories that cover the breadth of cybersecurity objectives for an organization. The profiles contain an organization's unique alignment of their organizational requirements and objectives, risk appetite, and resources using the desired outcomes of the framework core. The implementation tiers describe the degree to which an organization’s cybersecurity risk management practices exhibit the characteristics defined in the framework core.;735291151388;ap-south-1;2026-07-11 14:19:13.485135;cm_6;External service provider activity is monitored to detect potential cybersecurity events.;Detect (DE);Security Continuous Monitoring (DE.CM);;aws;;FAIL;No CloudTrail trails have a data event to record all S3 object-level API operations.;arn:aws:cloudtrail:ap-south-1:735291151388:trail;cloudtrail_s3_dataevents_read_enabled;False;735291151388;NIST-CSF;National Institute of Standards and Technology (NIST) Cybersecurity Framework (CSF) v1.1;
aws;The NIST Cybersecurity Framework (CSF) is supported by governments and industries worldwide as a recommended baseline for use by any organization, regardless of sector or size. The NIST Cybersecurity Framework consists of three primary components: the framework core, the profiles, and the implementation tiers. The framework core contains desired cybersecurity activities and outcomes organized into 23 categories that cover the breadth of cybersecurity objectives for an organization. The profiles contain an organization's unique alignment of their organizational requirements and objectives, risk appetite, and resources using the desired outcomes of the framework core. The implementation tiers describe the degree to which an organization’s cybersecurity risk management practices exhibit the characteristics defined in the framework core.;735291151388;ap-south-1;2026-07-11 14:19:13.485135;cm_7;Monitoring for unauthorized personnel, connections, devices, and software is performed.;Detect (DE);Security Continuous Monitoring (DE.CM);;aws;;FAIL;No CloudTrail trails have a data event to record all S3 object-level API operations.;arn:aws:cloudtrail:ap-south-1:735291151388:trail;cloudtrail_s3_dataevents_read_enabled;False;735291151388;NIST-CSF;National Institute of Standards and Technology (NIST) Cybersecurity Framework (CSF) v1.1;
aws;The NIST Cybersecurity Framework (CSF) is supported by governments and industries worldwide as a recommended baseline for use by any organization, regardless of sector or size. The NIST Cybersecurity Framework consists of three primary components: the framework core, the profiles, and the implementation tiers. The framework core contains desired cybersecurity activities and outcomes organized into 23 categories that cover the breadth of cybersecurity objectives for an organization. The profiles contain an organization's unique alignment of their organizational requirements and objectives, risk appetite, and resources using the desired outcomes of the framework core. The implementation tiers describe the degree to which an organization’s cybersecurity risk management practices exhibit the characteristics defined in the framework core.;735291151388;ap-south-1;2026-07-11 14:19:13.485135;ds_5;Protections against data leaks are implemented.;Protect (PR);Data Security (PR.DS);;aws;;FAIL;No CloudTrail trails have a data event to record all S3 object-level API operations.;arn:aws:cloudtrail:ap-south-1:735291151388:trail;cloudtrail_s3_dataevents_read_enabled;False;735291151388;NIST-CSF;National Institute of Standards and Technology (NIST) Cybersecurity Framework (CSF) v1.1;
aws;The NIST Cybersecurity Framework (CSF) is supported by governments and industries worldwide as a recommended baseline for use by any organization, regardless of sector or size. The NIST Cybersecurity Framework consists of three primary components: the framework core, the profiles, and the implementation tiers. The framework core contains desired cybersecurity activities and outcomes organized into 23 categories that cover the breadth of cybersecurity objectives for an organization. The profiles contain an organization's unique alignment of their organizational requirements and objectives, risk appetite, and resources using the desired outcomes of the framework core. The implementation tiers describe the degree to which an organization’s cybersecurity risk management practices exhibit the characteristics defined in the framework core.;735291151388;ap-south-1;2026-07-11 14:19:13.485135;ae_3;Event data are collected and correlated from multiple sources and sensors.;Detect (DE);Anomalies and Events (DE.AE);;aws;;FAIL;No CloudTrail trails have a data event to record all S3 object-level API operations.;arn:aws:cloudtrail:ap-south-1:735291151388:trail;cloudtrail_s3_dataevents_write_enabled;False;735291151388;NIST-CSF;National Institute of Standards and Technology (NIST) Cybersecurity Framework (CSF) v1.1;
aws;The NIST Cybersecurity Framework (CSF) is supported by governments and industries worldwide as a recommended baseline for use by any organization, regardless of sector or size. The NIST Cybersecurity Framework consists of three primary components: the framework core, the profiles, and the implementation tiers. The framework core contains desired cybersecurity activities and outcomes organized into 23 categories that cover the breadth of cybersecurity objectives for an organization. The profiles contain an organization's unique alignment of their organizational requirements and objectives, risk appetite, and resources using the desired outcomes of the framework core. The implementation tiers describe the degree to which an organization’s cybersecurity risk management practices exhibit the characteristics defined in the framework core.;735291151388;ap-south-1;2026-07-11 14:19:13.485135;ae_4;Impact of events is determined.;Detect (DE);Anomalies and Events (DE.AE);;aws;;FAIL;No CloudTrail trails have a data event to record all S3 object-level API operations.;arn:aws:cloudtrail:ap-south-1:735291151388:trail;cloudtrail_s3_dataevents_write_enabled;False;735291151388;NIST-CSF;National Institute of Standards and Technology (NIST) Cybersecurity Framework (CSF) v1.1;
aws;The NIST Cybersecurity Framework (CSF) is supported by governments and industries worldwide as a recommended baseline for use by any organization, regardless of sector or size. The NIST Cybersecurity Framework consists of three primary components: the framework core, the profiles, and the implementation tiers. The framework core contains desired cybersecurity activities and outcomes organized into 23 categories that cover the breadth of cybersecurity objectives for an organization. The profiles contain an organization's unique alignment of their organizational requirements and objectives, risk appetite, and resources using the desired outcomes of the framework core. The implementation tiers describe the degree to which an organization’s cybersecurity risk management practices exhibit the characteristics defined in the framework core.;735291151388;ap-south-1;2026-07-11 14:19:13.485135;cm_1;The network is monitored to detect potential cybersecurity events.;Detect (DE);Security Continuous Monitoring (DE.CM);;aws;;FAIL;No CloudTrail trails have a data event to record all S3 object-level API operations.;arn:aws:cloudtrail:ap-south-1:735291151388:trail;cloudtrail_s3_dataevents_write_enabled;False;735291151388;NIST-CSF;National Institute of Standards and Technology (NIST) Cybersecurity Framework (CSF) v1.1;
aws;The NIST Cybersecurity Framework (CSF) is supported by governments and industries worldwide as a recommended baseline for use by any organization, regardless of sector or size. The NIST Cybersecurity Framework consists of three primary components: the framework core, the profiles, and the implementation tiers. The framework core contains desired cybersecurity activities and outcomes organized into 23 categories that cover the breadth of cybersecurity objectives for an organization. The profiles contain an organization's unique alignment of their organizational requirements and objectives, risk appetite, and resources using the desired outcomes of the framework core. The implementation tiers describe the degree to which an organization’s cybersecurity risk management practices exhibit the characteristics defined in the framework core.;735291151388;ap-south-1;2026-07-11 14:19:13.485135;cm_3;Personnel activity is monitored to detect potential cybersecurity events.;Detect (DE);Security Continuous Monitoring (DE.CM);;aws;;FAIL;No CloudTrail trails have a data event to record all S3 object-level API operations.;arn:aws:cloudtrail:ap-south-1:735291151388:trail;cloudtrail_s3_dataevents_write_enabled;False;735291151388;NIST-CSF;National Institute of Standards and Technology (NIST) Cybersecurity Framework (CSF) v1.1;
aws;The NIST Cybersecurity Framework (CSF) is supported by governments and industries worldwide as a recommended baseline for use by any organization, regardless of sector or size. The NIST Cybersecurity Framework consists of three primary components: the framework core, the profiles, and the implementation tiers. The framework core contains desired cybersecurity activities and outcomes organized into 23 categories that cover the breadth of cybersecurity objectives for an organization. The profiles contain an organization's unique alignment of their organizational requirements and objectives, risk appetite, and resources using the desired outcomes of the framework core. The implementation tiers describe the degree to which an organization’s cybersecurity risk management practices exhibit the characteristics defined in the framework core.;735291151388;ap-south-1;2026-07-11 14:19:13.485135;cm_6;External service provider activity is monitored to detect potential cybersecurity events.;Detect (DE);Security Continuous Monitoring (DE.CM);;aws;;FAIL;No CloudTrail trails have a data event to record all S3 object-level API operations.;arn:aws:cloudtrail:ap-south-1:735291151388:trail;cloudtrail_s3_dataevents_write_enabled;False;735291151388;NIST-CSF;National Institute of Standards and Technology (NIST) Cybersecurity Framework (CSF) v1.1;
aws;The NIST Cybersecurity Framework (CSF) is supported by governments and industries worldwide as a recommended baseline for use by any organization, regardless of sector or size. The NIST Cybersecurity Framework consists of three primary components: the framework core, the profiles, and the implementation tiers. The framework core contains desired cybersecurity activities and outcomes organized into 23 categories that cover the breadth of cybersecurity objectives for an organization. The profiles contain an organization's unique alignment of their organizational requirements and objectives, risk appetite, and resources using the desired outcomes of the framework core. The implementation tiers describe the degree to which an organization’s cybersecurity risk management practices exhibit the characteristics defined in the framework core.;735291151388;ap-south-1;2026-07-11 14:19:13.485135;cm_7;Monitoring for unauthorized personnel, connections, devices, and software is performed.;Detect (DE);Security Continuous Monitoring (DE.CM);;aws;;FAIL;No CloudTrail trails have a data event to record all S3 object-level API operations.;arn:aws:cloudtrail:ap-south-1:735291151388:trail;cloudtrail_s3_dataevents_write_enabled;False;735291151388;NIST-CSF;National Institute of Standards and Technology (NIST) Cybersecurity Framework (CSF) v1.1;
aws;The NIST Cybersecurity Framework (CSF) is supported by governments and industries worldwide as a recommended baseline for use by any organization, regardless of sector or size. The NIST Cybersecurity Framework consists of three primary components: the framework core, the profiles, and the implementation tiers. The framework core contains desired cybersecurity activities and outcomes organized into 23 categories that cover the breadth of cybersecurity objectives for an organization. The profiles contain an organization's unique alignment of their organizational requirements and objectives, risk appetite, and resources using the desired outcomes of the framework core. The implementation tiers describe the degree to which an organization’s cybersecurity risk management practices exhibit the characteristics defined in the framework core.;735291151388;ap-south-1;2026-07-11 14:19:13.485135;ds_5;Protections against data leaks are implemented.;Protect (PR);Data Security (PR.DS);;aws;;FAIL;No CloudTrail trails have a data event to record all S3 object-level API operations.;arn:aws:cloudtrail:ap-south-1:735291151388:trail;cloudtrail_s3_dataevents_write_enabled;False;735291151388;NIST-CSF;National Institute of Standards and Technology (NIST) Cybersecurity Framework (CSF) v1.1;
aws;The NIST Cybersecurity Framework (CSF) is supported by governments and industries worldwide as a recommended baseline for use by any organization, regardless of sector or size. The NIST Cybersecurity Framework consists of three primary components: the framework core, the profiles, and the implementation tiers. The framework core contains desired cybersecurity activities and outcomes organized into 23 categories that cover the breadth of cybersecurity objectives for an organization. The profiles contain an organization's unique alignment of their organizational requirements and objectives, risk appetite, and resources using the desired outcomes of the framework core. The implementation tiers describe the degree to which an organization’s cybersecurity risk management practices exhibit the characteristics defined in the framework core.;735291151388;ap-south-1;2026-07-11 14:19:13.485135;ae_5;Incident alert thresholds are established.;Detect (DE);Anomalies and Events (DE.AE);;aws;;FAIL;No CloudWatch log groups found with metric filters or alarms associated.;arn:aws:logs:ap-south-1:735291151388:log-group;cloudwatch_changes_to_network_acls_alarm_configured;False;735291151388;NIST-CSF;National Institute of Standards and Technology (NIST) Cybersecurity Framework (CSF) v1.1;
aws;The NIST Cybersecurity Framework (CSF) is supported by governments and industries worldwide as a recommended baseline for use by any organization, regardless of sector or size. The NIST Cybersecurity Framework consists of three primary components: the framework core, the profiles, and the implementation tiers. The framework core contains desired cybersecurity activities and outcomes organized into 23 categories that cover the breadth of cybersecurity objectives for an organization. The profiles contain an organization's unique alignment of their organizational requirements and objectives, risk appetite, and resources using the desired outcomes of the framework core. The implementation tiers describe the degree to which an organization’s cybersecurity risk management practices exhibit the characteristics defined in the framework core.;735291151388;ap-south-1;2026-07-11 14:19:13.485135;cm_2;The physical environment is monitored to detect potential cybersecurity events.;Detect (DE);Security Continuous Monitoring (DE.CM);;aws;;FAIL;No CloudWatch log groups found with metric filters or alarms associated.;arn:aws:logs:ap-south-1:735291151388:log-group;cloudwatch_changes_to_network_acls_alarm_configured;False;735291151388;NIST-CSF;National Institute of Standards and Technology (NIST) Cybersecurity Framework (CSF) v1.1;
aws;The NIST Cybersecurity Framework (CSF) is supported by governments and industries worldwide as a recommended baseline for use by any organization, regardless of sector or size. The NIST Cybersecurity Framework consists of three primary components: the framework core, the profiles, and the implementation tiers. The framework core contains desired cybersecurity activities and outcomes organized into 23 categories that cover the breadth of cybersecurity objectives for an organization. The profiles contain an organization's unique alignment of their organizational requirements and objectives, risk appetite, and resources using the desired outcomes of the framework core. The implementation tiers describe the degree to which an organization’s cybersecurity risk management practices exhibit the characteristics defined in the framework core.;735291151388;ap-south-1;2026-07-11 14:19:13.485135;cm_5;Unauthorized mobile code is detected.;Detect (DE);Security Continuous Monitoring (DE.CM);;aws;;FAIL;No CloudWatch log groups found with metric filters or alarms associated.;arn:aws:logs:ap-south-1:735291151388:log-group;cloudwatch_changes_to_network_acls_alarm_configured;False;735291151388;NIST-CSF;National Institute of Standards and Technology (NIST) Cybersecurity Framework (CSF) v1.1;
aws;The NIST Cybersecurity Framework (CSF) is supported by governments and industries worldwide as a recommended baseline for use by any organization, regardless of sector or size. The NIST Cybersecurity Framework consists of three primary components: the framework core, the profiles, and the implementation tiers. The framework core contains desired cybersecurity activities and outcomes organized into 23 categories that cover the breadth of cybersecurity objectives for an organization. The profiles contain an organization's unique alignment of their organizational requirements and objectives, risk appetite, and resources using the desired outcomes of the framework core. The implementation tiers describe the degree to which an organization’s cybersecurity risk management practices exhibit the characteristics defined in the framework core.;735291151388;ap-south-1;2026-07-11 14:19:13.485135;cp_4;Event detection information is communicated.;Detect (DE);Detection Processes (DE.DP);;aws;;FAIL;No CloudWatch log groups found with metric filters or alarms associated.;arn:aws:logs:ap-south-1:735291151388:log-group;cloudwatch_changes_to_network_acls_alarm_configured;False;735291151388;NIST-CSF;National Institute of Standards and Technology (NIST) Cybersecurity Framework (CSF) v1.1;
aws;The NIST Cybersecurity Framework (CSF) is supported by governments and industries worldwide as a recommended baseline for use by any organization, regardless of sector or size. The NIST Cybersecurity Framework consists of three primary components: the framework core, the profiles, and the implementation tiers. The framework core contains desired cybersecurity activities and outcomes organized into 23 categories that cover the breadth of cybersecurity objectives for an organization. The profiles contain an organization's unique alignment of their organizational requirements and objectives, risk appetite, and resources using the desired outcomes of the framework core. The implementation tiers describe the degree to which an organization’s cybersecurity risk management practices exhibit the characteristics defined in the framework core.;735291151388;ap-south-1;2026-07-11 14:19:13.485135;ra_5;Threats, vulnerabilities, likelihoods, and impacts are used to determine risk.;Identify (ID);Risk Assessment (ID.RA);;aws;;FAIL;No CloudWatch log groups found with metric filters or alarms associated.;arn:aws:logs:ap-south-1:735291151388:log-group;cloudwatch_changes_to_network_acls_alarm_configured;False;735291151388;NIST-CSF;National Institute of Standards and Technology (NIST) Cybersecurity Framework (CSF) v1.1;
aws;The NIST Cybersecurity Framework (CSF) is supported by governments and industries worldwide as a recommended baseline for use by any organization, regardless of sector or size. The NIST Cybersecurity Framework consists of three primary components: the framework core, the profiles, and the implementation tiers. The framework core contains desired cybersecurity activities and outcomes organized into 23 categories that cover the breadth of cybersecurity objectives for an organization. The profiles contain an organization's unique alignment of their organizational requirements and objectives, risk appetite, and resources using the desired outcomes of the framework core. The implementation tiers describe the degree to which an organization’s cybersecurity risk management practices exhibit the characteristics defined in the framework core.;735291151388;ap-south-1;2026-07-11 14:19:13.485135;ae_5;Incident alert thresholds are established.;Detect (DE);Anomalies and Events (DE.AE);;aws;;FAIL;No CloudWatch log groups found with metric filters or alarms associated.;arn:aws:logs:ap-south-1:735291151388:log-group;cloudwatch_changes_to_network_gateways_alarm_configured;False;735291151388;NIST-CSF;National Institute of Standards and Technology (NIST) Cybersecurity Framework (CSF) v1.1;
aws;The NIST Cybersecurity Framework (CSF) is supported by governments and industries worldwide as a recommended baseline for use by any organization, regardless of sector or size. The NIST Cybersecurity Framework consists of three primary components: the framework core, the profiles, and the implementation tiers. The framework core contains desired cybersecurity activities and outcomes organized into 23 categories that cover the breadth of cybersecurity objectives for an organization. The profiles contain an organization's unique alignment of their organizational requirements and objectives, risk appetite, and resources using the desired outcomes of the framework core. The implementation tiers describe the degree to which an organization’s cybersecurity risk management practices exhibit the characteristics defined in the framework core.;735291151388;ap-south-1;2026-07-11 14:19:13.485135;cm_2;The physical environment is monitored to detect potential cybersecurity events.;Detect (DE);Security Continuous Monitoring (DE.CM);;aws;;FAIL;No CloudWatch log groups found with metric filters or alarms associated.;arn:aws:logs:ap-south-1:735291151388:log-group;cloudwatch_changes_to_network_gateways_alarm_configured;False;735291151388;NIST-CSF;National Institute of Standards and Technology (NIST) Cybersecurity Framework (CSF) v1.1;
aws;The NIST Cybersecurity Framework (CSF) is supported by governments and industries worldwide as a recommended baseline for use by any organization, regardless of sector or size. The NIST Cybersecurity Framework consists of three primary components: the framework core, the profiles, and the implementation tiers. The framework core contains desired cybersecurity activities and outcomes organized into 23 categories that cover the breadth of cybersecurity objectives for an organization. The profiles contain an organization's unique alignment of their organizational requirements and objectives, risk appetite, and resources using the desired outcomes of the framework core. The implementation tiers describe the degree to which an organization’s cybersecurity risk management practices exhibit the characteristics defined in the framework core.;735291151388;ap-south-1;2026-07-11 14:19:13.485135;cm_5;Unauthorized mobile code is detected.;Detect (DE);Security Continuous Monitoring (DE.CM);;aws;;FAIL;No CloudWatch log groups found with metric filters or alarms associated.;arn:aws:logs:ap-south-1:735291151388:log-group;cloudwatch_changes_to_network_gateways_alarm_configured;False;735291151388;NIST-CSF;National Institute of Standards and Technology (NIST) Cybersecurity Framework (CSF) v1.1;
aws;The NIST Cybersecurity Framework (CSF) is supported by governments and industries worldwide as a recommended baseline for use by any organization, regardless of sector or size. The NIST Cybersecurity Framework consists of three primary components: the framework core, the profiles, and the implementation tiers. The framework core contains desired cybersecurity activities and outcomes organized into 23 categories that cover the breadth of cybersecurity objectives for an organization. The profiles contain an organization's unique alignment of their organizational requirements and objectives, risk appetite, and resources using the desired outcomes of the framework core. The implementation tiers describe the degree to which an organization’s cybersecurity risk management practices exhibit the characteristics defined in the framework core.;735291151388;ap-south-1;2026-07-11 14:19:13.485135;cp_4;Event detection information is communicated.;Detect (DE);Detection Processes (DE.DP);;aws;;FAIL;No CloudWatch log groups found with metric filters or alarms associated.;arn:aws:logs:ap-south-1:735291151388:log-group;cloudwatch_changes_to_network_gateways_alarm_configured;False;735291151388;NIST-CSF;National Institute of Standards and Technology (NIST) Cybersecurity Framework (CSF) v1.1;
aws;The NIST Cybersecurity Framework (CSF) is supported by governments and industries worldwide as a recommended baseline for use by any organization, regardless of sector or size. The NIST Cybersecurity Framework consists of three primary components: the framework core, the profiles, and the implementation tiers. The framework core contains desired cybersecurity activities and outcomes organized into 23 categories that cover the breadth of cybersecurity objectives for an organization. The profiles contain an organization's unique alignment of their organizational requirements and objectives, risk appetite, and resources using the desired outcomes of the framework core. The implementation tiers describe the degree to which an organization’s cybersecurity risk management practices exhibit the characteristics defined in the framework core.;735291151388;ap-south-1;2026-07-11 14:19:13.485135;ra_5;Threats, vulnerabilities, likelihoods, and impacts are used to determine risk.;Identify (ID);Risk Assessment (ID.RA);;aws;;FAIL;No CloudWatch log groups found with metric filters or alarms associated.;arn:aws:logs:ap-south-1:735291151388:log-group;cloudwatch_changes_to_network_gateways_alarm_configured;False;735291151388;NIST-CSF;National Institute of Standards and Technology (NIST) Cybersecurity Framework (CSF) v1.1;
aws;The NIST Cybersecurity Framework (CSF) is supported by governments and industries worldwide as a recommended baseline for use by any organization, regardless of sector or size. The NIST Cybersecurity Framework consists of three primary components: the framework core, the profiles, and the implementation tiers. The framework core contains desired cybersecurity activities and outcomes organized into 23 categories that cover the breadth of cybersecurity objectives for an organization. The profiles contain an organization's unique alignment of their organizational requirements and objectives, risk appetite, and resources using the desired outcomes of the framework core. The implementation tiers describe the degree to which an organization’s cybersecurity risk management practices exhibit the characteristics defined in the framework core.;735291151388;ap-south-1;2026-07-11 14:19:13.485135;ae_5;Incident alert thresholds are established.;Detect (DE);Anomalies and Events (DE.AE);;aws;;FAIL;No CloudWatch log groups found with metric filters or alarms associated.;arn:aws:logs:ap-south-1:735291151388:log-group;cloudwatch_changes_to_network_route_tables_alarm_configured;False;735291151388;NIST-CSF;National Institute of Standards and Technology (NIST) Cybersecurity Framework (CSF) v1.1;
aws;The NIST Cybersecurity Framework (CSF) is supported by governments and industries worldwide as a recommended baseline for use by any organization, regardless of sector or size. The NIST Cybersecurity Framework consists of three primary components: the framework core, the profiles, and the implementation tiers. The framework core contains desired cybersecurity activities and outcomes organized into 23 categories that cover the breadth of cybersecurity objectives for an organization. The profiles contain an organization's unique alignment of their organizational requirements and objectives, risk appetite, and resources using the desired outcomes of the framework core. The implementation tiers describe the degree to which an organization’s cybersecurity risk management practices exhibit the characteristics defined in the framework core.;735291151388;ap-south-1;2026-07-11 14:19:13.485135;cm_2;The physical environment is monitored to detect potential cybersecurity events.;Detect (DE);Security Continuous Monitoring (DE.CM);;aws;;FAIL;No CloudWatch log groups found with metric filters or alarms associated.;arn:aws:logs:ap-south-1:735291151388:log-group;cloudwatch_changes_to_network_route_tables_alarm_configured;False;735291151388;NIST-CSF;National Institute of Standards and Technology (NIST) Cybersecurity Framework (CSF) v1.1;
aws;The NIST Cybersecurity Framework (CSF) is supported by governments and industries worldwide as a recommended baseline for use by any organization, regardless of sector or size. The NIST Cybersecurity Framework consists of three primary components: the framework core, the profiles, and the implementation tiers. The framework core contains desired cybersecurity activities and outcomes organized into 23 categories that cover the breadth of cybersecurity objectives for an organization. The profiles contain an organization's unique alignment of their organizational requirements and objectives, risk appetite, and resources using the desired outcomes of the framework core. The implementation tiers describe the degree to which an organization’s cybersecurity risk management practices exhibit the characteristics defined in the framework core.;735291151388;ap-south-1;2026-07-11 14:19:13.485135;cm_5;Unauthorized mobile code is detected.;Detect (DE);Security Continuous Monitoring (DE.CM);;aws;;FAIL;No CloudWatch log groups found with metric filters or alarms associated.;arn:aws:logs:ap-south-1:735291151388:log-group;cloudwatch_changes_to_network_route_tables_alarm_configured;False;735291151388;NIST-CSF;National Institute of Standards and Technology (NIST) Cybersecurity Framework (CSF) v1.1;
aws;The NIST Cybersecurity Framework (CSF) is supported by governments and industries worldwide as a recommended baseline for use by any organization, regardless of sector or size. The NIST Cybersecurity Framework consists of three primary components: the framework core, the profiles, and the implementation tiers. The framework core contains desired cybersecurity activities and outcomes organized into 23 categories that cover the breadth of cybersecurity objectives for an organization. The profiles contain an organization's unique alignment of their organizational requirements and objectives, risk appetite, and resources using the desired outcomes of the framework core. The implementation tiers describe the degree to which an organization’s cybersecurity risk management practices exhibit the characteristics defined in the framework core.;735291151388;ap-south-1;2026-07-11 14:19:13.485135;cp_4;Event detection information is communicated.;Detect (DE);Detection Processes (DE.DP);;aws;;FAIL;No CloudWatch log groups found with metric filters or alarms associated.;arn:aws:logs:ap-south-1:735291151388:log-group;cloudwatch_changes_to_network_route_tables_alarm_configured;False;735291151388;NIST-CSF;National Institute of Standards and Technology (NIST) Cybersecurity Framework (CSF) v1.1;
aws;The NIST Cybersecurity Framework (CSF) is supported by governments and industries worldwide as a recommended baseline for use by any organization, regardless of sector or size. The NIST Cybersecurity Framework consists of three primary components: the framework core, the profiles, and the implementation tiers. The framework core contains desired cybersecurity activities and outcomes organized into 23 categories that cover the breadth of cybersecurity objectives for an organization. The profiles contain an organization's unique alignment of their organizational requirements and objectives, risk appetite, and resources using the desired outcomes of the framework core. The implementation tiers describe the degree to which an organization’s cybersecurity risk management practices exhibit the characteristics defined in the framework core.;735291151388;ap-south-1;2026-07-11 14:19:13.485135;ra_5;Threats, vulnerabilities, likelihoods, and impacts are used to determine risk.;Identify (ID);Risk Assessment (ID.RA);;aws;;FAIL;No CloudWatch log groups found with metric filters or alarms associated.;arn:aws:logs:ap-south-1:735291151388:log-group;cloudwatch_changes_to_network_route_tables_alarm_configured;False;735291151388;NIST-CSF;National Institute of Standards and Technology (NIST) Cybersecurity Framework (CSF) v1.1;
aws;The NIST Cybersecurity Framework (CSF) is supported by governments and industries worldwide as a recommended baseline for use by any organization, regardless of sector or size. The NIST Cybersecurity Framework consists of three primary components: the framework core, the profiles, and the implementation tiers. The framework core contains desired cybersecurity activities and outcomes organized into 23 categories that cover the breadth of cybersecurity objectives for an organization. The profiles contain an organization's unique alignment of their organizational requirements and objectives, risk appetite, and resources using the desired outcomes of the framework core. The implementation tiers describe the degree to which an organization’s cybersecurity risk management practices exhibit the characteristics defined in the framework core.;735291151388;ap-south-1;2026-07-11 14:19:13.485135;ae_5;Incident alert thresholds are established.;Detect (DE);Anomalies and Events (DE.AE);;aws;;FAIL;No CloudWatch log groups found with metric filters or alarms associated.;arn:aws:logs:ap-south-1:735291151388:log-group;cloudwatch_changes_to_vpcs_alarm_configured;False;735291151388;NIST-CSF;National Institute of Standards and Technology (NIST) Cybersecurity Framework (CSF) v1.1;
aws;The NIST Cybersecurity Framework (CSF) is supported by governments and industries worldwide as a recommended baseline for use by any organization, regardless of sector or size. The NIST Cybersecurity Framework consists of three primary components: the framework core, the profiles, and the implementation tiers. The framework core contains desired cybersecurity activities and outcomes organized into 23 categories that cover the breadth of cybersecurity objectives for an organization. The profiles contain an organization's unique alignment of their organizational requirements and objectives, risk appetite, and resources using the desired outcomes of the framework core. The implementation tiers describe the degree to which an organization’s cybersecurity risk management practices exhibit the characteristics defined in the framework core.;735291151388;ap-south-1;2026-07-11 14:19:13.485135;cm_2;The physical environment is monitored to detect potential cybersecurity events.;Detect (DE);Security Continuous Monitoring (DE.CM);;aws;;FAIL;No CloudWatch log groups found with metric filters or alarms associated.;arn:aws:logs:ap-south-1:735291151388:log-group;cloudwatch_changes_to_vpcs_alarm_configured;False;735291151388;NIST-CSF;National Institute of Standards and Technology (NIST) Cybersecurity Framework (CSF) v1.1;
aws;The NIST Cybersecurity Framework (CSF) is supported by governments and industries worldwide as a recommended baseline for use by any organization, regardless of sector or size. The NIST Cybersecurity Framework consists of three primary components: the framework core, the profiles, and the implementation tiers. The framework core contains desired cybersecurity activities and outcomes organized into 23 categories that cover the breadth of cybersecurity objectives for an organization. The profiles contain an organization's unique alignment of their organizational requirements and objectives, risk appetite, and resources using the desired outcomes of the framework core. The implementation tiers describe the degree to which an organization’s cybersecurity risk management practices exhibit the characteristics defined in the framework core.;735291151388;ap-south-1;2026-07-11 14:19:13.485135;cm_5;Unauthorized mobile code is detected.;Detect (DE);Security Continuous Monitoring (DE.CM);;aws;;FAIL;No CloudWatch log groups found with metric filters or alarms associated.;arn:aws:logs:ap-south-1:735291151388:log-group;cloudwatch_changes_to_vpcs_alarm_configured;False;735291151388;NIST-CSF;National Institute of Standards and Technology (NIST) Cybersecurity Framework (CSF) v1.1;
aws;The NIST Cybersecurity Framework (CSF) is supported by governments and industries worldwide as a recommended baseline for use by any organization, regardless of sector or size. The NIST Cybersecurity Framework consists of three primary components: the framework core, the profiles, and the implementation tiers. The framework core contains desired cybersecurity activities and outcomes organized into 23 categories that cover the breadth of cybersecurity objectives for an organization. The profiles contain an organization's unique alignment of their organizational requirements and objectives, risk appetite, and resources using the desired outcomes of the framework core. The implementation tiers describe the degree to which an organization’s cybersecurity risk management practices exhibit the characteristics defined in the framework core.;735291151388;ap-south-1;2026-07-11 14:19:13.485135;cp_4;Event detection information is communicated.;Detect (DE);Detection Processes (DE.DP);;aws;;FAIL;No CloudWatch log groups found with metric filters or alarms associated.;arn:aws:logs:ap-south-1:735291151388:log-group;cloudwatch_changes_to_vpcs_alarm_configured;False;735291151388;NIST-CSF;National Institute of Standards and Technology (NIST) Cybersecurity Framework (CSF) v1.1;
aws;The NIST Cybersecurity Framework (CSF) is supported by governments and industries worldwide as a recommended baseline for use by any organization, regardless of sector or size. The NIST Cybersecurity Framework consists of three primary components: the framework core, the profiles, and the implementation tiers. The framework core contains desired cybersecurity activities and outcomes organized into 23 categories that cover the breadth of cybersecurity objectives for an organization. The profiles contain an organization's unique alignment of their organizational requirements and objectives, risk appetite, and resources using the desired outcomes of the framework core. The implementation tiers describe the degree to which an organization’s cybersecurity risk management practices exhibit the characteristics defined in the framework core.;735291151388;ap-south-1;2026-07-11 14:19:13.485135;ra_5;Threats, vulnerabilities, likelihoods, and impacts are used to determine risk.;Identify (ID);Risk Assessment (ID.RA);;aws;;FAIL;No CloudWatch log groups found with metric filters or alarms associated.;arn:aws:logs:ap-south-1:735291151388:log-group;cloudwatch_changes_to_vpcs_alarm_configured;False;735291151388;NIST-CSF;National Institute of Standards and Technology (NIST) Cybersecurity Framework (CSF) v1.1;
aws;The NIST Cybersecurity Framework (CSF) is supported by governments and industries worldwide as a recommended baseline for use by any organization, regardless of sector or size. The NIST Cybersecurity Framework consists of three primary components: the framework core, the profiles, and the implementation tiers. The framework core contains desired cybersecurity activities and outcomes organized into 23 categories that cover the breadth of cybersecurity objectives for an organization. The profiles contain an organization's unique alignment of their organizational requirements and objectives, risk appetite, and resources using the desired outcomes of the framework core. The implementation tiers describe the degree to which an organization’s cybersecurity risk management practices exhibit the characteristics defined in the framework core.;735291151388;ap-south-1;2026-07-11 14:19:13.485135;cm_2;The physical environment is monitored to detect potential cybersecurity events.;Detect (DE);Security Continuous Monitoring (DE.CM);;aws;;FAIL;No CloudWatch log groups found with metric filters or alarms associated.;arn:aws:logs:ap-south-1:735291151388:log-group;cloudwatch_log_metric_filter_and_alarm_for_aws_config_configuration_changes_enabled;False;735291151388;NIST-CSF;National Institute of Standards and Technology (NIST) Cybersecurity Framework (CSF) v1.1;
aws;The NIST Cybersecurity Framework (CSF) is supported by governments and industries worldwide as a recommended baseline for use by any organization, regardless of sector or size. The NIST Cybersecurity Framework consists of three primary components: the framework core, the profiles, and the implementation tiers. The framework core contains desired cybersecurity activities and outcomes organized into 23 categories that cover the breadth of cybersecurity objectives for an organization. The profiles contain an organization's unique alignment of their organizational requirements and objectives, risk appetite, and resources using the desired outcomes of the framework core. The implementation tiers describe the degree to which an organization’s cybersecurity risk management practices exhibit the characteristics defined in the framework core.;735291151388;ap-south-1;2026-07-11 14:19:13.485135;ra_5;Threats, vulnerabilities, likelihoods, and impacts are used to determine risk.;Identify (ID);Risk Assessment (ID.RA);;aws;;FAIL;No CloudWatch log groups found with metric filters or alarms associated.;arn:aws:logs:ap-south-1:735291151388:log-group;cloudwatch_log_metric_filter_and_alarm_for_aws_config_configuration_changes_enabled;False;735291151388;NIST-CSF;National Institute of Standards and Technology (NIST) Cybersecurity Framework (CSF) v1.1;
aws;The NIST Cybersecurity Framework (CSF) is supported by governments and industries worldwide as a recommended baseline for use by any organization, regardless of sector or size. The NIST Cybersecurity Framework consists of three primary components: the framework core, the profiles, and the implementation tiers. The framework core contains desired cybersecurity activities and outcomes organized into 23 categories that cover the breadth of cybersecurity objectives for an organization. The profiles contain an organization's unique alignment of their organizational requirements and objectives, risk appetite, and resources using the desired outcomes of the framework core. The implementation tiers describe the degree to which an organization’s cybersecurity risk management practices exhibit the characteristics defined in the framework core.;735291151388;ap-south-1;2026-07-11 14:19:13.485135;sc_4;Suppliers and third-party partners are routinely assessed using audits, test results, or other forms of evaluations to confirm they are meeting their contractual obligations.;Identify (ID);Supply Chain Risk Management (ID.SC);;aws;;FAIL;No CloudWatch log groups found with metric filters or alarms associated.;arn:aws:logs:ap-south-1:735291151388:log-group;cloudwatch_log_metric_filter_and_alarm_for_aws_config_configuration_changes_enabled;False;735291151388;NIST-CSF;National Institute of Standards and Technology (NIST) Cybersecurity Framework (CSF) v1.1;
aws;The NIST Cybersecurity Framework (CSF) is supported by governments and industries worldwide as a recommended baseline for use by any organization, regardless of sector or size. The NIST Cybersecurity Framework consists of three primary components: the framework core, the profiles, and the implementation tiers. The framework core contains desired cybersecurity activities and outcomes organized into 23 categories that cover the breadth of cybersecurity objectives for an organization. The profiles contain an organization's unique alignment of their organizational requirements and objectives, risk appetite, and resources using the desired outcomes of the framework core. The implementation tiers describe the degree to which an organization’s cybersecurity risk management practices exhibit the characteristics defined in the framework core.;735291151388;ap-south-1;2026-07-11 14:19:13.485135;cm_2;The physical environment is monitored to detect potential cybersecurity events.;Detect (DE);Security Continuous Monitoring (DE.CM);;aws;;FAIL;No CloudWatch log groups found with metric filters or alarms associated.;arn:aws:logs:ap-south-1:735291151388:log-group;cloudwatch_log_metric_filter_and_alarm_for_cloudtrail_configuration_changes_enabled;False;735291151388;NIST-CSF;National Institute of Standards and Technology (NIST) Cybersecurity Framework (CSF) v1.1;
aws;The NIST Cybersecurity Framework (CSF) is supported by governments and industries worldwide as a recommended baseline for use by any organization, regardless of sector or size. The NIST Cybersecurity Framework consists of three primary components: the framework core, the profiles, and the implementation tiers. The framework core contains desired cybersecurity activities and outcomes organized into 23 categories that cover the breadth of cybersecurity objectives for an organization. The profiles contain an organization's unique alignment of their organizational requirements and objectives, risk appetite, and resources using the desired outcomes of the framework core. The implementation tiers describe the degree to which an organization’s cybersecurity risk management practices exhibit the characteristics defined in the framework core.;735291151388;ap-south-1;2026-07-11 14:19:13.485135;ra_5;Threats, vulnerabilities, likelihoods, and impacts are used to determine risk.;Identify (ID);Risk Assessment (ID.RA);;aws;;FAIL;No CloudWatch log groups found with metric filters or alarms associated.;arn:aws:logs:ap-south-1:735291151388:log-group;cloudwatch_log_metric_filter_and_alarm_for_cloudtrail_configuration_changes_enabled;False;735291151388;NIST-CSF;National Institute of Standards and Technology (NIST) Cybersecurity Framework (CSF) v1.1;
aws;The NIST Cybersecurity Framework (CSF) is supported by governments and industries worldwide as a recommended baseline for use by any organization, regardless of sector or size. The NIST Cybersecurity Framework consists of three primary components: the framework core, the profiles, and the implementation tiers. The framework core contains desired cybersecurity activities and outcomes organized into 23 categories that cover the breadth of cybersecurity objectives for an organization. The profiles contain an organization's unique alignment of their organizational requirements and objectives, risk appetite, and resources using the desired outcomes of the framework core. The implementation tiers describe the degree to which an organization’s cybersecurity risk management practices exhibit the characteristics defined in the framework core.;735291151388;ap-south-1;2026-07-11 14:19:13.485135;sc_4;Suppliers and third-party partners are routinely assessed using audits, test results, or other forms of evaluations to confirm they are meeting their contractual obligations.;Identify (ID);Supply Chain Risk Management (ID.SC);;aws;;FAIL;No CloudWatch log groups found with metric filters or alarms associated.;arn:aws:logs:ap-south-1:735291151388:log-group;cloudwatch_log_metric_filter_and_alarm_for_cloudtrail_configuration_changes_enabled;False;735291151388;NIST-CSF;National Institute of Standards and Technology (NIST) Cybersecurity Framework (CSF) v1.1;
aws;The NIST Cybersecurity Framework (CSF) is supported by governments and industries worldwide as a recommended baseline for use by any organization, regardless of sector or size. The NIST Cybersecurity Framework consists of three primary components: the framework core, the profiles, and the implementation tiers. The framework core contains desired cybersecurity activities and outcomes organized into 23 categories that cover the breadth of cybersecurity objectives for an organization. The profiles contain an organization's unique alignment of their organizational requirements and objectives, risk appetite, and resources using the desired outcomes of the framework core. The implementation tiers describe the degree to which an organization’s cybersecurity risk management practices exhibit the characteristics defined in the framework core.;735291151388;ap-south-1;2026-07-11 14:19:13.485135;cm_2;The physical environment is monitored to detect potential cybersecurity events.;Detect (DE);Security Continuous Monitoring (DE.CM);;aws;;FAIL;No CloudWatch log groups found with metric filters or alarms associated.;arn:aws:logs:ap-south-1:735291151388:log-group;cloudwatch_log_metric_filter_authentication_failures;False;735291151388;NIST-CSF;National Institute of Standards and Technology (NIST) Cybersecurity Framework (CSF) v1.1;
aws;The NIST Cybersecurity Framework (CSF) is supported by governments and industries worldwide as a recommended baseline for use by any organization, regardless of sector or size. The NIST Cybersecurity Framework consists of three primary components: the framework core, the profiles, and the implementation tiers. The framework core contains desired cybersecurity activities and outcomes organized into 23 categories that cover the breadth of cybersecurity objectives for an organization. The profiles contain an organization's unique alignment of their organizational requirements and objectives, risk appetite, and resources using the desired outcomes of the framework core. The implementation tiers describe the degree to which an organization’s cybersecurity risk management practices exhibit the characteristics defined in the framework core.;735291151388;ap-south-1;2026-07-11 14:19:13.485135;ra_5;Threats, vulnerabilities, likelihoods, and impacts are used to determine risk.;Identify (ID);Risk Assessment (ID.RA);;aws;;FAIL;No CloudWatch log groups found with metric filters or alarms associated.;arn:aws:logs:ap-south-1:735291151388:log-group;cloudwatch_log_metric_filter_authentication_failures;False;735291151388;NIST-CSF;National Institute of Standards and Technology (NIST) Cybersecurity Framework (CSF) v1.1;
aws;The NIST Cybersecurity Framework (CSF) is supported by governments and industries worldwide as a recommended baseline for use by any organization, regardless of sector or size. The NIST Cybersecurity Framework consists of three primary components: the framework core, the profiles, and the implementation tiers. The framework core contains desired cybersecurity activities and outcomes organized into 23 categories that cover the breadth of cybersecurity objectives for an organization. The profiles contain an organization's unique alignment of their organizational requirements and objectives, risk appetite, and resources using the desired outcomes of the framework core. The implementation tiers describe the degree to which an organization’s cybersecurity risk management practices exhibit the characteristics defined in the framework core.;735291151388;ap-south-1;2026-07-11 14:19:13.485135;sc_4;Suppliers and third-party partners are routinely assessed using audits, test results, or other forms of evaluations to confirm they are meeting their contractual obligations.;Identify (ID);Supply Chain Risk Management (ID.SC);;aws;;FAIL;No CloudWatch log groups found with metric filters or alarms associated.;arn:aws:logs:ap-south-1:735291151388:log-group;cloudwatch_log_metric_filter_authentication_failures;False;735291151388;NIST-CSF;National Institute of Standards and Technology (NIST) Cybersecurity Framework (CSF) v1.1;
aws;The NIST Cybersecurity Framework (CSF) is supported by governments and industries worldwide as a recommended baseline for use by any organization, regardless of sector or size. The NIST Cybersecurity Framework consists of three primary components: the framework core, the profiles, and the implementation tiers. The framework core contains desired cybersecurity activities and outcomes organized into 23 categories that cover the breadth of cybersecurity objectives for an organization. The profiles contain an organization's unique alignment of their organizational requirements and objectives, risk appetite, and resources using the desired outcomes of the framework core. The implementation tiers describe the degree to which an organization’s cybersecurity risk management practices exhibit the characteristics defined in the framework core.;735291151388;ap-south-1;2026-07-11 14:19:13.485135;cm_2;The physical environment is monitored to detect potential cybersecurity events.;Detect (DE);Security Continuous Monitoring (DE.CM);;aws;;FAIL;No CloudWatch log groups found with metric filters or alarms associated.;arn:aws:logs:ap-south-1:735291151388:log-group;cloudwatch_log_metric_filter_disable_or_scheduled_deletion_of_kms_cmk;False;735291151388;NIST-CSF;National Institute of Standards and Technology (NIST) Cybersecurity Framework (CSF) v1.1;
aws;The NIST Cybersecurity Framework (CSF) is supported by governments and industries worldwide as a recommended baseline for use by any organization, regardless of sector or size. The NIST Cybersecurity Framework consists of three primary components: the framework core, the profiles, and the implementation tiers. The framework core contains desired cybersecurity activities and outcomes organized into 23 categories that cover the breadth of cybersecurity objectives for an organization. The profiles contain an organization's unique alignment of their organizational requirements and objectives, risk appetite, and resources using the desired outcomes of the framework core. The implementation tiers describe the degree to which an organization’s cybersecurity risk management practices exhibit the characteristics defined in the framework core.;735291151388;ap-south-1;2026-07-11 14:19:13.485135;ra_5;Threats, vulnerabilities, likelihoods, and impacts are used to determine risk.;Identify (ID);Risk Assessment (ID.RA);;aws;;FAIL;No CloudWatch log groups found with metric filters or alarms associated.;arn:aws:logs:ap-south-1:735291151388:log-group;cloudwatch_log_metric_filter_disable_or_scheduled_deletion_of_kms_cmk;False;735291151388;NIST-CSF;National Institute of Standards and Technology (NIST) Cybersecurity Framework (CSF) v1.1;
aws;The NIST Cybersecurity Framework (CSF) is supported by governments and industries worldwide as a recommended baseline for use by any organization, regardless of sector or size. The NIST Cybersecurity Framework consists of three primary components: the framework core, the profiles, and the implementation tiers. The framework core contains desired cybersecurity activities and outcomes organized into 23 categories that cover the breadth of cybersecurity objectives for an organization. The profiles contain an organization's unique alignment of their organizational requirements and objectives, risk appetite, and resources using the desired outcomes of the framework core. The implementation tiers describe the degree to which an organization’s cybersecurity risk management practices exhibit the characteristics defined in the framework core.;735291151388;ap-south-1;2026-07-11 14:19:13.485135;sc_4;Suppliers and third-party partners are routinely assessed using audits, test results, or other forms of evaluations to confirm they are meeting their contractual obligations.;Identify (ID);Supply Chain Risk Management (ID.SC);;aws;;FAIL;No CloudWatch log groups found with metric filters or alarms associated.;arn:aws:logs:ap-south-1:735291151388:log-group;cloudwatch_log_metric_filter_disable_or_scheduled_deletion_of_kms_cmk;False;735291151388;NIST-CSF;National Institute of Standards and Technology (NIST) Cybersecurity Framework (CSF) v1.1;
aws;The NIST Cybersecurity Framework (CSF) is supported by governments and industries worldwide as a recommended baseline for use by any organization, regardless of sector or size. The NIST Cybersecurity Framework consists of three primary components: the framework core, the profiles, and the implementation tiers. The framework core contains desired cybersecurity activities and outcomes organized into 23 categories that cover the breadth of cybersecurity objectives for an organization. The profiles contain an organization's unique alignment of their organizational requirements and objectives, risk appetite, and resources using the desired outcomes of the framework core. The implementation tiers describe the degree to which an organization’s cybersecurity risk management practices exhibit the characteristics defined in the framework core.;735291151388;ap-south-1;2026-07-11 14:19:13.485135;cm_2;The physical environment is monitored to detect potential cybersecurity events.;Detect (DE);Security Continuous Monitoring (DE.CM);;aws;;FAIL;No CloudWatch log groups found with metric filters or alarms associated.;arn:aws:logs:ap-south-1:735291151388:log-group;cloudwatch_log_metric_filter_for_s3_bucket_policy_changes;False;735291151388;NIST-CSF;National Institute of Standards and Technology (NIST) Cybersecurity Framework (CSF) v1.1;
aws;The NIST Cybersecurity Framework (CSF) is supported by governments and industries worldwide as a recommended baseline for use by any organization, regardless of sector or size. The NIST Cybersecurity Framework consists of three primary components: the framework core, the profiles, and the implementation tiers. The framework core contains desired cybersecurity activities and outcomes organized into 23 categories that cover the breadth of cybersecurity objectives for an organization. The profiles contain an organization's unique alignment of their organizational requirements and objectives, risk appetite, and resources using the desired outcomes of the framework core. The implementation tiers describe the degree to which an organization’s cybersecurity risk management practices exhibit the characteristics defined in the framework core.;735291151388;ap-south-1;2026-07-11 14:19:13.485135;ra_5;Threats, vulnerabilities, likelihoods, and impacts are used to determine risk.;Identify (ID);Risk Assessment (ID.RA);;aws;;FAIL;No CloudWatch log groups found with metric filters or alarms associated.;arn:aws:logs:ap-south-1:735291151388:log-group;cloudwatch_log_metric_filter_for_s3_bucket_policy_changes;False;735291151388;NIST-CSF;National Institute of Standards and Technology (NIST) Cybersecurity Framework (CSF) v1.1;
aws;The NIST Cybersecurity Framework (CSF) is supported by governments and industries worldwide as a recommended baseline for use by any organization, regardless of sector or size. The NIST Cybersecurity Framework consists of three primary components: the framework core, the profiles, and the implementation tiers. The framework core contains desired cybersecurity activities and outcomes organized into 23 categories that cover the breadth of cybersecurity objectives for an organization. The profiles contain an organization's unique alignment of their organizational requirements and objectives, risk appetite, and resources using the desired outcomes of the framework core. The implementation tiers describe the degree to which an organization’s cybersecurity risk management practices exhibit the characteristics defined in the framework core.;735291151388;ap-south-1;2026-07-11 14:19:13.485135;sc_4;Suppliers and third-party partners are routinely assessed using audits, test results, or other forms of evaluations to confirm they are meeting their contractual obligations.;Identify (ID);Supply Chain Risk Management (ID.SC);;aws;;FAIL;No CloudWatch log groups found with metric filters or alarms associated.;arn:aws:logs:ap-south-1:735291151388:log-group;cloudwatch_log_metric_filter_for_s3_bucket_policy_changes;False;735291151388;NIST-CSF;National Institute of Standards and Technology (NIST) Cybersecurity Framework (CSF) v1.1;
aws;The NIST Cybersecurity Framework (CSF) is supported by governments and industries worldwide as a recommended baseline for use by any organization, regardless of sector or size. The NIST Cybersecurity Framework consists of three primary components: the framework core, the profiles, and the implementation tiers. The framework core contains desired cybersecurity activities and outcomes organized into 23 categories that cover the breadth of cybersecurity objectives for an organization. The profiles contain an organization's unique alignment of their organizational requirements and objectives, risk appetite, and resources using the desired outcomes of the framework core. The implementation tiers describe the degree to which an organization’s cybersecurity risk management practices exhibit the characteristics defined in the framework core.;735291151388;ap-south-1;2026-07-11 14:19:13.485135;cm_2;The physical environment is monitored to detect potential cybersecurity events.;Detect (DE);Security Continuous Monitoring (DE.CM);;aws;;FAIL;No CloudWatch log groups found with metric filters or alarms associated.;arn:aws:logs:ap-south-1:735291151388:log-group;cloudwatch_log_metric_filter_policy_changes;False;735291151388;NIST-CSF;National Institute of Standards and Technology (NIST) Cybersecurity Framework (CSF) v1.1;
aws;The NIST Cybersecurity Framework (CSF) is supported by governments and industries worldwide as a recommended baseline for use by any organization, regardless of sector or size. The NIST Cybersecurity Framework consists of three primary components: the framework core, the profiles, and the implementation tiers. The framework core contains desired cybersecurity activities and outcomes organized into 23 categories that cover the breadth of cybersecurity objectives for an organization. The profiles contain an organization's unique alignment of their organizational requirements and objectives, risk appetite, and resources using the desired outcomes of the framework core. The implementation tiers describe the degree to which an organization’s cybersecurity risk management practices exhibit the characteristics defined in the framework core.;735291151388;ap-south-1;2026-07-11 14:19:13.485135;ra_5;Threats, vulnerabilities, likelihoods, and impacts are used to determine risk.;Identify (ID);Risk Assessment (ID.RA);;aws;;FAIL;No CloudWatch log groups found with metric filters or alarms associated.;arn:aws:logs:ap-south-1:735291151388:log-group;cloudwatch_log_metric_filter_policy_changes;False;735291151388;NIST-CSF;National Institute of Standards and Technology (NIST) Cybersecurity Framework (CSF) v1.1;
aws;The NIST Cybersecurity Framework (CSF) is supported by governments and industries worldwide as a recommended baseline for use by any organization, regardless of sector or size. The NIST Cybersecurity Framework consists of three primary components: the framework core, the profiles, and the implementation tiers. The framework core contains desired cybersecurity activities and outcomes organized into 23 categories that cover the breadth of cybersecurity objectives for an organization. The profiles contain an organization's unique alignment of their organizational requirements and objectives, risk appetite, and resources using the desired outcomes of the framework core. The implementation tiers describe the degree to which an organization’s cybersecurity risk management practices exhibit the characteristics defined in the framework core.;735291151388;ap-south-1;2026-07-11 14:19:13.485135;sc_4;Suppliers and third-party partners are routinely assessed using audits, test results, or other forms of evaluations to confirm they are meeting their contractual obligations.;Identify (ID);Supply Chain Risk Management (ID.SC);;aws;;FAIL;No CloudWatch log groups found with metric filters or alarms associated.;arn:aws:logs:ap-south-1:735291151388:log-group;cloudwatch_log_metric_filter_policy_changes;False;735291151388;NIST-CSF;National Institute of Standards and Technology (NIST) Cybersecurity Framework (CSF) v1.1;
aws;The NIST Cybersecurity Framework (CSF) is supported by governments and industries worldwide as a recommended baseline for use by any organization, regardless of sector or size. The NIST Cybersecurity Framework consists of three primary components: the framework core, the profiles, and the implementation tiers. The framework core contains desired cybersecurity activities and outcomes organized into 23 categories that cover the breadth of cybersecurity objectives for an organization. The profiles contain an organization's unique alignment of their organizational requirements and objectives, risk appetite, and resources using the desired outcomes of the framework core. The implementation tiers describe the degree to which an organization’s cybersecurity risk management practices exhibit the characteristics defined in the framework core.;735291151388;ap-south-1;2026-07-11 14:19:13.485135;cm_2;The physical environment is monitored to detect potential cybersecurity events.;Detect (DE);Security Continuous Monitoring (DE.CM);;aws;;FAIL;No CloudWatch log groups found with metric filters or alarms associated.;arn:aws:logs:ap-south-1:735291151388:log-group;cloudwatch_log_metric_filter_root_usage;False;735291151388;NIST-CSF;National Institute of Standards and Technology (NIST) Cybersecurity Framework (CSF) v1.1;
aws;The NIST Cybersecurity Framework (CSF) is supported by governments and industries worldwide as a recommended baseline for use by any organization, regardless of sector or size. The NIST Cybersecurity Framework consists of three primary components: the framework core, the profiles, and the implementation tiers. The framework core contains desired cybersecurity activities and outcomes organized into 23 categories that cover the breadth of cybersecurity objectives for an organization. The profiles contain an organization's unique alignment of their organizational requirements and objectives, risk appetite, and resources using the desired outcomes of the framework core. The implementation tiers describe the degree to which an organization’s cybersecurity risk management practices exhibit the characteristics defined in the framework core.;735291151388;ap-south-1;2026-07-11 14:19:13.485135;ra_5;Threats, vulnerabilities, likelihoods, and impacts are used to determine risk.;Identify (ID);Risk Assessment (ID.RA);;aws;;FAIL;No CloudWatch log groups found with metric filters or alarms associated.;arn:aws:logs:ap-south-1:735291151388:log-group;cloudwatch_log_metric_filter_root_usage;False;735291151388;NIST-CSF;National Institute of Standards and Technology (NIST) Cybersecurity Framework (CSF) v1.1;
aws;The NIST Cybersecurity Framework (CSF) is supported by governments and industries worldwide as a recommended baseline for use by any organization, regardless of sector or size. The NIST Cybersecurity Framework consists of three primary components: the framework core, the profiles, and the implementation tiers. The framework core contains desired cybersecurity activities and outcomes organized into 23 categories that cover the breadth of cybersecurity objectives for an organization. The profiles contain an organization's unique alignment of their organizational requirements and objectives, risk appetite, and resources using the desired outcomes of the framework core. The implementation tiers describe the degree to which an organization’s cybersecurity risk management practices exhibit the characteristics defined in the framework core.;735291151388;ap-south-1;2026-07-11 14:19:13.485135;sc_4;Suppliers and third-party partners are routinely assessed using audits, test results, or other forms of evaluations to confirm they are meeting their contractual obligations.;Identify (ID);Supply Chain Risk Management (ID.SC);;aws;;FAIL;No CloudWatch log groups found with metric filters or alarms associated.;arn:aws:logs:ap-south-1:735291151388:log-group;cloudwatch_log_metric_filter_root_usage;False;735291151388;NIST-CSF;National Institute of Standards and Technology (NIST) Cybersecurity Framework (CSF) v1.1;
aws;The NIST Cybersecurity Framework (CSF) is supported by governments and industries worldwide as a recommended baseline for use by any organization, regardless of sector or size. The NIST Cybersecurity Framework consists of three primary components: the framework core, the profiles, and the implementation tiers. The framework core contains desired cybersecurity activities and outcomes organized into 23 categories that cover the breadth of cybersecurity objectives for an organization. The profiles contain an organization's unique alignment of their organizational requirements and objectives, risk appetite, and resources using the desired outcomes of the framework core. The implementation tiers describe the degree to which an organization’s cybersecurity risk management practices exhibit the characteristics defined in the framework core.;735291151388;ap-south-1;2026-07-11 14:19:13.485135;cm_2;The physical environment is monitored to detect potential cybersecurity events.;Detect (DE);Security Continuous Monitoring (DE.CM);;aws;;FAIL;No CloudWatch log groups found with metric filters or alarms associated.;arn:aws:logs:ap-south-1:735291151388:log-group;cloudwatch_log_metric_filter_security_group_changes;False;735291151388;NIST-CSF;National Institute of Standards and Technology (NIST) Cybersecurity Framework (CSF) v1.1;
aws;The NIST Cybersecurity Framework (CSF) is supported by governments and industries worldwide as a recommended baseline for use by any organization, regardless of sector or size. The NIST Cybersecurity Framework consists of three primary components: the framework core, the profiles, and the implementation tiers. The framework core contains desired cybersecurity activities and outcomes organized into 23 categories that cover the breadth of cybersecurity objectives for an organization. The profiles contain an organization's unique alignment of their organizational requirements and objectives, risk appetite, and resources using the desired outcomes of the framework core. The implementation tiers describe the degree to which an organization’s cybersecurity risk management practices exhibit the characteristics defined in the framework core.;735291151388;ap-south-1;2026-07-11 14:19:13.485135;ra_5;Threats, vulnerabilities, likelihoods, and impacts are used to determine risk.;Identify (ID);Risk Assessment (ID.RA);;aws;;FAIL;No CloudWatch log groups found with metric filters or alarms associated.;arn:aws:logs:ap-south-1:735291151388:log-group;cloudwatch_log_metric_filter_security_group_changes;False;735291151388;NIST-CSF;National Institute of Standards and Technology (NIST) Cybersecurity Framework (CSF) v1.1;
aws;The NIST Cybersecurity Framework (CSF) is supported by governments and industries worldwide as a recommended baseline for use by any organization, regardless of sector or size. The NIST Cybersecurity Framework consists of three primary components: the framework core, the profiles, and the implementation tiers. The framework core contains desired cybersecurity activities and outcomes organized into 23 categories that cover the breadth of cybersecurity objectives for an organization. The profiles contain an organization's unique alignment of their organizational requirements and objectives, risk appetite, and resources using the desired outcomes of the framework core. The implementation tiers describe the degree to which an organization’s cybersecurity risk management practices exhibit the characteristics defined in the framework core.;735291151388;ap-south-1;2026-07-11 14:19:13.485135;sc_4;Suppliers and third-party partners are routinely assessed using audits, test results, or other forms of evaluations to confirm they are meeting their contractual obligations.;Identify (ID);Supply Chain Risk Management (ID.SC);;aws;;FAIL;No CloudWatch log groups found with metric filters or alarms associated.;arn:aws:logs:ap-south-1:735291151388:log-group;cloudwatch_log_metric_filter_security_group_changes;False;735291151388;NIST-CSF;National Institute of Standards and Technology (NIST) Cybersecurity Framework (CSF) v1.1;
aws;The NIST Cybersecurity Framework (CSF) is supported by governments and industries worldwide as a recommended baseline for use by any organization, regardless of sector or size. The NIST Cybersecurity Framework consists of three primary components: the framework core, the profiles, and the implementation tiers. The framework core contains desired cybersecurity activities and outcomes organized into 23 categories that cover the breadth of cybersecurity objectives for an organization. The profiles contain an organization's unique alignment of their organizational requirements and objectives, risk appetite, and resources using the desired outcomes of the framework core. The implementation tiers describe the degree to which an organization’s cybersecurity risk management practices exhibit the characteristics defined in the framework core.;735291151388;ap-south-1;2026-07-11 14:19:13.485135;cm_2;The physical environment is monitored to detect potential cybersecurity events.;Detect (DE);Security Continuous Monitoring (DE.CM);;aws;;FAIL;No CloudWatch log groups found with metric filters or alarms associated.;arn:aws:logs:ap-south-1:735291151388:log-group;cloudwatch_log_metric_filter_sign_in_without_mfa;False;735291151388;NIST-CSF;National Institute of Standards and Technology (NIST) Cybersecurity Framework (CSF) v1.1;
aws;The NIST Cybersecurity Framework (CSF) is supported by governments and industries worldwide as a recommended baseline for use by any organization, regardless of sector or size. The NIST Cybersecurity Framework consists of three primary components: the framework core, the profiles, and the implementation tiers. The framework core contains desired cybersecurity activities and outcomes organized into 23 categories that cover the breadth of cybersecurity objectives for an organization. The profiles contain an organization's unique alignment of their organizational requirements and objectives, risk appetite, and resources using the desired outcomes of the framework core. The implementation tiers describe the degree to which an organization’s cybersecurity risk management practices exhibit the characteristics defined in the framework core.;735291151388;ap-south-1;2026-07-11 14:19:13.485135;ra_5;Threats, vulnerabilities, likelihoods, and impacts are used to determine risk.;Identify (ID);Risk Assessment (ID.RA);;aws;;FAIL;No CloudWatch log groups found with metric filters or alarms associated.;arn:aws:logs:ap-south-1:735291151388:log-group;cloudwatch_log_metric_filter_sign_in_without_mfa;False;735291151388;NIST-CSF;National Institute of Standards and Technology (NIST) Cybersecurity Framework (CSF) v1.1;
aws;The NIST Cybersecurity Framework (CSF) is supported by governments and industries worldwide as a recommended baseline for use by any organization, regardless of sector or size. The NIST Cybersecurity Framework consists of three primary components: the framework core, the profiles, and the implementation tiers. The framework core contains desired cybersecurity activities and outcomes organized into 23 categories that cover the breadth of cybersecurity objectives for an organization. The profiles contain an organization's unique alignment of their organizational requirements and objectives, risk appetite, and resources using the desired outcomes of the framework core. The implementation tiers describe the degree to which an organization’s cybersecurity risk management practices exhibit the characteristics defined in the framework core.;735291151388;ap-south-1;2026-07-11 14:19:13.485135;sc_4;Suppliers and third-party partners are routinely assessed using audits, test results, or other forms of evaluations to confirm they are meeting their contractual obligations.;Identify (ID);Supply Chain Risk Management (ID.SC);;aws;;FAIL;No CloudWatch log groups found with metric filters or alarms associated.;arn:aws:logs:ap-south-1:735291151388:log-group;cloudwatch_log_metric_filter_sign_in_without_mfa;False;735291151388;NIST-CSF;National Institute of Standards and Technology (NIST) Cybersecurity Framework (CSF) v1.1;
aws;The NIST Cybersecurity Framework (CSF) is supported by governments and industries worldwide as a recommended baseline for use by any organization, regardless of sector or size. The NIST Cybersecurity Framework consists of three primary components: the framework core, the profiles, and the implementation tiers. The framework core contains desired cybersecurity activities and outcomes organized into 23 categories that cover the breadth of cybersecurity objectives for an organization. The profiles contain an organization's unique alignment of their organizational requirements and objectives, risk appetite, and resources using the desired outcomes of the framework core. The implementation tiers describe the degree to which an organization’s cybersecurity risk management practices exhibit the characteristics defined in the framework core.;735291151388;ap-south-1;2026-07-11 14:19:13.485135;cm_2;The physical environment is monitored to detect potential cybersecurity events.;Detect (DE);Security Continuous Monitoring (DE.CM);;aws;;FAIL;No CloudWatch log groups found with metric filters or alarms associated.;arn:aws:logs:ap-south-1:735291151388:log-group;cloudwatch_log_metric_filter_unauthorized_api_calls;False;735291151388;NIST-CSF;National Institute of Standards and Technology (NIST) Cybersecurity Framework (CSF) v1.1;
aws;The NIST Cybersecurity Framework (CSF) is supported by governments and industries worldwide as a recommended baseline for use by any organization, regardless of sector or size. The NIST Cybersecurity Framework consists of three primary components: the framework core, the profiles, and the implementation tiers. The framework core contains desired cybersecurity activities and outcomes organized into 23 categories that cover the breadth of cybersecurity objectives for an organization. The profiles contain an organization's unique alignment of their organizational requirements and objectives, risk appetite, and resources using the desired outcomes of the framework core. The implementation tiers describe the degree to which an organization’s cybersecurity risk management practices exhibit the characteristics defined in the framework core.;735291151388;ap-south-1;2026-07-11 14:19:13.485135;ra_5;Threats, vulnerabilities, likelihoods, and impacts are used to determine risk.;Identify (ID);Risk Assessment (ID.RA);;aws;;FAIL;No CloudWatch log groups found with metric filters or alarms associated.;arn:aws:logs:ap-south-1:735291151388:log-group;cloudwatch_log_metric_filter_unauthorized_api_calls;False;735291151388;NIST-CSF;National Institute of Standards and Technology (NIST) Cybersecurity Framework (CSF) v1.1;
aws;The NIST Cybersecurity Framework (CSF) is supported by governments and industries worldwide as a recommended baseline for use by any organization, regardless of sector or size. The NIST Cybersecurity Framework consists of three primary components: the framework core, the profiles, and the implementation tiers. The framework core contains desired cybersecurity activities and outcomes organized into 23 categories that cover the breadth of cybersecurity objectives for an organization. The profiles contain an organization's unique alignment of their organizational requirements and objectives, risk appetite, and resources using the desired outcomes of the framework core. The implementation tiers describe the degree to which an organization’s cybersecurity risk management practices exhibit the characteristics defined in the framework core.;735291151388;ap-south-1;2026-07-11 14:19:13.485135;sc_4;Suppliers and third-party partners are routinely assessed using audits, test results, or other forms of evaluations to confirm they are meeting their contractual obligations.;Identify (ID);Supply Chain Risk Management (ID.SC);;aws;;FAIL;No CloudWatch log groups found with metric filters or alarms associated.;arn:aws:logs:ap-south-1:735291151388:log-group;cloudwatch_log_metric_filter_unauthorized_api_calls;False;735291151388;NIST-CSF;National Institute of Standards and Technology (NIST) Cybersecurity Framework (CSF) v1.1;
aws;The NIST Cybersecurity Framework (CSF) is supported by governments and industries worldwide as a recommended baseline for use by any organization, regardless of sector or size. The NIST Cybersecurity Framework consists of three primary components: the framework core, the profiles, and the implementation tiers. The framework core contains desired cybersecurity activities and outcomes organized into 23 categories that cover the breadth of cybersecurity objectives for an organization. The profiles contain an organization's unique alignment of their organizational requirements and objectives, risk appetite, and resources using the desired outcomes of the framework core. The implementation tiers describe the degree to which an organization’s cybersecurity risk management practices exhibit the characteristics defined in the framework core.;735291151388;ap-south-1;2026-07-11 14:19:13.485135;cm_2;The physical environment is monitored to detect potential cybersecurity events.;Detect (DE);Security Continuous Monitoring (DE.CM);;aws;;FAIL;AWS Config recorder 735291151388 is disabled.;arn:aws:config:ap-south-1:735291151388:recorder;config_recorder_all_regions_enabled;False;735291151388;NIST-CSF;National Institute of Standards and Technology (NIST) Cybersecurity Framework (CSF) v1.1;
aws;The NIST Cybersecurity Framework (CSF) is supported by governments and industries worldwide as a recommended baseline for use by any organization, regardless of sector or size. The NIST Cybersecurity Framework consists of three primary components: the framework core, the profiles, and the implementation tiers. The framework core contains desired cybersecurity activities and outcomes organized into 23 categories that cover the breadth of cybersecurity objectives for an organization. The profiles contain an organization's unique alignment of their organizational requirements and objectives, risk appetite, and resources using the desired outcomes of the framework core. The implementation tiers describe the degree to which an organization’s cybersecurity risk management practices exhibit the characteristics defined in the framework core.;735291151388;ap-south-1;2026-07-11 14:19:13.485135;am_1;Physical devices and systems within the organization are inventoried.;Identify (ID);Asset Management (ID.AM);;aws;;FAIL;AWS Config recorder 735291151388 is disabled.;arn:aws:config:ap-south-1:735291151388:recorder;config_recorder_all_regions_enabled;False;735291151388;NIST-CSF;National Institute of Standards and Technology (NIST) Cybersecurity Framework (CSF) v1.1;
aws;The NIST Cybersecurity Framework (CSF) is supported by governments and industries worldwide as a recommended baseline for use by any organization, regardless of sector or size. The NIST Cybersecurity Framework consists of three primary components: the framework core, the profiles, and the implementation tiers. The framework core contains desired cybersecurity activities and outcomes organized into 23 categories that cover the breadth of cybersecurity objectives for an organization. The profiles contain an organization's unique alignment of their organizational requirements and objectives, risk appetite, and resources using the desired outcomes of the framework core. The implementation tiers describe the degree to which an organization’s cybersecurity risk management practices exhibit the characteristics defined in the framework core.;735291151388;ap-south-1;2026-07-11 14:19:13.485135;ra_5;Threats, vulnerabilities, likelihoods, and impacts are used to determine risk.;Identify (ID);Risk Assessment (ID.RA);;aws;;FAIL;AWS Config recorder 735291151388 is disabled.;arn:aws:config:ap-south-1:735291151388:recorder;config_recorder_all_regions_enabled;False;735291151388;NIST-CSF;National Institute of Standards and Technology (NIST) Cybersecurity Framework (CSF) v1.1;
aws;The NIST Cybersecurity Framework (CSF) is supported by governments and industries worldwide as a recommended baseline for use by any organization, regardless of sector or size. The NIST Cybersecurity Framework consists of three primary components: the framework core, the profiles, and the implementation tiers. The framework core contains desired cybersecurity activities and outcomes organized into 23 categories that cover the breadth of cybersecurity objectives for an organization. The profiles contain an organization's unique alignment of their organizational requirements and objectives, risk appetite, and resources using the desired outcomes of the framework core. The implementation tiers describe the degree to which an organization’s cybersecurity risk management practices exhibit the characteristics defined in the framework core.;735291151388;ap-south-1;2026-07-11 14:19:13.485135;sc_4;Suppliers and third-party partners are routinely assessed using audits, test results, or other forms of evaluations to confirm they are meeting their contractual obligations.;Identify (ID);Supply Chain Risk Management (ID.SC);;aws;;FAIL;AWS Config recorder 735291151388 is disabled.;arn:aws:config:ap-south-1:735291151388:recorder;config_recorder_all_regions_enabled;False;735291151388;NIST-CSF;National Institute of Standards and Technology (NIST) Cybersecurity Framework (CSF) v1.1;
aws;The NIST Cybersecurity Framework (CSF) is supported by governments and industries worldwide as a recommended baseline for use by any organization, regardless of sector or size. The NIST Cybersecurity Framework consists of three primary components: the framework core, the profiles, and the implementation tiers. The framework core contains desired cybersecurity activities and outcomes organized into 23 categories that cover the breadth of cybersecurity objectives for an organization. The profiles contain an organization's unique alignment of their organizational requirements and objectives, risk appetite, and resources using the desired outcomes of the framework core. The implementation tiers describe the degree to which an organization’s cybersecurity risk management practices exhibit the characteristics defined in the framework core.;735291151388;ap-south-1;2026-07-11 14:19:13.485135;ip_12;A vulnerability management plan is developed and implemented.;Protect (PR);Information Protection Processes and Procedures (PR.IP);;aws;;FAIL;AWS Config recorder 735291151388 is disabled.;arn:aws:config:ap-south-1:735291151388:recorder;config_recorder_all_regions_enabled;False;735291151388;NIST-CSF;National Institute of Standards and Technology (NIST) Cybersecurity Framework (CSF) v1.1;
aws;The NIST Cybersecurity Framework (CSF) is supported by governments and industries worldwide as a recommended baseline for use by any organization, regardless of sector or size. The NIST Cybersecurity Framework consists of three primary components: the framework core, the profiles, and the implementation tiers. The framework core contains desired cybersecurity activities and outcomes organized into 23 categories that cover the breadth of cybersecurity objectives for an organization. The profiles contain an organization's unique alignment of their organizational requirements and objectives, risk appetite, and resources using the desired outcomes of the framework core. The implementation tiers describe the degree to which an organization’s cybersecurity risk management practices exhibit the characteristics defined in the framework core.;735291151388;ap-south-1;2026-07-11 14:19:13.485135;ds_1;Data-at-rest is protected.;Protect (PR);Data Security (PR.DS);;aws;;FAIL;EBS Snapshot vol-022955d77ae658dd5 is unencrypted.;arn:aws:ec2:ap-south-1:735291151388:volume/vol-022955d77ae658dd5;ec2_ebs_volume_encryption;False;vol-022955d77ae658dd5;NIST-CSF;National Institute of Standards and Technology (NIST) Cybersecurity Framework (CSF) v1.1;
aws;The NIST Cybersecurity Framework (CSF) is supported by governments and industries worldwide as a recommended baseline for use by any organization, regardless of sector or size. The NIST Cybersecurity Framework consists of three primary components: the framework core, the profiles, and the implementation tiers. The framework core contains desired cybersecurity activities and outcomes organized into 23 categories that cover the breadth of cybersecurity objectives for an organization. The profiles contain an organization's unique alignment of their organizational requirements and objectives, risk appetite, and resources using the desired outcomes of the framework core. The implementation tiers describe the degree to which an organization’s cybersecurity risk management practices exhibit the characteristics defined in the framework core.;735291151388;ap-south-1;2026-07-11 14:19:13.485135;ds_3;Assets are formally managed throughout removal, transfers, and disposition.;Protect (PR);Data Security (PR.DS);;aws;;PASS;Elastic IP 15.207.145.205 is associated with an instance or network interface.;arn:aws:ec2:ap-south-1:735291151388:eip-allocation/eipalloc-0d095a89c951b6788;ec2_elastic_ip_unassigned;False;15.207.145.205;NIST-CSF;National Institute of Standards and Technology (NIST) Cybersecurity Framework (CSF) v1.1;
aws;The NIST Cybersecurity Framework (CSF) is supported by governments and industries worldwide as a recommended baseline for use by any organization, regardless of sector or size. The NIST Cybersecurity Framework consists of three primary components: the framework core, the profiles, and the implementation tiers. The framework core contains desired cybersecurity activities and outcomes organized into 23 categories that cover the breadth of cybersecurity objectives for an organization. The profiles contain an organization's unique alignment of their organizational requirements and objectives, risk appetite, and resources using the desired outcomes of the framework core. The implementation tiers describe the degree to which an organization’s cybersecurity risk management practices exhibit the characteristics defined in the framework core.;735291151388;ap-south-1;2026-07-11 14:19:13.485135;cm_2;The physical environment is monitored to detect potential cybersecurity events.;Detect (DE);Security Continuous Monitoring (DE.CM);;aws;;FAIL;EC2 Instance i-0c7395c282641f31e has IMDSv2 disabled or not required.;arn:aws:ec2:ap-south-1:735291151388:instance/i-0c7395c282641f31e;ec2_instance_imdsv2_enabled;False;i-0c7395c282641f31e;NIST-CSF;National Institute of Standards and Technology (NIST) Cybersecurity Framework (CSF) v1.1;
aws;The NIST Cybersecurity Framework (CSF) is supported by governments and industries worldwide as a recommended baseline for use by any organization, regardless of sector or size. The NIST Cybersecurity Framework consists of three primary components: the framework core, the profiles, and the implementation tiers. The framework core contains desired cybersecurity activities and outcomes organized into 23 categories that cover the breadth of cybersecurity objectives for an organization. The profiles contain an organization's unique alignment of their organizational requirements and objectives, risk appetite, and resources using the desired outcomes of the framework core. The implementation tiers describe the degree to which an organization’s cybersecurity risk management practices exhibit the characteristics defined in the framework core.;735291151388;ap-south-1;2026-07-11 14:19:13.485135;cm_5;Unauthorized mobile code is detected.;Detect (DE);Security Continuous Monitoring (DE.CM);;aws;;FAIL;EC2 Instance i-0c7395c282641f31e has IMDSv2 disabled or not required.;arn:aws:ec2:ap-south-1:735291151388:instance/i-0c7395c282641f31e;ec2_instance_imdsv2_enabled;False;i-0c7395c282641f31e;NIST-CSF;National Institute of Standards and Technology (NIST) Cybersecurity Framework (CSF) v1.1;
aws;The NIST Cybersecurity Framework (CSF) is supported by governments and industries worldwide as a recommended baseline for use by any organization, regardless of sector or size. The NIST Cybersecurity Framework consists of three primary components: the framework core, the profiles, and the implementation tiers. The framework core contains desired cybersecurity activities and outcomes organized into 23 categories that cover the breadth of cybersecurity objectives for an organization. The profiles contain an organization's unique alignment of their organizational requirements and objectives, risk appetite, and resources using the desired outcomes of the framework core. The implementation tiers describe the degree to which an organization’s cybersecurity risk management practices exhibit the characteristics defined in the framework core.;735291151388;ap-south-1;2026-07-11 14:19:13.485135;cp_4;Event detection information is communicated.;Detect (DE);Detection Processes (DE.DP);;aws;;FAIL;EC2 Instance i-0c7395c282641f31e has IMDSv2 disabled or not required.;arn:aws:ec2:ap-south-1:735291151388:instance/i-0c7395c282641f31e;ec2_instance_imdsv2_enabled;False;i-0c7395c282641f31e;NIST-CSF;National Institute of Standards and Technology (NIST) Cybersecurity Framework (CSF) v1.1;
aws;The NIST Cybersecurity Framework (CSF) is supported by governments and industries worldwide as a recommended baseline for use by any organization, regardless of sector or size. The NIST Cybersecurity Framework consists of three primary components: the framework core, the profiles, and the implementation tiers. The framework core contains desired cybersecurity activities and outcomes organized into 23 categories that cover the breadth of cybersecurity objectives for an organization. The profiles contain an organization's unique alignment of their organizational requirements and objectives, risk appetite, and resources using the desired outcomes of the framework core. The implementation tiers describe the degree to which an organization’s cybersecurity risk management practices exhibit the characteristics defined in the framework core.;735291151388;ap-south-1;2026-07-11 14:19:13.485135;cp_5;Detection processes are continuously improved.;Detect (DE);Detection Processes (DE.DP);;ec2;;FAIL;EC2 Instance i-0c7395c282641f31e has IMDSv2 disabled or not required.;arn:aws:ec2:ap-south-1:735291151388:instance/i-0c7395c282641f31e;ec2_instance_imdsv2_enabled;False;i-0c7395c282641f31e;NIST-CSF;National Institute of Standards and Technology (NIST) Cybersecurity Framework (CSF) v1.1;
aws;The NIST Cybersecurity Framework (CSF) is supported by governments and industries worldwide as a recommended baseline for use by any organization, regardless of sector or size. The NIST Cybersecurity Framework consists of three primary components: the framework core, the profiles, and the implementation tiers. The framework core contains desired cybersecurity activities and outcomes organized into 23 categories that cover the breadth of cybersecurity objectives for an organization. The profiles contain an organization's unique alignment of their organizational requirements and objectives, risk appetite, and resources using the desired outcomes of the framework core. The implementation tiers describe the degree to which an organization’s cybersecurity risk management practices exhibit the characteristics defined in the framework core.;735291151388;ap-south-1;2026-07-11 14:19:13.485135;ra_5;Threats, vulnerabilities, likelihoods, and impacts are used to determine risk.;Identify (ID);Risk Assessment (ID.RA);;aws;;FAIL;EC2 Instance i-0c7395c282641f31e has IMDSv2 disabled or not required.;arn:aws:ec2:ap-south-1:735291151388:instance/i-0c7395c282641f31e;ec2_instance_imdsv2_enabled;False;i-0c7395c282641f31e;NIST-CSF;National Institute of Standards and Technology (NIST) Cybersecurity Framework (CSF) v1.1;
aws;The NIST Cybersecurity Framework (CSF) is supported by governments and industries worldwide as a recommended baseline for use by any organization, regardless of sector or size. The NIST Cybersecurity Framework consists of three primary components: the framework core, the profiles, and the implementation tiers. The framework core contains desired cybersecurity activities and outcomes organized into 23 categories that cover the breadth of cybersecurity objectives for an organization. The profiles contain an organization's unique alignment of their organizational requirements and objectives, risk appetite, and resources using the desired outcomes of the framework core. The implementation tiers describe the degree to which an organization’s cybersecurity risk management practices exhibit the characteristics defined in the framework core.;735291151388;ap-south-1;2026-07-11 14:19:13.485135;sc_4;Suppliers and third-party partners are routinely assessed using audits, test results, or other forms of evaluations to confirm they are meeting their contractual obligations.;Identify (ID);Supply Chain Risk Management (ID.SC);;aws;;FAIL;EC2 Instance i-0c7395c282641f31e has IMDSv2 disabled or not required.;arn:aws:ec2:ap-south-1:735291151388:instance/i-0c7395c282641f31e;ec2_instance_imdsv2_enabled;False;i-0c7395c282641f31e;NIST-CSF;National Institute of Standards and Technology (NIST) Cybersecurity Framework (CSF) v1.1;
aws;The NIST Cybersecurity Framework (CSF) is supported by governments and industries worldwide as a recommended baseline for use by any organization, regardless of sector or size. The NIST Cybersecurity Framework consists of three primary components: the framework core, the profiles, and the implementation tiers. The framework core contains desired cybersecurity activities and outcomes organized into 23 categories that cover the breadth of cybersecurity objectives for an organization. The profiles contain an organization's unique alignment of their organizational requirements and objectives, risk appetite, and resources using the desired outcomes of the framework core. The implementation tiers describe the degree to which an organization’s cybersecurity risk management practices exhibit the characteristics defined in the framework core.;735291151388;ap-south-1;2026-07-11 14:19:13.485135;am_1;Physical devices and systems within the organization are inventoried.;Identify (ID);Asset Management (ID.AM);;aws;;PASS;EC2 Instance i-0c7395c282641f31e is managed by Systems Manager.;arn:aws:ec2:ap-south-1:735291151388:instance/i-0c7395c282641f31e;ec2_instance_managed_by_ssm;False;i-0c7395c282641f31e;NIST-CSF;National Institute of Standards and Technology (NIST) Cybersecurity Framework (CSF) v1.1;
aws;The NIST Cybersecurity Framework (CSF) is supported by governments and industries worldwide as a recommended baseline for use by any organization, regardless of sector or size. The NIST Cybersecurity Framework consists of three primary components: the framework core, the profiles, and the implementation tiers. The framework core contains desired cybersecurity activities and outcomes organized into 23 categories that cover the breadth of cybersecurity objectives for an organization. The profiles contain an organization's unique alignment of their organizational requirements and objectives, risk appetite, and resources using the desired outcomes of the framework core. The implementation tiers describe the degree to which an organization’s cybersecurity risk management practices exhibit the characteristics defined in the framework core.;735291151388;ap-south-1;2026-07-11 14:19:13.485135;am_2;Software platforms and applications within the organization are inventoried.;Identify (ID);Asset Management (ID.AM);;aws;;PASS;EC2 Instance i-0c7395c282641f31e is managed by Systems Manager.;arn:aws:ec2:ap-south-1:735291151388:instance/i-0c7395c282641f31e;ec2_instance_managed_by_ssm;False;i-0c7395c282641f31e;NIST-CSF;National Institute of Standards and Technology (NIST) Cybersecurity Framework (CSF) v1.1;
aws;The NIST Cybersecurity Framework (CSF) is supported by governments and industries worldwide as a recommended baseline for use by any organization, regardless of sector or size. The NIST Cybersecurity Framework consists of three primary components: the framework core, the profiles, and the implementation tiers. The framework core contains desired cybersecurity activities and outcomes organized into 23 categories that cover the breadth of cybersecurity objectives for an organization. The profiles contain an organization's unique alignment of their organizational requirements and objectives, risk appetite, and resources using the desired outcomes of the framework core. The implementation tiers describe the degree to which an organization’s cybersecurity risk management practices exhibit the characteristics defined in the framework core.;735291151388;ap-south-1;2026-07-11 14:19:13.485135;ds_3;Assets are formally managed throughout removal, transfers, and disposition.;Protect (PR);Data Security (PR.DS);;aws;;PASS;EC2 Instance i-0c7395c282641f31e is managed by Systems Manager.;arn:aws:ec2:ap-south-1:735291151388:instance/i-0c7395c282641f31e;ec2_instance_managed_by_ssm;False;i-0c7395c282641f31e;NIST-CSF;National Institute of Standards and Technology (NIST) Cybersecurity Framework (CSF) v1.1;
aws;The NIST Cybersecurity Framework (CSF) is supported by governments and industries worldwide as a recommended baseline for use by any organization, regardless of sector or size. The NIST Cybersecurity Framework consists of three primary components: the framework core, the profiles, and the implementation tiers. The framework core contains desired cybersecurity activities and outcomes organized into 23 categories that cover the breadth of cybersecurity objectives for an organization. The profiles contain an organization's unique alignment of their organizational requirements and objectives, risk appetite, and resources using the desired outcomes of the framework core. The implementation tiers describe the degree to which an organization’s cybersecurity risk management practices exhibit the characteristics defined in the framework core.;735291151388;ap-south-1;2026-07-11 14:19:13.485135;ds_7;The development and testing environment(s) are separate from the production environment.;Protect (PR);Data Security (PR.DS);;aws;;PASS;EC2 Instance i-0c7395c282641f31e is managed by Systems Manager.;arn:aws:ec2:ap-south-1:735291151388:instance/i-0c7395c282641f31e;ec2_instance_managed_by_ssm;False;i-0c7395c282641f31e;NIST-CSF;National Institute of Standards and Technology (NIST) Cybersecurity Framework (CSF) v1.1;
aws;The NIST Cybersecurity Framework (CSF) is supported by governments and industries worldwide as a recommended baseline for use by any organization, regardless of sector or size. The NIST Cybersecurity Framework consists of three primary components: the framework core, the profiles, and the implementation tiers. The framework core contains desired cybersecurity activities and outcomes organized into 23 categories that cover the breadth of cybersecurity objectives for an organization. The profiles contain an organization's unique alignment of their organizational requirements and objectives, risk appetite, and resources using the desired outcomes of the framework core. The implementation tiers describe the degree to which an organization’s cybersecurity risk management practices exhibit the characteristics defined in the framework core.;735291151388;ap-south-1;2026-07-11 14:19:13.485135;ds_8;Integrity checking mechanisms are used to verify hardware integrity.;Protect (PR);Data Security (PR.DS);;aws;;PASS;EC2 Instance i-0c7395c282641f31e is managed by Systems Manager.;arn:aws:ec2:ap-south-1:735291151388:instance/i-0c7395c282641f31e;ec2_instance_managed_by_ssm;False;i-0c7395c282641f31e;NIST-CSF;National Institute of Standards and Technology (NIST) Cybersecurity Framework (CSF) v1.1;
aws;The NIST Cybersecurity Framework (CSF) is supported by governments and industries worldwide as a recommended baseline for use by any organization, regardless of sector or size. The NIST Cybersecurity Framework consists of three primary components: the framework core, the profiles, and the implementation tiers. The framework core contains desired cybersecurity activities and outcomes organized into 23 categories that cover the breadth of cybersecurity objectives for an organization. The profiles contain an organization's unique alignment of their organizational requirements and objectives, risk appetite, and resources using the desired outcomes of the framework core. The implementation tiers describe the degree to which an organization’s cybersecurity risk management practices exhibit the characteristics defined in the framework core.;735291151388;ap-south-1;2026-07-11 14:19:13.485135;ip_1;A baseline configuration of information technology/industrial control systems is created and maintained incorporating security principles (e.g. concept of least functionality).;Protect (PR);Information Protection Processes and Procedures (PR.IP);;aws;;PASS;EC2 Instance i-0c7395c282641f31e is managed by Systems Manager.;arn:aws:ec2:ap-south-1:735291151388:instance/i-0c7395c282641f31e;ec2_instance_managed_by_ssm;False;i-0c7395c282641f31e;NIST-CSF;National Institute of Standards and Technology (NIST) Cybersecurity Framework (CSF) v1.1;
aws;The NIST Cybersecurity Framework (CSF) is supported by governments and industries worldwide as a recommended baseline for use by any organization, regardless of sector or size. The NIST Cybersecurity Framework consists of three primary components: the framework core, the profiles, and the implementation tiers. The framework core contains desired cybersecurity activities and outcomes organized into 23 categories that cover the breadth of cybersecurity objectives for an organization. The profiles contain an organization's unique alignment of their organizational requirements and objectives, risk appetite, and resources using the desired outcomes of the framework core. The implementation tiers describe the degree to which an organization’s cybersecurity risk management practices exhibit the characteristics defined in the framework core.;735291151388;ap-south-1;2026-07-11 14:19:13.485135;ip_2;A System Development Life Cycle to manage systems is implemented.;Protect (PR);Information Protection Processes and Procedures (PR.IP);;aws;;PASS;EC2 Instance i-0c7395c282641f31e is managed by Systems Manager.;arn:aws:ec2:ap-south-1:735291151388:instance/i-0c7395c282641f31e;ec2_instance_managed_by_ssm;False;i-0c7395c282641f31e;NIST-CSF;National Institute of Standards and Technology (NIST) Cybersecurity Framework (CSF) v1.1;
aws;The NIST Cybersecurity Framework (CSF) is supported by governments and industries worldwide as a recommended baseline for use by any organization, regardless of sector or size. The NIST Cybersecurity Framework consists of three primary components: the framework core, the profiles, and the implementation tiers. The framework core contains desired cybersecurity activities and outcomes organized into 23 categories that cover the breadth of cybersecurity objectives for an organization. The profiles contain an organization's unique alignment of their organizational requirements and objectives, risk appetite, and resources using the desired outcomes of the framework core. The implementation tiers describe the degree to which an organization’s cybersecurity risk management practices exhibit the characteristics defined in the framework core.;735291151388;ap-south-1;2026-07-11 14:19:13.485135;ip_12;A vulnerability management plan is developed and implemented.;Protect (PR);Information Protection Processes and Procedures (PR.IP);;aws;;PASS;EC2 Instance i-0c7395c282641f31e is managed by Systems Manager.;arn:aws:ec2:ap-south-1:735291151388:instance/i-0c7395c282641f31e;ec2_instance_managed_by_ssm;False;i-0c7395c282641f31e;NIST-CSF;National Institute of Standards and Technology (NIST) Cybersecurity Framework (CSF) v1.1;
aws;The NIST Cybersecurity Framework (CSF) is supported by governments and industries worldwide as a recommended baseline for use by any organization, regardless of sector or size. The NIST Cybersecurity Framework consists of three primary components: the framework core, the profiles, and the implementation tiers. The framework core contains desired cybersecurity activities and outcomes organized into 23 categories that cover the breadth of cybersecurity objectives for an organization. The profiles contain an organization's unique alignment of their organizational requirements and objectives, risk appetite, and resources using the desired outcomes of the framework core. The implementation tiers describe the degree to which an organization’s cybersecurity risk management practices exhibit the characteristics defined in the framework core.;735291151388;ap-south-1;2026-07-11 14:19:13.485135;ds_7;The development and testing environment(s) are separate from the production environment.;Protect (PR);Data Security (PR.DS);;aws;;PASS;EC2 Instance i-0c7395c282641f31e is not older than 180 days (0 days).;arn:aws:ec2:ap-south-1:735291151388:instance/i-0c7395c282641f31e;ec2_instance_older_than_specific_days;False;i-0c7395c282641f31e;NIST-CSF;National Institute of Standards and Technology (NIST) Cybersecurity Framework (CSF) v1.1;
aws;The NIST Cybersecurity Framework (CSF) is supported by governments and industries worldwide as a recommended baseline for use by any organization, regardless of sector or size. The NIST Cybersecurity Framework consists of three primary components: the framework core, the profiles, and the implementation tiers. The framework core contains desired cybersecurity activities and outcomes organized into 23 categories that cover the breadth of cybersecurity objectives for an organization. The profiles contain an organization's unique alignment of their organizational requirements and objectives, risk appetite, and resources using the desired outcomes of the framework core. The implementation tiers describe the degree to which an organization’s cybersecurity risk management practices exhibit the characteristics defined in the framework core.;735291151388;ap-south-1;2026-07-11 14:19:13.485135;ip_1;A baseline configuration of information technology/industrial control systems is created and maintained incorporating security principles (e.g. concept of least functionality).;Protect (PR);Information Protection Processes and Procedures (PR.IP);;aws;;PASS;EC2 Instance i-0c7395c282641f31e is not older than 180 days (0 days).;arn:aws:ec2:ap-south-1:735291151388:instance/i-0c7395c282641f31e;ec2_instance_older_than_specific_days;False;i-0c7395c282641f31e;NIST-CSF;National Institute of Standards and Technology (NIST) Cybersecurity Framework (CSF) v1.1;
aws;The NIST Cybersecurity Framework (CSF) is supported by governments and industries worldwide as a recommended baseline for use by any organization, regardless of sector or size. The NIST Cybersecurity Framework consists of three primary components: the framework core, the profiles, and the implementation tiers. The framework core contains desired cybersecurity activities and outcomes organized into 23 categories that cover the breadth of cybersecurity objectives for an organization. The profiles contain an organization's unique alignment of their organizational requirements and objectives, risk appetite, and resources using the desired outcomes of the framework core. The implementation tiers describe the degree to which an organization’s cybersecurity risk management practices exhibit the characteristics defined in the framework core.;735291151388;ap-south-1;2026-07-11 14:19:13.485135;ac_3;Remote access is managed.;Protect (PR);Identity Management and Access Control (PR.AC);;aws;;FAIL;EC2 Instance i-0c7395c282641f31e has a Public IP: 13.207.69.17 (ec2-13-207-69-17.ap-south-1.compute.amazonaws.com).;arn:aws:ec2:ap-south-1:735291151388:instance/i-0c7395c282641f31e;ec2_instance_public_ip;False;i-0c7395c282641f31e;NIST-CSF;National Institute of Standards and Technology (NIST) Cybersecurity Framework (CSF) v1.1;
aws;The NIST Cybersecurity Framework (CSF) is supported by governments and industries worldwide as a recommended baseline for use by any organization, regardless of sector or size. The NIST Cybersecurity Framework consists of three primary components: the framework core, the profiles, and the implementation tiers. The framework core contains desired cybersecurity activities and outcomes organized into 23 categories that cover the breadth of cybersecurity objectives for an organization. The profiles contain an organization's unique alignment of their organizational requirements and objectives, risk appetite, and resources using the desired outcomes of the framework core. The implementation tiers describe the degree to which an organization’s cybersecurity risk management practices exhibit the characteristics defined in the framework core.;735291151388;ap-south-1;2026-07-11 14:19:13.485135;ac_5;Network integrity is protected (e.g., network segregation, network segmentation).;Protect (PR);Identity Management and Access Control (PR.AC);;aws;;FAIL;EC2 Instance i-0c7395c282641f31e has a Public IP: 13.207.69.17 (ec2-13-207-69-17.ap-south-1.compute.amazonaws.com).;arn:aws:ec2:ap-south-1:735291151388:instance/i-0c7395c282641f31e;ec2_instance_public_ip;False;i-0c7395c282641f31e;NIST-CSF;National Institute of Standards and Technology (NIST) Cybersecurity Framework (CSF) v1.1;
aws;The NIST Cybersecurity Framework (CSF) is supported by governments and industries worldwide as a recommended baseline for use by any organization, regardless of sector or size. The NIST Cybersecurity Framework consists of three primary components: the framework core, the profiles, and the implementation tiers. The framework core contains desired cybersecurity activities and outcomes organized into 23 categories that cover the breadth of cybersecurity objectives for an organization. The profiles contain an organization's unique alignment of their organizational requirements and objectives, risk appetite, and resources using the desired outcomes of the framework core. The implementation tiers describe the degree to which an organization’s cybersecurity risk management practices exhibit the characteristics defined in the framework core.;735291151388;ap-south-1;2026-07-11 14:19:13.485135;ip_8;Effectiveness of protection technologies is shared.;Protect (PR);Information Protection Processes and Procedures (PR.IP);;aws;;FAIL;EC2 Instance i-0c7395c282641f31e has a Public IP: 13.207.69.17 (ec2-13-207-69-17.ap-south-1.compute.amazonaws.com).;arn:aws:ec2:ap-south-1:735291151388:instance/i-0c7395c282641f31e;ec2_instance_public_ip;False;i-0c7395c282641f31e;NIST-CSF;National Institute of Standards and Technology (NIST) Cybersecurity Framework (CSF) v1.1;
aws;The NIST Cybersecurity Framework (CSF) is supported by governments and industries worldwide as a recommended baseline for use by any organization, regardless of sector or size. The NIST Cybersecurity Framework consists of three primary components: the framework core, the profiles, and the implementation tiers. The framework core contains desired cybersecurity activities and outcomes organized into 23 categories that cover the breadth of cybersecurity objectives for an organization. The profiles contain an organization's unique alignment of their organizational requirements and objectives, risk appetite, and resources using the desired outcomes of the framework core. The implementation tiers describe the degree to which an organization’s cybersecurity risk management practices exhibit the characteristics defined in the framework core.;735291151388;ap-south-1;2026-07-11 14:19:13.485135;ae_1;A baseline of network operations and expected data flows for users and systems is established and managed.;Detect (DE);Anomalies and Events (DE.AE);;aws;;FAIL;Network ACL acl-055a0136ea4bc4585 has every port open to the Internet.;arn:aws:ec2:ap-south-1:735291151388:network-acl/acl-055a0136ea4bc4585;ec2_networkacl_allow_ingress_any_port;False;acl-055a0136ea4bc4585;NIST-CSF;National Institute of Standards and Technology (NIST) Cybersecurity Framework (CSF) v1.1;
aws;The NIST Cybersecurity Framework (CSF) is supported by governments and industries worldwide as a recommended baseline for use by any organization, regardless of sector or size. The NIST Cybersecurity Framework consists of three primary components: the framework core, the profiles, and the implementation tiers. The framework core contains desired cybersecurity activities and outcomes organized into 23 categories that cover the breadth of cybersecurity objectives for an organization. The profiles contain an organization's unique alignment of their organizational requirements and objectives, risk appetite, and resources using the desired outcomes of the framework core. The implementation tiers describe the degree to which an organization’s cybersecurity risk management practices exhibit the characteristics defined in the framework core.;735291151388;ap-south-1;2026-07-11 14:19:13.485135;ac_3;Remote access is managed.;Protect (PR);Identity Management and Access Control (PR.AC);;aws;;FAIL;Network ACL acl-055a0136ea4bc4585 has every port open to the Internet.;arn:aws:ec2:ap-south-1:735291151388:network-acl/acl-055a0136ea4bc4585;ec2_networkacl_allow_ingress_any_port;False;acl-055a0136ea4bc4585;NIST-CSF;National Institute of Standards and Technology (NIST) Cybersecurity Framework (CSF) v1.1;
aws;The NIST Cybersecurity Framework (CSF) is supported by governments and industries worldwide as a recommended baseline for use by any organization, regardless of sector or size. The NIST Cybersecurity Framework consists of three primary components: the framework core, the profiles, and the implementation tiers. The framework core contains desired cybersecurity activities and outcomes organized into 23 categories that cover the breadth of cybersecurity objectives for an organization. The profiles contain an organization's unique alignment of their organizational requirements and objectives, risk appetite, and resources using the desired outcomes of the framework core. The implementation tiers describe the degree to which an organization’s cybersecurity risk management practices exhibit the characteristics defined in the framework core.;735291151388;ap-south-1;2026-07-11 14:19:13.485135;ac_5;Network integrity is protected (e.g., network segregation, network segmentation).;Protect (PR);Identity Management and Access Control (PR.AC);;aws;;FAIL;Network ACL acl-055a0136ea4bc4585 has every port open to the Internet.;arn:aws:ec2:ap-south-1:735291151388:network-acl/acl-055a0136ea4bc4585;ec2_networkacl_allow_ingress_any_port;False;acl-055a0136ea4bc4585;NIST-CSF;National Institute of Standards and Technology (NIST) Cybersecurity Framework (CSF) v1.1;
aws;The NIST Cybersecurity Framework (CSF) is supported by governments and industries worldwide as a recommended baseline for use by any organization, regardless of sector or size. The NIST Cybersecurity Framework consists of three primary components: the framework core, the profiles, and the implementation tiers. The framework core contains desired cybersecurity activities and outcomes organized into 23 categories that cover the breadth of cybersecurity objectives for an organization. The profiles contain an organization's unique alignment of their organizational requirements and objectives, risk appetite, and resources using the desired outcomes of the framework core. The implementation tiers describe the degree to which an organization’s cybersecurity risk management practices exhibit the characteristics defined in the framework core.;735291151388;ap-south-1;2026-07-11 14:19:13.485135;pt_4;Communications and control networks are protected.;Protect (PR);Protective Technology (PR.PT);;aws;;FAIL;Network ACL acl-055a0136ea4bc4585 has every port open to the Internet.;arn:aws:ec2:ap-south-1:735291151388:network-acl/acl-055a0136ea4bc4585;ec2_networkacl_allow_ingress_any_port;False;acl-055a0136ea4bc4585;NIST-CSF;National Institute of Standards and Technology (NIST) Cybersecurity Framework (CSF) v1.1;
aws;The NIST Cybersecurity Framework (CSF) is supported by governments and industries worldwide as a recommended baseline for use by any organization, regardless of sector or size. The NIST Cybersecurity Framework consists of three primary components: the framework core, the profiles, and the implementation tiers. The framework core contains desired cybersecurity activities and outcomes organized into 23 categories that cover the breadth of cybersecurity objectives for an organization. The profiles contain an organization's unique alignment of their organizational requirements and objectives, risk appetite, and resources using the desired outcomes of the framework core. The implementation tiers describe the degree to which an organization’s cybersecurity risk management practices exhibit the characteristics defined in the framework core.;735291151388;ap-south-1;2026-07-11 14:19:13.485135;ae_1;A baseline of network operations and expected data flows for users and systems is established and managed.;Detect (DE);Anomalies and Events (DE.AE);;aws;;FAIL;Network ACL acl-0db7c7715aa3918aa has every port open to the Internet.;arn:aws:ec2:ap-south-1:735291151388:network-acl/acl-0db7c7715aa3918aa;ec2_networkacl_allow_ingress_any_port;False;acl-0db7c7715aa3918aa;NIST-CSF;National Institute of Standards and Technology (NIST) Cybersecurity Framework (CSF) v1.1;
aws;The NIST Cybersecurity Framework (CSF) is supported by governments and industries worldwide as a recommended baseline for use by any organization, regardless of sector or size. The NIST Cybersecurity Framework consists of three primary components: the framework core, the profiles, and the implementation tiers. The framework core contains desired cybersecurity activities and outcomes organized into 23 categories that cover the breadth of cybersecurity objectives for an organization. The profiles contain an organization's unique alignment of their organizational requirements and objectives, risk appetite, and resources using the desired outcomes of the framework core. The implementation tiers describe the degree to which an organization’s cybersecurity risk management practices exhibit the characteristics defined in the framework core.;735291151388;ap-south-1;2026-07-11 14:19:13.485135;ac_3;Remote access is managed.;Protect (PR);Identity Management and Access Control (PR.AC);;aws;;FAIL;Network ACL acl-0db7c7715aa3918aa has every port open to the Internet.;arn:aws:ec2:ap-south-1:735291151388:network-acl/acl-0db7c7715aa3918aa;ec2_networkacl_allow_ingress_any_port;False;acl-0db7c7715aa3918aa;NIST-CSF;National Institute of Standards and Technology (NIST) Cybersecurity Framework (CSF) v1.1;
aws;The NIST Cybersecurity Framework (CSF) is supported by governments and industries worldwide as a recommended baseline for use by any organization, regardless of sector or size. The NIST Cybersecurity Framework consists of three primary components: the framework core, the profiles, and the implementation tiers. The framework core contains desired cybersecurity activities and outcomes organized into 23 categories that cover the breadth of cybersecurity objectives for an organization. The profiles contain an organization's unique alignment of their organizational requirements and objectives, risk appetite, and resources using the desired outcomes of the framework core. The implementation tiers describe the degree to which an organization’s cybersecurity risk management practices exhibit the characteristics defined in the framework core.;735291151388;ap-south-1;2026-07-11 14:19:13.485135;ac_5;Network integrity is protected (e.g., network segregation, network segmentation).;Protect (PR);Identity Management and Access Control (PR.AC);;aws;;FAIL;Network ACL acl-0db7c7715aa3918aa has every port open to the Internet.;arn:aws:ec2:ap-south-1:735291151388:network-acl/acl-0db7c7715aa3918aa;ec2_networkacl_allow_ingress_any_port;False;acl-0db7c7715aa3918aa;NIST-CSF;National Institute of Standards and Technology (NIST) Cybersecurity Framework (CSF) v1.1;
aws;The NIST Cybersecurity Framework (CSF) is supported by governments and industries worldwide as a recommended baseline for use by any organization, regardless of sector or size. The NIST Cybersecurity Framework consists of three primary components: the framework core, the profiles, and the implementation tiers. The framework core contains desired cybersecurity activities and outcomes organized into 23 categories that cover the breadth of cybersecurity objectives for an organization. The profiles contain an organization's unique alignment of their organizational requirements and objectives, risk appetite, and resources using the desired outcomes of the framework core. The implementation tiers describe the degree to which an organization’s cybersecurity risk management practices exhibit the characteristics defined in the framework core.;735291151388;ap-south-1;2026-07-11 14:19:13.485135;pt_4;Communications and control networks are protected.;Protect (PR);Protective Technology (PR.PT);;aws;;FAIL;Network ACL acl-0db7c7715aa3918aa has every port open to the Internet.;arn:aws:ec2:ap-south-1:735291151388:network-acl/acl-0db7c7715aa3918aa;ec2_networkacl_allow_ingress_any_port;False;acl-0db7c7715aa3918aa;NIST-CSF;National Institute of Standards and Technology (NIST) Cybersecurity Framework (CSF) v1.1;
aws;The NIST Cybersecurity Framework (CSF) is supported by governments and industries worldwide as a recommended baseline for use by any organization, regardless of sector or size. The NIST Cybersecurity Framework consists of three primary components: the framework core, the profiles, and the implementation tiers. The framework core contains desired cybersecurity activities and outcomes organized into 23 categories that cover the breadth of cybersecurity objectives for an organization. The profiles contain an organization's unique alignment of their organizational requirements and objectives, risk appetite, and resources using the desired outcomes of the framework core. The implementation tiers describe the degree to which an organization’s cybersecurity risk management practices exhibit the characteristics defined in the framework core.;735291151388;ap-south-1;2026-07-11 14:19:13.485135;ae_1;A baseline of network operations and expected data flows for users and systems is established and managed.;Detect (DE);Anomalies and Events (DE.AE);;aws;;FAIL;Security group cloudguardian-web-sg (sg-0fdba0a657788f1d7) has SSH port 22 open to the Internet.;arn:aws:ec2:ap-south-1:735291151388:security-group/sg-0fdba0a657788f1d7;ec2_securitygroup_allow_ingress_from_internet_to_tcp_port_22;False;sg-0fdba0a657788f1d7;NIST-CSF;National Institute of Standards and Technology (NIST) Cybersecurity Framework (CSF) v1.1;
aws;The NIST Cybersecurity Framework (CSF) is supported by governments and industries worldwide as a recommended baseline for use by any organization, regardless of sector or size. The NIST Cybersecurity Framework consists of three primary components: the framework core, the profiles, and the implementation tiers. The framework core contains desired cybersecurity activities and outcomes organized into 23 categories that cover the breadth of cybersecurity objectives for an organization. The profiles contain an organization's unique alignment of their organizational requirements and objectives, risk appetite, and resources using the desired outcomes of the framework core. The implementation tiers describe the degree to which an organization’s cybersecurity risk management practices exhibit the characteristics defined in the framework core.;735291151388;ap-south-1;2026-07-11 14:19:13.485135;ac_3;Remote access is managed.;Protect (PR);Identity Management and Access Control (PR.AC);;aws;;FAIL;Security group cloudguardian-web-sg (sg-0fdba0a657788f1d7) has SSH port 22 open to the Internet.;arn:aws:ec2:ap-south-1:735291151388:security-group/sg-0fdba0a657788f1d7;ec2_securitygroup_allow_ingress_from_internet_to_tcp_port_22;False;sg-0fdba0a657788f1d7;NIST-CSF;National Institute of Standards and Technology (NIST) Cybersecurity Framework (CSF) v1.1;
aws;The NIST Cybersecurity Framework (CSF) is supported by governments and industries worldwide as a recommended baseline for use by any organization, regardless of sector or size. The NIST Cybersecurity Framework consists of three primary components: the framework core, the profiles, and the implementation tiers. The framework core contains desired cybersecurity activities and outcomes organized into 23 categories that cover the breadth of cybersecurity objectives for an organization. The profiles contain an organization's unique alignment of their organizational requirements and objectives, risk appetite, and resources using the desired outcomes of the framework core. The implementation tiers describe the degree to which an organization’s cybersecurity risk management practices exhibit the characteristics defined in the framework core.;735291151388;ap-south-1;2026-07-11 14:19:13.485135;ac_5;Network integrity is protected (e.g., network segregation, network segmentation).;Protect (PR);Identity Management and Access Control (PR.AC);;aws;;FAIL;Security group cloudguardian-web-sg (sg-0fdba0a657788f1d7) has SSH port 22 open to the Internet.;arn:aws:ec2:ap-south-1:735291151388:security-group/sg-0fdba0a657788f1d7;ec2_securitygroup_allow_ingress_from_internet_to_tcp_port_22;False;sg-0fdba0a657788f1d7;NIST-CSF;National Institute of Standards and Technology (NIST) Cybersecurity Framework (CSF) v1.1;
aws;The NIST Cybersecurity Framework (CSF) is supported by governments and industries worldwide as a recommended baseline for use by any organization, regardless of sector or size. The NIST Cybersecurity Framework consists of three primary components: the framework core, the profiles, and the implementation tiers. The framework core contains desired cybersecurity activities and outcomes organized into 23 categories that cover the breadth of cybersecurity objectives for an organization. The profiles contain an organization's unique alignment of their organizational requirements and objectives, risk appetite, and resources using the desired outcomes of the framework core. The implementation tiers describe the degree to which an organization’s cybersecurity risk management practices exhibit the characteristics defined in the framework core.;735291151388;ap-south-1;2026-07-11 14:19:13.485135;ds_7;The development and testing environment(s) are separate from the production environment.;Protect (PR);Data Security (PR.DS);;aws;;FAIL;Security group cloudguardian-web-sg (sg-0fdba0a657788f1d7) has SSH port 22 open to the Internet.;arn:aws:ec2:ap-south-1:735291151388:security-group/sg-0fdba0a657788f1d7;ec2_securitygroup_allow_ingress_from_internet_to_tcp_port_22;False;sg-0fdba0a657788f1d7;NIST-CSF;National Institute of Standards and Technology (NIST) Cybersecurity Framework (CSF) v1.1;
aws;The NIST Cybersecurity Framework (CSF) is supported by governments and industries worldwide as a recommended baseline for use by any organization, regardless of sector or size. The NIST Cybersecurity Framework consists of three primary components: the framework core, the profiles, and the implementation tiers. The framework core contains desired cybersecurity activities and outcomes organized into 23 categories that cover the breadth of cybersecurity objectives for an organization. The profiles contain an organization's unique alignment of their organizational requirements and objectives, risk appetite, and resources using the desired outcomes of the framework core. The implementation tiers describe the degree to which an organization’s cybersecurity risk management practices exhibit the characteristics defined in the framework core.;735291151388;ap-south-1;2026-07-11 14:19:13.485135;pt_4;Communications and control networks are protected.;Protect (PR);Protective Technology (PR.PT);;aws;;FAIL;Security group cloudguardian-web-sg (sg-0fdba0a657788f1d7) has SSH port 22 open to the Internet.;arn:aws:ec2:ap-south-1:735291151388:security-group/sg-0fdba0a657788f1d7;ec2_securitygroup_allow_ingress_from_internet_to_tcp_port_22;False;sg-0fdba0a657788f1d7;NIST-CSF;National Institute of Standards and Technology (NIST) Cybersecurity Framework (CSF) v1.1;
aws;The NIST Cybersecurity Framework (CSF) is supported by governments and industries worldwide as a recommended baseline for use by any organization, regardless of sector or size. The NIST Cybersecurity Framework consists of three primary components: the framework core, the profiles, and the implementation tiers. The framework core contains desired cybersecurity activities and outcomes organized into 23 categories that cover the breadth of cybersecurity objectives for an organization. The profiles contain an organization's unique alignment of their organizational requirements and objectives, risk appetite, and resources using the desired outcomes of the framework core. The implementation tiers describe the degree to which an organization’s cybersecurity risk management practices exhibit the characteristics defined in the framework core.;735291151388;ap-south-1;2026-07-11 14:19:13.485135;ae_1;A baseline of network operations and expected data flows for users and systems is established and managed.;Detect (DE);Anomalies and Events (DE.AE);;aws;;PASS;Security group cloudguardian-rds-sg (sg-0be0be5f1a7d28519) does not have SSH port 22 open to the Internet.;arn:aws:ec2:ap-south-1:735291151388:security-group/sg-0be0be5f1a7d28519;ec2_securitygroup_allow_ingress_from_internet_to_tcp_port_22;False;sg-0be0be5f1a7d28519;NIST-CSF;National Institute of Standards and Technology (NIST) Cybersecurity Framework (CSF) v1.1;
aws;The NIST Cybersecurity Framework (CSF) is supported by governments and industries worldwide as a recommended baseline for use by any organization, regardless of sector or size. The NIST Cybersecurity Framework consists of three primary components: the framework core, the profiles, and the implementation tiers. The framework core contains desired cybersecurity activities and outcomes organized into 23 categories that cover the breadth of cybersecurity objectives for an organization. The profiles contain an organization's unique alignment of their organizational requirements and objectives, risk appetite, and resources using the desired outcomes of the framework core. The implementation tiers describe the degree to which an organization’s cybersecurity risk management practices exhibit the characteristics defined in the framework core.;735291151388;ap-south-1;2026-07-11 14:19:13.485135;ac_3;Remote access is managed.;Protect (PR);Identity Management and Access Control (PR.AC);;aws;;PASS;Security group cloudguardian-rds-sg (sg-0be0be5f1a7d28519) does not have SSH port 22 open to the Internet.;arn:aws:ec2:ap-south-1:735291151388:security-group/sg-0be0be5f1a7d28519;ec2_securitygroup_allow_ingress_from_internet_to_tcp_port_22;False;sg-0be0be5f1a7d28519;NIST-CSF;National Institute of Standards and Technology (NIST) Cybersecurity Framework (CSF) v1.1;
aws;The NIST Cybersecurity Framework (CSF) is supported by governments and industries worldwide as a recommended baseline for use by any organization, regardless of sector or size. The NIST Cybersecurity Framework consists of three primary components: the framework core, the profiles, and the implementation tiers. The framework core contains desired cybersecurity activities and outcomes organized into 23 categories that cover the breadth of cybersecurity objectives for an organization. The profiles contain an organization's unique alignment of their organizational requirements and objectives, risk appetite, and resources using the desired outcomes of the framework core. The implementation tiers describe the degree to which an organization’s cybersecurity risk management practices exhibit the characteristics defined in the framework core.;735291151388;ap-south-1;2026-07-11 14:19:13.485135;ac_5;Network integrity is protected (e.g., network segregation, network segmentation).;Protect (PR);Identity Management and Access Control (PR.AC);;aws;;PASS;Security group cloudguardian-rds-sg (sg-0be0be5f1a7d28519) does not have SSH port 22 open to the Internet.;arn:aws:ec2:ap-south-1:735291151388:security-group/sg-0be0be5f1a7d28519;ec2_securitygroup_allow_ingress_from_internet_to_tcp_port_22;False;sg-0be0be5f1a7d28519;NIST-CSF;National Institute of Standards and Technology (NIST) Cybersecurity Framework (CSF) v1.1;
aws;The NIST Cybersecurity Framework (CSF) is supported by governments and industries worldwide as a recommended baseline for use by any organization, regardless of sector or size. The NIST Cybersecurity Framework consists of three primary components: the framework core, the profiles, and the implementation tiers. The framework core contains desired cybersecurity activities and outcomes organized into 23 categories that cover the breadth of cybersecurity objectives for an organization. The profiles contain an organization's unique alignment of their organizational requirements and objectives, risk appetite, and resources using the desired outcomes of the framework core. The implementation tiers describe the degree to which an organization’s cybersecurity risk management practices exhibit the characteristics defined in the framework core.;735291151388;ap-south-1;2026-07-11 14:19:13.485135;ds_7;The development and testing environment(s) are separate from the production environment.;Protect (PR);Data Security (PR.DS);;aws;;PASS;Security group cloudguardian-rds-sg (sg-0be0be5f1a7d28519) does not have SSH port 22 open to the Internet.;arn:aws:ec2:ap-south-1:735291151388:security-group/sg-0be0be5f1a7d28519;ec2_securitygroup_allow_ingress_from_internet_to_tcp_port_22;False;sg-0be0be5f1a7d28519;NIST-CSF;National Institute of Standards and Technology (NIST) Cybersecurity Framework (CSF) v1.1;
aws;The NIST Cybersecurity Framework (CSF) is supported by governments and industries worldwide as a recommended baseline for use by any organization, regardless of sector or size. The NIST Cybersecurity Framework consists of three primary components: the framework core, the profiles, and the implementation tiers. The framework core contains desired cybersecurity activities and outcomes organized into 23 categories that cover the breadth of cybersecurity objectives for an organization. The profiles contain an organization's unique alignment of their organizational requirements and objectives, risk appetite, and resources using the desired outcomes of the framework core. The implementation tiers describe the degree to which an organization’s cybersecurity risk management practices exhibit the characteristics defined in the framework core.;735291151388;ap-south-1;2026-07-11 14:19:13.485135;pt_4;Communications and control networks are protected.;Protect (PR);Protective Technology (PR.PT);;aws;;PASS;Security group cloudguardian-rds-sg (sg-0be0be5f1a7d28519) does not have SSH port 22 open to the Internet.;arn:aws:ec2:ap-south-1:735291151388:security-group/sg-0be0be5f1a7d28519;ec2_securitygroup_allow_ingress_from_internet_to_tcp_port_22;False;sg-0be0be5f1a7d28519;NIST-CSF;National Institute of Standards and Technology (NIST) Cybersecurity Framework (CSF) v1.1;
aws;The NIST Cybersecurity Framework (CSF) is supported by governments and industries worldwide as a recommended baseline for use by any organization, regardless of sector or size. The NIST Cybersecurity Framework consists of three primary components: the framework core, the profiles, and the implementation tiers. The framework core contains desired cybersecurity activities and outcomes organized into 23 categories that cover the breadth of cybersecurity objectives for an organization. The profiles contain an organization's unique alignment of their organizational requirements and objectives, risk appetite, and resources using the desired outcomes of the framework core. The implementation tiers describe the degree to which an organization’s cybersecurity risk management practices exhibit the characteristics defined in the framework core.;735291151388;ap-south-1;2026-07-11 14:19:13.485135;ac_1;Identities and credentials are issued, managed, verified, revoked, and audited for authorized devices, users and processes.;Protect (PR);Identity Management and Access Control (PR.AC);;aws;;PASS;AWS policy AmazonRDSServiceRolePolicy is attached but does not allow '*:*' administrative privileges.;arn:aws:iam::aws:policy/aws-service-role/AmazonRDSServiceRolePolicy;iam_aws_attached_policy_no_administrative_privileges;False;AmazonRDSServiceRolePolicy;NIST-CSF;National Institute of Standards and Technology (NIST) Cybersecurity Framework (CSF) v1.1;
aws;The NIST Cybersecurity Framework (CSF) is supported by governments and industries worldwide as a recommended baseline for use by any organization, regardless of sector or size. The NIST Cybersecurity Framework consists of three primary components: the framework core, the profiles, and the implementation tiers. The framework core contains desired cybersecurity activities and outcomes organized into 23 categories that cover the breadth of cybersecurity objectives for an organization. The profiles contain an organization's unique alignment of their organizational requirements and objectives, risk appetite, and resources using the desired outcomes of the framework core. The implementation tiers describe the degree to which an organization’s cybersecurity risk management practices exhibit the characteristics defined in the framework core.;735291151388;ap-south-1;2026-07-11 14:19:13.485135;ac_4;Access permissions and authorizations are managed, incorporating the principles of least privilege and separation of duties.;Protect (PR);Identity Management and Access Control (PR.AC);;aws;;PASS;AWS policy AmazonRDSServiceRolePolicy is attached but does not allow '*:*' administrative privileges.;arn:aws:iam::aws:policy/aws-service-role/AmazonRDSServiceRolePolicy;iam_aws_attached_policy_no_administrative_privileges;False;AmazonRDSServiceRolePolicy;NIST-CSF;National Institute of Standards and Technology (NIST) Cybersecurity Framework (CSF) v1.1;
aws;The NIST Cybersecurity Framework (CSF) is supported by governments and industries worldwide as a recommended baseline for use by any organization, regardless of sector or size. The NIST Cybersecurity Framework consists of three primary components: the framework core, the profiles, and the implementation tiers. The framework core contains desired cybersecurity activities and outcomes organized into 23 categories that cover the breadth of cybersecurity objectives for an organization. The profiles contain an organization's unique alignment of their organizational requirements and objectives, risk appetite, and resources using the desired outcomes of the framework core. The implementation tiers describe the degree to which an organization’s cybersecurity risk management practices exhibit the characteristics defined in the framework core.;735291151388;ap-south-1;2026-07-11 14:19:13.485135;pt_3;The principle of least functionality is incorporated by configuring systems to provide only essential capabilities.;Protect (PR);Protective Technology (PR.PT);;aws;;PASS;AWS policy AmazonRDSServiceRolePolicy is attached but does not allow '*:*' administrative privileges.;arn:aws:iam::aws:policy/aws-service-role/AmazonRDSServiceRolePolicy;iam_aws_attached_policy_no_administrative_privileges;False;AmazonRDSServiceRolePolicy;NIST-CSF;National Institute of Standards and Technology (NIST) Cybersecurity Framework (CSF) v1.1;
aws;The NIST Cybersecurity Framework (CSF) is supported by governments and industries worldwide as a recommended baseline for use by any organization, regardless of sector or size. The NIST Cybersecurity Framework consists of three primary components: the framework core, the profiles, and the implementation tiers. The framework core contains desired cybersecurity activities and outcomes organized into 23 categories that cover the breadth of cybersecurity objectives for an organization. The profiles contain an organization's unique alignment of their organizational requirements and objectives, risk appetite, and resources using the desired outcomes of the framework core. The implementation tiers describe the degree to which an organization’s cybersecurity risk management practices exhibit the characteristics defined in the framework core.;735291151388;ap-south-1;2026-07-11 14:19:13.485135;ac_1;Identities and credentials are issued, managed, verified, revoked, and audited for authorized devices, users and processes.;Protect (PR);Identity Management and Access Control (PR.AC);;aws;;PASS;AWS policy AWSTrustedAdvisorServiceRolePolicy is attached but does not allow '*:*' administrative privileges.;arn:aws:iam::aws:policy/aws-service-role/AWSTrustedAdvisorServiceRolePolicy;iam_aws_attached_policy_no_administrative_privileges;False;AWSTrustedAdvisorServiceRolePolicy;NIST-CSF;National Institute of Standards and Technology (NIST) Cybersecurity Framework (CSF) v1.1;
aws;The NIST Cybersecurity Framework (CSF) is supported by governments and industries worldwide as a recommended baseline for use by any organization, regardless of sector or size. The NIST Cybersecurity Framework consists of three primary components: the framework core, the profiles, and the implementation tiers. The framework core contains desired cybersecurity activities and outcomes organized into 23 categories that cover the breadth of cybersecurity objectives for an organization. The profiles contain an organization's unique alignment of their organizational requirements and objectives, risk appetite, and resources using the desired outcomes of the framework core. The implementation tiers describe the degree to which an organization’s cybersecurity risk management practices exhibit the characteristics defined in the framework core.;735291151388;ap-south-1;2026-07-11 14:19:13.485135;ac_4;Access permissions and authorizations are managed, incorporating the principles of least privilege and separation of duties.;Protect (PR);Identity Management and Access Control (PR.AC);;aws;;PASS;AWS policy AWSTrustedAdvisorServiceRolePolicy is attached but does not allow '*:*' administrative privileges.;arn:aws:iam::aws:policy/aws-service-role/AWSTrustedAdvisorServiceRolePolicy;iam_aws_attached_policy_no_administrative_privileges;False;AWSTrustedAdvisorServiceRolePolicy;NIST-CSF;National Institute of Standards and Technology (NIST) Cybersecurity Framework (CSF) v1.1;
aws;The NIST Cybersecurity Framework (CSF) is supported by governments and industries worldwide as a recommended baseline for use by any organization, regardless of sector or size. The NIST Cybersecurity Framework consists of three primary components: the framework core, the profiles, and the implementation tiers. The framework core contains desired cybersecurity activities and outcomes organized into 23 categories that cover the breadth of cybersecurity objectives for an organization. The profiles contain an organization's unique alignment of their organizational requirements and objectives, risk appetite, and resources using the desired outcomes of the framework core. The implementation tiers describe the degree to which an organization’s cybersecurity risk management practices exhibit the characteristics defined in the framework core.;735291151388;ap-south-1;2026-07-11 14:19:13.485135;pt_3;The principle of least functionality is incorporated by configuring systems to provide only essential capabilities.;Protect (PR);Protective Technology (PR.PT);;aws;;PASS;AWS policy AWSTrustedAdvisorServiceRolePolicy is attached but does not allow '*:*' administrative privileges.;arn:aws:iam::aws:policy/aws-service-role/AWSTrustedAdvisorServiceRolePolicy;iam_aws_attached_policy_no_administrative_privileges;False;AWSTrustedAdvisorServiceRolePolicy;NIST-CSF;National Institute of Standards and Technology (NIST) Cybersecurity Framework (CSF) v1.1;
aws;The NIST Cybersecurity Framework (CSF) is supported by governments and industries worldwide as a recommended baseline for use by any organization, regardless of sector or size. The NIST Cybersecurity Framework consists of three primary components: the framework core, the profiles, and the implementation tiers. The framework core contains desired cybersecurity activities and outcomes organized into 23 categories that cover the breadth of cybersecurity objectives for an organization. The profiles contain an organization's unique alignment of their organizational requirements and objectives, risk appetite, and resources using the desired outcomes of the framework core. The implementation tiers describe the degree to which an organization’s cybersecurity risk management practices exhibit the characteristics defined in the framework core.;735291151388;ap-south-1;2026-07-11 14:19:13.485135;ac_1;Identities and credentials are issued, managed, verified, revoked, and audited for authorized devices, users and processes.;Protect (PR);Identity Management and Access Control (PR.AC);;aws;;FAIL;AWS policy AdministratorAccess is attached and allows '*:*' administrative privileges.;arn:aws:iam::aws:policy/AdministratorAccess;iam_aws_attached_policy_no_administrative_privileges;False;AdministratorAccess;NIST-CSF;National Institute of Standards and Technology (NIST) Cybersecurity Framework (CSF) v1.1;
aws;The NIST Cybersecurity Framework (CSF) is supported by governments and industries worldwide as a recommended baseline for use by any organization, regardless of sector or size. The NIST Cybersecurity Framework consists of three primary components: the framework core, the profiles, and the implementation tiers. The framework core contains desired cybersecurity activities and outcomes organized into 23 categories that cover the breadth of cybersecurity objectives for an organization. The profiles contain an organization's unique alignment of their organizational requirements and objectives, risk appetite, and resources using the desired outcomes of the framework core. The implementation tiers describe the degree to which an organization’s cybersecurity risk management practices exhibit the characteristics defined in the framework core.;735291151388;ap-south-1;2026-07-11 14:19:13.485135;ac_4;Access permissions and authorizations are managed, incorporating the principles of least privilege and separation of duties.;Protect (PR);Identity Management and Access Control (PR.AC);;aws;;FAIL;AWS policy AdministratorAccess is attached and allows '*:*' administrative privileges.;arn:aws:iam::aws:policy/AdministratorAccess;iam_aws_attached_policy_no_administrative_privileges;False;AdministratorAccess;NIST-CSF;National Institute of Standards and Technology (NIST) Cybersecurity Framework (CSF) v1.1;
aws;The NIST Cybersecurity Framework (CSF) is supported by governments and industries worldwide as a recommended baseline for use by any organization, regardless of sector or size. The NIST Cybersecurity Framework consists of three primary components: the framework core, the profiles, and the implementation tiers. The framework core contains desired cybersecurity activities and outcomes organized into 23 categories that cover the breadth of cybersecurity objectives for an organization. The profiles contain an organization's unique alignment of their organizational requirements and objectives, risk appetite, and resources using the desired outcomes of the framework core. The implementation tiers describe the degree to which an organization’s cybersecurity risk management practices exhibit the characteristics defined in the framework core.;735291151388;ap-south-1;2026-07-11 14:19:13.485135;pt_3;The principle of least functionality is incorporated by configuring systems to provide only essential capabilities.;Protect (PR);Protective Technology (PR.PT);;aws;;FAIL;AWS policy AdministratorAccess is attached and allows '*:*' administrative privileges.;arn:aws:iam::aws:policy/AdministratorAccess;iam_aws_attached_policy_no_administrative_privileges;False;AdministratorAccess;NIST-CSF;National Institute of Standards and Technology (NIST) Cybersecurity Framework (CSF) v1.1;
aws;The NIST Cybersecurity Framework (CSF) is supported by governments and industries worldwide as a recommended baseline for use by any organization, regardless of sector or size. The NIST Cybersecurity Framework consists of three primary components: the framework core, the profiles, and the implementation tiers. The framework core contains desired cybersecurity activities and outcomes organized into 23 categories that cover the breadth of cybersecurity objectives for an organization. The profiles contain an organization's unique alignment of their organizational requirements and objectives, risk appetite, and resources using the desired outcomes of the framework core. The implementation tiers describe the degree to which an organization’s cybersecurity risk management practices exhibit the characteristics defined in the framework core.;735291151388;ap-south-1;2026-07-11 14:19:13.485135;ac_1;Identities and credentials are issued, managed, verified, revoked, and audited for authorized devices, users and processes.;Protect (PR);Identity Management and Access Control (PR.AC);;aws;;PASS;AWS policy AWSSupportServiceRolePolicy is attached but does not allow '*:*' administrative privileges.;arn:aws:iam::aws:policy/aws-service-role/AWSSupportServiceRolePolicy;iam_aws_attached_policy_no_administrative_privileges;False;AWSSupportServiceRolePolicy;NIST-CSF;National Institute of Standards and Technology (NIST) Cybersecurity Framework (CSF) v1.1;
aws;The NIST Cybersecurity Framework (CSF) is supported by governments and industries worldwide as a recommended baseline for use by any organization, regardless of sector or size. The NIST Cybersecurity Framework consists of three primary components: the framework core, the profiles, and the implementation tiers. The framework core contains desired cybersecurity activities and outcomes organized into 23 categories that cover the breadth of cybersecurity objectives for an organization. The profiles contain an organization's unique alignment of their organizational requirements and objectives, risk appetite, and resources using the desired outcomes of the framework core. The implementation tiers describe the degree to which an organization’s cybersecurity risk management practices exhibit the characteristics defined in the framework core.;735291151388;ap-south-1;2026-07-11 14:19:13.485135;ac_4;Access permissions and authorizations are managed, incorporating the principles of least privilege and separation of duties.;Protect (PR);Identity Management and Access Control (PR.AC);;aws;;PASS;AWS policy AWSSupportServiceRolePolicy is attached but does not allow '*:*' administrative privileges.;arn:aws:iam::aws:policy/aws-service-role/AWSSupportServiceRolePolicy;iam_aws_attached_policy_no_administrative_privileges;False;AWSSupportServiceRolePolicy;NIST-CSF;National Institute of Standards and Technology (NIST) Cybersecurity Framework (CSF) v1.1;
aws;The NIST Cybersecurity Framework (CSF) is supported by governments and industries worldwide as a recommended baseline for use by any organization, regardless of sector or size. The NIST Cybersecurity Framework consists of three primary components: the framework core, the profiles, and the implementation tiers. The framework core contains desired cybersecurity activities and outcomes organized into 23 categories that cover the breadth of cybersecurity objectives for an organization. The profiles contain an organization's unique alignment of their organizational requirements and objectives, risk appetite, and resources using the desired outcomes of the framework core. The implementation tiers describe the degree to which an organization’s cybersecurity risk management practices exhibit the characteristics defined in the framework core.;735291151388;ap-south-1;2026-07-11 14:19:13.485135;pt_3;The principle of least functionality is incorporated by configuring systems to provide only essential capabilities.;Protect (PR);Protective Technology (PR.PT);;aws;;PASS;AWS policy AWSSupportServiceRolePolicy is attached but does not allow '*:*' administrative privileges.;arn:aws:iam::aws:policy/aws-service-role/AWSSupportServiceRolePolicy;iam_aws_attached_policy_no_administrative_privileges;False;AWSSupportServiceRolePolicy;NIST-CSF;National Institute of Standards and Technology (NIST) Cybersecurity Framework (CSF) v1.1;
aws;The NIST Cybersecurity Framework (CSF) is supported by governments and industries worldwide as a recommended baseline for use by any organization, regardless of sector or size. The NIST Cybersecurity Framework consists of three primary components: the framework core, the profiles, and the implementation tiers. The framework core contains desired cybersecurity activities and outcomes organized into 23 categories that cover the breadth of cybersecurity objectives for an organization. The profiles contain an organization's unique alignment of their organizational requirements and objectives, risk appetite, and resources using the desired outcomes of the framework core. The implementation tiers describe the degree to which an organization’s cybersecurity risk management practices exhibit the characteristics defined in the framework core.;735291151388;ap-south-1;2026-07-11 14:19:13.485135;ac_1;Identities and credentials are issued, managed, verified, revoked, and audited for authorized devices, users and processes.;Protect (PR);Identity Management and Access Control (PR.AC);;aws;;PASS;AWS policy AWSResourceExplorerServiceRolePolicy is attached but does not allow '*:*' administrative privileges.;arn:aws:iam::aws:policy/aws-service-role/AWSResourceExplorerServiceRolePolicy;iam_aws_attached_policy_no_administrative_privileges;False;AWSResourceExplorerServiceRolePolicy;NIST-CSF;National Institute of Standards and Technology (NIST) Cybersecurity Framework (CSF) v1.1;
aws;The NIST Cybersecurity Framework (CSF) is supported by governments and industries worldwide as a recommended baseline for use by any organization, regardless of sector or size. The NIST Cybersecurity Framework consists of three primary components: the framework core, the profiles, and the implementation tiers. The framework core contains desired cybersecurity activities and outcomes organized into 23 categories that cover the breadth of cybersecurity objectives for an organization. The profiles contain an organization's unique alignment of their organizational requirements and objectives, risk appetite, and resources using the desired outcomes of the framework core. The implementation tiers describe the degree to which an organization’s cybersecurity risk management practices exhibit the characteristics defined in the framework core.;735291151388;ap-south-1;2026-07-11 14:19:13.485135;ac_4;Access permissions and authorizations are managed, incorporating the principles of least privilege and separation of duties.;Protect (PR);Identity Management and Access Control (PR.AC);;aws;;PASS;AWS policy AWSResourceExplorerServiceRolePolicy is attached but does not allow '*:*' administrative privileges.;arn:aws:iam::aws:policy/aws-service-role/AWSResourceExplorerServiceRolePolicy;iam_aws_attached_policy_no_administrative_privileges;False;AWSResourceExplorerServiceRolePolicy;NIST-CSF;National Institute of Standards and Technology (NIST) Cybersecurity Framework (CSF) v1.1;
aws;The NIST Cybersecurity Framework (CSF) is supported by governments and industries worldwide as a recommended baseline for use by any organization, regardless of sector or size. The NIST Cybersecurity Framework consists of three primary components: the framework core, the profiles, and the implementation tiers. The framework core contains desired cybersecurity activities and outcomes organized into 23 categories that cover the breadth of cybersecurity objectives for an organization. The profiles contain an organization's unique alignment of their organizational requirements and objectives, risk appetite, and resources using the desired outcomes of the framework core. The implementation tiers describe the degree to which an organization’s cybersecurity risk management practices exhibit the characteristics defined in the framework core.;735291151388;ap-south-1;2026-07-11 14:19:13.485135;pt_3;The principle of least functionality is incorporated by configuring systems to provide only essential capabilities.;Protect (PR);Protective Technology (PR.PT);;aws;;PASS;AWS policy AWSResourceExplorerServiceRolePolicy is attached but does not allow '*:*' administrative privileges.;arn:aws:iam::aws:policy/aws-service-role/AWSResourceExplorerServiceRolePolicy;iam_aws_attached_policy_no_administrative_privileges;False;AWSResourceExplorerServiceRolePolicy;NIST-CSF;National Institute of Standards and Technology (NIST) Cybersecurity Framework (CSF) v1.1;
aws;The NIST Cybersecurity Framework (CSF) is supported by governments and industries worldwide as a recommended baseline for use by any organization, regardless of sector or size. The NIST Cybersecurity Framework consists of three primary components: the framework core, the profiles, and the implementation tiers. The framework core contains desired cybersecurity activities and outcomes organized into 23 categories that cover the breadth of cybersecurity objectives for an organization. The profiles contain an organization's unique alignment of their organizational requirements and objectives, risk appetite, and resources using the desired outcomes of the framework core. The implementation tiers describe the degree to which an organization’s cybersecurity risk management practices exhibit the characteristics defined in the framework core.;735291151388;ap-south-1;2026-07-11 14:19:13.485135;ac_1;Identities and credentials are issued, managed, verified, revoked, and audited for authorized devices, users and processes.;Protect (PR);Identity Management and Access Control (PR.AC);;aws;;FAIL;Inline policy cloudguardian-s3-read-only attached to role cloudguardian-web-role allows '*:*' administrative privileges.;arn:aws:iam::735291151388:role/cloudguardian-web-role;iam_inline_policy_no_administrative_privileges;False;cloudguardian-web-role/cloudguardian-s3-read-only;NIST-CSF;National Institute of Standards and Technology (NIST) Cybersecurity Framework (CSF) v1.1;
aws;The NIST Cybersecurity Framework (CSF) is supported by governments and industries worldwide as a recommended baseline for use by any organization, regardless of sector or size. The NIST Cybersecurity Framework consists of three primary components: the framework core, the profiles, and the implementation tiers. The framework core contains desired cybersecurity activities and outcomes organized into 23 categories that cover the breadth of cybersecurity objectives for an organization. The profiles contain an organization's unique alignment of their organizational requirements and objectives, risk appetite, and resources using the desired outcomes of the framework core. The implementation tiers describe the degree to which an organization’s cybersecurity risk management practices exhibit the characteristics defined in the framework core.;735291151388;ap-south-1;2026-07-11 14:19:13.485135;ac_4;Access permissions and authorizations are managed, incorporating the principles of least privilege and separation of duties.;Protect (PR);Identity Management and Access Control (PR.AC);;aws;;FAIL;Inline policy cloudguardian-s3-read-only attached to role cloudguardian-web-role allows '*:*' administrative privileges.;arn:aws:iam::735291151388:role/cloudguardian-web-role;iam_inline_policy_no_administrative_privileges;False;cloudguardian-web-role/cloudguardian-s3-read-only;NIST-CSF;National Institute of Standards and Technology (NIST) Cybersecurity Framework (CSF) v1.1;
aws;The NIST Cybersecurity Framework (CSF) is supported by governments and industries worldwide as a recommended baseline for use by any organization, regardless of sector or size. The NIST Cybersecurity Framework consists of three primary components: the framework core, the profiles, and the implementation tiers. The framework core contains desired cybersecurity activities and outcomes organized into 23 categories that cover the breadth of cybersecurity objectives for an organization. The profiles contain an organization's unique alignment of their organizational requirements and objectives, risk appetite, and resources using the desired outcomes of the framework core. The implementation tiers describe the degree to which an organization’s cybersecurity risk management practices exhibit the characteristics defined in the framework core.;735291151388;ap-south-1;2026-07-11 14:19:13.485135;pt_3;The principle of least functionality is incorporated by configuring systems to provide only essential capabilities.;Protect (PR);Protective Technology (PR.PT);;aws;;FAIL;Inline policy cloudguardian-s3-read-only attached to role cloudguardian-web-role allows '*:*' administrative privileges.;arn:aws:iam::735291151388:role/cloudguardian-web-role;iam_inline_policy_no_administrative_privileges;False;cloudguardian-web-role/cloudguardian-s3-read-only;NIST-CSF;National Institute of Standards and Technology (NIST) Cybersecurity Framework (CSF) v1.1;
aws;The NIST Cybersecurity Framework (CSF) is supported by governments and industries worldwide as a recommended baseline for use by any organization, regardless of sector or size. The NIST Cybersecurity Framework consists of three primary components: the framework core, the profiles, and the implementation tiers. The framework core contains desired cybersecurity activities and outcomes organized into 23 categories that cover the breadth of cybersecurity objectives for an organization. The profiles contain an organization's unique alignment of their organizational requirements and objectives, risk appetite, and resources using the desired outcomes of the framework core. The implementation tiers describe the degree to which an organization’s cybersecurity risk management practices exhibit the characteristics defined in the framework core.;735291151388;ap-south-1;2026-07-11 14:19:13.485135;ac_4;Access permissions and authorizations are managed, incorporating the principles of least privilege and separation of duties.;Protect (PR);Identity Management and Access Control (PR.AC);;aws;;FAIL;Inline policy cloudguardian-s3-read-only attached to role cloudguardian-web-role allows 'aws-marketplace:Subscribe' on all resources.;arn:aws:iam::735291151388:role/cloudguardian-web-role;iam_inline_policy_no_wildcard_marketplace_subscribe;False;cloudguardian-web-role/cloudguardian-s3-read-only;NIST-CSF;National Institute of Standards and Technology (NIST) Cybersecurity Framework (CSF) v1.1;
aws;The NIST Cybersecurity Framework (CSF) is supported by governments and industries worldwide as a recommended baseline for use by any organization, regardless of sector or size. The NIST Cybersecurity Framework consists of three primary components: the framework core, the profiles, and the implementation tiers. The framework core contains desired cybersecurity activities and outcomes organized into 23 categories that cover the breadth of cybersecurity objectives for an organization. The profiles contain an organization's unique alignment of their organizational requirements and objectives, risk appetite, and resources using the desired outcomes of the framework core. The implementation tiers describe the degree to which an organization’s cybersecurity risk management practices exhibit the characteristics defined in the framework core.;735291151388;ap-south-1;2026-07-11 14:19:13.485135;ac_1;Identities and credentials are issued, managed, verified, revoked, and audited for authorized devices, users and processes.;Protect (PR);Identity Management and Access Control (PR.AC);;aws;;PASS;Root account does not have access keys.;arn:aws:iam::735291151388:root;iam_no_root_access_key;False;<root_account>;NIST-CSF;National Institute of Standards and Technology (NIST) Cybersecurity Framework (CSF) v1.1;
aws;The NIST Cybersecurity Framework (CSF) is supported by governments and industries worldwide as a recommended baseline for use by any organization, regardless of sector or size. The NIST Cybersecurity Framework consists of three primary components: the framework core, the profiles, and the implementation tiers. The framework core contains desired cybersecurity activities and outcomes organized into 23 categories that cover the breadth of cybersecurity objectives for an organization. The profiles contain an organization's unique alignment of their organizational requirements and objectives, risk appetite, and resources using the desired outcomes of the framework core. The implementation tiers describe the degree to which an organization’s cybersecurity risk management practices exhibit the characteristics defined in the framework core.;735291151388;ap-south-1;2026-07-11 14:19:13.485135;ac_4;Access permissions and authorizations are managed, incorporating the principles of least privilege and separation of duties.;Protect (PR);Identity Management and Access Control (PR.AC);;aws;;PASS;Root account does not have access keys.;arn:aws:iam::735291151388:root;iam_no_root_access_key;False;<root_account>;NIST-CSF;National Institute of Standards and Technology (NIST) Cybersecurity Framework (CSF) v1.1;
aws;The NIST Cybersecurity Framework (CSF) is supported by governments and industries worldwide as a recommended baseline for use by any organization, regardless of sector or size. The NIST Cybersecurity Framework consists of three primary components: the framework core, the profiles, and the implementation tiers. The framework core contains desired cybersecurity activities and outcomes organized into 23 categories that cover the breadth of cybersecurity objectives for an organization. The profiles contain an organization's unique alignment of their organizational requirements and objectives, risk appetite, and resources using the desired outcomes of the framework core. The implementation tiers describe the degree to which an organization’s cybersecurity risk management practices exhibit the characteristics defined in the framework core.;735291151388;ap-south-1;2026-07-11 14:19:13.485135;pt_3;The principle of least functionality is incorporated by configuring systems to provide only essential capabilities.;Protect (PR);Protective Technology (PR.PT);;aws;;PASS;Root account does not have access keys.;arn:aws:iam::735291151388:root;iam_no_root_access_key;False;<root_account>;NIST-CSF;National Institute of Standards and Technology (NIST) Cybersecurity Framework (CSF) v1.1;
aws;The NIST Cybersecurity Framework (CSF) is supported by governments and industries worldwide as a recommended baseline for use by any organization, regardless of sector or size. The NIST Cybersecurity Framework consists of three primary components: the framework core, the profiles, and the implementation tiers. The framework core contains desired cybersecurity activities and outcomes organized into 23 categories that cover the breadth of cybersecurity objectives for an organization. The profiles contain an organization's unique alignment of their organizational requirements and objectives, risk appetite, and resources using the desired outcomes of the framework core. The implementation tiers describe the degree to which an organization’s cybersecurity risk management practices exhibit the characteristics defined in the framework core.;735291151388;ap-south-1;2026-07-11 14:19:13.485135;ac_1;Identities and credentials are issued, managed, verified, revoked, and audited for authorized devices, users and processes.;Protect (PR);Identity Management and Access Control (PR.AC);;aws;;FAIL;IAM password policy reuse prevention is less than 24 or not set.;arn:aws:iam:ap-south-1:735291151388:password-policy;iam_password_policy_reuse_24;False;735291151388;NIST-CSF;National Institute of Standards and Technology (NIST) Cybersecurity Framework (CSF) v1.1;
aws;The NIST Cybersecurity Framework (CSF) is supported by governments and industries worldwide as a recommended baseline for use by any organization, regardless of sector or size. The NIST Cybersecurity Framework consists of three primary components: the framework core, the profiles, and the implementation tiers. The framework core contains desired cybersecurity activities and outcomes organized into 23 categories that cover the breadth of cybersecurity objectives for an organization. The profiles contain an organization's unique alignment of their organizational requirements and objectives, risk appetite, and resources using the desired outcomes of the framework core. The implementation tiers describe the degree to which an organization’s cybersecurity risk management practices exhibit the characteristics defined in the framework core.;735291151388;ap-south-1;2026-07-11 14:19:13.485135;ac_1;Identities and credentials are issued, managed, verified, revoked, and audited for authorized devices, users and processes.;Protect (PR);Identity Management and Access Control (PR.AC);;aws;;PASS;IAM Role AWSServiceRoleForResourceExplorer accessed Bedrock 0 days ago (threshold: 60 days).;arn:aws:iam::735291151388:role/aws-service-role/resource-explorer-2.amazonaws.com/AWSServiceRoleForResourceExplorer;iam_role_access_not_stale_to_bedrock;False;AWSServiceRoleForResourceExplorer;NIST-CSF;National Institute of Standards and Technology (NIST) Cybersecurity Framework (CSF) v1.1;
aws;The NIST Cybersecurity Framework (CSF) is supported by governments and industries worldwide as a recommended baseline for use by any organization, regardless of sector or size. The NIST Cybersecurity Framework consists of three primary components: the framework core, the profiles, and the implementation tiers. The framework core contains desired cybersecurity activities and outcomes organized into 23 categories that cover the breadth of cybersecurity objectives for an organization. The profiles contain an organization's unique alignment of their organizational requirements and objectives, risk appetite, and resources using the desired outcomes of the framework core. The implementation tiers describe the degree to which an organization’s cybersecurity risk management practices exhibit the characteristics defined in the framework core.;735291151388;ap-south-1;2026-07-11 14:19:13.485135;ac_4;Access permissions and authorizations are managed, incorporating the principles of least privilege and separation of duties.;Protect (PR);Identity Management and Access Control (PR.AC);;aws;;PASS;IAM Role AWSServiceRoleForResourceExplorer accessed Bedrock 0 days ago (threshold: 60 days).;arn:aws:iam::735291151388:role/aws-service-role/resource-explorer-2.amazonaws.com/AWSServiceRoleForResourceExplorer;iam_role_access_not_stale_to_bedrock;False;AWSServiceRoleForResourceExplorer;NIST-CSF;National Institute of Standards and Technology (NIST) Cybersecurity Framework (CSF) v1.1;
aws;The NIST Cybersecurity Framework (CSF) is supported by governments and industries worldwide as a recommended baseline for use by any organization, regardless of sector or size. The NIST Cybersecurity Framework consists of three primary components: the framework core, the profiles, and the implementation tiers. The framework core contains desired cybersecurity activities and outcomes organized into 23 categories that cover the breadth of cybersecurity objectives for an organization. The profiles contain an organization's unique alignment of their organizational requirements and objectives, risk appetite, and resources using the desired outcomes of the framework core. The implementation tiers describe the degree to which an organization’s cybersecurity risk management practices exhibit the characteristics defined in the framework core.;735291151388;ap-south-1;2026-07-11 14:19:13.485135;ac_1;Identities and credentials are issued, managed, verified, revoked, and audited for authorized devices, users and processes.;Protect (PR);Identity Management and Access Control (PR.AC);;aws;;FAIL;IAM Role AWSServiceRoleForSupport has Bedrock permissions but has never used them.;arn:aws:iam::735291151388:role/aws-service-role/support.amazonaws.com/AWSServiceRoleForSupport;iam_role_access_not_stale_to_bedrock;False;AWSServiceRoleForSupport;NIST-CSF;National Institute of Standards and Technology (NIST) Cybersecurity Framework (CSF) v1.1;
aws;The NIST Cybersecurity Framework (CSF) is supported by governments and industries worldwide as a recommended baseline for use by any organization, regardless of sector or size. The NIST Cybersecurity Framework consists of three primary components: the framework core, the profiles, and the implementation tiers. The framework core contains desired cybersecurity activities and outcomes organized into 23 categories that cover the breadth of cybersecurity objectives for an organization. The profiles contain an organization's unique alignment of their organizational requirements and objectives, risk appetite, and resources using the desired outcomes of the framework core. The implementation tiers describe the degree to which an organization’s cybersecurity risk management practices exhibit the characteristics defined in the framework core.;735291151388;ap-south-1;2026-07-11 14:19:13.485135;ac_4;Access permissions and authorizations are managed, incorporating the principles of least privilege and separation of duties.;Protect (PR);Identity Management and Access Control (PR.AC);;aws;;FAIL;IAM Role AWSServiceRoleForSupport has Bedrock permissions but has never used them.;arn:aws:iam::735291151388:role/aws-service-role/support.amazonaws.com/AWSServiceRoleForSupport;iam_role_access_not_stale_to_bedrock;False;AWSServiceRoleForSupport;NIST-CSF;National Institute of Standards and Technology (NIST) Cybersecurity Framework (CSF) v1.1;
aws;The NIST Cybersecurity Framework (CSF) is supported by governments and industries worldwide as a recommended baseline for use by any organization, regardless of sector or size. The NIST Cybersecurity Framework consists of three primary components: the framework core, the profiles, and the implementation tiers. The framework core contains desired cybersecurity activities and outcomes organized into 23 categories that cover the breadth of cybersecurity objectives for an organization. The profiles contain an organization's unique alignment of their organizational requirements and objectives, risk appetite, and resources using the desired outcomes of the framework core. The implementation tiers describe the degree to which an organization’s cybersecurity risk management practices exhibit the characteristics defined in the framework core.;735291151388;ap-south-1;2026-07-11 14:19:13.485135;ac_1;Identities and credentials are issued, managed, verified, revoked, and audited for authorized devices, users and processes.;Protect (PR);Identity Management and Access Control (PR.AC);;aws;;FAIL;IAM Role cloudguardian-web-role has Bedrock permissions but has never used them.;arn:aws:iam::735291151388:role/cloudguardian-web-role;iam_role_access_not_stale_to_bedrock;False;cloudguardian-web-role;NIST-CSF;National Institute of Standards and Technology (NIST) Cybersecurity Framework (CSF) v1.1;
aws;The NIST Cybersecurity Framework (CSF) is supported by governments and industries worldwide as a recommended baseline for use by any organization, regardless of sector or size. The NIST Cybersecurity Framework consists of three primary components: the framework core, the profiles, and the implementation tiers. The framework core contains desired cybersecurity activities and outcomes organized into 23 categories that cover the breadth of cybersecurity objectives for an organization. The profiles contain an organization's unique alignment of their organizational requirements and objectives, risk appetite, and resources using the desired outcomes of the framework core. The implementation tiers describe the degree to which an organization’s cybersecurity risk management practices exhibit the characteristics defined in the framework core.;735291151388;ap-south-1;2026-07-11 14:19:13.485135;ac_4;Access permissions and authorizations are managed, incorporating the principles of least privilege and separation of duties.;Protect (PR);Identity Management and Access Control (PR.AC);;aws;;FAIL;IAM Role cloudguardian-web-role has Bedrock permissions but has never used them.;arn:aws:iam::735291151388:role/cloudguardian-web-role;iam_role_access_not_stale_to_bedrock;False;cloudguardian-web-role;NIST-CSF;National Institute of Standards and Technology (NIST) Cybersecurity Framework (CSF) v1.1;
aws;The NIST Cybersecurity Framework (CSF) is supported by governments and industries worldwide as a recommended baseline for use by any organization, regardless of sector or size. The NIST Cybersecurity Framework consists of three primary components: the framework core, the profiles, and the implementation tiers. The framework core contains desired cybersecurity activities and outcomes organized into 23 categories that cover the breadth of cybersecurity objectives for an organization. The profiles contain an organization's unique alignment of their organizational requirements and objectives, risk appetite, and resources using the desired outcomes of the framework core. The implementation tiers describe the degree to which an organization’s cybersecurity risk management practices exhibit the characteristics defined in the framework core.;735291151388;ap-south-1;2026-07-11 14:19:13.485135;ac_3;Remote access is managed.;Protect (PR);Identity Management and Access Control (PR.AC);;aws;;PASS;Root account has a hardware MFA device enabled.;arn:aws:iam::735291151388:mfa;iam_root_hardware_mfa_enabled;False;<root_account>;NIST-CSF;National Institute of Standards and Technology (NIST) Cybersecurity Framework (CSF) v1.1;
aws;The NIST Cybersecurity Framework (CSF) is supported by governments and industries worldwide as a recommended baseline for use by any organization, regardless of sector or size. The NIST Cybersecurity Framework consists of three primary components: the framework core, the profiles, and the implementation tiers. The framework core contains desired cybersecurity activities and outcomes organized into 23 categories that cover the breadth of cybersecurity objectives for an organization. The profiles contain an organization's unique alignment of their organizational requirements and objectives, risk appetite, and resources using the desired outcomes of the framework core. The implementation tiers describe the degree to which an organization’s cybersecurity risk management practices exhibit the characteristics defined in the framework core.;735291151388;ap-south-1;2026-07-11 14:19:13.485135;ac_7;Users, devices, and other assets are authenticated (e.g., single-factor, multi-factor) commensurate with the risk of the transaction (e.g., individuals’ security and privacy risks and other organizational risks).;Protect (PR);Identity Management and Access Control (PR.AC);;iam;;PASS;Root account has a hardware MFA device enabled.;arn:aws:iam::735291151388:mfa;iam_root_hardware_mfa_enabled;False;<root_account>;NIST-CSF;National Institute of Standards and Technology (NIST) Cybersecurity Framework (CSF) v1.1;
aws;The NIST Cybersecurity Framework (CSF) is supported by governments and industries worldwide as a recommended baseline for use by any organization, regardless of sector or size. The NIST Cybersecurity Framework consists of three primary components: the framework core, the profiles, and the implementation tiers. The framework core contains desired cybersecurity activities and outcomes organized into 23 categories that cover the breadth of cybersecurity objectives for an organization. The profiles contain an organization's unique alignment of their organizational requirements and objectives, risk appetite, and resources using the desired outcomes of the framework core. The implementation tiers describe the degree to which an organization’s cybersecurity risk management practices exhibit the characteristics defined in the framework core.;735291151388;ap-south-1;2026-07-11 14:19:13.485135;ac_3;Remote access is managed.;Protect (PR);Identity Management and Access Control (PR.AC);;aws;;PASS;MFA is enabled for root account.;arn:aws:iam::735291151388:root;iam_root_mfa_enabled;False;<root_account>;NIST-CSF;National Institute of Standards and Technology (NIST) Cybersecurity Framework (CSF) v1.1;
aws;The NIST Cybersecurity Framework (CSF) is supported by governments and industries worldwide as a recommended baseline for use by any organization, regardless of sector or size. The NIST Cybersecurity Framework consists of three primary components: the framework core, the profiles, and the implementation tiers. The framework core contains desired cybersecurity activities and outcomes organized into 23 categories that cover the breadth of cybersecurity objectives for an organization. The profiles contain an organization's unique alignment of their organizational requirements and objectives, risk appetite, and resources using the desired outcomes of the framework core. The implementation tiers describe the degree to which an organization’s cybersecurity risk management practices exhibit the characteristics defined in the framework core.;735291151388;ap-south-1;2026-07-11 14:19:13.485135;ac_7;Users, devices, and other assets are authenticated (e.g., single-factor, multi-factor) commensurate with the risk of the transaction (e.g., individuals’ security and privacy risks and other organizational risks).;Protect (PR);Identity Management and Access Control (PR.AC);;iam;;PASS;MFA is enabled for root account.;arn:aws:iam::735291151388:root;iam_root_mfa_enabled;False;<root_account>;NIST-CSF;National Institute of Standards and Technology (NIST) Cybersecurity Framework (CSF) v1.1;
aws;The NIST Cybersecurity Framework (CSF) is supported by governments and industries worldwide as a recommended baseline for use by any organization, regardless of sector or size. The NIST Cybersecurity Framework consists of three primary components: the framework core, the profiles, and the implementation tiers. The framework core contains desired cybersecurity activities and outcomes organized into 23 categories that cover the breadth of cybersecurity objectives for an organization. The profiles contain an organization's unique alignment of their organizational requirements and objectives, risk appetite, and resources using the desired outcomes of the framework core. The implementation tiers describe the degree to which an organization’s cybersecurity risk management practices exhibit the characteristics defined in the framework core.;735291151388;ap-south-1;2026-07-11 14:19:13.485135;ac_1;Identities and credentials are issued, managed, verified, revoked, and audited for authorized devices, users and processes.;Protect (PR);Identity Management and Access Control (PR.AC);;aws;;PASS;User <root_account> does not have access keys.;arn:aws:iam::735291151388:root;iam_rotate_access_key_90_days;False;<root_account>;NIST-CSF;National Institute of Standards and Technology (NIST) Cybersecurity Framework (CSF) v1.1;
aws;The NIST Cybersecurity Framework (CSF) is supported by governments and industries worldwide as a recommended baseline for use by any organization, regardless of sector or size. The NIST Cybersecurity Framework consists of three primary components: the framework core, the profiles, and the implementation tiers. The framework core contains desired cybersecurity activities and outcomes organized into 23 categories that cover the breadth of cybersecurity objectives for an organization. The profiles contain an organization's unique alignment of their organizational requirements and objectives, risk appetite, and resources using the desired outcomes of the framework core. The implementation tiers describe the degree to which an organization’s cybersecurity risk management practices exhibit the characteristics defined in the framework core.;735291151388;ap-south-1;2026-07-11 14:19:13.485135;ac_1;Identities and credentials are issued, managed, verified, revoked, and audited for authorized devices, users and processes.;Protect (PR);Identity Management and Access Control (PR.AC);;aws;;PASS;User Alex does not have access keys older than 90 days.;arn:aws:iam::735291151388:user/Alex;iam_rotate_access_key_90_days;False;Alex;NIST-CSF;National Institute of Standards and Technology (NIST) Cybersecurity Framework (CSF) v1.1;
aws;The NIST Cybersecurity Framework (CSF) is supported by governments and industries worldwide as a recommended baseline for use by any organization, regardless of sector or size. The NIST Cybersecurity Framework consists of three primary components: the framework core, the profiles, and the implementation tiers. The framework core contains desired cybersecurity activities and outcomes organized into 23 categories that cover the breadth of cybersecurity objectives for an organization. The profiles contain an organization's unique alignment of their organizational requirements and objectives, risk appetite, and resources using the desired outcomes of the framework core. The implementation tiers describe the degree to which an organization’s cybersecurity risk management practices exhibit the characteristics defined in the framework core.;735291151388;ap-south-1;2026-07-11 14:19:13.485135;ac_1;Identities and credentials are issued, managed, verified, revoked, and audited for authorized devices, users and processes.;Protect (PR);Identity Management and Access Control (PR.AC);;aws;;PASS;IAM User Alex accessed Bedrock 0 days ago (threshold: 60 days).;arn:aws:iam::735291151388:user/Alex;iam_user_access_not_stale_to_bedrock;False;Alex;NIST-CSF;National Institute of Standards and Technology (NIST) Cybersecurity Framework (CSF) v1.1;
aws;The NIST Cybersecurity Framework (CSF) is supported by governments and industries worldwide as a recommended baseline for use by any organization, regardless of sector or size. The NIST Cybersecurity Framework consists of three primary components: the framework core, the profiles, and the implementation tiers. The framework core contains desired cybersecurity activities and outcomes organized into 23 categories that cover the breadth of cybersecurity objectives for an organization. The profiles contain an organization's unique alignment of their organizational requirements and objectives, risk appetite, and resources using the desired outcomes of the framework core. The implementation tiers describe the degree to which an organization’s cybersecurity risk management practices exhibit the characteristics defined in the framework core.;735291151388;ap-south-1;2026-07-11 14:19:13.485135;ac_4;Access permissions and authorizations are managed, incorporating the principles of least privilege and separation of duties.;Protect (PR);Identity Management and Access Control (PR.AC);;aws;;PASS;IAM User Alex accessed Bedrock 0 days ago (threshold: 60 days).;arn:aws:iam::735291151388:user/Alex;iam_user_access_not_stale_to_bedrock;False;Alex;NIST-CSF;National Institute of Standards and Technology (NIST) Cybersecurity Framework (CSF) v1.1;
aws;The NIST Cybersecurity Framework (CSF) is supported by governments and industries worldwide as a recommended baseline for use by any organization, regardless of sector or size. The NIST Cybersecurity Framework consists of three primary components: the framework core, the profiles, and the implementation tiers. The framework core contains desired cybersecurity activities and outcomes organized into 23 categories that cover the breadth of cybersecurity objectives for an organization. The profiles contain an organization's unique alignment of their organizational requirements and objectives, risk appetite, and resources using the desired outcomes of the framework core. The implementation tiers describe the degree to which an organization’s cybersecurity risk management practices exhibit the characteristics defined in the framework core.;735291151388;ap-south-1;2026-07-11 14:19:13.485135;ac_1;Identities and credentials are issued, managed, verified, revoked, and audited for authorized devices, users and processes.;Protect (PR);Identity Management and Access Control (PR.AC);;aws;;PASS;User <root_account> does not have access keys.;arn:aws:iam::735291151388:root;iam_user_accesskey_unused;False;<root_account>;NIST-CSF;National Institute of Standards and Technology (NIST) Cybersecurity Framework (CSF) v1.1;
aws;The NIST Cybersecurity Framework (CSF) is supported by governments and industries worldwide as a recommended baseline for use by any organization, regardless of sector or size. The NIST Cybersecurity Framework consists of three primary components: the framework core, the profiles, and the implementation tiers. The framework core contains desired cybersecurity activities and outcomes organized into 23 categories that cover the breadth of cybersecurity objectives for an organization. The profiles contain an organization's unique alignment of their organizational requirements and objectives, risk appetite, and resources using the desired outcomes of the framework core. The implementation tiers describe the degree to which an organization’s cybersecurity risk management practices exhibit the characteristics defined in the framework core.;735291151388;ap-south-1;2026-07-11 14:19:13.485135;ac_4;Access permissions and authorizations are managed, incorporating the principles of least privilege and separation of duties.;Protect (PR);Identity Management and Access Control (PR.AC);;aws;;PASS;User <root_account> does not have access keys.;arn:aws:iam::735291151388:root;iam_user_accesskey_unused;False;<root_account>;NIST-CSF;National Institute of Standards and Technology (NIST) Cybersecurity Framework (CSF) v1.1;
aws;The NIST Cybersecurity Framework (CSF) is supported by governments and industries worldwide as a recommended baseline for use by any organization, regardless of sector or size. The NIST Cybersecurity Framework consists of three primary components: the framework core, the profiles, and the implementation tiers. The framework core contains desired cybersecurity activities and outcomes organized into 23 categories that cover the breadth of cybersecurity objectives for an organization. The profiles contain an organization's unique alignment of their organizational requirements and objectives, risk appetite, and resources using the desired outcomes of the framework core. The implementation tiers describe the degree to which an organization’s cybersecurity risk management practices exhibit the characteristics defined in the framework core.;735291151388;ap-south-1;2026-07-11 14:19:13.485135;ac_1;Identities and credentials are issued, managed, verified, revoked, and audited for authorized devices, users and processes.;Protect (PR);Identity Management and Access Control (PR.AC);;aws;;PASS;User Alex does not have unused access keys for 45 days.;arn:aws:iam::735291151388:user/Alex;iam_user_accesskey_unused;False;Alex;NIST-CSF;National Institute of Standards and Technology (NIST) Cybersecurity Framework (CSF) v1.1;
aws;The NIST Cybersecurity Framework (CSF) is supported by governments and industries worldwide as a recommended baseline for use by any organization, regardless of sector or size. The NIST Cybersecurity Framework consists of three primary components: the framework core, the profiles, and the implementation tiers. The framework core contains desired cybersecurity activities and outcomes organized into 23 categories that cover the breadth of cybersecurity objectives for an organization. The profiles contain an organization's unique alignment of their organizational requirements and objectives, risk appetite, and resources using the desired outcomes of the framework core. The implementation tiers describe the degree to which an organization’s cybersecurity risk management practices exhibit the characteristics defined in the framework core.;735291151388;ap-south-1;2026-07-11 14:19:13.485135;ac_4;Access permissions and authorizations are managed, incorporating the principles of least privilege and separation of duties.;Protect (PR);Identity Management and Access Control (PR.AC);;aws;;PASS;User Alex does not have unused access keys for 45 days.;arn:aws:iam::735291151388:user/Alex;iam_user_accesskey_unused;False;Alex;NIST-CSF;National Institute of Standards and Technology (NIST) Cybersecurity Framework (CSF) v1.1;
aws;The NIST Cybersecurity Framework (CSF) is supported by governments and industries worldwide as a recommended baseline for use by any organization, regardless of sector or size. The NIST Cybersecurity Framework consists of three primary components: the framework core, the profiles, and the implementation tiers. The framework core contains desired cybersecurity activities and outcomes organized into 23 categories that cover the breadth of cybersecurity objectives for an organization. The profiles contain an organization's unique alignment of their organizational requirements and objectives, risk appetite, and resources using the desired outcomes of the framework core. The implementation tiers describe the degree to which an organization’s cybersecurity risk management practices exhibit the characteristics defined in the framework core.;735291151388;ap-south-1;2026-07-11 14:19:13.485135;ac_1;Identities and credentials are issued, managed, verified, revoked, and audited for authorized devices, users and processes.;Protect (PR);Identity Management and Access Control (PR.AC);;aws;;PASS;User Alex does not have console access enabled or is unused.;arn:aws:iam::735291151388:user/Alex;iam_user_console_access_unused;False;Alex;NIST-CSF;National Institute of Standards and Technology (NIST) Cybersecurity Framework (CSF) v1.1;
aws;The NIST Cybersecurity Framework (CSF) is supported by governments and industries worldwide as a recommended baseline for use by any organization, regardless of sector or size. The NIST Cybersecurity Framework consists of three primary components: the framework core, the profiles, and the implementation tiers. The framework core contains desired cybersecurity activities and outcomes organized into 23 categories that cover the breadth of cybersecurity objectives for an organization. The profiles contain an organization's unique alignment of their organizational requirements and objectives, risk appetite, and resources using the desired outcomes of the framework core. The implementation tiers describe the degree to which an organization’s cybersecurity risk management practices exhibit the characteristics defined in the framework core.;735291151388;ap-south-1;2026-07-11 14:19:13.485135;ac_4;Access permissions and authorizations are managed, incorporating the principles of least privilege and separation of duties.;Protect (PR);Identity Management and Access Control (PR.AC);;aws;;PASS;User Alex does not have console access enabled or is unused.;arn:aws:iam::735291151388:user/Alex;iam_user_console_access_unused;False;Alex;NIST-CSF;National Institute of Standards and Technology (NIST) Cybersecurity Framework (CSF) v1.1;
aws;The NIST Cybersecurity Framework (CSF) is supported by governments and industries worldwide as a recommended baseline for use by any organization, regardless of sector or size. The NIST Cybersecurity Framework consists of three primary components: the framework core, the profiles, and the implementation tiers. The framework core contains desired cybersecurity activities and outcomes organized into 23 categories that cover the breadth of cybersecurity objectives for an organization. The profiles contain an organization's unique alignment of their organizational requirements and objectives, risk appetite, and resources using the desired outcomes of the framework core. The implementation tiers describe the degree to which an organization’s cybersecurity risk management practices exhibit the characteristics defined in the framework core.;735291151388;ap-south-1;2026-07-11 14:19:13.485135;ac_3;Remote access is managed.;Protect (PR);Identity Management and Access Control (PR.AC);;aws;;PASS;User Alex does not have Console Password enabled.;arn:aws:iam::735291151388:user/Alex;iam_user_mfa_enabled_console_access;False;Alex;NIST-CSF;National Institute of Standards and Technology (NIST) Cybersecurity Framework (CSF) v1.1;
aws;The NIST Cybersecurity Framework (CSF) is supported by governments and industries worldwide as a recommended baseline for use by any organization, regardless of sector or size. The NIST Cybersecurity Framework consists of three primary components: the framework core, the profiles, and the implementation tiers. The framework core contains desired cybersecurity activities and outcomes organized into 23 categories that cover the breadth of cybersecurity objectives for an organization. The profiles contain an organization's unique alignment of their organizational requirements and objectives, risk appetite, and resources using the desired outcomes of the framework core. The implementation tiers describe the degree to which an organization’s cybersecurity risk management practices exhibit the characteristics defined in the framework core.;735291151388;ap-south-1;2026-07-11 14:19:13.485135;ac_7;Users, devices, and other assets are authenticated (e.g., single-factor, multi-factor) commensurate with the risk of the transaction (e.g., individuals’ security and privacy risks and other organizational risks).;Protect (PR);Identity Management and Access Control (PR.AC);;iam;;PASS;User Alex does not have Console Password enabled.;arn:aws:iam::735291151388:user/Alex;iam_user_mfa_enabled_console_access;False;Alex;NIST-CSF;National Institute of Standards and Technology (NIST) Cybersecurity Framework (CSF) v1.1;
aws;The NIST Cybersecurity Framework (CSF) is supported by governments and industries worldwide as a recommended baseline for use by any organization, regardless of sector or size. The NIST Cybersecurity Framework consists of three primary components: the framework core, the profiles, and the implementation tiers. The framework core contains desired cybersecurity activities and outcomes organized into 23 categories that cover the breadth of cybersecurity objectives for an organization. The profiles contain an organization's unique alignment of their organizational requirements and objectives, risk appetite, and resources using the desired outcomes of the framework core. The implementation tiers describe the degree to which an organization’s cybersecurity risk management practices exhibit the characteristics defined in the framework core.;735291151388;ap-south-1;2026-07-11 14:19:13.485135;be_5;Resilience requirements to support delivery of critical services are established for all operating states (e.g. under duress/attack, during recovery, normal operations);Identify (ID);Business Environment (ID.BE);;aws;;FAIL;RDS Instance cloudguardian-db does not have backup enabled.;arn:aws:rds:ap-south-1:735291151388:db:cloudguardian-db;rds_instance_backup_enabled;False;cloudguardian-db;NIST-CSF;National Institute of Standards and Technology (NIST) Cybersecurity Framework (CSF) v1.1;
aws;The NIST Cybersecurity Framework (CSF) is supported by governments and industries worldwide as a recommended baseline for use by any organization, regardless of sector or size. The NIST Cybersecurity Framework consists of three primary components: the framework core, the profiles, and the implementation tiers. The framework core contains desired cybersecurity activities and outcomes organized into 23 categories that cover the breadth of cybersecurity objectives for an organization. The profiles contain an organization's unique alignment of their organizational requirements and objectives, risk appetite, and resources using the desired outcomes of the framework core. The implementation tiers describe the degree to which an organization’s cybersecurity risk management practices exhibit the characteristics defined in the framework core.;735291151388;ap-south-1;2026-07-11 14:19:13.485135;ds_4;Adequate capacity to ensure availability is maintained.;Protect (PR);Data Security (PR.DS);;aws;;FAIL;RDS Instance cloudguardian-db does not have backup enabled.;arn:aws:rds:ap-south-1:735291151388:db:cloudguardian-db;rds_instance_backup_enabled;False;cloudguardian-db;NIST-CSF;National Institute of Standards and Technology (NIST) Cybersecurity Framework (CSF) v1.1;
aws;The NIST Cybersecurity Framework (CSF) is supported by governments and industries worldwide as a recommended baseline for use by any organization, regardless of sector or size. The NIST Cybersecurity Framework consists of three primary components: the framework core, the profiles, and the implementation tiers. The framework core contains desired cybersecurity activities and outcomes organized into 23 categories that cover the breadth of cybersecurity objectives for an organization. The profiles contain an organization's unique alignment of their organizational requirements and objectives, risk appetite, and resources using the desired outcomes of the framework core. The implementation tiers describe the degree to which an organization’s cybersecurity risk management practices exhibit the characteristics defined in the framework core.;735291151388;ap-south-1;2026-07-11 14:19:13.485135;ip_4;Backups of information are conducted, maintained, and tested periodically.;Protect (PR);Information Protection Processes and Procedures (PR.IP);;aws;;FAIL;RDS Instance cloudguardian-db does not have backup enabled.;arn:aws:rds:ap-south-1:735291151388:db:cloudguardian-db;rds_instance_backup_enabled;False;cloudguardian-db;NIST-CSF;National Institute of Standards and Technology (NIST) Cybersecurity Framework (CSF) v1.1;
aws;The NIST Cybersecurity Framework (CSF) is supported by governments and industries worldwide as a recommended baseline for use by any organization, regardless of sector or size. The NIST Cybersecurity Framework consists of three primary components: the framework core, the profiles, and the implementation tiers. The framework core contains desired cybersecurity activities and outcomes organized into 23 categories that cover the breadth of cybersecurity objectives for an organization. The profiles contain an organization's unique alignment of their organizational requirements and objectives, risk appetite, and resources using the desired outcomes of the framework core. The implementation tiers describe the degree to which an organization’s cybersecurity risk management practices exhibit the characteristics defined in the framework core.;735291151388;ap-south-1;2026-07-11 14:19:13.485135;ip_9;Response plans (Incident Response and Business Continuity) and recovery plans (Incident Recovery and Disaster Recovery) are in place and managed.;Protect (PR);Information Protection Processes and Procedures (PR.IP);;aws;;FAIL;RDS Instance cloudguardian-db does not have backup enabled.;arn:aws:rds:ap-south-1:735291151388:db:cloudguardian-db;rds_instance_backup_enabled;False;cloudguardian-db;NIST-CSF;National Institute of Standards and Technology (NIST) Cybersecurity Framework (CSF) v1.1;
aws;The NIST Cybersecurity Framework (CSF) is supported by governments and industries worldwide as a recommended baseline for use by any organization, regardless of sector or size. The NIST Cybersecurity Framework consists of three primary components: the framework core, the profiles, and the implementation tiers. The framework core contains desired cybersecurity activities and outcomes organized into 23 categories that cover the breadth of cybersecurity objectives for an organization. The profiles contain an organization's unique alignment of their organizational requirements and objectives, risk appetite, and resources using the desired outcomes of the framework core. The implementation tiers describe the degree to which an organization’s cybersecurity risk management practices exhibit the characteristics defined in the framework core.;735291151388;ap-south-1;2026-07-11 14:19:13.485135;pt_5;Mechanisms (e.g., failsafe, load balancing, hot swap) are implemented to achieve resilience requirements in normal and adverse situations.;Protect (PR);Protective Technology (PR.PT);;aws;;FAIL;RDS Instance cloudguardian-db does not have backup enabled.;arn:aws:rds:ap-south-1:735291151388:db:cloudguardian-db;rds_instance_backup_enabled;False;cloudguardian-db;NIST-CSF;National Institute of Standards and Technology (NIST) Cybersecurity Framework (CSF) v1.1;
aws;The NIST Cybersecurity Framework (CSF) is supported by governments and industries worldwide as a recommended baseline for use by any organization, regardless of sector or size. The NIST Cybersecurity Framework consists of three primary components: the framework core, the profiles, and the implementation tiers. The framework core contains desired cybersecurity activities and outcomes organized into 23 categories that cover the breadth of cybersecurity objectives for an organization. The profiles contain an organization's unique alignment of their organizational requirements and objectives, risk appetite, and resources using the desired outcomes of the framework core. The implementation tiers describe the degree to which an organization’s cybersecurity risk management practices exhibit the characteristics defined in the framework core.;735291151388;ap-south-1;2026-07-11 14:19:13.485135;rp_1;Recovery plan is executed during or after a cybersecurity incident.;Recover (RC);Recovery Planning (RC.RP);;aws;;FAIL;RDS Instance cloudguardian-db does not have backup enabled.;arn:aws:rds:ap-south-1:735291151388:db:cloudguardian-db;rds_instance_backup_enabled;False;cloudguardian-db;NIST-CSF;National Institute of Standards and Technology (NIST) Cybersecurity Framework (CSF) v1.1;
aws;The NIST Cybersecurity Framework (CSF) is supported by governments and industries worldwide as a recommended baseline for use by any organization, regardless of sector or size. The NIST Cybersecurity Framework consists of three primary components: the framework core, the profiles, and the implementation tiers. The framework core contains desired cybersecurity activities and outcomes organized into 23 categories that cover the breadth of cybersecurity objectives for an organization. The profiles contain an organization's unique alignment of their organizational requirements and objectives, risk appetite, and resources using the desired outcomes of the framework core. The implementation tiers describe the degree to which an organization’s cybersecurity risk management practices exhibit the characteristics defined in the framework core.;735291151388;ap-south-1;2026-07-11 14:19:13.485135;rp_1;Response plan is executed during or after an incident.;Respond (RS);Response Planning (RS.RP);;aws;;FAIL;RDS Instance cloudguardian-db does not have backup enabled.;arn:aws:rds:ap-south-1:735291151388:db:cloudguardian-db;rds_instance_backup_enabled;False;cloudguardian-db;NIST-CSF;National Institute of Standards and Technology (NIST) Cybersecurity Framework (CSF) v1.1;
aws;The NIST Cybersecurity Framework (CSF) is supported by governments and industries worldwide as a recommended baseline for use by any organization, regardless of sector or size. The NIST Cybersecurity Framework consists of three primary components: the framework core, the profiles, and the implementation tiers. The framework core contains desired cybersecurity activities and outcomes organized into 23 categories that cover the breadth of cybersecurity objectives for an organization. The profiles contain an organization's unique alignment of their organizational requirements and objectives, risk appetite, and resources using the desired outcomes of the framework core. The implementation tiers describe the degree to which an organization’s cybersecurity risk management practices exhibit the characteristics defined in the framework core.;735291151388;ap-south-1;2026-07-11 14:19:13.485135;cm_2;The physical environment is monitored to detect potential cybersecurity events.;Detect (DE);Security Continuous Monitoring (DE.CM);;aws;;FAIL;RDS Instance cloudguardian-db does not have enhanced monitoring enabled.;arn:aws:rds:ap-south-1:735291151388:db:cloudguardian-db;rds_instance_enhanced_monitoring_enabled;False;cloudguardian-db;NIST-CSF;National Institute of Standards and Technology (NIST) Cybersecurity Framework (CSF) v1.1;
aws;The NIST Cybersecurity Framework (CSF) is supported by governments and industries worldwide as a recommended baseline for use by any organization, regardless of sector or size. The NIST Cybersecurity Framework consists of three primary components: the framework core, the profiles, and the implementation tiers. The framework core contains desired cybersecurity activities and outcomes organized into 23 categories that cover the breadth of cybersecurity objectives for an organization. The profiles contain an organization's unique alignment of their organizational requirements and objectives, risk appetite, and resources using the desired outcomes of the framework core. The implementation tiers describe the degree to which an organization’s cybersecurity risk management practices exhibit the characteristics defined in the framework core.;735291151388;ap-south-1;2026-07-11 14:19:13.485135;ra_5;Threats, vulnerabilities, likelihoods, and impacts are used to determine risk.;Identify (ID);Risk Assessment (ID.RA);;aws;;FAIL;RDS Instance cloudguardian-db does not have enhanced monitoring enabled.;arn:aws:rds:ap-south-1:735291151388:db:cloudguardian-db;rds_instance_enhanced_monitoring_enabled;False;cloudguardian-db;NIST-CSF;National Institute of Standards and Technology (NIST) Cybersecurity Framework (CSF) v1.1;
aws;The NIST Cybersecurity Framework (CSF) is supported by governments and industries worldwide as a recommended baseline for use by any organization, regardless of sector or size. The NIST Cybersecurity Framework consists of three primary components: the framework core, the profiles, and the implementation tiers. The framework core contains desired cybersecurity activities and outcomes organized into 23 categories that cover the breadth of cybersecurity objectives for an organization. The profiles contain an organization's unique alignment of their organizational requirements and objectives, risk appetite, and resources using the desired outcomes of the framework core. The implementation tiers describe the degree to which an organization’s cybersecurity risk management practices exhibit the characteristics defined in the framework core.;735291151388;ap-south-1;2026-07-11 14:19:13.485135;sc_4;Suppliers and third-party partners are routinely assessed using audits, test results, or other forms of evaluations to confirm they are meeting their contractual obligations.;Identify (ID);Supply Chain Risk Management (ID.SC);;aws;;FAIL;RDS Instance cloudguardian-db does not have enhanced monitoring enabled.;arn:aws:rds:ap-south-1:735291151388:db:cloudguardian-db;rds_instance_enhanced_monitoring_enabled;False;cloudguardian-db;NIST-CSF;National Institute of Standards and Technology (NIST) Cybersecurity Framework (CSF) v1.1;
aws;The NIST Cybersecurity Framework (CSF) is supported by governments and industries worldwide as a recommended baseline for use by any organization, regardless of sector or size. The NIST Cybersecurity Framework consists of three primary components: the framework core, the profiles, and the implementation tiers. The framework core contains desired cybersecurity activities and outcomes organized into 23 categories that cover the breadth of cybersecurity objectives for an organization. The profiles contain an organization's unique alignment of their organizational requirements and objectives, risk appetite, and resources using the desired outcomes of the framework core. The implementation tiers describe the degree to which an organization’s cybersecurity risk management practices exhibit the characteristics defined in the framework core.;735291151388;ap-south-1;2026-07-11 14:19:13.485135;ds_4;Adequate capacity to ensure availability is maintained.;Protect (PR);Data Security (PR.DS);;aws;;FAIL;RDS Instance cloudguardian-db does not have enhanced monitoring enabled.;arn:aws:rds:ap-south-1:735291151388:db:cloudguardian-db;rds_instance_enhanced_monitoring_enabled;False;cloudguardian-db;NIST-CSF;National Institute of Standards and Technology (NIST) Cybersecurity Framework (CSF) v1.1;
aws;The NIST Cybersecurity Framework (CSF) is supported by governments and industries worldwide as a recommended baseline for use by any organization, regardless of sector or size. The NIST Cybersecurity Framework consists of three primary components: the framework core, the profiles, and the implementation tiers. The framework core contains desired cybersecurity activities and outcomes organized into 23 categories that cover the breadth of cybersecurity objectives for an organization. The profiles contain an organization's unique alignment of their organizational requirements and objectives, risk appetite, and resources using the desired outcomes of the framework core. The implementation tiers describe the degree to which an organization’s cybersecurity risk management practices exhibit the characteristics defined in the framework core.;735291151388;ap-south-1;2026-07-11 14:19:13.485135;be_5;Resilience requirements to support delivery of critical services are established for all operating states (e.g. under duress/attack, during recovery, normal operations);Identify (ID);Business Environment (ID.BE);;aws;;FAIL;RDS Instance cloudguardian-db does not have multi-AZ enabled.;arn:aws:rds:ap-south-1:735291151388:db:cloudguardian-db;rds_instance_multi_az;False;cloudguardian-db;NIST-CSF;National Institute of Standards and Technology (NIST) Cybersecurity Framework (CSF) v1.1;
aws;The NIST Cybersecurity Framework (CSF) is supported by governments and industries worldwide as a recommended baseline for use by any organization, regardless of sector or size. The NIST Cybersecurity Framework consists of three primary components: the framework core, the profiles, and the implementation tiers. The framework core contains desired cybersecurity activities and outcomes organized into 23 categories that cover the breadth of cybersecurity objectives for an organization. The profiles contain an organization's unique alignment of their organizational requirements and objectives, risk appetite, and resources using the desired outcomes of the framework core. The implementation tiers describe the degree to which an organization’s cybersecurity risk management practices exhibit the characteristics defined in the framework core.;735291151388;ap-south-1;2026-07-11 14:19:13.485135;ds_4;Adequate capacity to ensure availability is maintained.;Protect (PR);Data Security (PR.DS);;aws;;FAIL;RDS Instance cloudguardian-db does not have multi-AZ enabled.;arn:aws:rds:ap-south-1:735291151388:db:cloudguardian-db;rds_instance_multi_az;False;cloudguardian-db;NIST-CSF;National Institute of Standards and Technology (NIST) Cybersecurity Framework (CSF) v1.1;
aws;The NIST Cybersecurity Framework (CSF) is supported by governments and industries worldwide as a recommended baseline for use by any organization, regardless of sector or size. The NIST Cybersecurity Framework consists of three primary components: the framework core, the profiles, and the implementation tiers. The framework core contains desired cybersecurity activities and outcomes organized into 23 categories that cover the breadth of cybersecurity objectives for an organization. The profiles contain an organization's unique alignment of their organizational requirements and objectives, risk appetite, and resources using the desired outcomes of the framework core. The implementation tiers describe the degree to which an organization’s cybersecurity risk management practices exhibit the characteristics defined in the framework core.;735291151388;ap-south-1;2026-07-11 14:19:13.485135;ip_9;Response plans (Incident Response and Business Continuity) and recovery plans (Incident Recovery and Disaster Recovery) are in place and managed.;Protect (PR);Information Protection Processes and Procedures (PR.IP);;aws;;FAIL;RDS Instance cloudguardian-db does not have multi-AZ enabled.;arn:aws:rds:ap-south-1:735291151388:db:cloudguardian-db;rds_instance_multi_az;False;cloudguardian-db;NIST-CSF;National Institute of Standards and Technology (NIST) Cybersecurity Framework (CSF) v1.1;
aws;The NIST Cybersecurity Framework (CSF) is supported by governments and industries worldwide as a recommended baseline for use by any organization, regardless of sector or size. The NIST Cybersecurity Framework consists of three primary components: the framework core, the profiles, and the implementation tiers. The framework core contains desired cybersecurity activities and outcomes organized into 23 categories that cover the breadth of cybersecurity objectives for an organization. The profiles contain an organization's unique alignment of their organizational requirements and objectives, risk appetite, and resources using the desired outcomes of the framework core. The implementation tiers describe the degree to which an organization’s cybersecurity risk management practices exhibit the characteristics defined in the framework core.;735291151388;ap-south-1;2026-07-11 14:19:13.485135;pt_5;Mechanisms (e.g., failsafe, load balancing, hot swap) are implemented to achieve resilience requirements in normal and adverse situations.;Protect (PR);Protective Technology (PR.PT);;aws;;FAIL;RDS Instance cloudguardian-db does not have multi-AZ enabled.;arn:aws:rds:ap-south-1:735291151388:db:cloudguardian-db;rds_instance_multi_az;False;cloudguardian-db;NIST-CSF;National Institute of Standards and Technology (NIST) Cybersecurity Framework (CSF) v1.1;
aws;The NIST Cybersecurity Framework (CSF) is supported by governments and industries worldwide as a recommended baseline for use by any organization, regardless of sector or size. The NIST Cybersecurity Framework consists of three primary components: the framework core, the profiles, and the implementation tiers. The framework core contains desired cybersecurity activities and outcomes organized into 23 categories that cover the breadth of cybersecurity objectives for an organization. The profiles contain an organization's unique alignment of their organizational requirements and objectives, risk appetite, and resources using the desired outcomes of the framework core. The implementation tiers describe the degree to which an organization’s cybersecurity risk management practices exhibit the characteristics defined in the framework core.;735291151388;ap-south-1;2026-07-11 14:19:13.485135;rp_1;Recovery plan is executed during or after a cybersecurity incident.;Recover (RC);Recovery Planning (RC.RP);;aws;;FAIL;RDS Instance cloudguardian-db does not have multi-AZ enabled.;arn:aws:rds:ap-south-1:735291151388:db:cloudguardian-db;rds_instance_multi_az;False;cloudguardian-db;NIST-CSF;National Institute of Standards and Technology (NIST) Cybersecurity Framework (CSF) v1.1;
aws;The NIST Cybersecurity Framework (CSF) is supported by governments and industries worldwide as a recommended baseline for use by any organization, regardless of sector or size. The NIST Cybersecurity Framework consists of three primary components: the framework core, the profiles, and the implementation tiers. The framework core contains desired cybersecurity activities and outcomes organized into 23 categories that cover the breadth of cybersecurity objectives for an organization. The profiles contain an organization's unique alignment of their organizational requirements and objectives, risk appetite, and resources using the desired outcomes of the framework core. The implementation tiers describe the degree to which an organization’s cybersecurity risk management practices exhibit the characteristics defined in the framework core.;735291151388;ap-south-1;2026-07-11 14:19:13.485135;rp_1;Response plan is executed during or after an incident.;Respond (RS);Response Planning (RS.RP);;aws;;FAIL;RDS Instance cloudguardian-db does not have multi-AZ enabled.;arn:aws:rds:ap-south-1:735291151388:db:cloudguardian-db;rds_instance_multi_az;False;cloudguardian-db;NIST-CSF;National Institute of Standards and Technology (NIST) Cybersecurity Framework (CSF) v1.1;
aws;The NIST Cybersecurity Framework (CSF) is supported by governments and industries worldwide as a recommended baseline for use by any organization, regardless of sector or size. The NIST Cybersecurity Framework consists of three primary components: the framework core, the profiles, and the implementation tiers. The framework core contains desired cybersecurity activities and outcomes organized into 23 categories that cover the breadth of cybersecurity objectives for an organization. The profiles contain an organization's unique alignment of their organizational requirements and objectives, risk appetite, and resources using the desired outcomes of the framework core. The implementation tiers describe the degree to which an organization’s cybersecurity risk management practices exhibit the characteristics defined in the framework core.;735291151388;ap-south-1;2026-07-11 14:19:13.485135;ac_3;Remote access is managed.;Protect (PR);Identity Management and Access Control (PR.AC);;aws;;FAIL;RDS Instance cloudguardian-db is set as publicly accessible and security group cloudguardian-rds-sg (sg-0be0be5f1a7d28519) has mysql port 3306 open to the Internet at endpoint cloudguardian-db.cxuyey2k27jg.ap-south-1.rds.amazonaws.com in a public subnet subnet-06415df4407c53071.;arn:aws:rds:ap-south-1:735291151388:db:cloudguardian-db;rds_instance_no_public_access;False;cloudguardian-db;NIST-CSF;National Institute of Standards and Technology (NIST) Cybersecurity Framework (CSF) v1.1;
aws;The NIST Cybersecurity Framework (CSF) is supported by governments and industries worldwide as a recommended baseline for use by any organization, regardless of sector or size. The NIST Cybersecurity Framework consists of three primary components: the framework core, the profiles, and the implementation tiers. The framework core contains desired cybersecurity activities and outcomes organized into 23 categories that cover the breadth of cybersecurity objectives for an organization. The profiles contain an organization's unique alignment of their organizational requirements and objectives, risk appetite, and resources using the desired outcomes of the framework core. The implementation tiers describe the degree to which an organization’s cybersecurity risk management practices exhibit the characteristics defined in the framework core.;735291151388;ap-south-1;2026-07-11 14:19:13.485135;ac_5;Network integrity is protected (e.g., network segregation, network segmentation).;Protect (PR);Identity Management and Access Control (PR.AC);;aws;;FAIL;RDS Instance cloudguardian-db is set as publicly accessible and security group cloudguardian-rds-sg (sg-0be0be5f1a7d28519) has mysql port 3306 open to the Internet at endpoint cloudguardian-db.cxuyey2k27jg.ap-south-1.rds.amazonaws.com in a public subnet subnet-06415df4407c53071.;arn:aws:rds:ap-south-1:735291151388:db:cloudguardian-db;rds_instance_no_public_access;False;cloudguardian-db;NIST-CSF;National Institute of Standards and Technology (NIST) Cybersecurity Framework (CSF) v1.1;
aws;The NIST Cybersecurity Framework (CSF) is supported by governments and industries worldwide as a recommended baseline for use by any organization, regardless of sector or size. The NIST Cybersecurity Framework consists of three primary components: the framework core, the profiles, and the implementation tiers. The framework core contains desired cybersecurity activities and outcomes organized into 23 categories that cover the breadth of cybersecurity objectives for an organization. The profiles contain an organization's unique alignment of their organizational requirements and objectives, risk appetite, and resources using the desired outcomes of the framework core. The implementation tiers describe the degree to which an organization’s cybersecurity risk management practices exhibit the characteristics defined in the framework core.;735291151388;ap-south-1;2026-07-11 14:19:13.485135;ds_5;Protections against data leaks are implemented.;Protect (PR);Data Security (PR.DS);;aws;;FAIL;RDS Instance cloudguardian-db is set as publicly accessible and security group cloudguardian-rds-sg (sg-0be0be5f1a7d28519) has mysql port 3306 open to the Internet at endpoint cloudguardian-db.cxuyey2k27jg.ap-south-1.rds.amazonaws.com in a public subnet subnet-06415df4407c53071.;arn:aws:rds:ap-south-1:735291151388:db:cloudguardian-db;rds_instance_no_public_access;False;cloudguardian-db;NIST-CSF;National Institute of Standards and Technology (NIST) Cybersecurity Framework (CSF) v1.1;
aws;The NIST Cybersecurity Framework (CSF) is supported by governments and industries worldwide as a recommended baseline for use by any organization, regardless of sector or size. The NIST Cybersecurity Framework consists of three primary components: the framework core, the profiles, and the implementation tiers. The framework core contains desired cybersecurity activities and outcomes organized into 23 categories that cover the breadth of cybersecurity objectives for an organization. The profiles contain an organization's unique alignment of their organizational requirements and objectives, risk appetite, and resources using the desired outcomes of the framework core. The implementation tiers describe the degree to which an organization’s cybersecurity risk management practices exhibit the characteristics defined in the framework core.;735291151388;ap-south-1;2026-07-11 14:19:13.485135;ip_8;Effectiveness of protection technologies is shared.;Protect (PR);Information Protection Processes and Procedures (PR.IP);;aws;;FAIL;RDS Instance cloudguardian-db is set as publicly accessible and security group cloudguardian-rds-sg (sg-0be0be5f1a7d28519) has mysql port 3306 open to the Internet at endpoint cloudguardian-db.cxuyey2k27jg.ap-south-1.rds.amazonaws.com in a public subnet subnet-06415df4407c53071.;arn:aws:rds:ap-south-1:735291151388:db:cloudguardian-db;rds_instance_no_public_access;False;cloudguardian-db;NIST-CSF;National Institute of Standards and Technology (NIST) Cybersecurity Framework (CSF) v1.1;
aws;The NIST Cybersecurity Framework (CSF) is supported by governments and industries worldwide as a recommended baseline for use by any organization, regardless of sector or size. The NIST Cybersecurity Framework consists of three primary components: the framework core, the profiles, and the implementation tiers. The framework core contains desired cybersecurity activities and outcomes organized into 23 categories that cover the breadth of cybersecurity objectives for an organization. The profiles contain an organization's unique alignment of their organizational requirements and objectives, risk appetite, and resources using the desired outcomes of the framework core. The implementation tiers describe the degree to which an organization’s cybersecurity risk management practices exhibit the characteristics defined in the framework core.;735291151388;ap-south-1;2026-07-11 14:19:13.485135;pt_4;Communications and control networks are protected.;Protect (PR);Protective Technology (PR.PT);;aws;;FAIL;RDS Instance cloudguardian-db is set as publicly accessible and security group cloudguardian-rds-sg (sg-0be0be5f1a7d28519) has mysql port 3306 open to the Internet at endpoint cloudguardian-db.cxuyey2k27jg.ap-south-1.rds.amazonaws.com in a public subnet subnet-06415df4407c53071.;arn:aws:rds:ap-south-1:735291151388:db:cloudguardian-db;rds_instance_no_public_access;False;cloudguardian-db;NIST-CSF;National Institute of Standards and Technology (NIST) Cybersecurity Framework (CSF) v1.1;
aws;The NIST Cybersecurity Framework (CSF) is supported by governments and industries worldwide as a recommended baseline for use by any organization, regardless of sector or size. The NIST Cybersecurity Framework consists of three primary components: the framework core, the profiles, and the implementation tiers. The framework core contains desired cybersecurity activities and outcomes organized into 23 categories that cover the breadth of cybersecurity objectives for an organization. The profiles contain an organization's unique alignment of their organizational requirements and objectives, risk appetite, and resources using the desired outcomes of the framework core. The implementation tiers describe the degree to which an organization’s cybersecurity risk management practices exhibit the characteristics defined in the framework core.;735291151388;ap-south-1;2026-07-11 14:19:13.485135;ds_1;Data-at-rest is protected.;Protect (PR);Data Security (PR.DS);;aws;;FAIL;RDS Instance cloudguardian-db is not encrypted.;arn:aws:rds:ap-south-1:735291151388:db:cloudguardian-db;rds_instance_storage_encrypted;False;cloudguardian-db;NIST-CSF;National Institute of Standards and Technology (NIST) Cybersecurity Framework (CSF) v1.1;
aws;The NIST Cybersecurity Framework (CSF) is supported by governments and industries worldwide as a recommended baseline for use by any organization, regardless of sector or size. The NIST Cybersecurity Framework consists of three primary components: the framework core, the profiles, and the implementation tiers. The framework core contains desired cybersecurity activities and outcomes organized into 23 categories that cover the breadth of cybersecurity objectives for an organization. The profiles contain an organization's unique alignment of their organizational requirements and objectives, risk appetite, and resources using the desired outcomes of the framework core. The implementation tiers describe the degree to which an organization’s cybersecurity risk management practices exhibit the characteristics defined in the framework core.;735291151388;ap-south-1;2026-07-11 14:19:13.485135;ac_3;Remote access is managed.;Protect (PR);Identity Management and Access Control (PR.AC);;aws;;FAIL;Block Public Access is not configured for the account 735291151388.;arn:aws:s3:ap-south-1:735291151388:account;s3_account_level_public_access_blocks;False;735291151388;NIST-CSF;National Institute of Standards and Technology (NIST) Cybersecurity Framework (CSF) v1.1;
aws;The NIST Cybersecurity Framework (CSF) is supported by governments and industries worldwide as a recommended baseline for use by any organization, regardless of sector or size. The NIST Cybersecurity Framework consists of three primary components: the framework core, the profiles, and the implementation tiers. The framework core contains desired cybersecurity activities and outcomes organized into 23 categories that cover the breadth of cybersecurity objectives for an organization. The profiles contain an organization's unique alignment of their organizational requirements and objectives, risk appetite, and resources using the desired outcomes of the framework core. The implementation tiers describe the degree to which an organization’s cybersecurity risk management practices exhibit the characteristics defined in the framework core.;735291151388;ap-south-1;2026-07-11 14:19:13.485135;ac_5;Network integrity is protected (e.g., network segregation, network segmentation).;Protect (PR);Identity Management and Access Control (PR.AC);;aws;;FAIL;Block Public Access is not configured for the account 735291151388.;arn:aws:s3:ap-south-1:735291151388:account;s3_account_level_public_access_blocks;False;735291151388;NIST-CSF;National Institute of Standards and Technology (NIST) Cybersecurity Framework (CSF) v1.1;
aws;The NIST Cybersecurity Framework (CSF) is supported by governments and industries worldwide as a recommended baseline for use by any organization, regardless of sector or size. The NIST Cybersecurity Framework consists of three primary components: the framework core, the profiles, and the implementation tiers. The framework core contains desired cybersecurity activities and outcomes organized into 23 categories that cover the breadth of cybersecurity objectives for an organization. The profiles contain an organization's unique alignment of their organizational requirements and objectives, risk appetite, and resources using the desired outcomes of the framework core. The implementation tiers describe the degree to which an organization’s cybersecurity risk management practices exhibit the characteristics defined in the framework core.;735291151388;ap-south-1;2026-07-11 14:19:13.485135;ds_5;Protections against data leaks are implemented.;Protect (PR);Data Security (PR.DS);;aws;;FAIL;Block Public Access is not configured for the account 735291151388.;arn:aws:s3:ap-south-1:735291151388:account;s3_account_level_public_access_blocks;False;735291151388;NIST-CSF;National Institute of Standards and Technology (NIST) Cybersecurity Framework (CSF) v1.1;
aws;The NIST Cybersecurity Framework (CSF) is supported by governments and industries worldwide as a recommended baseline for use by any organization, regardless of sector or size. The NIST Cybersecurity Framework consists of three primary components: the framework core, the profiles, and the implementation tiers. The framework core contains desired cybersecurity activities and outcomes organized into 23 categories that cover the breadth of cybersecurity objectives for an organization. The profiles contain an organization's unique alignment of their organizational requirements and objectives, risk appetite, and resources using the desired outcomes of the framework core. The implementation tiers describe the degree to which an organization’s cybersecurity risk management practices exhibit the characteristics defined in the framework core.;735291151388;ap-south-1;2026-07-11 14:19:13.485135;ip_8;Effectiveness of protection technologies is shared.;Protect (PR);Information Protection Processes and Procedures (PR.IP);;aws;;FAIL;Block Public Access is not configured for the account 735291151388.;arn:aws:s3:ap-south-1:735291151388:account;s3_account_level_public_access_blocks;False;735291151388;NIST-CSF;National Institute of Standards and Technology (NIST) Cybersecurity Framework (CSF) v1.1;
aws;The NIST Cybersecurity Framework (CSF) is supported by governments and industries worldwide as a recommended baseline for use by any organization, regardless of sector or size. The NIST Cybersecurity Framework consists of three primary components: the framework core, the profiles, and the implementation tiers. The framework core contains desired cybersecurity activities and outcomes organized into 23 categories that cover the breadth of cybersecurity objectives for an organization. The profiles contain an organization's unique alignment of their organizational requirements and objectives, risk appetite, and resources using the desired outcomes of the framework core. The implementation tiers describe the degree to which an organization’s cybersecurity risk management practices exhibit the characteristics defined in the framework core.;735291151388;ap-south-1;2026-07-11 14:19:13.485135;pt_3;The principle of least functionality is incorporated by configuring systems to provide only essential capabilities.;Protect (PR);Protective Technology (PR.PT);;aws;;FAIL;Block Public Access is not configured for the account 735291151388.;arn:aws:s3:ap-south-1:735291151388:account;s3_account_level_public_access_blocks;False;735291151388;NIST-CSF;National Institute of Standards and Technology (NIST) Cybersecurity Framework (CSF) v1.1;
aws;The NIST Cybersecurity Framework (CSF) is supported by governments and industries worldwide as a recommended baseline for use by any organization, regardless of sector or size. The NIST Cybersecurity Framework consists of three primary components: the framework core, the profiles, and the implementation tiers. The framework core contains desired cybersecurity activities and outcomes organized into 23 categories that cover the breadth of cybersecurity objectives for an organization. The profiles contain an organization's unique alignment of their organizational requirements and objectives, risk appetite, and resources using the desired outcomes of the framework core. The implementation tiers describe the degree to which an organization’s cybersecurity risk management practices exhibit the characteristics defined in the framework core.;735291151388;ap-south-1;2026-07-11 14:19:13.485135;ds_1;Data-at-rest is protected.;Protect (PR);Data Security (PR.DS);;aws;;PASS;S3 Bucket cloudguardian-data-c8f4e2a3 has Server Side Encryption with AES256.;arn:aws:s3:::cloudguardian-data-c8f4e2a3;s3_bucket_default_encryption;False;cloudguardian-data-c8f4e2a3;NIST-CSF;National Institute of Standards and Technology (NIST) Cybersecurity Framework (CSF) v1.1;
aws;The NIST Cybersecurity Framework (CSF) is supported by governments and industries worldwide as a recommended baseline for use by any organization, regardless of sector or size. The NIST Cybersecurity Framework consists of three primary components: the framework core, the profiles, and the implementation tiers. The framework core contains desired cybersecurity activities and outcomes organized into 23 categories that cover the breadth of cybersecurity objectives for an organization. The profiles contain an organization's unique alignment of their organizational requirements and objectives, risk appetite, and resources using the desired outcomes of the framework core. The implementation tiers describe the degree to which an organization’s cybersecurity risk management practices exhibit the characteristics defined in the framework core.;735291151388;ap-south-1;2026-07-11 14:19:13.485135;be_5;Resilience requirements to support delivery of critical services are established for all operating states (e.g. under duress/attack, during recovery, normal operations);Identify (ID);Business Environment (ID.BE);;aws;;FAIL;S3 Bucket cloudguardian-data-c8f4e2a3 has versioning disabled.;arn:aws:s3:::cloudguardian-data-c8f4e2a3;s3_bucket_object_versioning;False;cloudguardian-data-c8f4e2a3;NIST-CSF;National Institute of Standards and Technology (NIST) Cybersecurity Framework (CSF) v1.1;
aws;The NIST Cybersecurity Framework (CSF) is supported by governments and industries worldwide as a recommended baseline for use by any organization, regardless of sector or size. The NIST Cybersecurity Framework consists of three primary components: the framework core, the profiles, and the implementation tiers. The framework core contains desired cybersecurity activities and outcomes organized into 23 categories that cover the breadth of cybersecurity objectives for an organization. The profiles contain an organization's unique alignment of their organizational requirements and objectives, risk appetite, and resources using the desired outcomes of the framework core. The implementation tiers describe the degree to which an organization’s cybersecurity risk management practices exhibit the characteristics defined in the framework core.;735291151388;ap-south-1;2026-07-11 14:19:13.485135;ds_4;Adequate capacity to ensure availability is maintained.;Protect (PR);Data Security (PR.DS);;aws;;FAIL;S3 Bucket cloudguardian-data-c8f4e2a3 has versioning disabled.;arn:aws:s3:::cloudguardian-data-c8f4e2a3;s3_bucket_object_versioning;False;cloudguardian-data-c8f4e2a3;NIST-CSF;National Institute of Standards and Technology (NIST) Cybersecurity Framework (CSF) v1.1;
aws;The NIST Cybersecurity Framework (CSF) is supported by governments and industries worldwide as a recommended baseline for use by any organization, regardless of sector or size. The NIST Cybersecurity Framework consists of three primary components: the framework core, the profiles, and the implementation tiers. The framework core contains desired cybersecurity activities and outcomes organized into 23 categories that cover the breadth of cybersecurity objectives for an organization. The profiles contain an organization's unique alignment of their organizational requirements and objectives, risk appetite, and resources using the desired outcomes of the framework core. The implementation tiers describe the degree to which an organization’s cybersecurity risk management practices exhibit the characteristics defined in the framework core.;735291151388;ap-south-1;2026-07-11 14:19:13.485135;ip_4;Backups of information are conducted, maintained, and tested periodically.;Protect (PR);Information Protection Processes and Procedures (PR.IP);;aws;;FAIL;S3 Bucket cloudguardian-data-c8f4e2a3 has versioning disabled.;arn:aws:s3:::cloudguardian-data-c8f4e2a3;s3_bucket_object_versioning;False;cloudguardian-data-c8f4e2a3;NIST-CSF;National Institute of Standards and Technology (NIST) Cybersecurity Framework (CSF) v1.1;
aws;The NIST Cybersecurity Framework (CSF) is supported by governments and industries worldwide as a recommended baseline for use by any organization, regardless of sector or size. The NIST Cybersecurity Framework consists of three primary components: the framework core, the profiles, and the implementation tiers. The framework core contains desired cybersecurity activities and outcomes organized into 23 categories that cover the breadth of cybersecurity objectives for an organization. The profiles contain an organization's unique alignment of their organizational requirements and objectives, risk appetite, and resources using the desired outcomes of the framework core. The implementation tiers describe the degree to which an organization’s cybersecurity risk management practices exhibit the characteristics defined in the framework core.;735291151388;ap-south-1;2026-07-11 14:19:13.485135;ip_9;Response plans (Incident Response and Business Continuity) and recovery plans (Incident Recovery and Disaster Recovery) are in place and managed.;Protect (PR);Information Protection Processes and Procedures (PR.IP);;aws;;FAIL;S3 Bucket cloudguardian-data-c8f4e2a3 has versioning disabled.;arn:aws:s3:::cloudguardian-data-c8f4e2a3;s3_bucket_object_versioning;False;cloudguardian-data-c8f4e2a3;NIST-CSF;National Institute of Standards and Technology (NIST) Cybersecurity Framework (CSF) v1.1;
aws;The NIST Cybersecurity Framework (CSF) is supported by governments and industries worldwide as a recommended baseline for use by any organization, regardless of sector or size. The NIST Cybersecurity Framework consists of three primary components: the framework core, the profiles, and the implementation tiers. The framework core contains desired cybersecurity activities and outcomes organized into 23 categories that cover the breadth of cybersecurity objectives for an organization. The profiles contain an organization's unique alignment of their organizational requirements and objectives, risk appetite, and resources using the desired outcomes of the framework core. The implementation tiers describe the degree to which an organization’s cybersecurity risk management practices exhibit the characteristics defined in the framework core.;735291151388;ap-south-1;2026-07-11 14:19:13.485135;pt_5;Mechanisms (e.g., failsafe, load balancing, hot swap) are implemented to achieve resilience requirements in normal and adverse situations.;Protect (PR);Protective Technology (PR.PT);;aws;;FAIL;S3 Bucket cloudguardian-data-c8f4e2a3 has versioning disabled.;arn:aws:s3:::cloudguardian-data-c8f4e2a3;s3_bucket_object_versioning;False;cloudguardian-data-c8f4e2a3;NIST-CSF;National Institute of Standards and Technology (NIST) Cybersecurity Framework (CSF) v1.1;
aws;The NIST Cybersecurity Framework (CSF) is supported by governments and industries worldwide as a recommended baseline for use by any organization, regardless of sector or size. The NIST Cybersecurity Framework consists of three primary components: the framework core, the profiles, and the implementation tiers. The framework core contains desired cybersecurity activities and outcomes organized into 23 categories that cover the breadth of cybersecurity objectives for an organization. The profiles contain an organization's unique alignment of their organizational requirements and objectives, risk appetite, and resources using the desired outcomes of the framework core. The implementation tiers describe the degree to which an organization’s cybersecurity risk management practices exhibit the characteristics defined in the framework core.;735291151388;ap-south-1;2026-07-11 14:19:13.485135;rp_1;Recovery plan is executed during or after a cybersecurity incident.;Recover (RC);Recovery Planning (RC.RP);;aws;;FAIL;S3 Bucket cloudguardian-data-c8f4e2a3 has versioning disabled.;arn:aws:s3:::cloudguardian-data-c8f4e2a3;s3_bucket_object_versioning;False;cloudguardian-data-c8f4e2a3;NIST-CSF;National Institute of Standards and Technology (NIST) Cybersecurity Framework (CSF) v1.1;
aws;The NIST Cybersecurity Framework (CSF) is supported by governments and industries worldwide as a recommended baseline for use by any organization, regardless of sector or size. The NIST Cybersecurity Framework consists of three primary components: the framework core, the profiles, and the implementation tiers. The framework core contains desired cybersecurity activities and outcomes organized into 23 categories that cover the breadth of cybersecurity objectives for an organization. The profiles contain an organization's unique alignment of their organizational requirements and objectives, risk appetite, and resources using the desired outcomes of the framework core. The implementation tiers describe the degree to which an organization’s cybersecurity risk management practices exhibit the characteristics defined in the framework core.;735291151388;ap-south-1;2026-07-11 14:19:13.485135;rp_1;Response plan is executed during or after an incident.;Respond (RS);Response Planning (RS.RP);;aws;;FAIL;S3 Bucket cloudguardian-data-c8f4e2a3 has versioning disabled.;arn:aws:s3:::cloudguardian-data-c8f4e2a3;s3_bucket_object_versioning;False;cloudguardian-data-c8f4e2a3;NIST-CSF;National Institute of Standards and Technology (NIST) Cybersecurity Framework (CSF) v1.1;
aws;The NIST Cybersecurity Framework (CSF) is supported by governments and industries worldwide as a recommended baseline for use by any organization, regardless of sector or size. The NIST Cybersecurity Framework consists of three primary components: the framework core, the profiles, and the implementation tiers. The framework core contains desired cybersecurity activities and outcomes organized into 23 categories that cover the breadth of cybersecurity objectives for an organization. The profiles contain an organization's unique alignment of their organizational requirements and objectives, risk appetite, and resources using the desired outcomes of the framework core. The implementation tiers describe the degree to which an organization’s cybersecurity risk management practices exhibit the characteristics defined in the framework core.;735291151388;ap-south-1;2026-07-11 14:19:13.485135;ac_3;Remote access is managed.;Protect (PR);Identity Management and Access Control (PR.AC);;aws;;PASS;S3 Bucket cloudguardian-data-c8f4e2a3 does not allow public write access in the bucket policy.;arn:aws:s3:::cloudguardian-data-c8f4e2a3;s3_bucket_policy_public_write_access;False;cloudguardian-data-c8f4e2a3;NIST-CSF;National Institute of Standards and Technology (NIST) Cybersecurity Framework (CSF) v1.1;
aws;The NIST Cybersecurity Framework (CSF) is supported by governments and industries worldwide as a recommended baseline for use by any organization, regardless of sector or size. The NIST Cybersecurity Framework consists of three primary components: the framework core, the profiles, and the implementation tiers. The framework core contains desired cybersecurity activities and outcomes organized into 23 categories that cover the breadth of cybersecurity objectives for an organization. The profiles contain an organization's unique alignment of their organizational requirements and objectives, risk appetite, and resources using the desired outcomes of the framework core. The implementation tiers describe the degree to which an organization’s cybersecurity risk management practices exhibit the characteristics defined in the framework core.;735291151388;ap-south-1;2026-07-11 14:19:13.485135;ac_5;Network integrity is protected (e.g., network segregation, network segmentation).;Protect (PR);Identity Management and Access Control (PR.AC);;aws;;PASS;S3 Bucket cloudguardian-data-c8f4e2a3 does not allow public write access in the bucket policy.;arn:aws:s3:::cloudguardian-data-c8f4e2a3;s3_bucket_policy_public_write_access;False;cloudguardian-data-c8f4e2a3;NIST-CSF;National Institute of Standards and Technology (NIST) Cybersecurity Framework (CSF) v1.1;
aws;The NIST Cybersecurity Framework (CSF) is supported by governments and industries worldwide as a recommended baseline for use by any organization, regardless of sector or size. The NIST Cybersecurity Framework consists of three primary components: the framework core, the profiles, and the implementation tiers. The framework core contains desired cybersecurity activities and outcomes organized into 23 categories that cover the breadth of cybersecurity objectives for an organization. The profiles contain an organization's unique alignment of their organizational requirements and objectives, risk appetite, and resources using the desired outcomes of the framework core. The implementation tiers describe the degree to which an organization’s cybersecurity risk management practices exhibit the characteristics defined in the framework core.;735291151388;ap-south-1;2026-07-11 14:19:13.485135;ds_5;Protections against data leaks are implemented.;Protect (PR);Data Security (PR.DS);;aws;;PASS;S3 Bucket cloudguardian-data-c8f4e2a3 does not allow public write access in the bucket policy.;arn:aws:s3:::cloudguardian-data-c8f4e2a3;s3_bucket_policy_public_write_access;False;cloudguardian-data-c8f4e2a3;NIST-CSF;National Institute of Standards and Technology (NIST) Cybersecurity Framework (CSF) v1.1;
aws;The NIST Cybersecurity Framework (CSF) is supported by governments and industries worldwide as a recommended baseline for use by any organization, regardless of sector or size. The NIST Cybersecurity Framework consists of three primary components: the framework core, the profiles, and the implementation tiers. The framework core contains desired cybersecurity activities and outcomes organized into 23 categories that cover the breadth of cybersecurity objectives for an organization. The profiles contain an organization's unique alignment of their organizational requirements and objectives, risk appetite, and resources using the desired outcomes of the framework core. The implementation tiers describe the degree to which an organization’s cybersecurity risk management practices exhibit the characteristics defined in the framework core.;735291151388;ap-south-1;2026-07-11 14:19:13.485135;ip_8;Effectiveness of protection technologies is shared.;Protect (PR);Information Protection Processes and Procedures (PR.IP);;aws;;PASS;S3 Bucket cloudguardian-data-c8f4e2a3 does not allow public write access in the bucket policy.;arn:aws:s3:::cloudguardian-data-c8f4e2a3;s3_bucket_policy_public_write_access;False;cloudguardian-data-c8f4e2a3;NIST-CSF;National Institute of Standards and Technology (NIST) Cybersecurity Framework (CSF) v1.1;
aws;The NIST Cybersecurity Framework (CSF) is supported by governments and industries worldwide as a recommended baseline for use by any organization, regardless of sector or size. The NIST Cybersecurity Framework consists of three primary components: the framework core, the profiles, and the implementation tiers. The framework core contains desired cybersecurity activities and outcomes organized into 23 categories that cover the breadth of cybersecurity objectives for an organization. The profiles contain an organization's unique alignment of their organizational requirements and objectives, risk appetite, and resources using the desired outcomes of the framework core. The implementation tiers describe the degree to which an organization’s cybersecurity risk management practices exhibit the characteristics defined in the framework core.;735291151388;ap-south-1;2026-07-11 14:19:13.485135;pt_3;The principle of least functionality is incorporated by configuring systems to provide only essential capabilities.;Protect (PR);Protective Technology (PR.PT);;aws;;PASS;S3 Bucket cloudguardian-data-c8f4e2a3 does not allow public write access in the bucket policy.;arn:aws:s3:::cloudguardian-data-c8f4e2a3;s3_bucket_policy_public_write_access;False;cloudguardian-data-c8f4e2a3;NIST-CSF;National Institute of Standards and Technology (NIST) Cybersecurity Framework (CSF) v1.1;
aws;The NIST Cybersecurity Framework (CSF) is supported by governments and industries worldwide as a recommended baseline for use by any organization, regardless of sector or size. The NIST Cybersecurity Framework consists of three primary components: the framework core, the profiles, and the implementation tiers. The framework core contains desired cybersecurity activities and outcomes organized into 23 categories that cover the breadth of cybersecurity objectives for an organization. The profiles contain an organization's unique alignment of their organizational requirements and objectives, risk appetite, and resources using the desired outcomes of the framework core. The implementation tiers describe the degree to which an organization’s cybersecurity risk management practices exhibit the characteristics defined in the framework core.;735291151388;ap-south-1;2026-07-11 14:19:13.485135;ac_3;Remote access is managed.;Protect (PR);Identity Management and Access Control (PR.AC);;aws;;PASS;S3 Bucket cloudguardian-data-c8f4e2a3 is not public.;arn:aws:s3:::cloudguardian-data-c8f4e2a3;s3_bucket_public_access;False;cloudguardian-data-c8f4e2a3;NIST-CSF;National Institute of Standards and Technology (NIST) Cybersecurity Framework (CSF) v1.1;
aws;The NIST Cybersecurity Framework (CSF) is supported by governments and industries worldwide as a recommended baseline for use by any organization, regardless of sector or size. The NIST Cybersecurity Framework consists of three primary components: the framework core, the profiles, and the implementation tiers. The framework core contains desired cybersecurity activities and outcomes organized into 23 categories that cover the breadth of cybersecurity objectives for an organization. The profiles contain an organization's unique alignment of their organizational requirements and objectives, risk appetite, and resources using the desired outcomes of the framework core. The implementation tiers describe the degree to which an organization’s cybersecurity risk management practices exhibit the characteristics defined in the framework core.;735291151388;ap-south-1;2026-07-11 14:19:13.485135;ac_5;Network integrity is protected (e.g., network segregation, network segmentation).;Protect (PR);Identity Management and Access Control (PR.AC);;aws;;PASS;S3 Bucket cloudguardian-data-c8f4e2a3 is not public.;arn:aws:s3:::cloudguardian-data-c8f4e2a3;s3_bucket_public_access;False;cloudguardian-data-c8f4e2a3;NIST-CSF;National Institute of Standards and Technology (NIST) Cybersecurity Framework (CSF) v1.1;
aws;The NIST Cybersecurity Framework (CSF) is supported by governments and industries worldwide as a recommended baseline for use by any organization, regardless of sector or size. The NIST Cybersecurity Framework consists of three primary components: the framework core, the profiles, and the implementation tiers. The framework core contains desired cybersecurity activities and outcomes organized into 23 categories that cover the breadth of cybersecurity objectives for an organization. The profiles contain an organization's unique alignment of their organizational requirements and objectives, risk appetite, and resources using the desired outcomes of the framework core. The implementation tiers describe the degree to which an organization’s cybersecurity risk management practices exhibit the characteristics defined in the framework core.;735291151388;ap-south-1;2026-07-11 14:19:13.485135;ds_5;Protections against data leaks are implemented.;Protect (PR);Data Security (PR.DS);;aws;;PASS;S3 Bucket cloudguardian-data-c8f4e2a3 is not public.;arn:aws:s3:::cloudguardian-data-c8f4e2a3;s3_bucket_public_access;False;cloudguardian-data-c8f4e2a3;NIST-CSF;National Institute of Standards and Technology (NIST) Cybersecurity Framework (CSF) v1.1;
aws;The NIST Cybersecurity Framework (CSF) is supported by governments and industries worldwide as a recommended baseline for use by any organization, regardless of sector or size. The NIST Cybersecurity Framework consists of three primary components: the framework core, the profiles, and the implementation tiers. The framework core contains desired cybersecurity activities and outcomes organized into 23 categories that cover the breadth of cybersecurity objectives for an organization. The profiles contain an organization's unique alignment of their organizational requirements and objectives, risk appetite, and resources using the desired outcomes of the framework core. The implementation tiers describe the degree to which an organization’s cybersecurity risk management practices exhibit the characteristics defined in the framework core.;735291151388;ap-south-1;2026-07-11 14:19:13.485135;ip_8;Effectiveness of protection technologies is shared.;Protect (PR);Information Protection Processes and Procedures (PR.IP);;aws;;PASS;S3 Bucket cloudguardian-data-c8f4e2a3 is not public.;arn:aws:s3:::cloudguardian-data-c8f4e2a3;s3_bucket_public_access;False;cloudguardian-data-c8f4e2a3;NIST-CSF;National Institute of Standards and Technology (NIST) Cybersecurity Framework (CSF) v1.1;
aws;The NIST Cybersecurity Framework (CSF) is supported by governments and industries worldwide as a recommended baseline for use by any organization, regardless of sector or size. The NIST Cybersecurity Framework consists of three primary components: the framework core, the profiles, and the implementation tiers. The framework core contains desired cybersecurity activities and outcomes organized into 23 categories that cover the breadth of cybersecurity objectives for an organization. The profiles contain an organization's unique alignment of their organizational requirements and objectives, risk appetite, and resources using the desired outcomes of the framework core. The implementation tiers describe the degree to which an organization’s cybersecurity risk management practices exhibit the characteristics defined in the framework core.;735291151388;ap-south-1;2026-07-11 14:19:13.485135;pt_3;The principle of least functionality is incorporated by configuring systems to provide only essential capabilities.;Protect (PR);Protective Technology (PR.PT);;aws;;PASS;S3 Bucket cloudguardian-data-c8f4e2a3 is not public.;arn:aws:s3:::cloudguardian-data-c8f4e2a3;s3_bucket_public_access;False;cloudguardian-data-c8f4e2a3;NIST-CSF;National Institute of Standards and Technology (NIST) Cybersecurity Framework (CSF) v1.1;
aws;The NIST Cybersecurity Framework (CSF) is supported by governments and industries worldwide as a recommended baseline for use by any organization, regardless of sector or size. The NIST Cybersecurity Framework consists of three primary components: the framework core, the profiles, and the implementation tiers. The framework core contains desired cybersecurity activities and outcomes organized into 23 categories that cover the breadth of cybersecurity objectives for an organization. The profiles contain an organization's unique alignment of their organizational requirements and objectives, risk appetite, and resources using the desired outcomes of the framework core. The implementation tiers describe the degree to which an organization’s cybersecurity risk management practices exhibit the characteristics defined in the framework core.;735291151388;ap-south-1;2026-07-11 14:19:13.485135;ds_2;Data-in-transit is protected.;Protect (PR);Data Security (PR.DS);;aws;;FAIL;S3 Bucket cloudguardian-data-c8f4e2a3 allows requests over insecure transport in the bucket policy.;arn:aws:s3:::cloudguardian-data-c8f4e2a3;s3_bucket_secure_transport_policy;False;cloudguardian-data-c8f4e2a3;NIST-CSF;National Institute of Standards and Technology (NIST) Cybersecurity Framework (CSF) v1.1;
aws;The NIST Cybersecurity Framework (CSF) is supported by governments and industries worldwide as a recommended baseline for use by any organization, regardless of sector or size. The NIST Cybersecurity Framework consists of three primary components: the framework core, the profiles, and the implementation tiers. The framework core contains desired cybersecurity activities and outcomes organized into 23 categories that cover the breadth of cybersecurity objectives for an organization. The profiles contain an organization's unique alignment of their organizational requirements and objectives, risk appetite, and resources using the desired outcomes of the framework core. The implementation tiers describe the degree to which an organization’s cybersecurity risk management practices exhibit the characteristics defined in the framework core.;735291151388;ap-south-1;2026-07-11 14:19:13.485135;ae_1;A baseline of network operations and expected data flows for users and systems is established and managed.;Detect (DE);Anomalies and Events (DE.AE);;aws;;FAIL;S3 Bucket cloudguardian-data-c8f4e2a3 has server access logging disabled.;arn:aws:s3:::cloudguardian-data-c8f4e2a3;s3_bucket_server_access_logging_enabled;False;cloudguardian-data-c8f4e2a3;NIST-CSF;National Institute of Standards and Technology (NIST) Cybersecurity Framework (CSF) v1.1;
aws;The NIST Cybersecurity Framework (CSF) is supported by governments and industries worldwide as a recommended baseline for use by any organization, regardless of sector or size. The NIST Cybersecurity Framework consists of three primary components: the framework core, the profiles, and the implementation tiers. The framework core contains desired cybersecurity activities and outcomes organized into 23 categories that cover the breadth of cybersecurity objectives for an organization. The profiles contain an organization's unique alignment of their organizational requirements and objectives, risk appetite, and resources using the desired outcomes of the framework core. The implementation tiers describe the degree to which an organization’s cybersecurity risk management practices exhibit the characteristics defined in the framework core.;735291151388;ap-south-1;2026-07-11 14:19:13.485135;ae_3;Event data are collected and correlated from multiple sources and sensors.;Detect (DE);Anomalies and Events (DE.AE);;aws;;FAIL;S3 Bucket cloudguardian-data-c8f4e2a3 has server access logging disabled.;arn:aws:s3:::cloudguardian-data-c8f4e2a3;s3_bucket_server_access_logging_enabled;False;cloudguardian-data-c8f4e2a3;NIST-CSF;National Institute of Standards and Technology (NIST) Cybersecurity Framework (CSF) v1.1;
aws;The NIST Cybersecurity Framework (CSF) is supported by governments and industries worldwide as a recommended baseline for use by any organization, regardless of sector or size. The NIST Cybersecurity Framework consists of three primary components: the framework core, the profiles, and the implementation tiers. The framework core contains desired cybersecurity activities and outcomes organized into 23 categories that cover the breadth of cybersecurity objectives for an organization. The profiles contain an organization's unique alignment of their organizational requirements and objectives, risk appetite, and resources using the desired outcomes of the framework core. The implementation tiers describe the degree to which an organization’s cybersecurity risk management practices exhibit the characteristics defined in the framework core.;735291151388;ap-south-1;2026-07-11 14:19:13.485135;ae_4;Impact of events is determined.;Detect (DE);Anomalies and Events (DE.AE);;aws;;FAIL;S3 Bucket cloudguardian-data-c8f4e2a3 has server access logging disabled.;arn:aws:s3:::cloudguardian-data-c8f4e2a3;s3_bucket_server_access_logging_enabled;False;cloudguardian-data-c8f4e2a3;NIST-CSF;National Institute of Standards and Technology (NIST) Cybersecurity Framework (CSF) v1.1;
aws;The NIST Cybersecurity Framework (CSF) is supported by governments and industries worldwide as a recommended baseline for use by any organization, regardless of sector or size. The NIST Cybersecurity Framework consists of three primary components: the framework core, the profiles, and the implementation tiers. The framework core contains desired cybersecurity activities and outcomes organized into 23 categories that cover the breadth of cybersecurity objectives for an organization. The profiles contain an organization's unique alignment of their organizational requirements and objectives, risk appetite, and resources using the desired outcomes of the framework core. The implementation tiers describe the degree to which an organization’s cybersecurity risk management practices exhibit the characteristics defined in the framework core.;735291151388;ap-south-1;2026-07-11 14:19:13.485135;cm_1;The network is monitored to detect potential cybersecurity events.;Detect (DE);Security Continuous Monitoring (DE.CM);;aws;;FAIL;S3 Bucket cloudguardian-data-c8f4e2a3 has server access logging disabled.;arn:aws:s3:::cloudguardian-data-c8f4e2a3;s3_bucket_server_access_logging_enabled;False;cloudguardian-data-c8f4e2a3;NIST-CSF;National Institute of Standards and Technology (NIST) Cybersecurity Framework (CSF) v1.1;
aws;The NIST Cybersecurity Framework (CSF) is supported by governments and industries worldwide as a recommended baseline for use by any organization, regardless of sector or size. The NIST Cybersecurity Framework consists of three primary components: the framework core, the profiles, and the implementation tiers. The framework core contains desired cybersecurity activities and outcomes organized into 23 categories that cover the breadth of cybersecurity objectives for an organization. The profiles contain an organization's unique alignment of their organizational requirements and objectives, risk appetite, and resources using the desired outcomes of the framework core. The implementation tiers describe the degree to which an organization’s cybersecurity risk management practices exhibit the characteristics defined in the framework core.;735291151388;ap-south-1;2026-07-11 14:19:13.485135;cm_3;Personnel activity is monitored to detect potential cybersecurity events.;Detect (DE);Security Continuous Monitoring (DE.CM);;aws;;FAIL;S3 Bucket cloudguardian-data-c8f4e2a3 has server access logging disabled.;arn:aws:s3:::cloudguardian-data-c8f4e2a3;s3_bucket_server_access_logging_enabled;False;cloudguardian-data-c8f4e2a3;NIST-CSF;National Institute of Standards and Technology (NIST) Cybersecurity Framework (CSF) v1.1;
aws;The NIST Cybersecurity Framework (CSF) is supported by governments and industries worldwide as a recommended baseline for use by any organization, regardless of sector or size. The NIST Cybersecurity Framework consists of three primary components: the framework core, the profiles, and the implementation tiers. The framework core contains desired cybersecurity activities and outcomes organized into 23 categories that cover the breadth of cybersecurity objectives for an organization. The profiles contain an organization's unique alignment of their organizational requirements and objectives, risk appetite, and resources using the desired outcomes of the framework core. The implementation tiers describe the degree to which an organization’s cybersecurity risk management practices exhibit the characteristics defined in the framework core.;735291151388;ap-south-1;2026-07-11 14:19:13.485135;cm_6;External service provider activity is monitored to detect potential cybersecurity events.;Detect (DE);Security Continuous Monitoring (DE.CM);;aws;;FAIL;S3 Bucket cloudguardian-data-c8f4e2a3 has server access logging disabled.;arn:aws:s3:::cloudguardian-data-c8f4e2a3;s3_bucket_server_access_logging_enabled;False;cloudguardian-data-c8f4e2a3;NIST-CSF;National Institute of Standards and Technology (NIST) Cybersecurity Framework (CSF) v1.1;
aws;The NIST Cybersecurity Framework (CSF) is supported by governments and industries worldwide as a recommended baseline for use by any organization, regardless of sector or size. The NIST Cybersecurity Framework consists of three primary components: the framework core, the profiles, and the implementation tiers. The framework core contains desired cybersecurity activities and outcomes organized into 23 categories that cover the breadth of cybersecurity objectives for an organization. The profiles contain an organization's unique alignment of their organizational requirements and objectives, risk appetite, and resources using the desired outcomes of the framework core. The implementation tiers describe the degree to which an organization’s cybersecurity risk management practices exhibit the characteristics defined in the framework core.;735291151388;ap-south-1;2026-07-11 14:19:13.485135;cm_7;Monitoring for unauthorized personnel, connections, devices, and software is performed.;Detect (DE);Security Continuous Monitoring (DE.CM);;aws;;FAIL;S3 Bucket cloudguardian-data-c8f4e2a3 has server access logging disabled.;arn:aws:s3:::cloudguardian-data-c8f4e2a3;s3_bucket_server_access_logging_enabled;False;cloudguardian-data-c8f4e2a3;NIST-CSF;National Institute of Standards and Technology (NIST) Cybersecurity Framework (CSF) v1.1;
aws;The NIST Cybersecurity Framework (CSF) is supported by governments and industries worldwide as a recommended baseline for use by any organization, regardless of sector or size. The NIST Cybersecurity Framework consists of three primary components: the framework core, the profiles, and the implementation tiers. The framework core contains desired cybersecurity activities and outcomes organized into 23 categories that cover the breadth of cybersecurity objectives for an organization. The profiles contain an organization's unique alignment of their organizational requirements and objectives, risk appetite, and resources using the desired outcomes of the framework core. The implementation tiers describe the degree to which an organization’s cybersecurity risk management practices exhibit the characteristics defined in the framework core.;735291151388;ap-south-1;2026-07-11 14:19:13.485135;am_3;Organizational communication and data flows are mapped.;Identify (ID);Asset Management (ID.AM);;aws;;FAIL;S3 Bucket cloudguardian-data-c8f4e2a3 has server access logging disabled.;arn:aws:s3:::cloudguardian-data-c8f4e2a3;s3_bucket_server_access_logging_enabled;False;cloudguardian-data-c8f4e2a3;NIST-CSF;National Institute of Standards and Technology (NIST) Cybersecurity Framework (CSF) v1.1;
aws;The NIST Cybersecurity Framework (CSF) is supported by governments and industries worldwide as a recommended baseline for use by any organization, regardless of sector or size. The NIST Cybersecurity Framework consists of three primary components: the framework core, the profiles, and the implementation tiers. The framework core contains desired cybersecurity activities and outcomes organized into 23 categories that cover the breadth of cybersecurity objectives for an organization. The profiles contain an organization's unique alignment of their organizational requirements and objectives, risk appetite, and resources using the desired outcomes of the framework core. The implementation tiers describe the degree to which an organization’s cybersecurity risk management practices exhibit the characteristics defined in the framework core.;735291151388;ap-south-1;2026-07-11 14:19:13.485135;ac_6;Identities are proofed and bound to credentials and asserted in interactions.;Protect (PR);Identity Management and Access Control (PR.AC);;aws;;FAIL;S3 Bucket cloudguardian-data-c8f4e2a3 has server access logging disabled.;arn:aws:s3:::cloudguardian-data-c8f4e2a3;s3_bucket_server_access_logging_enabled;False;cloudguardian-data-c8f4e2a3;NIST-CSF;National Institute of Standards and Technology (NIST) Cybersecurity Framework (CSF) v1.1;
aws;The NIST Cybersecurity Framework (CSF) is supported by governments and industries worldwide as a recommended baseline for use by any organization, regardless of sector or size. The NIST Cybersecurity Framework consists of three primary components: the framework core, the profiles, and the implementation tiers. The framework core contains desired cybersecurity activities and outcomes organized into 23 categories that cover the breadth of cybersecurity objectives for an organization. The profiles contain an organization's unique alignment of their organizational requirements and objectives, risk appetite, and resources using the desired outcomes of the framework core. The implementation tiers describe the degree to which an organization’s cybersecurity risk management practices exhibit the characteristics defined in the framework core.;735291151388;ap-south-1;2026-07-11 14:19:13.485135;ds_5;Protections against data leaks are implemented.;Protect (PR);Data Security (PR.DS);;aws;;FAIL;S3 Bucket cloudguardian-data-c8f4e2a3 has server access logging disabled.;arn:aws:s3:::cloudguardian-data-c8f4e2a3;s3_bucket_server_access_logging_enabled;False;cloudguardian-data-c8f4e2a3;NIST-CSF;National Institute of Standards and Technology (NIST) Cybersecurity Framework (CSF) v1.1;
aws;The NIST Cybersecurity Framework (CSF) is supported by governments and industries worldwide as a recommended baseline for use by any organization, regardless of sector or size. The NIST Cybersecurity Framework consists of three primary components: the framework core, the profiles, and the implementation tiers. The framework core contains desired cybersecurity activities and outcomes organized into 23 categories that cover the breadth of cybersecurity objectives for an organization. The profiles contain an organization's unique alignment of their organizational requirements and objectives, risk appetite, and resources using the desired outcomes of the framework core. The implementation tiers describe the degree to which an organization’s cybersecurity risk management practices exhibit the characteristics defined in the framework core.;735291151388;ap-south-1;2026-07-11 14:19:13.485135;pt_1;Audit/log records are determined, documented, implemented, and reviewed in accordance with policy.;Protect (PR);Protective Technology (PR.PT);;aws;;FAIL;S3 Bucket cloudguardian-data-c8f4e2a3 has server access logging disabled.;arn:aws:s3:::cloudguardian-data-c8f4e2a3;s3_bucket_server_access_logging_enabled;False;cloudguardian-data-c8f4e2a3;NIST-CSF;National Institute of Standards and Technology (NIST) Cybersecurity Framework (CSF) v1.1;
aws;The NIST Cybersecurity Framework (CSF) is supported by governments and industries worldwide as a recommended baseline for use by any organization, regardless of sector or size. The NIST Cybersecurity Framework consists of three primary components: the framework core, the profiles, and the implementation tiers. The framework core contains desired cybersecurity activities and outcomes organized into 23 categories that cover the breadth of cybersecurity objectives for an organization. The profiles contain an organization's unique alignment of their organizational requirements and objectives, risk appetite, and resources using the desired outcomes of the framework core. The implementation tiers describe the degree to which an organization’s cybersecurity risk management practices exhibit the characteristics defined in the framework core.;735291151388;ap-south-1;2026-07-11 14:19:13.485135;ae_1;A baseline of network operations and expected data flows for users and systems is established and managed.;Detect (DE);Anomalies and Events (DE.AE);;aws;;FAIL;VPC cloudguardian-vpc Flow logs are disabled.;arn:aws:ec2:ap-south-1:735291151388:vpc/vpc-056acc9b951114346;vpc_flow_logs_enabled;False;vpc-056acc9b951114346;NIST-CSF;National Institute of Standards and Technology (NIST) Cybersecurity Framework (CSF) v1.1;
aws;The NIST Cybersecurity Framework (CSF) is supported by governments and industries worldwide as a recommended baseline for use by any organization, regardless of sector or size. The NIST Cybersecurity Framework consists of three primary components: the framework core, the profiles, and the implementation tiers. The framework core contains desired cybersecurity activities and outcomes organized into 23 categories that cover the breadth of cybersecurity objectives for an organization. The profiles contain an organization's unique alignment of their organizational requirements and objectives, risk appetite, and resources using the desired outcomes of the framework core. The implementation tiers describe the degree to which an organization’s cybersecurity risk management practices exhibit the characteristics defined in the framework core.;735291151388;ap-south-1;2026-07-11 14:19:13.485135;ae_3;Event data are collected and correlated from multiple sources and sensors.;Detect (DE);Anomalies and Events (DE.AE);;aws;;FAIL;VPC cloudguardian-vpc Flow logs are disabled.;arn:aws:ec2:ap-south-1:735291151388:vpc/vpc-056acc9b951114346;vpc_flow_logs_enabled;False;vpc-056acc9b951114346;NIST-CSF;National Institute of Standards and Technology (NIST) Cybersecurity Framework (CSF) v1.1;
aws;The NIST Cybersecurity Framework (CSF) is supported by governments and industries worldwide as a recommended baseline for use by any organization, regardless of sector or size. The NIST Cybersecurity Framework consists of three primary components: the framework core, the profiles, and the implementation tiers. The framework core contains desired cybersecurity activities and outcomes organized into 23 categories that cover the breadth of cybersecurity objectives for an organization. The profiles contain an organization's unique alignment of their organizational requirements and objectives, risk appetite, and resources using the desired outcomes of the framework core. The implementation tiers describe the degree to which an organization’s cybersecurity risk management practices exhibit the characteristics defined in the framework core.;735291151388;ap-south-1;2026-07-11 14:19:13.485135;cm_1;The network is monitored to detect potential cybersecurity events.;Detect (DE);Security Continuous Monitoring (DE.CM);;aws;;FAIL;VPC cloudguardian-vpc Flow logs are disabled.;arn:aws:ec2:ap-south-1:735291151388:vpc/vpc-056acc9b951114346;vpc_flow_logs_enabled;False;vpc-056acc9b951114346;NIST-CSF;National Institute of Standards and Technology (NIST) Cybersecurity Framework (CSF) v1.1;
aws;The NIST Cybersecurity Framework (CSF) is supported by governments and industries worldwide as a recommended baseline for use by any organization, regardless of sector or size. The NIST Cybersecurity Framework consists of three primary components: the framework core, the profiles, and the implementation tiers. The framework core contains desired cybersecurity activities and outcomes organized into 23 categories that cover the breadth of cybersecurity objectives for an organization. The profiles contain an organization's unique alignment of their organizational requirements and objectives, risk appetite, and resources using the desired outcomes of the framework core. The implementation tiers describe the degree to which an organization’s cybersecurity risk management practices exhibit the characteristics defined in the framework core.;735291151388;ap-south-1;2026-07-11 14:19:13.485135;cm_7;Monitoring for unauthorized personnel, connections, devices, and software is performed.;Detect (DE);Security Continuous Monitoring (DE.CM);;aws;;FAIL;VPC cloudguardian-vpc Flow logs are disabled.;arn:aws:ec2:ap-south-1:735291151388:vpc/vpc-056acc9b951114346;vpc_flow_logs_enabled;False;vpc-056acc9b951114346;NIST-CSF;National Institute of Standards and Technology (NIST) Cybersecurity Framework (CSF) v1.1;
aws;The NIST Cybersecurity Framework (CSF) is supported by governments and industries worldwide as a recommended baseline for use by any organization, regardless of sector or size. The NIST Cybersecurity Framework consists of three primary components: the framework core, the profiles, and the implementation tiers. The framework core contains desired cybersecurity activities and outcomes organized into 23 categories that cover the breadth of cybersecurity objectives for an organization. The profiles contain an organization's unique alignment of their organizational requirements and objectives, risk appetite, and resources using the desired outcomes of the framework core. The implementation tiers describe the degree to which an organization’s cybersecurity risk management practices exhibit the characteristics defined in the framework core.;735291151388;ap-south-1;2026-07-11 14:19:13.485135;am_3;Organizational communication and data flows are mapped.;Identify (ID);Asset Management (ID.AM);;aws;;FAIL;VPC cloudguardian-vpc Flow logs are disabled.;arn:aws:ec2:ap-south-1:735291151388:vpc/vpc-056acc9b951114346;vpc_flow_logs_enabled;False;vpc-056acc9b951114346;NIST-CSF;National Institute of Standards and Technology (NIST) Cybersecurity Framework (CSF) v1.1;
aws;The NIST Cybersecurity Framework (CSF) is supported by governments and industries worldwide as a recommended baseline for use by any organization, regardless of sector or size. The NIST Cybersecurity Framework consists of three primary components: the framework core, the profiles, and the implementation tiers. The framework core contains desired cybersecurity activities and outcomes organized into 23 categories that cover the breadth of cybersecurity objectives for an organization. The profiles contain an organization's unique alignment of their organizational requirements and objectives, risk appetite, and resources using the desired outcomes of the framework core. The implementation tiers describe the degree to which an organization’s cybersecurity risk management practices exhibit the characteristics defined in the framework core.;735291151388;ap-south-1;2026-07-11 14:19:13.485135;ds_5;Protections against data leaks are implemented.;Protect (PR);Data Security (PR.DS);;aws;;FAIL;VPC cloudguardian-vpc Flow logs are disabled.;arn:aws:ec2:ap-south-1:735291151388:vpc/vpc-056acc9b951114346;vpc_flow_logs_enabled;False;vpc-056acc9b951114346;NIST-CSF;National Institute of Standards and Technology (NIST) Cybersecurity Framework (CSF) v1.1;
aws;The NIST Cybersecurity Framework (CSF) is supported by governments and industries worldwide as a recommended baseline for use by any organization, regardless of sector or size. The NIST Cybersecurity Framework consists of three primary components: the framework core, the profiles, and the implementation tiers. The framework core contains desired cybersecurity activities and outcomes organized into 23 categories that cover the breadth of cybersecurity objectives for an organization. The profiles contain an organization's unique alignment of their organizational requirements and objectives, risk appetite, and resources using the desired outcomes of the framework core. The implementation tiers describe the degree to which an organization’s cybersecurity risk management practices exhibit the characteristics defined in the framework core.;735291151388;ap-south-1;2026-07-11 14:19:13.485135;pt_1;Audit/log records are determined, documented, implemented, and reviewed in accordance with policy.;Protect (PR);Protective Technology (PR.PT);;aws;;FAIL;VPC cloudguardian-vpc Flow logs are disabled.;arn:aws:ec2:ap-south-1:735291151388:vpc/vpc-056acc9b951114346;vpc_flow_logs_enabled;False;vpc-056acc9b951114346;NIST-CSF;National Institute of Standards and Technology (NIST) Cybersecurity Framework (CSF) v1.1;
aws;The NIST Cybersecurity Framework (CSF) is supported by governments and industries worldwide as a recommended baseline for use by any organization, regardless of sector or size. The NIST Cybersecurity Framework consists of three primary components: the framework core, the profiles, and the implementation tiers. The framework core contains desired cybersecurity activities and outcomes organized into 23 categories that cover the breadth of cybersecurity objectives for an organization. The profiles contain an organization's unique alignment of their organizational requirements and objectives, risk appetite, and resources using the desired outcomes of the framework core. The implementation tiers describe the degree to which an organization’s cybersecurity risk management practices exhibit the characteristics defined in the framework core.;;;2026-07-11 14:19:13.485135;am_5;Resources (e.g., hardware, devices, data, time, personnel, and software) are prioritized based on their classification, criticality, and business value.;Identify (ID);Asset Management (ID.AM);;aws;;MANUAL;Manual check;manual_check;manual;False;Manual check;NIST-CSF;National Institute of Standards and Technology (NIST) Cybersecurity Framework (CSF) v1.1;
aws;The NIST Cybersecurity Framework (CSF) is supported by governments and industries worldwide as a recommended baseline for use by any organization, regardless of sector or size. The NIST Cybersecurity Framework consists of three primary components: the framework core, the profiles, and the implementation tiers. The framework core contains desired cybersecurity activities and outcomes organized into 23 categories that cover the breadth of cybersecurity objectives for an organization. The profiles contain an organization's unique alignment of their organizational requirements and objectives, risk appetite, and resources using the desired outcomes of the framework core. The implementation tiers describe the degree to which an organization’s cybersecurity risk management practices exhibit the characteristics defined in the framework core.;;;2026-07-11 14:19:13.485135;am_6;Cybersecurity roles and responsibilities for the entire workforce and third-party stakeholders (e.g., suppliers, customers, partners) are established.;Identify (ID);Asset Management (ID.AM);;iam;;MANUAL;Manual check;manual_check;manual;False;Manual check;NIST-CSF;National Institute of Standards and Technology (NIST) Cybersecurity Framework (CSF) v1.1;
aws;The NIST Cybersecurity Framework (CSF) is supported by governments and industries worldwide as a recommended baseline for use by any organization, regardless of sector or size. The NIST Cybersecurity Framework consists of three primary components: the framework core, the profiles, and the implementation tiers. The framework core contains desired cybersecurity activities and outcomes organized into 23 categories that cover the breadth of cybersecurity objectives for an organization. The profiles contain an organization's unique alignment of their organizational requirements and objectives, risk appetite, and resources using the desired outcomes of the framework core. The implementation tiers describe the degree to which an organization’s cybersecurity risk management practices exhibit the characteristics defined in the framework core.;;;2026-07-11 14:19:13.485135;ip_7;Protection processes are improved.;Protect (PR);Information Protection Processes and Procedures (PR.IP);;ec2;;MANUAL;Manual check;manual_check;manual;False;Manual check;NIST-CSF;National Institute of Standards and Technology (NIST) Cybersecurity Framework (CSF) v1.1;
