PROVIDER;DESCRIPTION;ACCOUNTID;REGION;ASSESSMENTDATE;REQUIREMENTS_ID;REQUIREMENTS_DESCRIPTION;REQUIREMENTS_ATTRIBUTES_SECTION;REQUIREMENTS_ATTRIBUTES_FUNCTION;REQUIREMENTS_ATTRIBUTES_ASSETTYPE;REQUIREMENTS_ATTRIBUTES_IMPLEMENTATIONGROUPS;STATUS;STATUSEXTENDED;RESOURCEID;RESOURCENAME;CHECKID;MUTED;FRAMEWORK;NAME
aws;The CIS Critical Security Controls (CIS Controls) v8.1 are a prioritized set of Safeguards to mitigate the most prevalent cyber-attacks against systems and networks. They are organized into 18 top-level Controls and mapped to three Implementation Groups (IG1, IG2, IG3). This is a cross-provider mapping of Prowler checks to the CIS Controls Safeguards that can be assessed automatically against cloud and platform configurations.;735291151388;ap-south-1;2026-07-11 14:19:13.485135;6.8;Define and maintain role-based access control, through determining and documenting the access rights necessary for each role within the enterprise to successfully carry out its assigned duties. Perform access control reviews of enterprise assets to validate that all privileges are authorized, on a recurring schedule at a minimum annually, or more frequently.;6. Access Control Management;Govern;Users;IG3;FAIL;IAM Access Analyzer in account 735291151388 is not enabled.;arn:aws:accessanalyzer:ap-south-1:735291151388:analyzer/unknown;analyzer/unknown;accessanalyzer_enabled;False;CIS-Controls;CIS Controls v8.1
aws;The CIS Critical Security Controls (CIS Controls) v8.1 are a prioritized set of Safeguards to mitigate the most prevalent cyber-attacks against systems and networks. They are organized into 18 top-level Controls and mapped to three Implementation Groups (IG1, IG2, IG3). This is a cross-provider mapping of Prowler checks to the CIS Controls Safeguards that can be assessed automatically against cloud and platform configurations.;735291151388;ap-south-1;2026-07-11 14:19:13.485135;17.2;Establish and maintain contact information for parties that need to be informed of security incidents. Contacts may include internal staff, service providers, law enforcement, cyber insurance providers, relevant government agencies, Information Sharing and Analysis Center (ISAC) partners, or other stakeholders. Verify contacts annually to ensure that information is up-to-date.;17. Incident Response Management;Govern;Documentation;IG1 | IG2 | IG3;MANUAL;Login to the AWS Console. Choose your account name on the top right of the window -> My Account -> Contact Information.;arn:aws:iam::735291151388:root;735291151388;account_maintain_current_contact_details;False;CIS-Controls;CIS Controls v8.1
aws;The CIS Critical Security Controls (CIS Controls) v8.1 are a prioritized set of Safeguards to mitigate the most prevalent cyber-attacks against systems and networks. They are organized into 18 top-level Controls and mapped to three Implementation Groups (IG1, IG2, IG3). This is a cross-provider mapping of Prowler checks to the CIS Controls Safeguards that can be assessed automatically against cloud and platform configurations.;735291151388;ap-south-1;2026-07-11 14:19:13.485135;17.2;Establish and maintain contact information for parties that need to be informed of security incidents. Contacts may include internal staff, service providers, law enforcement, cyber insurance providers, relevant government agencies, Information Sharing and Analysis Center (ISAC) partners, or other stakeholders. Verify contacts annually to ensure that information is up-to-date.;17. Incident Response Management;Govern;Documentation;IG1 | IG2 | IG3;FAIL;SECURITY, BILLING and OPERATIONS contacts not found or they are not different between each other and between ROOT contact.;arn:aws:iam::735291151388:root;735291151388;account_maintain_different_contact_details_to_security_billing_and_operations;False;CIS-Controls;CIS Controls v8.1
aws;The CIS Critical Security Controls (CIS Controls) v8.1 are a prioritized set of Safeguards to mitigate the most prevalent cyber-attacks against systems and networks. They are organized into 18 top-level Controls and mapped to three Implementation Groups (IG1, IG2, IG3). This is a cross-provider mapping of Prowler checks to the CIS Controls Safeguards that can be assessed automatically against cloud and platform configurations.;735291151388;ap-south-1;2026-07-11 14:19:13.485135;17.2;Establish and maintain contact information for parties that need to be informed of security incidents. Contacts may include internal staff, service providers, law enforcement, cyber insurance providers, relevant government agencies, Information Sharing and Analysis Center (ISAC) partners, or other stakeholders. Verify contacts annually to ensure that information is up-to-date.;17. Incident Response Management;Govern;Documentation;IG1 | IG2 | IG3;MANUAL;Login to the AWS Console. Choose your account name on the top right of the window -> My Account -> Alternate Contacts -> Security Section.;arn:aws:iam::735291151388:root;735291151388;account_security_contact_information_is_registered;False;CIS-Controls;CIS Controls v8.1
aws;The CIS Critical Security Controls (CIS Controls) v8.1 are a prioritized set of Safeguards to mitigate the most prevalent cyber-attacks against systems and networks. They are organized into 18 top-level Controls and mapped to three Implementation Groups (IG1, IG2, IG3). This is a cross-provider mapping of Prowler checks to the CIS Controls Safeguards that can be assessed automatically against cloud and platform configurations.;735291151388;ap-south-1;2026-07-11 14:19:13.485135;11.2;Perform automated backups of in-scope enterprise assets. Run backups weekly, or more frequently, based on the sensitivity of the data.;11. Data Recovery;Recover;Data;IG1 | IG2 | IG3;FAIL;No Backup Vault exist.;arn:aws:backup:ap-south-1:735291151388:backup-vault;735291151388;backup_vaults_exist;False;CIS-Controls;CIS Controls v8.1
aws;The CIS Critical Security Controls (CIS Controls) v8.1 are a prioritized set of Safeguards to mitigate the most prevalent cyber-attacks against systems and networks. They are organized into 18 top-level Controls and mapped to three Implementation Groups (IG1, IG2, IG3). This is a cross-provider mapping of Prowler checks to the CIS Controls Safeguards that can be assessed automatically against cloud and platform configurations.;735291151388;ap-south-1;2026-07-11 14:19:13.485135;8.2;Collect audit logs. Ensure that logging, per the enterprise's audit log management process, has been enabled across enterprise assets.;8. Audit Log Management;Detect;Data;IG1 | IG2 | IG3;FAIL;Bedrock Model Invocation Logging is disabled.;arn:aws:bedrock:ap-south-1:735291151388:model-invocation-logging;model-invocation-logging;bedrock_model_invocation_logging_enabled;False;CIS-Controls;CIS Controls v8.1
aws;The CIS Critical Security Controls (CIS Controls) v8.1 are a prioritized set of Safeguards to mitigate the most prevalent cyber-attacks against systems and networks. They are organized into 18 top-level Controls and mapped to three Implementation Groups (IG1, IG2, IG3). This is a cross-provider mapping of Prowler checks to the CIS Controls Safeguards that can be assessed automatically against cloud and platform configurations.;735291151388;ap-south-1;2026-07-11 14:19:13.485135;8.2;Collect audit logs. Ensure that logging, per the enterprise's audit log management process, has been enabled across enterprise assets.;8. Audit Log Management;Detect;Data;IG1 | IG2 | IG3;PASS;Trail cloudguardian-trail from home region ap-south-1 has management events enabled to log Amazon Bedrock control-plane API calls.;arn:aws:cloudtrail:ap-south-1:735291151388:trail/cloudguardian-trail;cloudguardian-trail;cloudtrail_bedrock_logging_enabled;False;CIS-Controls;CIS Controls v8.1
aws;The CIS Critical Security Controls (CIS Controls) v8.1 are a prioritized set of Safeguards to mitigate the most prevalent cyber-attacks against systems and networks. They are organized into 18 top-level Controls and mapped to three Implementation Groups (IG1, IG2, IG3). This is a cross-provider mapping of Prowler checks to the CIS Controls Safeguards that can be assessed automatically against cloud and platform configurations.;735291151388;ap-south-1;2026-07-11 14:19:13.485135;8.2;Collect audit logs. Ensure that logging, per the enterprise's audit log management process, has been enabled across enterprise assets.;8. Audit Log Management;Detect;Data;IG1 | IG2 | IG3;FAIL;Single region trail cloudguardian-trail has not been logging in the last 24h or is not configured to deliver logs.;arn:aws:cloudtrail:ap-south-1:735291151388:trail/cloudguardian-trail;cloudguardian-trail;cloudtrail_cloudwatch_logging_enabled;False;CIS-Controls;CIS Controls v8.1
aws;The CIS Critical Security Controls (CIS Controls) v8.1 are a prioritized set of Safeguards to mitigate the most prevalent cyber-attacks against systems and networks. They are organized into 18 top-level Controls and mapped to three Implementation Groups (IG1, IG2, IG3). This is a cross-provider mapping of Prowler checks to the CIS Controls Safeguards that can be assessed automatically against cloud and platform configurations.;735291151388;ap-south-1;2026-07-11 14:19:13.485135;8.9;Centralize, to the extent possible, audit log collection and retention across enterprise assets in accordance with the documented audit log management process. Example implementations primarily include leveraging a SIEM tool to centralize multiple log sources.;8. Audit Log Management;Detect;Data;IG2 | IG3;FAIL;Single region trail cloudguardian-trail has not been logging in the last 24h or is not configured to deliver logs.;arn:aws:cloudtrail:ap-south-1:735291151388:trail/cloudguardian-trail;cloudguardian-trail;cloudtrail_cloudwatch_logging_enabled;False;CIS-Controls;CIS Controls v8.1
aws;The CIS Critical Security Controls (CIS Controls) v8.1 are a prioritized set of Safeguards to mitigate the most prevalent cyber-attacks against systems and networks. They are organized into 18 top-level Controls and mapped to three Implementation Groups (IG1, IG2, IG3). This is a cross-provider mapping of Prowler checks to the CIS Controls Safeguards that can be assessed automatically against cloud and platform configurations.;735291151388;ap-south-1;2026-07-11 14:19:13.485135;8.11;Conduct reviews of audit logs to detect anomalies or abnormal events that could indicate a potential threat. Conduct reviews on a weekly, or more frequent, basis.;8. Audit Log Management;Detect;Data;IG2 | IG3;FAIL;Trail cloudguardian-trail does not have insight selectors and it is logging.;arn:aws:cloudtrail:ap-south-1:735291151388:trail/cloudguardian-trail;cloudguardian-trail;cloudtrail_insights_exist;False;CIS-Controls;CIS Controls v8.1
aws;The CIS Critical Security Controls (CIS Controls) v8.1 are a prioritized set of Safeguards to mitigate the most prevalent cyber-attacks against systems and networks. They are organized into 18 top-level Controls and mapped to three Implementation Groups (IG1, IG2, IG3). This is a cross-provider mapping of Prowler checks to the CIS Controls Safeguards that can be assessed automatically against cloud and platform configurations.;735291151388;ap-south-1;2026-07-11 14:19:13.485135;3.11;Encrypt sensitive data at rest on servers, applications, and databases. Storage-layer encryption, also known as server-side encryption, meets the minimum requirement of this Safeguard. Additional encryption methods may include application-layer encryption, also known as client-side encryption, where access to the data storage device(s) does not permit access to the plain-text data.;3. Data Protection;Protect;Data;IG2 | IG3;FAIL;Single region trail cloudguardian-trail has encryption disabled.;arn:aws:cloudtrail:ap-south-1:735291151388:trail/cloudguardian-trail;cloudguardian-trail;cloudtrail_kms_encryption_enabled;False;CIS-Controls;CIS Controls v8.1
aws;The CIS Critical Security Controls (CIS Controls) v8.1 are a prioritized set of Safeguards to mitigate the most prevalent cyber-attacks against systems and networks. They are organized into 18 top-level Controls and mapped to three Implementation Groups (IG1, IG2, IG3). This is a cross-provider mapping of Prowler checks to the CIS Controls Safeguards that can be assessed automatically against cloud and platform configurations.;735291151388;ap-south-1;2026-07-11 14:19:13.485135;8.2;Collect audit logs. Ensure that logging, per the enterprise's audit log management process, has been enabled across enterprise assets.;8. Audit Log Management;Detect;Data;IG1 | IG2 | IG3;FAIL;Single region Trail cloudguardian-trail S3 bucket access logging is not enabled for bucket cloudguardian-data-c8f4e2a3.;arn:aws:cloudtrail:ap-south-1:735291151388:trail/cloudguardian-trail;cloudguardian-trail;cloudtrail_logs_s3_bucket_access_logging_enabled;False;CIS-Controls;CIS Controls v8.1
aws;The CIS Critical Security Controls (CIS Controls) v8.1 are a prioritized set of Safeguards to mitigate the most prevalent cyber-attacks against systems and networks. They are organized into 18 top-level Controls and mapped to three Implementation Groups (IG1, IG2, IG3). This is a cross-provider mapping of Prowler checks to the CIS Controls Safeguards that can be assessed automatically against cloud and platform configurations.;735291151388;ap-south-1;2026-07-11 14:19:13.485135;3.3;Configure data access control lists based on a user's need to know. Apply data access control lists, also known as access permissions, to local and remote file systems, databases, and applications.;3. Data Protection;Protect;Data;IG1 | IG2 | IG3;PASS;S3 Bucket cloudguardian-data-c8f4e2a3 from single region trail cloudguardian-trail is not publicly accessible.;arn:aws:cloudtrail:ap-south-1:735291151388:trail/cloudguardian-trail;cloudguardian-trail;cloudtrail_logs_s3_bucket_is_not_publicly_accessible;False;CIS-Controls;CIS Controls v8.1
aws;The CIS Critical Security Controls (CIS Controls) v8.1 are a prioritized set of Safeguards to mitigate the most prevalent cyber-attacks against systems and networks. They are organized into 18 top-level Controls and mapped to three Implementation Groups (IG1, IG2, IG3). This is a cross-provider mapping of Prowler checks to the CIS Controls Safeguards that can be assessed automatically against cloud and platform configurations.;735291151388;ap-south-1;2026-07-11 14:19:13.485135;8.2;Collect audit logs. Ensure that logging, per the enterprise's audit log management process, has been enabled across enterprise assets.;8. Audit Log Management;Detect;Data;IG1 | IG2 | IG3;PASS;Trail cloudguardian-trail is not multiregion and it is logging.;arn:aws:cloudtrail:ap-south-1:735291151388:trail/cloudguardian-trail;cloudguardian-trail;cloudtrail_multi_region_enabled;False;CIS-Controls;CIS Controls v8.1
aws;The CIS Critical Security Controls (CIS Controls) v8.1 are a prioritized set of Safeguards to mitigate the most prevalent cyber-attacks against systems and networks. They are organized into 18 top-level Controls and mapped to three Implementation Groups (IG1, IG2, IG3). This is a cross-provider mapping of Prowler checks to the CIS Controls Safeguards that can be assessed automatically against cloud and platform configurations.;735291151388;ap-south-1;2026-07-11 14:19:13.485135;8.12;Collect service provider logs, where supported. Example implementations include collecting authentication and authorization events, data creation and disposal events, and user management events.;8. Audit Log Management;Detect;Data;IG3;PASS;Trail cloudguardian-trail is not multiregion and it is logging.;arn:aws:cloudtrail:ap-south-1:735291151388:trail/cloudguardian-trail;cloudguardian-trail;cloudtrail_multi_region_enabled;False;CIS-Controls;CIS Controls v8.1
aws;The CIS Critical Security Controls (CIS Controls) v8.1 are a prioritized set of Safeguards to mitigate the most prevalent cyber-attacks against systems and networks. They are organized into 18 top-level Controls and mapped to three Implementation Groups (IG1, IG2, IG3). This is a cross-provider mapping of Prowler checks to the CIS Controls Safeguards that can be assessed automatically against cloud and platform configurations.;735291151388;ap-south-1;2026-07-11 14:19:13.485135;8.2;Collect audit logs. Ensure that logging, per the enterprise's audit log management process, has been enabled across enterprise assets.;8. Audit Log Management;Detect;Data;IG1 | IG2 | IG3;PASS;Trail cloudguardian-trail in region ap-south-1 is logging and have management events enabled.;arn:aws:cloudtrail:ap-south-1:735291151388:trail/cloudguardian-trail;cloudguardian-trail;cloudtrail_multi_region_enabled_logging_management_events;False;CIS-Controls;CIS Controls v8.1
aws;The CIS Critical Security Controls (CIS Controls) v8.1 are a prioritized set of Safeguards to mitigate the most prevalent cyber-attacks against systems and networks. They are organized into 18 top-level Controls and mapped to three Implementation Groups (IG1, IG2, IG3). This is a cross-provider mapping of Prowler checks to the CIS Controls Safeguards that can be assessed automatically against cloud and platform configurations.;735291151388;ap-south-1;2026-07-11 14:19:13.485135;8.12;Collect service provider logs, where supported. Example implementations include collecting authentication and authorization events, data creation and disposal events, and user management events.;8. Audit Log Management;Detect;Data;IG3;PASS;Trail cloudguardian-trail in region ap-south-1 is logging and have management events enabled.;arn:aws:cloudtrail:ap-south-1:735291151388:trail/cloudguardian-trail;cloudguardian-trail;cloudtrail_multi_region_enabled_logging_management_events;False;CIS-Controls;CIS Controls v8.1
aws;The CIS Critical Security Controls (CIS Controls) v8.1 are a prioritized set of Safeguards to mitigate the most prevalent cyber-attacks against systems and networks. They are organized into 18 top-level Controls and mapped to three Implementation Groups (IG1, IG2, IG3). This is a cross-provider mapping of Prowler checks to the CIS Controls Safeguards that can be assessed automatically against cloud and platform configurations.;735291151388;ap-south-1;2026-07-11 14:19:13.485135;3.14;Log sensitive data access, including modification and disposal.;3. Data Protection;Detect;Data;IG3;FAIL;No CloudTrail trails have a data event to record all S3 object-level API operations.;arn:aws:cloudtrail:ap-south-1:735291151388:trail;735291151388;cloudtrail_s3_dataevents_read_enabled;False;CIS-Controls;CIS Controls v8.1
aws;The CIS Critical Security Controls (CIS Controls) v8.1 are a prioritized set of Safeguards to mitigate the most prevalent cyber-attacks against systems and networks. They are organized into 18 top-level Controls and mapped to three Implementation Groups (IG1, IG2, IG3). This is a cross-provider mapping of Prowler checks to the CIS Controls Safeguards that can be assessed automatically against cloud and platform configurations.;735291151388;ap-south-1;2026-07-11 14:19:13.485135;8.5;Configure detailed audit logging for enterprise assets containing sensitive data. Include event source, date, username, timestamp, source addresses, destination addresses, and other useful elements that could assist in a forensic investigation.;8. Audit Log Management;Detect;Data;IG2 | IG3;FAIL;No CloudTrail trails have a data event to record all S3 object-level API operations.;arn:aws:cloudtrail:ap-south-1:735291151388:trail;735291151388;cloudtrail_s3_dataevents_read_enabled;False;CIS-Controls;CIS Controls v8.1
aws;The CIS Critical Security Controls (CIS Controls) v8.1 are a prioritized set of Safeguards to mitigate the most prevalent cyber-attacks against systems and networks. They are organized into 18 top-level Controls and mapped to three Implementation Groups (IG1, IG2, IG3). This is a cross-provider mapping of Prowler checks to the CIS Controls Safeguards that can be assessed automatically against cloud and platform configurations.;735291151388;ap-south-1;2026-07-11 14:19:13.485135;3.14;Log sensitive data access, including modification and disposal.;3. Data Protection;Detect;Data;IG3;FAIL;No CloudTrail trails have a data event to record all S3 object-level API operations.;arn:aws:cloudtrail:ap-south-1:735291151388:trail;735291151388;cloudtrail_s3_dataevents_write_enabled;False;CIS-Controls;CIS Controls v8.1
aws;The CIS Critical Security Controls (CIS Controls) v8.1 are a prioritized set of Safeguards to mitigate the most prevalent cyber-attacks against systems and networks. They are organized into 18 top-level Controls and mapped to three Implementation Groups (IG1, IG2, IG3). This is a cross-provider mapping of Prowler checks to the CIS Controls Safeguards that can be assessed automatically against cloud and platform configurations.;735291151388;ap-south-1;2026-07-11 14:19:13.485135;8.5;Configure detailed audit logging for enterprise assets containing sensitive data. Include event source, date, username, timestamp, source addresses, destination addresses, and other useful elements that could assist in a forensic investigation.;8. Audit Log Management;Detect;Data;IG2 | IG3;FAIL;No CloudTrail trails have a data event to record all S3 object-level API operations.;arn:aws:cloudtrail:ap-south-1:735291151388:trail;735291151388;cloudtrail_s3_dataevents_write_enabled;False;CIS-Controls;CIS Controls v8.1
aws;The CIS Critical Security Controls (CIS Controls) v8.1 are a prioritized set of Safeguards to mitigate the most prevalent cyber-attacks against systems and networks. They are organized into 18 top-level Controls and mapped to three Implementation Groups (IG1, IG2, IG3). This is a cross-provider mapping of Prowler checks to the CIS Controls Safeguards that can be assessed automatically against cloud and platform configurations.;735291151388;ap-south-1;2026-07-11 14:19:13.485135;8.11;Conduct reviews of audit logs to detect anomalies or abnormal events that could indicate a potential threat. Conduct reviews on a weekly, or more frequent, basis.;8. Audit Log Management;Detect;Data;IG2 | IG3;FAIL;No CloudWatch log groups found with metric filters or alarms associated.;arn:aws:logs:ap-south-1:735291151388:log-group;735291151388;cloudwatch_changes_to_network_acls_alarm_configured;False;CIS-Controls;CIS Controls v8.1
aws;The CIS Critical Security Controls (CIS Controls) v8.1 are a prioritized set of Safeguards to mitigate the most prevalent cyber-attacks against systems and networks. They are organized into 18 top-level Controls and mapped to three Implementation Groups (IG1, IG2, IG3). This is a cross-provider mapping of Prowler checks to the CIS Controls Safeguards that can be assessed automatically against cloud and platform configurations.;735291151388;ap-south-1;2026-07-11 14:19:13.485135;8.11;Conduct reviews of audit logs to detect anomalies or abnormal events that could indicate a potential threat. Conduct reviews on a weekly, or more frequent, basis.;8. Audit Log Management;Detect;Data;IG2 | IG3;FAIL;No CloudWatch log groups found with metric filters or alarms associated.;arn:aws:logs:ap-south-1:735291151388:log-group;735291151388;cloudwatch_changes_to_network_gateways_alarm_configured;False;CIS-Controls;CIS Controls v8.1
aws;The CIS Critical Security Controls (CIS Controls) v8.1 are a prioritized set of Safeguards to mitigate the most prevalent cyber-attacks against systems and networks. They are organized into 18 top-level Controls and mapped to three Implementation Groups (IG1, IG2, IG3). This is a cross-provider mapping of Prowler checks to the CIS Controls Safeguards that can be assessed automatically against cloud and platform configurations.;735291151388;ap-south-1;2026-07-11 14:19:13.485135;8.11;Conduct reviews of audit logs to detect anomalies or abnormal events that could indicate a potential threat. Conduct reviews on a weekly, or more frequent, basis.;8. Audit Log Management;Detect;Data;IG2 | IG3;FAIL;No CloudWatch log groups found with metric filters or alarms associated.;arn:aws:logs:ap-south-1:735291151388:log-group;735291151388;cloudwatch_changes_to_network_route_tables_alarm_configured;False;CIS-Controls;CIS Controls v8.1
aws;The CIS Critical Security Controls (CIS Controls) v8.1 are a prioritized set of Safeguards to mitigate the most prevalent cyber-attacks against systems and networks. They are organized into 18 top-level Controls and mapped to three Implementation Groups (IG1, IG2, IG3). This is a cross-provider mapping of Prowler checks to the CIS Controls Safeguards that can be assessed automatically against cloud and platform configurations.;735291151388;ap-south-1;2026-07-11 14:19:13.485135;8.11;Conduct reviews of audit logs to detect anomalies or abnormal events that could indicate a potential threat. Conduct reviews on a weekly, or more frequent, basis.;8. Audit Log Management;Detect;Data;IG2 | IG3;FAIL;No CloudWatch log groups found with metric filters or alarms associated.;arn:aws:logs:ap-south-1:735291151388:log-group;735291151388;cloudwatch_changes_to_vpcs_alarm_configured;False;CIS-Controls;CIS Controls v8.1
aws;The CIS Critical Security Controls (CIS Controls) v8.1 are a prioritized set of Safeguards to mitigate the most prevalent cyber-attacks against systems and networks. They are organized into 18 top-level Controls and mapped to three Implementation Groups (IG1, IG2, IG3). This is a cross-provider mapping of Prowler checks to the CIS Controls Safeguards that can be assessed automatically against cloud and platform configurations.;735291151388;ap-south-1;2026-07-11 14:19:13.485135;8.11;Conduct reviews of audit logs to detect anomalies or abnormal events that could indicate a potential threat. Conduct reviews on a weekly, or more frequent, basis.;8. Audit Log Management;Detect;Data;IG2 | IG3;FAIL;No CloudWatch log groups found with metric filters or alarms associated.;arn:aws:logs:ap-south-1:735291151388:log-group;735291151388;cloudwatch_log_metric_filter_and_alarm_for_aws_config_configuration_changes_enabled;False;CIS-Controls;CIS Controls v8.1
aws;The CIS Critical Security Controls (CIS Controls) v8.1 are a prioritized set of Safeguards to mitigate the most prevalent cyber-attacks against systems and networks. They are organized into 18 top-level Controls and mapped to three Implementation Groups (IG1, IG2, IG3). This is a cross-provider mapping of Prowler checks to the CIS Controls Safeguards that can be assessed automatically against cloud and platform configurations.;735291151388;ap-south-1;2026-07-11 14:19:13.485135;8.11;Conduct reviews of audit logs to detect anomalies or abnormal events that could indicate a potential threat. Conduct reviews on a weekly, or more frequent, basis.;8. Audit Log Management;Detect;Data;IG2 | IG3;FAIL;No CloudWatch log groups found with metric filters or alarms associated.;arn:aws:logs:ap-south-1:735291151388:log-group;735291151388;cloudwatch_log_metric_filter_and_alarm_for_cloudtrail_configuration_changes_enabled;False;CIS-Controls;CIS Controls v8.1
aws;The CIS Critical Security Controls (CIS Controls) v8.1 are a prioritized set of Safeguards to mitigate the most prevalent cyber-attacks against systems and networks. They are organized into 18 top-level Controls and mapped to three Implementation Groups (IG1, IG2, IG3). This is a cross-provider mapping of Prowler checks to the CIS Controls Safeguards that can be assessed automatically against cloud and platform configurations.;735291151388;ap-south-1;2026-07-11 14:19:13.485135;8.11;Conduct reviews of audit logs to detect anomalies or abnormal events that could indicate a potential threat. Conduct reviews on a weekly, or more frequent, basis.;8. Audit Log Management;Detect;Data;IG2 | IG3;FAIL;No CloudWatch log groups found with metric filters or alarms associated.;arn:aws:logs:ap-south-1:735291151388:log-group;735291151388;cloudwatch_log_metric_filter_authentication_failures;False;CIS-Controls;CIS Controls v8.1
aws;The CIS Critical Security Controls (CIS Controls) v8.1 are a prioritized set of Safeguards to mitigate the most prevalent cyber-attacks against systems and networks. They are organized into 18 top-level Controls and mapped to three Implementation Groups (IG1, IG2, IG3). This is a cross-provider mapping of Prowler checks to the CIS Controls Safeguards that can be assessed automatically against cloud and platform configurations.;735291151388;ap-south-1;2026-07-11 14:19:13.485135;8.11;Conduct reviews of audit logs to detect anomalies or abnormal events that could indicate a potential threat. Conduct reviews on a weekly, or more frequent, basis.;8. Audit Log Management;Detect;Data;IG2 | IG3;FAIL;No CloudWatch log groups found with metric filters or alarms associated.;arn:aws:logs:ap-south-1:735291151388:log-group;735291151388;cloudwatch_log_metric_filter_aws_organizations_changes;False;CIS-Controls;CIS Controls v8.1
aws;The CIS Critical Security Controls (CIS Controls) v8.1 are a prioritized set of Safeguards to mitigate the most prevalent cyber-attacks against systems and networks. They are organized into 18 top-level Controls and mapped to three Implementation Groups (IG1, IG2, IG3). This is a cross-provider mapping of Prowler checks to the CIS Controls Safeguards that can be assessed automatically against cloud and platform configurations.;735291151388;ap-south-1;2026-07-11 14:19:13.485135;8.11;Conduct reviews of audit logs to detect anomalies or abnormal events that could indicate a potential threat. Conduct reviews on a weekly, or more frequent, basis.;8. Audit Log Management;Detect;Data;IG2 | IG3;FAIL;No CloudWatch log groups found with metric filters or alarms associated.;arn:aws:logs:ap-south-1:735291151388:log-group;735291151388;cloudwatch_log_metric_filter_disable_or_scheduled_deletion_of_kms_cmk;False;CIS-Controls;CIS Controls v8.1
aws;The CIS Critical Security Controls (CIS Controls) v8.1 are a prioritized set of Safeguards to mitigate the most prevalent cyber-attacks against systems and networks. They are organized into 18 top-level Controls and mapped to three Implementation Groups (IG1, IG2, IG3). This is a cross-provider mapping of Prowler checks to the CIS Controls Safeguards that can be assessed automatically against cloud and platform configurations.;735291151388;ap-south-1;2026-07-11 14:19:13.485135;8.11;Conduct reviews of audit logs to detect anomalies or abnormal events that could indicate a potential threat. Conduct reviews on a weekly, or more frequent, basis.;8. Audit Log Management;Detect;Data;IG2 | IG3;FAIL;No CloudWatch log groups found with metric filters or alarms associated.;arn:aws:logs:ap-south-1:735291151388:log-group;735291151388;cloudwatch_log_metric_filter_for_s3_bucket_policy_changes;False;CIS-Controls;CIS Controls v8.1
aws;The CIS Critical Security Controls (CIS Controls) v8.1 are a prioritized set of Safeguards to mitigate the most prevalent cyber-attacks against systems and networks. They are organized into 18 top-level Controls and mapped to three Implementation Groups (IG1, IG2, IG3). This is a cross-provider mapping of Prowler checks to the CIS Controls Safeguards that can be assessed automatically against cloud and platform configurations.;735291151388;ap-south-1;2026-07-11 14:19:13.485135;8.11;Conduct reviews of audit logs to detect anomalies or abnormal events that could indicate a potential threat. Conduct reviews on a weekly, or more frequent, basis.;8. Audit Log Management;Detect;Data;IG2 | IG3;FAIL;No CloudWatch log groups found with metric filters or alarms associated.;arn:aws:logs:ap-south-1:735291151388:log-group;735291151388;cloudwatch_log_metric_filter_policy_changes;False;CIS-Controls;CIS Controls v8.1
aws;The CIS Critical Security Controls (CIS Controls) v8.1 are a prioritized set of Safeguards to mitigate the most prevalent cyber-attacks against systems and networks. They are organized into 18 top-level Controls and mapped to three Implementation Groups (IG1, IG2, IG3). This is a cross-provider mapping of Prowler checks to the CIS Controls Safeguards that can be assessed automatically against cloud and platform configurations.;735291151388;ap-south-1;2026-07-11 14:19:13.485135;8.11;Conduct reviews of audit logs to detect anomalies or abnormal events that could indicate a potential threat. Conduct reviews on a weekly, or more frequent, basis.;8. Audit Log Management;Detect;Data;IG2 | IG3;FAIL;No CloudWatch log groups found with metric filters or alarms associated.;arn:aws:logs:ap-south-1:735291151388:log-group;735291151388;cloudwatch_log_metric_filter_root_usage;False;CIS-Controls;CIS Controls v8.1
aws;The CIS Critical Security Controls (CIS Controls) v8.1 are a prioritized set of Safeguards to mitigate the most prevalent cyber-attacks against systems and networks. They are organized into 18 top-level Controls and mapped to three Implementation Groups (IG1, IG2, IG3). This is a cross-provider mapping of Prowler checks to the CIS Controls Safeguards that can be assessed automatically against cloud and platform configurations.;735291151388;ap-south-1;2026-07-11 14:19:13.485135;8.11;Conduct reviews of audit logs to detect anomalies or abnormal events that could indicate a potential threat. Conduct reviews on a weekly, or more frequent, basis.;8. Audit Log Management;Detect;Data;IG2 | IG3;FAIL;No CloudWatch log groups found with metric filters or alarms associated.;arn:aws:logs:ap-south-1:735291151388:log-group;735291151388;cloudwatch_log_metric_filter_security_group_changes;False;CIS-Controls;CIS Controls v8.1
aws;The CIS Critical Security Controls (CIS Controls) v8.1 are a prioritized set of Safeguards to mitigate the most prevalent cyber-attacks against systems and networks. They are organized into 18 top-level Controls and mapped to three Implementation Groups (IG1, IG2, IG3). This is a cross-provider mapping of Prowler checks to the CIS Controls Safeguards that can be assessed automatically against cloud and platform configurations.;735291151388;ap-south-1;2026-07-11 14:19:13.485135;8.11;Conduct reviews of audit logs to detect anomalies or abnormal events that could indicate a potential threat. Conduct reviews on a weekly, or more frequent, basis.;8. Audit Log Management;Detect;Data;IG2 | IG3;FAIL;No CloudWatch log groups found with metric filters or alarms associated.;arn:aws:logs:ap-south-1:735291151388:log-group;735291151388;cloudwatch_log_metric_filter_sign_in_without_mfa;False;CIS-Controls;CIS Controls v8.1
aws;The CIS Critical Security Controls (CIS Controls) v8.1 are a prioritized set of Safeguards to mitigate the most prevalent cyber-attacks against systems and networks. They are organized into 18 top-level Controls and mapped to three Implementation Groups (IG1, IG2, IG3). This is a cross-provider mapping of Prowler checks to the CIS Controls Safeguards that can be assessed automatically against cloud and platform configurations.;735291151388;ap-south-1;2026-07-11 14:19:13.485135;8.11;Conduct reviews of audit logs to detect anomalies or abnormal events that could indicate a potential threat. Conduct reviews on a weekly, or more frequent, basis.;8. Audit Log Management;Detect;Data;IG2 | IG3;FAIL;No CloudWatch log groups found with metric filters or alarms associated.;arn:aws:logs:ap-south-1:735291151388:log-group;735291151388;cloudwatch_log_metric_filter_unauthorized_api_calls;False;CIS-Controls;CIS Controls v8.1
aws;The CIS Critical Security Controls (CIS Controls) v8.1 are a prioritized set of Safeguards to mitigate the most prevalent cyber-attacks against systems and networks. They are organized into 18 top-level Controls and mapped to three Implementation Groups (IG1, IG2, IG3). This is a cross-provider mapping of Prowler checks to the CIS Controls Safeguards that can be assessed automatically against cloud and platform configurations.;735291151388;ap-south-1;2026-07-11 14:19:13.485135;8.9;Centralize, to the extent possible, audit log collection and retention across enterprise assets in accordance with the documented audit log management process. Example implementations primarily include leveraging a SIEM tool to centralize multiple log sources.;8. Audit Log Management;Detect;Data;IG2 | IG3;FAIL;AWS Config has no Organization Aggregator configured in any region (delegated administrator status could not be determined).;arn:aws:config:ap-south-1:735291151388:config-aggregator/unknown;unknown;config_delegated_admin_and_org_aggregator_all_regions;False;CIS-Controls;CIS Controls v8.1
aws;The CIS Critical Security Controls (CIS Controls) v8.1 are a prioritized set of Safeguards to mitigate the most prevalent cyber-attacks against systems and networks. They are organized into 18 top-level Controls and mapped to three Implementation Groups (IG1, IG2, IG3). This is a cross-provider mapping of Prowler checks to the CIS Controls Safeguards that can be assessed automatically against cloud and platform configurations.;735291151388;ap-south-1;2026-07-11 14:19:13.485135;1.1;Establish and maintain an accurate, detailed, and up-to-date inventory of all enterprise assets with the potential to store or process data, to include: end-user devices (including portable and mobile), network devices, non-computing/IoT devices, and servers. Ensure the inventory records the network address (if static), hardware address, machine name, enterprise asset owner, department for each asset, and whether the asset has been approved to connect to the network. For mobile end-user devices, MDM type tools can support this process, where appropriate. This inventory includes assets connected to the infrastructure physically, virtually, remotely, and those within cloud environments. Additionally, it includes assets that are regularly connected to the enterprise's network infrastructure, even if they are not under control of the enterprise. Review and update the inventory of all enterprise assets bi-annually, or more frequently.;1. Inventory and Control of Enterprise Assets;Identify;Devices;IG1 | IG2 | IG3;FAIL;AWS Config recorder 735291151388 is disabled.;arn:aws:config:ap-south-1:735291151388:recorder;735291151388;config_recorder_all_regions_enabled;False;CIS-Controls;CIS Controls v8.1
aws;The CIS Critical Security Controls (CIS Controls) v8.1 are a prioritized set of Safeguards to mitigate the most prevalent cyber-attacks against systems and networks. They are organized into 18 top-level Controls and mapped to three Implementation Groups (IG1, IG2, IG3). This is a cross-provider mapping of Prowler checks to the CIS Controls Safeguards that can be assessed automatically against cloud and platform configurations.;735291151388;ap-south-1;2026-07-11 14:19:13.485135;8.2;Collect audit logs. Ensure that logging, per the enterprise's audit log management process, has been enabled across enterprise assets.;8. Audit Log Management;Detect;Data;IG1 | IG2 | IG3;FAIL;AWS Config recorder 735291151388 is disabled.;arn:aws:config:ap-south-1:735291151388:recorder;735291151388;config_recorder_all_regions_enabled;False;CIS-Controls;CIS Controls v8.1
aws;The CIS Critical Security Controls (CIS Controls) v8.1 are a prioritized set of Safeguards to mitigate the most prevalent cyber-attacks against systems and networks. They are organized into 18 top-level Controls and mapped to three Implementation Groups (IG1, IG2, IG3). This is a cross-provider mapping of Prowler checks to the CIS Controls Safeguards that can be assessed automatically against cloud and platform configurations.;735291151388;ap-south-1;2026-07-11 14:19:13.485135;3.11;Encrypt sensitive data at rest on servers, applications, and databases. Storage-layer encryption, also known as server-side encryption, meets the minimum requirement of this Safeguard. Additional encryption methods may include application-layer encryption, also known as client-side encryption, where access to the data storage device(s) does not permit access to the plain-text data.;3. Data Protection;Protect;Data;IG2 | IG3;FAIL;EBS Default Encryption is not activated.;arn:aws:ec2:ap-south-1:735291151388:volume;735291151388;ec2_ebs_default_encryption;False;CIS-Controls;CIS Controls v8.1
aws;The CIS Critical Security Controls (CIS Controls) v8.1 are a prioritized set of Safeguards to mitigate the most prevalent cyber-attacks against systems and networks. They are organized into 18 top-level Controls and mapped to three Implementation Groups (IG1, IG2, IG3). This is a cross-provider mapping of Prowler checks to the CIS Controls Safeguards that can be assessed automatically against cloud and platform configurations.;735291151388;ap-south-1;2026-07-11 14:19:13.485135;3.11;Encrypt sensitive data at rest on servers, applications, and databases. Storage-layer encryption, also known as server-side encryption, meets the minimum requirement of this Safeguard. Additional encryption methods may include application-layer encryption, also known as client-side encryption, where access to the data storage device(s) does not permit access to the plain-text data.;3. Data Protection;Protect;Data;IG2 | IG3;FAIL;EBS Snapshot vol-022955d77ae658dd5 is unencrypted.;arn:aws:ec2:ap-south-1:735291151388:volume/vol-022955d77ae658dd5;vol-022955d77ae658dd5;ec2_ebs_volume_encryption;False;CIS-Controls;CIS Controls v8.1
aws;The CIS Critical Security Controls (CIS Controls) v8.1 are a prioritized set of Safeguards to mitigate the most prevalent cyber-attacks against systems and networks. They are organized into 18 top-level Controls and mapped to three Implementation Groups (IG1, IG2, IG3). This is a cross-provider mapping of Prowler checks to the CIS Controls Safeguards that can be assessed automatically against cloud and platform configurations.;735291151388;ap-south-1;2026-07-11 14:19:13.485135;11.2;Perform automated backups of in-scope enterprise assets. Run backups weekly, or more frequently, based on the sensitivity of the data.;11. Data Recovery;Recover;Data;IG1 | IG2 | IG3;FAIL;EBS Volume vol-022955d77ae658dd5 is not protected by a backup plan.;arn:aws:ec2:ap-south-1:735291151388:volume/vol-022955d77ae658dd5;vol-022955d77ae658dd5;ec2_ebs_volume_protected_by_backup_plan;False;CIS-Controls;CIS Controls v8.1
aws;The CIS Critical Security Controls (CIS Controls) v8.1 are a prioritized set of Safeguards to mitigate the most prevalent cyber-attacks against systems and networks. They are organized into 18 top-level Controls and mapped to three Implementation Groups (IG1, IG2, IG3). This is a cross-provider mapping of Prowler checks to the CIS Controls Safeguards that can be assessed automatically against cloud and platform configurations.;735291151388;ap-south-1;2026-07-11 14:19:13.485135;11.2;Perform automated backups of in-scope enterprise assets. Run backups weekly, or more frequently, based on the sensitivity of the data.;11. Data Recovery;Recover;Data;IG1 | IG2 | IG3;FAIL;Snapshots not found for the EBS volume vol-022955d77ae658dd5.;arn:aws:ec2:ap-south-1:735291151388:volume/vol-022955d77ae658dd5;vol-022955d77ae658dd5;ec2_ebs_volume_snapshots_exists;False;CIS-Controls;CIS Controls v8.1
aws;The CIS Critical Security Controls (CIS Controls) v8.1 are a prioritized set of Safeguards to mitigate the most prevalent cyber-attacks against systems and networks. They are organized into 18 top-level Controls and mapped to three Implementation Groups (IG1, IG2, IG3). This is a cross-provider mapping of Prowler checks to the CIS Controls Safeguards that can be assessed automatically against cloud and platform configurations.;735291151388;ap-south-1;2026-07-11 14:19:13.485135;4.6;Securely manage enterprise assets and software. Example implementations include managing configuration through version-controlled Infrastructure-as-Code (IaC) and accessing administrative interfaces over secure network protocols, such as Secure Shell (SSH) and Hypertext Transfer Protocol Secure (HTTPS). Do not use insecure management protocols, such as Telnet (Teletype Network) and HTTP, unless operationally essential.;4. Secure Configuration of Enterprise Assets and Software;Protect;Devices;IG1 | IG2 | IG3;FAIL;IMDSv2 is not enabled by default for EC2 instances.;arn:aws:ec2:ap-south-1:735291151388:account;735291151388;ec2_instance_account_imdsv2_enabled;False;CIS-Controls;CIS Controls v8.1
aws;The CIS Critical Security Controls (CIS Controls) v8.1 are a prioritized set of Safeguards to mitigate the most prevalent cyber-attacks against systems and networks. They are organized into 18 top-level Controls and mapped to three Implementation Groups (IG1, IG2, IG3). This is a cross-provider mapping of Prowler checks to the CIS Controls Safeguards that can be assessed automatically against cloud and platform configurations.;735291151388;ap-south-1;2026-07-11 14:19:13.485135;4.6;Securely manage enterprise assets and software. Example implementations include managing configuration through version-controlled Infrastructure-as-Code (IaC) and accessing administrative interfaces over secure network protocols, such as Secure Shell (SSH) and Hypertext Transfer Protocol Secure (HTTPS). Do not use insecure management protocols, such as Telnet (Teletype Network) and HTTP, unless operationally essential.;4. Secure Configuration of Enterprise Assets and Software;Protect;Devices;IG1 | IG2 | IG3;FAIL;EC2 Instance i-0c7395c282641f31e has IMDSv2 disabled or not required.;arn:aws:ec2:ap-south-1:735291151388:instance/i-0c7395c282641f31e;i-0c7395c282641f31e;ec2_instance_imdsv2_enabled;False;CIS-Controls;CIS Controls v8.1
aws;The CIS Critical Security Controls (CIS Controls) v8.1 are a prioritized set of Safeguards to mitigate the most prevalent cyber-attacks against systems and networks. They are organized into 18 top-level Controls and mapped to three Implementation Groups (IG1, IG2, IG3). This is a cross-provider mapping of Prowler checks to the CIS Controls Safeguards that can be assessed automatically against cloud and platform configurations.;735291151388;ap-south-1;2026-07-11 14:19:13.485135;4.6;Securely manage enterprise assets and software. Example implementations include managing configuration through version-controlled Infrastructure-as-Code (IaC) and accessing administrative interfaces over secure network protocols, such as Secure Shell (SSH) and Hypertext Transfer Protocol Secure (HTTPS). Do not use insecure management protocols, such as Telnet (Teletype Network) and HTTP, unless operationally essential.;4. Secure Configuration of Enterprise Assets and Software;Protect;Devices;IG1 | IG2 | IG3;PASS;EC2 Instance i-0c7395c282641f31e is managed by Systems Manager.;arn:aws:ec2:ap-south-1:735291151388:instance/i-0c7395c282641f31e;i-0c7395c282641f31e;ec2_instance_managed_by_ssm;False;CIS-Controls;CIS Controls v8.1
aws;The CIS Critical Security Controls (CIS Controls) v8.1 are a prioritized set of Safeguards to mitigate the most prevalent cyber-attacks against systems and networks. They are organized into 18 top-level Controls and mapped to three Implementation Groups (IG1, IG2, IG3). This is a cross-provider mapping of Prowler checks to the CIS Controls Safeguards that can be assessed automatically against cloud and platform configurations.;735291151388;ap-south-1;2026-07-11 14:19:13.485135;4.4;Implement and manage a firewall on servers, where supported. Example implementations include a virtual firewall, operating system firewall, or a third-party firewall agent.;4. Secure Configuration of Enterprise Assets and Software;Protect;Devices;IG1 | IG2 | IG3;PASS;Instance i-0c7395c282641f31e does not have Cassandra ports open to the Internet.;arn:aws:ec2:ap-south-1:735291151388:instance/i-0c7395c282641f31e;i-0c7395c282641f31e;ec2_instance_port_cassandra_exposed_to_internet;False;CIS-Controls;CIS Controls v8.1
aws;The CIS Critical Security Controls (CIS Controls) v8.1 are a prioritized set of Safeguards to mitigate the most prevalent cyber-attacks against systems and networks. They are organized into 18 top-level Controls and mapped to three Implementation Groups (IG1, IG2, IG3). This is a cross-provider mapping of Prowler checks to the CIS Controls Safeguards that can be assessed automatically against cloud and platform configurations.;735291151388;ap-south-1;2026-07-11 14:19:13.485135;4.4;Implement and manage a firewall on servers, where supported. Example implementations include a virtual firewall, operating system firewall, or a third-party firewall agent.;4. Secure Configuration of Enterprise Assets and Software;Protect;Devices;IG1 | IG2 | IG3;PASS;Instance i-0c7395c282641f31e does not have CIFS ports open to the Internet.;arn:aws:ec2:ap-south-1:735291151388:instance/i-0c7395c282641f31e;i-0c7395c282641f31e;ec2_instance_port_cifs_exposed_to_internet;False;CIS-Controls;CIS Controls v8.1
aws;The CIS Critical Security Controls (CIS Controls) v8.1 are a prioritized set of Safeguards to mitigate the most prevalent cyber-attacks against systems and networks. They are organized into 18 top-level Controls and mapped to three Implementation Groups (IG1, IG2, IG3). This is a cross-provider mapping of Prowler checks to the CIS Controls Safeguards that can be assessed automatically against cloud and platform configurations.;735291151388;ap-south-1;2026-07-11 14:19:13.485135;4.4;Implement and manage a firewall on servers, where supported. Example implementations include a virtual firewall, operating system firewall, or a third-party firewall agent.;4. Secure Configuration of Enterprise Assets and Software;Protect;Devices;IG1 | IG2 | IG3;PASS;Instance i-0c7395c282641f31e does not have Elasticsearch/Kibana ports open to the Internet.;arn:aws:ec2:ap-south-1:735291151388:instance/i-0c7395c282641f31e;i-0c7395c282641f31e;ec2_instance_port_elasticsearch_kibana_exposed_to_internet;False;CIS-Controls;CIS Controls v8.1
aws;The CIS Critical Security Controls (CIS Controls) v8.1 are a prioritized set of Safeguards to mitigate the most prevalent cyber-attacks against systems and networks. They are organized into 18 top-level Controls and mapped to three Implementation Groups (IG1, IG2, IG3). This is a cross-provider mapping of Prowler checks to the CIS Controls Safeguards that can be assessed automatically against cloud and platform configurations.;735291151388;ap-south-1;2026-07-11 14:19:13.485135;4.4;Implement and manage a firewall on servers, where supported. Example implementations include a virtual firewall, operating system firewall, or a third-party firewall agent.;4. Secure Configuration of Enterprise Assets and Software;Protect;Devices;IG1 | IG2 | IG3;PASS;Instance i-0c7395c282641f31e does not have FTP ports open to the Internet.;arn:aws:ec2:ap-south-1:735291151388:instance/i-0c7395c282641f31e;i-0c7395c282641f31e;ec2_instance_port_ftp_exposed_to_internet;False;CIS-Controls;CIS Controls v8.1
aws;The CIS Critical Security Controls (CIS Controls) v8.1 are a prioritized set of Safeguards to mitigate the most prevalent cyber-attacks against systems and networks. They are organized into 18 top-level Controls and mapped to three Implementation Groups (IG1, IG2, IG3). This is a cross-provider mapping of Prowler checks to the CIS Controls Safeguards that can be assessed automatically against cloud and platform configurations.;735291151388;ap-south-1;2026-07-11 14:19:13.485135;4.4;Implement and manage a firewall on servers, where supported. Example implementations include a virtual firewall, operating system firewall, or a third-party firewall agent.;4. Secure Configuration of Enterprise Assets and Software;Protect;Devices;IG1 | IG2 | IG3;PASS;Instance i-0c7395c282641f31e does not have Kafka port 9092 open to the Internet.;arn:aws:ec2:ap-south-1:735291151388:instance/i-0c7395c282641f31e;i-0c7395c282641f31e;ec2_instance_port_kafka_exposed_to_internet;False;CIS-Controls;CIS Controls v8.1
aws;The CIS Critical Security Controls (CIS Controls) v8.1 are a prioritized set of Safeguards to mitigate the most prevalent cyber-attacks against systems and networks. They are organized into 18 top-level Controls and mapped to three Implementation Groups (IG1, IG2, IG3). This is a cross-provider mapping of Prowler checks to the CIS Controls Safeguards that can be assessed automatically against cloud and platform configurations.;735291151388;ap-south-1;2026-07-11 14:19:13.485135;4.4;Implement and manage a firewall on servers, where supported. Example implementations include a virtual firewall, operating system firewall, or a third-party firewall agent.;4. Secure Configuration of Enterprise Assets and Software;Protect;Devices;IG1 | IG2 | IG3;PASS;Instance i-0c7395c282641f31e does not have Kerberos ports open to the Internet.;arn:aws:ec2:ap-south-1:735291151388:instance/i-0c7395c282641f31e;i-0c7395c282641f31e;ec2_instance_port_kerberos_exposed_to_internet;False;CIS-Controls;CIS Controls v8.1
aws;The CIS Critical Security Controls (CIS Controls) v8.1 are a prioritized set of Safeguards to mitigate the most prevalent cyber-attacks against systems and networks. They are organized into 18 top-level Controls and mapped to three Implementation Groups (IG1, IG2, IG3). This is a cross-provider mapping of Prowler checks to the CIS Controls Safeguards that can be assessed automatically against cloud and platform configurations.;735291151388;ap-south-1;2026-07-11 14:19:13.485135;4.4;Implement and manage a firewall on servers, where supported. Example implementations include a virtual firewall, operating system firewall, or a third-party firewall agent.;4. Secure Configuration of Enterprise Assets and Software;Protect;Devices;IG1 | IG2 | IG3;PASS;Instance i-0c7395c282641f31e does not have LDAP ports open to the Internet.;arn:aws:ec2:ap-south-1:735291151388:instance/i-0c7395c282641f31e;i-0c7395c282641f31e;ec2_instance_port_ldap_exposed_to_internet;False;CIS-Controls;CIS Controls v8.1
aws;The CIS Critical Security Controls (CIS Controls) v8.1 are a prioritized set of Safeguards to mitigate the most prevalent cyber-attacks against systems and networks. They are organized into 18 top-level Controls and mapped to three Implementation Groups (IG1, IG2, IG3). This is a cross-provider mapping of Prowler checks to the CIS Controls Safeguards that can be assessed automatically against cloud and platform configurations.;735291151388;ap-south-1;2026-07-11 14:19:13.485135;4.4;Implement and manage a firewall on servers, where supported. Example implementations include a virtual firewall, operating system firewall, or a third-party firewall agent.;4. Secure Configuration of Enterprise Assets and Software;Protect;Devices;IG1 | IG2 | IG3;PASS;Instance i-0c7395c282641f31e does not have Memcached port 11211 open to the Internet.;arn:aws:ec2:ap-south-1:735291151388:instance/i-0c7395c282641f31e;i-0c7395c282641f31e;ec2_instance_port_memcached_exposed_to_internet;False;CIS-Controls;CIS Controls v8.1
aws;The CIS Critical Security Controls (CIS Controls) v8.1 are a prioritized set of Safeguards to mitigate the most prevalent cyber-attacks against systems and networks. They are organized into 18 top-level Controls and mapped to three Implementation Groups (IG1, IG2, IG3). This is a cross-provider mapping of Prowler checks to the CIS Controls Safeguards that can be assessed automatically against cloud and platform configurations.;735291151388;ap-south-1;2026-07-11 14:19:13.485135;4.4;Implement and manage a firewall on servers, where supported. Example implementations include a virtual firewall, operating system firewall, or a third-party firewall agent.;4. Secure Configuration of Enterprise Assets and Software;Protect;Devices;IG1 | IG2 | IG3;PASS;Instance i-0c7395c282641f31e does not have MongoDB ports open to the Internet.;arn:aws:ec2:ap-south-1:735291151388:instance/i-0c7395c282641f31e;i-0c7395c282641f31e;ec2_instance_port_mongodb_exposed_to_internet;False;CIS-Controls;CIS Controls v8.1
aws;The CIS Critical Security Controls (CIS Controls) v8.1 are a prioritized set of Safeguards to mitigate the most prevalent cyber-attacks against systems and networks. They are organized into 18 top-level Controls and mapped to three Implementation Groups (IG1, IG2, IG3). This is a cross-provider mapping of Prowler checks to the CIS Controls Safeguards that can be assessed automatically against cloud and platform configurations.;735291151388;ap-south-1;2026-07-11 14:19:13.485135;4.4;Implement and manage a firewall on servers, where supported. Example implementations include a virtual firewall, operating system firewall, or a third-party firewall agent.;4. Secure Configuration of Enterprise Assets and Software;Protect;Devices;IG1 | IG2 | IG3;PASS;Instance i-0c7395c282641f31e does not have MySQL port 3306 open to the Internet.;arn:aws:ec2:ap-south-1:735291151388:instance/i-0c7395c282641f31e;i-0c7395c282641f31e;ec2_instance_port_mysql_exposed_to_internet;False;CIS-Controls;CIS Controls v8.1
aws;The CIS Critical Security Controls (CIS Controls) v8.1 are a prioritized set of Safeguards to mitigate the most prevalent cyber-attacks against systems and networks. They are organized into 18 top-level Controls and mapped to three Implementation Groups (IG1, IG2, IG3). This is a cross-provider mapping of Prowler checks to the CIS Controls Safeguards that can be assessed automatically against cloud and platform configurations.;735291151388;ap-south-1;2026-07-11 14:19:13.485135;4.4;Implement and manage a firewall on servers, where supported. Example implementations include a virtual firewall, operating system firewall, or a third-party firewall agent.;4. Secure Configuration of Enterprise Assets and Software;Protect;Devices;IG1 | IG2 | IG3;PASS;Instance i-0c7395c282641f31e does not have Oracle ports open to the Internet.;arn:aws:ec2:ap-south-1:735291151388:instance/i-0c7395c282641f31e;i-0c7395c282641f31e;ec2_instance_port_oracle_exposed_to_internet;False;CIS-Controls;CIS Controls v8.1
aws;The CIS Critical Security Controls (CIS Controls) v8.1 are a prioritized set of Safeguards to mitigate the most prevalent cyber-attacks against systems and networks. They are organized into 18 top-level Controls and mapped to three Implementation Groups (IG1, IG2, IG3). This is a cross-provider mapping of Prowler checks to the CIS Controls Safeguards that can be assessed automatically against cloud and platform configurations.;735291151388;ap-south-1;2026-07-11 14:19:13.485135;4.4;Implement and manage a firewall on servers, where supported. Example implementations include a virtual firewall, operating system firewall, or a third-party firewall agent.;4. Secure Configuration of Enterprise Assets and Software;Protect;Devices;IG1 | IG2 | IG3;PASS;Instance i-0c7395c282641f31e does not have PostgreSQL port 5432 open to the Internet.;arn:aws:ec2:ap-south-1:735291151388:instance/i-0c7395c282641f31e;i-0c7395c282641f31e;ec2_instance_port_postgresql_exposed_to_internet;False;CIS-Controls;CIS Controls v8.1
aws;The CIS Critical Security Controls (CIS Controls) v8.1 are a prioritized set of Safeguards to mitigate the most prevalent cyber-attacks against systems and networks. They are organized into 18 top-level Controls and mapped to three Implementation Groups (IG1, IG2, IG3). This is a cross-provider mapping of Prowler checks to the CIS Controls Safeguards that can be assessed automatically against cloud and platform configurations.;735291151388;ap-south-1;2026-07-11 14:19:13.485135;4.4;Implement and manage a firewall on servers, where supported. Example implementations include a virtual firewall, operating system firewall, or a third-party firewall agent.;4. Secure Configuration of Enterprise Assets and Software;Protect;Devices;IG1 | IG2 | IG3;PASS;Instance i-0c7395c282641f31e does not have RDP port 3389 open to the Internet.;arn:aws:ec2:ap-south-1:735291151388:instance/i-0c7395c282641f31e;i-0c7395c282641f31e;ec2_instance_port_rdp_exposed_to_internet;False;CIS-Controls;CIS Controls v8.1
aws;The CIS Critical Security Controls (CIS Controls) v8.1 are a prioritized set of Safeguards to mitigate the most prevalent cyber-attacks against systems and networks. They are organized into 18 top-level Controls and mapped to three Implementation Groups (IG1, IG2, IG3). This is a cross-provider mapping of Prowler checks to the CIS Controls Safeguards that can be assessed automatically against cloud and platform configurations.;735291151388;ap-south-1;2026-07-11 14:19:13.485135;4.4;Implement and manage a firewall on servers, where supported. Example implementations include a virtual firewall, operating system firewall, or a third-party firewall agent.;4. Secure Configuration of Enterprise Assets and Software;Protect;Devices;IG1 | IG2 | IG3;PASS;Instance i-0c7395c282641f31e does not have Redis port 6379 open to the Internet.;arn:aws:ec2:ap-south-1:735291151388:instance/i-0c7395c282641f31e;i-0c7395c282641f31e;ec2_instance_port_redis_exposed_to_internet;False;CIS-Controls;CIS Controls v8.1
aws;The CIS Critical Security Controls (CIS Controls) v8.1 are a prioritized set of Safeguards to mitigate the most prevalent cyber-attacks against systems and networks. They are organized into 18 top-level Controls and mapped to three Implementation Groups (IG1, IG2, IG3). This is a cross-provider mapping of Prowler checks to the CIS Controls Safeguards that can be assessed automatically against cloud and platform configurations.;735291151388;ap-south-1;2026-07-11 14:19:13.485135;4.4;Implement and manage a firewall on servers, where supported. Example implementations include a virtual firewall, operating system firewall, or a third-party firewall agent.;4. Secure Configuration of Enterprise Assets and Software;Protect;Devices;IG1 | IG2 | IG3;PASS;Instance i-0c7395c282641f31e does not have SQL Server ports open to the Internet.;arn:aws:ec2:ap-south-1:735291151388:instance/i-0c7395c282641f31e;i-0c7395c282641f31e;ec2_instance_port_sqlserver_exposed_to_internet;False;CIS-Controls;CIS Controls v8.1
aws;The CIS Critical Security Controls (CIS Controls) v8.1 are a prioritized set of Safeguards to mitigate the most prevalent cyber-attacks against systems and networks. They are organized into 18 top-level Controls and mapped to three Implementation Groups (IG1, IG2, IG3). This is a cross-provider mapping of Prowler checks to the CIS Controls Safeguards that can be assessed automatically against cloud and platform configurations.;735291151388;ap-south-1;2026-07-11 14:19:13.485135;4.4;Implement and manage a firewall on servers, where supported. Example implementations include a virtual firewall, operating system firewall, or a third-party firewall agent.;4. Secure Configuration of Enterprise Assets and Software;Protect;Devices;IG1 | IG2 | IG3;FAIL;Instance i-0c7395c282641f31e has SSH exposed to 0.0.0.0/0 on public IP address 13.207.69.17 in public subnet subnet-014929246c544396c.;arn:aws:ec2:ap-south-1:735291151388:instance/i-0c7395c282641f31e;i-0c7395c282641f31e;ec2_instance_port_ssh_exposed_to_internet;False;CIS-Controls;CIS Controls v8.1
aws;The CIS Critical Security Controls (CIS Controls) v8.1 are a prioritized set of Safeguards to mitigate the most prevalent cyber-attacks against systems and networks. They are organized into 18 top-level Controls and mapped to three Implementation Groups (IG1, IG2, IG3). This is a cross-provider mapping of Prowler checks to the CIS Controls Safeguards that can be assessed automatically against cloud and platform configurations.;735291151388;ap-south-1;2026-07-11 14:19:13.485135;4.4;Implement and manage a firewall on servers, where supported. Example implementations include a virtual firewall, operating system firewall, or a third-party firewall agent.;4. Secure Configuration of Enterprise Assets and Software;Protect;Devices;IG1 | IG2 | IG3;PASS;Instance i-0c7395c282641f31e does not have Telnet port 23 open to the Internet.;arn:aws:ec2:ap-south-1:735291151388:instance/i-0c7395c282641f31e;i-0c7395c282641f31e;ec2_instance_port_telnet_exposed_to_internet;False;CIS-Controls;CIS Controls v8.1
aws;The CIS Critical Security Controls (CIS Controls) v8.1 are a prioritized set of Safeguards to mitigate the most prevalent cyber-attacks against systems and networks. They are organized into 18 top-level Controls and mapped to three Implementation Groups (IG1, IG2, IG3). This is a cross-provider mapping of Prowler checks to the CIS Controls Safeguards that can be assessed automatically against cloud and platform configurations.;735291151388;ap-south-1;2026-07-11 14:19:13.485135;6.8;Define and maintain role-based access control, through determining and documenting the access rights necessary for each role within the enterprise to successfully carry out its assigned duties. Perform access control reviews of enterprise assets to validate that all privileges are authorized, on a recurring schedule at a minimum annually, or more frequently.;6. Access Control Management;Govern;Users;IG3;PASS;EC2 Instance i-0c7395c282641f31e associated with Instance Profile Role arn:aws:iam::735291151388:instance-profile/cloudguardian-web-profile.;arn:aws:ec2:ap-south-1:735291151388:instance/i-0c7395c282641f31e;i-0c7395c282641f31e;ec2_instance_profile_attached;False;CIS-Controls;CIS Controls v8.1
aws;The CIS Critical Security Controls (CIS Controls) v8.1 are a prioritized set of Safeguards to mitigate the most prevalent cyber-attacks against systems and networks. They are organized into 18 top-level Controls and mapped to three Implementation Groups (IG1, IG2, IG3). This is a cross-provider mapping of Prowler checks to the CIS Controls Safeguards that can be assessed automatically against cloud and platform configurations.;735291151388;ap-south-1;2026-07-11 14:19:13.485135;12.2;Design and maintain a secure network architecture. A secure network architecture must address segmentation, least privilege, and availability, at a minimum. Example implementations may include documentation, policy, and design components.;12. Network Infrastructure Management;Protect;Network;IG2 | IG3;FAIL;EC2 Instance i-0c7395c282641f31e has a Public IP: 13.207.69.17 (ec2-13-207-69-17.ap-south-1.compute.amazonaws.com).;arn:aws:ec2:ap-south-1:735291151388:instance/i-0c7395c282641f31e;i-0c7395c282641f31e;ec2_instance_public_ip;False;CIS-Controls;CIS Controls v8.1
aws;The CIS Critical Security Controls (CIS Controls) v8.1 are a prioritized set of Safeguards to mitigate the most prevalent cyber-attacks against systems and networks. They are organized into 18 top-level Controls and mapped to three Implementation Groups (IG1, IG2, IG3). This is a cross-provider mapping of Prowler checks to the CIS Controls Safeguards that can be assessed automatically against cloud and platform configurations.;735291151388;ap-south-1;2026-07-11 14:19:13.485135;2.2;Ensure that only currently supported software is designated as authorized in the software inventory for enterprise assets. If software is unsupported, yet necessary for the fulfillment of the enterprise's mission, document an exception detailing mitigating controls and residual risk acceptance. For any unsupported software without an exception documentation, designate as unauthorized. Review the software list to verify software support at least monthly, or more frequently.;2. Inventory and Control of Software Assets;Identify;Software;IG1 | IG2 | IG3;FAIL;EC2 Instance i-0c7395c282641f31e is using outdated AMI ami-0f58b397bc5c1f2e8.;arn:aws:ec2:ap-south-1:735291151388:instance/i-0c7395c282641f31e;i-0c7395c282641f31e;ec2_instance_with_outdated_ami;False;CIS-Controls;CIS Controls v8.1
aws;The CIS Critical Security Controls (CIS Controls) v8.1 are a prioritized set of Safeguards to mitigate the most prevalent cyber-attacks against systems and networks. They are organized into 18 top-level Controls and mapped to three Implementation Groups (IG1, IG2, IG3). This is a cross-provider mapping of Prowler checks to the CIS Controls Safeguards that can be assessed automatically against cloud and platform configurations.;735291151388;ap-south-1;2026-07-11 14:19:13.485135;13.4;Perform traffic filtering between network segments, where appropriate.;13. Network Monitoring and Defense;Protect;Network;IG2 | IG3;FAIL;Network ACL acl-055a0136ea4bc4585 has every port open to the Internet.;arn:aws:ec2:ap-south-1:735291151388:network-acl/acl-055a0136ea4bc4585;acl-055a0136ea4bc4585;ec2_networkacl_allow_ingress_any_port;False;CIS-Controls;CIS Controls v8.1
aws;The CIS Critical Security Controls (CIS Controls) v8.1 are a prioritized set of Safeguards to mitigate the most prevalent cyber-attacks against systems and networks. They are organized into 18 top-level Controls and mapped to three Implementation Groups (IG1, IG2, IG3). This is a cross-provider mapping of Prowler checks to the CIS Controls Safeguards that can be assessed automatically against cloud and platform configurations.;735291151388;ap-south-1;2026-07-11 14:19:13.485135;13.4;Perform traffic filtering between network segments, where appropriate.;13. Network Monitoring and Defense;Protect;Network;IG2 | IG3;FAIL;Network ACL acl-0db7c7715aa3918aa has every port open to the Internet.;arn:aws:ec2:ap-south-1:735291151388:network-acl/acl-0db7c7715aa3918aa;acl-0db7c7715aa3918aa;ec2_networkacl_allow_ingress_any_port;False;CIS-Controls;CIS Controls v8.1
aws;The CIS Critical Security Controls (CIS Controls) v8.1 are a prioritized set of Safeguards to mitigate the most prevalent cyber-attacks against systems and networks. They are organized into 18 top-level Controls and mapped to three Implementation Groups (IG1, IG2, IG3). This is a cross-provider mapping of Prowler checks to the CIS Controls Safeguards that can be assessed automatically against cloud and platform configurations.;735291151388;ap-south-1;2026-07-11 14:19:13.485135;13.4;Perform traffic filtering between network segments, where appropriate.;13. Network Monitoring and Defense;Protect;Network;IG2 | IG3;FAIL;Network ACL acl-055a0136ea4bc4585 has SSH port 22 open to the Internet.;arn:aws:ec2:ap-south-1:735291151388:network-acl/acl-055a0136ea4bc4585;acl-055a0136ea4bc4585;ec2_networkacl_allow_ingress_tcp_port_22;False;CIS-Controls;CIS Controls v8.1
aws;The CIS Critical Security Controls (CIS Controls) v8.1 are a prioritized set of Safeguards to mitigate the most prevalent cyber-attacks against systems and networks. They are organized into 18 top-level Controls and mapped to three Implementation Groups (IG1, IG2, IG3). This is a cross-provider mapping of Prowler checks to the CIS Controls Safeguards that can be assessed automatically against cloud and platform configurations.;735291151388;ap-south-1;2026-07-11 14:19:13.485135;13.4;Perform traffic filtering between network segments, where appropriate.;13. Network Monitoring and Defense;Protect;Network;IG2 | IG3;FAIL;Network ACL acl-0db7c7715aa3918aa has SSH port 22 open to the Internet.;arn:aws:ec2:ap-south-1:735291151388:network-acl/acl-0db7c7715aa3918aa;acl-0db7c7715aa3918aa;ec2_networkacl_allow_ingress_tcp_port_22;False;CIS-Controls;CIS Controls v8.1
aws;The CIS Critical Security Controls (CIS Controls) v8.1 are a prioritized set of Safeguards to mitigate the most prevalent cyber-attacks against systems and networks. They are organized into 18 top-level Controls and mapped to three Implementation Groups (IG1, IG2, IG3). This is a cross-provider mapping of Prowler checks to the CIS Controls Safeguards that can be assessed automatically against cloud and platform configurations.;735291151388;ap-south-1;2026-07-11 14:19:13.485135;13.4;Perform traffic filtering between network segments, where appropriate.;13. Network Monitoring and Defense;Protect;Network;IG2 | IG3;FAIL;Network ACL acl-055a0136ea4bc4585 has Microsoft RDP port 3389 open to the Internet.;arn:aws:ec2:ap-south-1:735291151388:network-acl/acl-055a0136ea4bc4585;acl-055a0136ea4bc4585;ec2_networkacl_allow_ingress_tcp_port_3389;False;CIS-Controls;CIS Controls v8.1
aws;The CIS Critical Security Controls (CIS Controls) v8.1 are a prioritized set of Safeguards to mitigate the most prevalent cyber-attacks against systems and networks. They are organized into 18 top-level Controls and mapped to three Implementation Groups (IG1, IG2, IG3). This is a cross-provider mapping of Prowler checks to the CIS Controls Safeguards that can be assessed automatically against cloud and platform configurations.;735291151388;ap-south-1;2026-07-11 14:19:13.485135;13.4;Perform traffic filtering between network segments, where appropriate.;13. Network Monitoring and Defense;Protect;Network;IG2 | IG3;FAIL;Network ACL acl-0db7c7715aa3918aa has Microsoft RDP port 3389 open to the Internet.;arn:aws:ec2:ap-south-1:735291151388:network-acl/acl-0db7c7715aa3918aa;acl-0db7c7715aa3918aa;ec2_networkacl_allow_ingress_tcp_port_3389;False;CIS-Controls;CIS Controls v8.1
aws;The CIS Critical Security Controls (CIS Controls) v8.1 are a prioritized set of Safeguards to mitigate the most prevalent cyber-attacks against systems and networks. They are organized into 18 top-level Controls and mapped to three Implementation Groups (IG1, IG2, IG3). This is a cross-provider mapping of Prowler checks to the CIS Controls Safeguards that can be assessed automatically against cloud and platform configurations.;735291151388;ap-south-1;2026-07-11 14:19:13.485135;4.4;Implement and manage a firewall on servers, where supported. Example implementations include a virtual firewall, operating system firewall, or a third-party firewall agent.;4. Secure Configuration of Enterprise Assets and Software;Protect;Devices;IG1 | IG2 | IG3;PASS;Security group cloudguardian-web-sg (sg-0fdba0a657788f1d7) does not have all ports open to the Internet.;arn:aws:ec2:ap-south-1:735291151388:security-group/sg-0fdba0a657788f1d7;sg-0fdba0a657788f1d7;ec2_securitygroup_allow_ingress_from_internet_to_all_ports;False;CIS-Controls;CIS Controls v8.1
aws;The CIS Critical Security Controls (CIS Controls) v8.1 are a prioritized set of Safeguards to mitigate the most prevalent cyber-attacks against systems and networks. They are organized into 18 top-level Controls and mapped to three Implementation Groups (IG1, IG2, IG3). This is a cross-provider mapping of Prowler checks to the CIS Controls Safeguards that can be assessed automatically against cloud and platform configurations.;735291151388;ap-south-1;2026-07-11 14:19:13.485135;4.4;Implement and manage a firewall on servers, where supported. Example implementations include a virtual firewall, operating system firewall, or a third-party firewall agent.;4. Secure Configuration of Enterprise Assets and Software;Protect;Devices;IG1 | IG2 | IG3;PASS;Security group cloudguardian-rds-sg (sg-0be0be5f1a7d28519) does not have all ports open to the Internet.;arn:aws:ec2:ap-south-1:735291151388:security-group/sg-0be0be5f1a7d28519;sg-0be0be5f1a7d28519;ec2_securitygroup_allow_ingress_from_internet_to_all_ports;False;CIS-Controls;CIS Controls v8.1
aws;The CIS Critical Security Controls (CIS Controls) v8.1 are a prioritized set of Safeguards to mitigate the most prevalent cyber-attacks against systems and networks. They are organized into 18 top-level Controls and mapped to three Implementation Groups (IG1, IG2, IG3). This is a cross-provider mapping of Prowler checks to the CIS Controls Safeguards that can be assessed automatically against cloud and platform configurations.;735291151388;ap-south-1;2026-07-11 14:19:13.485135;4.4;Implement and manage a firewall on servers, where supported. Example implementations include a virtual firewall, operating system firewall, or a third-party firewall agent.;4. Secure Configuration of Enterprise Assets and Software;Protect;Devices;IG1 | IG2 | IG3;FAIL;Security group cloudguardian-web-sg (sg-0fdba0a657788f1d7) has at least one port open to the Internet but its network interface type (interface) is not allowed.;arn:aws:ec2:ap-south-1:735291151388:security-group/sg-0fdba0a657788f1d7;sg-0fdba0a657788f1d7;ec2_securitygroup_allow_ingress_from_internet_to_any_port;False;CIS-Controls;CIS Controls v8.1
aws;The CIS Critical Security Controls (CIS Controls) v8.1 are a prioritized set of Safeguards to mitigate the most prevalent cyber-attacks against systems and networks. They are organized into 18 top-level Controls and mapped to three Implementation Groups (IG1, IG2, IG3). This is a cross-provider mapping of Prowler checks to the CIS Controls Safeguards that can be assessed automatically against cloud and platform configurations.;735291151388;ap-south-1;2026-07-11 14:19:13.485135;4.4;Implement and manage a firewall on servers, where supported. Example implementations include a virtual firewall, operating system firewall, or a third-party firewall agent.;4. Secure Configuration of Enterprise Assets and Software;Protect;Devices;IG1 | IG2 | IG3;FAIL;Security group cloudguardian-rds-sg (sg-0be0be5f1a7d28519) has at least one port open to the Internet but its network interface type (interface) is not allowed.;arn:aws:ec2:ap-south-1:735291151388:security-group/sg-0be0be5f1a7d28519;sg-0be0be5f1a7d28519;ec2_securitygroup_allow_ingress_from_internet_to_any_port;False;CIS-Controls;CIS Controls v8.1
aws;The CIS Critical Security Controls (CIS Controls) v8.1 are a prioritized set of Safeguards to mitigate the most prevalent cyber-attacks against systems and networks. They are organized into 18 top-level Controls and mapped to three Implementation Groups (IG1, IG2, IG3). This is a cross-provider mapping of Prowler checks to the CIS Controls Safeguards that can be assessed automatically against cloud and platform configurations.;735291151388;ap-south-1;2026-07-11 14:19:13.485135;4.4;Implement and manage a firewall on servers, where supported. Example implementations include a virtual firewall, operating system firewall, or a third-party firewall agent.;4. Secure Configuration of Enterprise Assets and Software;Protect;Devices;IG1 | IG2 | IG3;PASS;Security group cloudguardian-web-sg (sg-0fdba0a657788f1d7) does not have any port open to a public IP address.;arn:aws:ec2:ap-south-1:735291151388:security-group/sg-0fdba0a657788f1d7;sg-0fdba0a657788f1d7;ec2_securitygroup_allow_ingress_from_internet_to_any_port_from_ip;False;CIS-Controls;CIS Controls v8.1
aws;The CIS Critical Security Controls (CIS Controls) v8.1 are a prioritized set of Safeguards to mitigate the most prevalent cyber-attacks against systems and networks. They are organized into 18 top-level Controls and mapped to three Implementation Groups (IG1, IG2, IG3). This is a cross-provider mapping of Prowler checks to the CIS Controls Safeguards that can be assessed automatically against cloud and platform configurations.;735291151388;ap-south-1;2026-07-11 14:19:13.485135;4.4;Implement and manage a firewall on servers, where supported. Example implementations include a virtual firewall, operating system firewall, or a third-party firewall agent.;4. Secure Configuration of Enterprise Assets and Software;Protect;Devices;IG1 | IG2 | IG3;PASS;Security group cloudguardian-rds-sg (sg-0be0be5f1a7d28519) does not have any port open to a public IP address.;arn:aws:ec2:ap-south-1:735291151388:security-group/sg-0be0be5f1a7d28519;sg-0be0be5f1a7d28519;ec2_securitygroup_allow_ingress_from_internet_to_any_port_from_ip;False;CIS-Controls;CIS Controls v8.1
aws;The CIS Critical Security Controls (CIS Controls) v8.1 are a prioritized set of Safeguards to mitigate the most prevalent cyber-attacks against systems and networks. They are organized into 18 top-level Controls and mapped to three Implementation Groups (IG1, IG2, IG3). This is a cross-provider mapping of Prowler checks to the CIS Controls Safeguards that can be assessed automatically against cloud and platform configurations.;735291151388;ap-south-1;2026-07-11 14:19:13.485135;4.4;Implement and manage a firewall on servers, where supported. Example implementations include a virtual firewall, operating system firewall, or a third-party firewall agent.;4. Secure Configuration of Enterprise Assets and Software;Protect;Devices;IG1 | IG2 | IG3;PASS;Security group cloudguardian-web-sg (sg-0fdba0a657788f1d7) does not have any high-risk port open to the Internet.;arn:aws:ec2:ap-south-1:735291151388:security-group/sg-0fdba0a657788f1d7;sg-0fdba0a657788f1d7;ec2_securitygroup_allow_ingress_from_internet_to_high_risk_tcp_ports;False;CIS-Controls;CIS Controls v8.1
aws;The CIS Critical Security Controls (CIS Controls) v8.1 are a prioritized set of Safeguards to mitigate the most prevalent cyber-attacks against systems and networks. They are organized into 18 top-level Controls and mapped to three Implementation Groups (IG1, IG2, IG3). This is a cross-provider mapping of Prowler checks to the CIS Controls Safeguards that can be assessed automatically against cloud and platform configurations.;735291151388;ap-south-1;2026-07-11 14:19:13.485135;4.4;Implement and manage a firewall on servers, where supported. Example implementations include a virtual firewall, operating system firewall, or a third-party firewall agent.;4. Secure Configuration of Enterprise Assets and Software;Protect;Devices;IG1 | IG2 | IG3;PASS;Security group cloudguardian-rds-sg (sg-0be0be5f1a7d28519) does not have any high-risk port open to the Internet.;arn:aws:ec2:ap-south-1:735291151388:security-group/sg-0be0be5f1a7d28519;sg-0be0be5f1a7d28519;ec2_securitygroup_allow_ingress_from_internet_to_high_risk_tcp_ports;False;CIS-Controls;CIS Controls v8.1
aws;The CIS Critical Security Controls (CIS Controls) v8.1 are a prioritized set of Safeguards to mitigate the most prevalent cyber-attacks against systems and networks. They are organized into 18 top-level Controls and mapped to three Implementation Groups (IG1, IG2, IG3). This is a cross-provider mapping of Prowler checks to the CIS Controls Safeguards that can be assessed automatically against cloud and platform configurations.;735291151388;ap-south-1;2026-07-11 14:19:13.485135;4.4;Implement and manage a firewall on servers, where supported. Example implementations include a virtual firewall, operating system firewall, or a third-party firewall agent.;4. Secure Configuration of Enterprise Assets and Software;Protect;Devices;IG1 | IG2 | IG3;FAIL;Security group cloudguardian-web-sg (sg-0fdba0a657788f1d7) has SSH port 22 open to the Internet.;arn:aws:ec2:ap-south-1:735291151388:security-group/sg-0fdba0a657788f1d7;sg-0fdba0a657788f1d7;ec2_securitygroup_allow_ingress_from_internet_to_tcp_port_22;False;CIS-Controls;CIS Controls v8.1
aws;The CIS Critical Security Controls (CIS Controls) v8.1 are a prioritized set of Safeguards to mitigate the most prevalent cyber-attacks against systems and networks. They are organized into 18 top-level Controls and mapped to three Implementation Groups (IG1, IG2, IG3). This is a cross-provider mapping of Prowler checks to the CIS Controls Safeguards that can be assessed automatically against cloud and platform configurations.;735291151388;ap-south-1;2026-07-11 14:19:13.485135;4.4;Implement and manage a firewall on servers, where supported. Example implementations include a virtual firewall, operating system firewall, or a third-party firewall agent.;4. Secure Configuration of Enterprise Assets and Software;Protect;Devices;IG1 | IG2 | IG3;PASS;Security group cloudguardian-rds-sg (sg-0be0be5f1a7d28519) does not have SSH port 22 open to the Internet.;arn:aws:ec2:ap-south-1:735291151388:security-group/sg-0be0be5f1a7d28519;sg-0be0be5f1a7d28519;ec2_securitygroup_allow_ingress_from_internet_to_tcp_port_22;False;CIS-Controls;CIS Controls v8.1
aws;The CIS Critical Security Controls (CIS Controls) v8.1 are a prioritized set of Safeguards to mitigate the most prevalent cyber-attacks against systems and networks. They are organized into 18 top-level Controls and mapped to three Implementation Groups (IG1, IG2, IG3). This is a cross-provider mapping of Prowler checks to the CIS Controls Safeguards that can be assessed automatically against cloud and platform configurations.;735291151388;ap-south-1;2026-07-11 14:19:13.485135;4.4;Implement and manage a firewall on servers, where supported. Example implementations include a virtual firewall, operating system firewall, or a third-party firewall agent.;4. Secure Configuration of Enterprise Assets and Software;Protect;Devices;IG1 | IG2 | IG3;PASS;Security group cloudguardian-web-sg (sg-0fdba0a657788f1d7) does not have Microsoft RDP port 3389 open to the Internet.;arn:aws:ec2:ap-south-1:735291151388:security-group/sg-0fdba0a657788f1d7;sg-0fdba0a657788f1d7;ec2_securitygroup_allow_ingress_from_internet_to_tcp_port_3389;False;CIS-Controls;CIS Controls v8.1
aws;The CIS Critical Security Controls (CIS Controls) v8.1 are a prioritized set of Safeguards to mitigate the most prevalent cyber-attacks against systems and networks. They are organized into 18 top-level Controls and mapped to three Implementation Groups (IG1, IG2, IG3). This is a cross-provider mapping of Prowler checks to the CIS Controls Safeguards that can be assessed automatically against cloud and platform configurations.;735291151388;ap-south-1;2026-07-11 14:19:13.485135;4.4;Implement and manage a firewall on servers, where supported. Example implementations include a virtual firewall, operating system firewall, or a third-party firewall agent.;4. Secure Configuration of Enterprise Assets and Software;Protect;Devices;IG1 | IG2 | IG3;PASS;Security group cloudguardian-rds-sg (sg-0be0be5f1a7d28519) does not have Microsoft RDP port 3389 open to the Internet.;arn:aws:ec2:ap-south-1:735291151388:security-group/sg-0be0be5f1a7d28519;sg-0be0be5f1a7d28519;ec2_securitygroup_allow_ingress_from_internet_to_tcp_port_3389;False;CIS-Controls;CIS Controls v8.1
aws;The CIS Critical Security Controls (CIS Controls) v8.1 are a prioritized set of Safeguards to mitigate the most prevalent cyber-attacks against systems and networks. They are organized into 18 top-level Controls and mapped to three Implementation Groups (IG1, IG2, IG3). This is a cross-provider mapping of Prowler checks to the CIS Controls Safeguards that can be assessed automatically against cloud and platform configurations.;735291151388;ap-south-1;2026-07-11 14:19:13.485135;4.4;Implement and manage a firewall on servers, where supported. Example implementations include a virtual firewall, operating system firewall, or a third-party firewall agent.;4. Secure Configuration of Enterprise Assets and Software;Protect;Devices;IG1 | IG2 | IG3;PASS;Security group cloudguardian-web-sg (sg-0fdba0a657788f1d7) does not have Casandra ports 7199, 8888 and 9160 open to the Internet.;arn:aws:ec2:ap-south-1:735291151388:security-group/sg-0fdba0a657788f1d7;sg-0fdba0a657788f1d7;ec2_securitygroup_allow_ingress_from_internet_to_tcp_port_cassandra_7199_9160_8888;False;CIS-Controls;CIS Controls v8.1
aws;The CIS Critical Security Controls (CIS Controls) v8.1 are a prioritized set of Safeguards to mitigate the most prevalent cyber-attacks against systems and networks. They are organized into 18 top-level Controls and mapped to three Implementation Groups (IG1, IG2, IG3). This is a cross-provider mapping of Prowler checks to the CIS Controls Safeguards that can be assessed automatically against cloud and platform configurations.;735291151388;ap-south-1;2026-07-11 14:19:13.485135;4.4;Implement and manage a firewall on servers, where supported. Example implementations include a virtual firewall, operating system firewall, or a third-party firewall agent.;4. Secure Configuration of Enterprise Assets and Software;Protect;Devices;IG1 | IG2 | IG3;PASS;Security group cloudguardian-rds-sg (sg-0be0be5f1a7d28519) does not have Casandra ports 7199, 8888 and 9160 open to the Internet.;arn:aws:ec2:ap-south-1:735291151388:security-group/sg-0be0be5f1a7d28519;sg-0be0be5f1a7d28519;ec2_securitygroup_allow_ingress_from_internet_to_tcp_port_cassandra_7199_9160_8888;False;CIS-Controls;CIS Controls v8.1
aws;The CIS Critical Security Controls (CIS Controls) v8.1 are a prioritized set of Safeguards to mitigate the most prevalent cyber-attacks against systems and networks. They are organized into 18 top-level Controls and mapped to three Implementation Groups (IG1, IG2, IG3). This is a cross-provider mapping of Prowler checks to the CIS Controls Safeguards that can be assessed automatically against cloud and platform configurations.;735291151388;ap-south-1;2026-07-11 14:19:13.485135;4.4;Implement and manage a firewall on servers, where supported. Example implementations include a virtual firewall, operating system firewall, or a third-party firewall agent.;4. Secure Configuration of Enterprise Assets and Software;Protect;Devices;IG1 | IG2 | IG3;PASS;Security group cloudguardian-web-sg (sg-0fdba0a657788f1d7) does not have Elasticsearch/Kibana ports 9200, 9300 and 5601 open to the Internet.;arn:aws:ec2:ap-south-1:735291151388:security-group/sg-0fdba0a657788f1d7;sg-0fdba0a657788f1d7;ec2_securitygroup_allow_ingress_from_internet_to_tcp_port_elasticsearch_kibana_9200_9300_5601;False;CIS-Controls;CIS Controls v8.1
aws;The CIS Critical Security Controls (CIS Controls) v8.1 are a prioritized set of Safeguards to mitigate the most prevalent cyber-attacks against systems and networks. They are organized into 18 top-level Controls and mapped to three Implementation Groups (IG1, IG2, IG3). This is a cross-provider mapping of Prowler checks to the CIS Controls Safeguards that can be assessed automatically against cloud and platform configurations.;735291151388;ap-south-1;2026-07-11 14:19:13.485135;4.4;Implement and manage a firewall on servers, where supported. Example implementations include a virtual firewall, operating system firewall, or a third-party firewall agent.;4. Secure Configuration of Enterprise Assets and Software;Protect;Devices;IG1 | IG2 | IG3;PASS;Security group cloudguardian-rds-sg (sg-0be0be5f1a7d28519) does not have Elasticsearch/Kibana ports 9200, 9300 and 5601 open to the Internet.;arn:aws:ec2:ap-south-1:735291151388:security-group/sg-0be0be5f1a7d28519;sg-0be0be5f1a7d28519;ec2_securitygroup_allow_ingress_from_internet_to_tcp_port_elasticsearch_kibana_9200_9300_5601;False;CIS-Controls;CIS Controls v8.1
aws;The CIS Critical Security Controls (CIS Controls) v8.1 are a prioritized set of Safeguards to mitigate the most prevalent cyber-attacks against systems and networks. They are organized into 18 top-level Controls and mapped to three Implementation Groups (IG1, IG2, IG3). This is a cross-provider mapping of Prowler checks to the CIS Controls Safeguards that can be assessed automatically against cloud and platform configurations.;735291151388;ap-south-1;2026-07-11 14:19:13.485135;4.4;Implement and manage a firewall on servers, where supported. Example implementations include a virtual firewall, operating system firewall, or a third-party firewall agent.;4. Secure Configuration of Enterprise Assets and Software;Protect;Devices;IG1 | IG2 | IG3;PASS;Security group cloudguardian-web-sg (sg-0fdba0a657788f1d7) does not have FTP ports 20 and 21 open to the Internet.;arn:aws:ec2:ap-south-1:735291151388:security-group/sg-0fdba0a657788f1d7;sg-0fdba0a657788f1d7;ec2_securitygroup_allow_ingress_from_internet_to_tcp_port_ftp_20_21;False;CIS-Controls;CIS Controls v8.1
aws;The CIS Critical Security Controls (CIS Controls) v8.1 are a prioritized set of Safeguards to mitigate the most prevalent cyber-attacks against systems and networks. They are organized into 18 top-level Controls and mapped to three Implementation Groups (IG1, IG2, IG3). This is a cross-provider mapping of Prowler checks to the CIS Controls Safeguards that can be assessed automatically against cloud and platform configurations.;735291151388;ap-south-1;2026-07-11 14:19:13.485135;4.4;Implement and manage a firewall on servers, where supported. Example implementations include a virtual firewall, operating system firewall, or a third-party firewall agent.;4. Secure Configuration of Enterprise Assets and Software;Protect;Devices;IG1 | IG2 | IG3;PASS;Security group cloudguardian-rds-sg (sg-0be0be5f1a7d28519) does not have FTP ports 20 and 21 open to the Internet.;arn:aws:ec2:ap-south-1:735291151388:security-group/sg-0be0be5f1a7d28519;sg-0be0be5f1a7d28519;ec2_securitygroup_allow_ingress_from_internet_to_tcp_port_ftp_20_21;False;CIS-Controls;CIS Controls v8.1
aws;The CIS Critical Security Controls (CIS Controls) v8.1 are a prioritized set of Safeguards to mitigate the most prevalent cyber-attacks against systems and networks. They are organized into 18 top-level Controls and mapped to three Implementation Groups (IG1, IG2, IG3). This is a cross-provider mapping of Prowler checks to the CIS Controls Safeguards that can be assessed automatically against cloud and platform configurations.;735291151388;ap-south-1;2026-07-11 14:19:13.485135;4.4;Implement and manage a firewall on servers, where supported. Example implementations include a virtual firewall, operating system firewall, or a third-party firewall agent.;4. Secure Configuration of Enterprise Assets and Software;Protect;Devices;IG1 | IG2 | IG3;PASS;Security group cloudguardian-web-sg (sg-0fdba0a657788f1d7) does not have Kafka port 9092 open to the Internet.;arn:aws:ec2:ap-south-1:735291151388:security-group/sg-0fdba0a657788f1d7;sg-0fdba0a657788f1d7;ec2_securitygroup_allow_ingress_from_internet_to_tcp_port_kafka_9092;False;CIS-Controls;CIS Controls v8.1
aws;The CIS Critical Security Controls (CIS Controls) v8.1 are a prioritized set of Safeguards to mitigate the most prevalent cyber-attacks against systems and networks. They are organized into 18 top-level Controls and mapped to three Implementation Groups (IG1, IG2, IG3). This is a cross-provider mapping of Prowler checks to the CIS Controls Safeguards that can be assessed automatically against cloud and platform configurations.;735291151388;ap-south-1;2026-07-11 14:19:13.485135;4.4;Implement and manage a firewall on servers, where supported. Example implementations include a virtual firewall, operating system firewall, or a third-party firewall agent.;4. Secure Configuration of Enterprise Assets and Software;Protect;Devices;IG1 | IG2 | IG3;PASS;Security group cloudguardian-rds-sg (sg-0be0be5f1a7d28519) does not have Kafka port 9092 open to the Internet.;arn:aws:ec2:ap-south-1:735291151388:security-group/sg-0be0be5f1a7d28519;sg-0be0be5f1a7d28519;ec2_securitygroup_allow_ingress_from_internet_to_tcp_port_kafka_9092;False;CIS-Controls;CIS Controls v8.1
aws;The CIS Critical Security Controls (CIS Controls) v8.1 are a prioritized set of Safeguards to mitigate the most prevalent cyber-attacks against systems and networks. They are organized into 18 top-level Controls and mapped to three Implementation Groups (IG1, IG2, IG3). This is a cross-provider mapping of Prowler checks to the CIS Controls Safeguards that can be assessed automatically against cloud and platform configurations.;735291151388;ap-south-1;2026-07-11 14:19:13.485135;4.4;Implement and manage a firewall on servers, where supported. Example implementations include a virtual firewall, operating system firewall, or a third-party firewall agent.;4. Secure Configuration of Enterprise Assets and Software;Protect;Devices;IG1 | IG2 | IG3;PASS;Security group cloudguardian-web-sg (sg-0fdba0a657788f1d7) does not have Memcached port 11211 open to the Internet.;arn:aws:ec2:ap-south-1:735291151388:security-group/sg-0fdba0a657788f1d7;sg-0fdba0a657788f1d7;ec2_securitygroup_allow_ingress_from_internet_to_tcp_port_memcached_11211;False;CIS-Controls;CIS Controls v8.1
aws;The CIS Critical Security Controls (CIS Controls) v8.1 are a prioritized set of Safeguards to mitigate the most prevalent cyber-attacks against systems and networks. They are organized into 18 top-level Controls and mapped to three Implementation Groups (IG1, IG2, IG3). This is a cross-provider mapping of Prowler checks to the CIS Controls Safeguards that can be assessed automatically against cloud and platform configurations.;735291151388;ap-south-1;2026-07-11 14:19:13.485135;4.4;Implement and manage a firewall on servers, where supported. Example implementations include a virtual firewall, operating system firewall, or a third-party firewall agent.;4. Secure Configuration of Enterprise Assets and Software;Protect;Devices;IG1 | IG2 | IG3;PASS;Security group cloudguardian-rds-sg (sg-0be0be5f1a7d28519) does not have Memcached port 11211 open to the Internet.;arn:aws:ec2:ap-south-1:735291151388:security-group/sg-0be0be5f1a7d28519;sg-0be0be5f1a7d28519;ec2_securitygroup_allow_ingress_from_internet_to_tcp_port_memcached_11211;False;CIS-Controls;CIS Controls v8.1
aws;The CIS Critical Security Controls (CIS Controls) v8.1 are a prioritized set of Safeguards to mitigate the most prevalent cyber-attacks against systems and networks. They are organized into 18 top-level Controls and mapped to three Implementation Groups (IG1, IG2, IG3). This is a cross-provider mapping of Prowler checks to the CIS Controls Safeguards that can be assessed automatically against cloud and platform configurations.;735291151388;ap-south-1;2026-07-11 14:19:13.485135;4.4;Implement and manage a firewall on servers, where supported. Example implementations include a virtual firewall, operating system firewall, or a third-party firewall agent.;4. Secure Configuration of Enterprise Assets and Software;Protect;Devices;IG1 | IG2 | IG3;PASS;Security group cloudguardian-web-sg (sg-0fdba0a657788f1d7) does not have MongoDB ports 27017 and 27018 open to the Internet.;arn:aws:ec2:ap-south-1:735291151388:security-group/sg-0fdba0a657788f1d7;sg-0fdba0a657788f1d7;ec2_securitygroup_allow_ingress_from_internet_to_tcp_port_mongodb_27017_27018;False;CIS-Controls;CIS Controls v8.1
aws;The CIS Critical Security Controls (CIS Controls) v8.1 are a prioritized set of Safeguards to mitigate the most prevalent cyber-attacks against systems and networks. They are organized into 18 top-level Controls and mapped to three Implementation Groups (IG1, IG2, IG3). This is a cross-provider mapping of Prowler checks to the CIS Controls Safeguards that can be assessed automatically against cloud and platform configurations.;735291151388;ap-south-1;2026-07-11 14:19:13.485135;4.4;Implement and manage a firewall on servers, where supported. Example implementations include a virtual firewall, operating system firewall, or a third-party firewall agent.;4. Secure Configuration of Enterprise Assets and Software;Protect;Devices;IG1 | IG2 | IG3;PASS;Security group cloudguardian-rds-sg (sg-0be0be5f1a7d28519) does not have MongoDB ports 27017 and 27018 open to the Internet.;arn:aws:ec2:ap-south-1:735291151388:security-group/sg-0be0be5f1a7d28519;sg-0be0be5f1a7d28519;ec2_securitygroup_allow_ingress_from_internet_to_tcp_port_mongodb_27017_27018;False;CIS-Controls;CIS Controls v8.1
aws;The CIS Critical Security Controls (CIS Controls) v8.1 are a prioritized set of Safeguards to mitigate the most prevalent cyber-attacks against systems and networks. They are organized into 18 top-level Controls and mapped to three Implementation Groups (IG1, IG2, IG3). This is a cross-provider mapping of Prowler checks to the CIS Controls Safeguards that can be assessed automatically against cloud and platform configurations.;735291151388;ap-south-1;2026-07-11 14:19:13.485135;4.4;Implement and manage a firewall on servers, where supported. Example implementations include a virtual firewall, operating system firewall, or a third-party firewall agent.;4. Secure Configuration of Enterprise Assets and Software;Protect;Devices;IG1 | IG2 | IG3;PASS;Security group cloudguardian-web-sg (sg-0fdba0a657788f1d7) does not have MySQL port 3306 open to the Internet.;arn:aws:ec2:ap-south-1:735291151388:security-group/sg-0fdba0a657788f1d7;sg-0fdba0a657788f1d7;ec2_securitygroup_allow_ingress_from_internet_to_tcp_port_mysql_3306;False;CIS-Controls;CIS Controls v8.1
aws;The CIS Critical Security Controls (CIS Controls) v8.1 are a prioritized set of Safeguards to mitigate the most prevalent cyber-attacks against systems and networks. They are organized into 18 top-level Controls and mapped to three Implementation Groups (IG1, IG2, IG3). This is a cross-provider mapping of Prowler checks to the CIS Controls Safeguards that can be assessed automatically against cloud and platform configurations.;735291151388;ap-south-1;2026-07-11 14:19:13.485135;4.4;Implement and manage a firewall on servers, where supported. Example implementations include a virtual firewall, operating system firewall, or a third-party firewall agent.;4. Secure Configuration of Enterprise Assets and Software;Protect;Devices;IG1 | IG2 | IG3;FAIL;Security group cloudguardian-rds-sg (sg-0be0be5f1a7d28519) has MySQL port 3306 open to the Internet.;arn:aws:ec2:ap-south-1:735291151388:security-group/sg-0be0be5f1a7d28519;sg-0be0be5f1a7d28519;ec2_securitygroup_allow_ingress_from_internet_to_tcp_port_mysql_3306;False;CIS-Controls;CIS Controls v8.1
aws;The CIS Critical Security Controls (CIS Controls) v8.1 are a prioritized set of Safeguards to mitigate the most prevalent cyber-attacks against systems and networks. They are organized into 18 top-level Controls and mapped to three Implementation Groups (IG1, IG2, IG3). This is a cross-provider mapping of Prowler checks to the CIS Controls Safeguards that can be assessed automatically against cloud and platform configurations.;735291151388;ap-south-1;2026-07-11 14:19:13.485135;4.4;Implement and manage a firewall on servers, where supported. Example implementations include a virtual firewall, operating system firewall, or a third-party firewall agent.;4. Secure Configuration of Enterprise Assets and Software;Protect;Devices;IG1 | IG2 | IG3;PASS;Security group cloudguardian-web-sg (sg-0fdba0a657788f1d7) does not have Oracle ports 1521 and 2483 open to the Internet.;arn:aws:ec2:ap-south-1:735291151388:security-group/sg-0fdba0a657788f1d7;sg-0fdba0a657788f1d7;ec2_securitygroup_allow_ingress_from_internet_to_tcp_port_oracle_1521_2483;False;CIS-Controls;CIS Controls v8.1
aws;The CIS Critical Security Controls (CIS Controls) v8.1 are a prioritized set of Safeguards to mitigate the most prevalent cyber-attacks against systems and networks. They are organized into 18 top-level Controls and mapped to three Implementation Groups (IG1, IG2, IG3). This is a cross-provider mapping of Prowler checks to the CIS Controls Safeguards that can be assessed automatically against cloud and platform configurations.;735291151388;ap-south-1;2026-07-11 14:19:13.485135;4.4;Implement and manage a firewall on servers, where supported. Example implementations include a virtual firewall, operating system firewall, or a third-party firewall agent.;4. Secure Configuration of Enterprise Assets and Software;Protect;Devices;IG1 | IG2 | IG3;PASS;Security group cloudguardian-rds-sg (sg-0be0be5f1a7d28519) does not have Oracle ports 1521 and 2483 open to the Internet.;arn:aws:ec2:ap-south-1:735291151388:security-group/sg-0be0be5f1a7d28519;sg-0be0be5f1a7d28519;ec2_securitygroup_allow_ingress_from_internet_to_tcp_port_oracle_1521_2483;False;CIS-Controls;CIS Controls v8.1
aws;The CIS Critical Security Controls (CIS Controls) v8.1 are a prioritized set of Safeguards to mitigate the most prevalent cyber-attacks against systems and networks. They are organized into 18 top-level Controls and mapped to three Implementation Groups (IG1, IG2, IG3). This is a cross-provider mapping of Prowler checks to the CIS Controls Safeguards that can be assessed automatically against cloud and platform configurations.;735291151388;ap-south-1;2026-07-11 14:19:13.485135;4.4;Implement and manage a firewall on servers, where supported. Example implementations include a virtual firewall, operating system firewall, or a third-party firewall agent.;4. Secure Configuration of Enterprise Assets and Software;Protect;Devices;IG1 | IG2 | IG3;PASS;Security group cloudguardian-web-sg (sg-0fdba0a657788f1d7) does not have Postgres port 5432 open to the Internet.;arn:aws:ec2:ap-south-1:735291151388:security-group/sg-0fdba0a657788f1d7;sg-0fdba0a657788f1d7;ec2_securitygroup_allow_ingress_from_internet_to_tcp_port_postgres_5432;False;CIS-Controls;CIS Controls v8.1
aws;The CIS Critical Security Controls (CIS Controls) v8.1 are a prioritized set of Safeguards to mitigate the most prevalent cyber-attacks against systems and networks. They are organized into 18 top-level Controls and mapped to three Implementation Groups (IG1, IG2, IG3). This is a cross-provider mapping of Prowler checks to the CIS Controls Safeguards that can be assessed automatically against cloud and platform configurations.;735291151388;ap-south-1;2026-07-11 14:19:13.485135;4.4;Implement and manage a firewall on servers, where supported. Example implementations include a virtual firewall, operating system firewall, or a third-party firewall agent.;4. Secure Configuration of Enterprise Assets and Software;Protect;Devices;IG1 | IG2 | IG3;PASS;Security group cloudguardian-rds-sg (sg-0be0be5f1a7d28519) does not have Postgres port 5432 open to the Internet.;arn:aws:ec2:ap-south-1:735291151388:security-group/sg-0be0be5f1a7d28519;sg-0be0be5f1a7d28519;ec2_securitygroup_allow_ingress_from_internet_to_tcp_port_postgres_5432;False;CIS-Controls;CIS Controls v8.1
aws;The CIS Critical Security Controls (CIS Controls) v8.1 are a prioritized set of Safeguards to mitigate the most prevalent cyber-attacks against systems and networks. They are organized into 18 top-level Controls and mapped to three Implementation Groups (IG1, IG2, IG3). This is a cross-provider mapping of Prowler checks to the CIS Controls Safeguards that can be assessed automatically against cloud and platform configurations.;735291151388;ap-south-1;2026-07-11 14:19:13.485135;4.4;Implement and manage a firewall on servers, where supported. Example implementations include a virtual firewall, operating system firewall, or a third-party firewall agent.;4. Secure Configuration of Enterprise Assets and Software;Protect;Devices;IG1 | IG2 | IG3;PASS;Security group cloudguardian-web-sg (sg-0fdba0a657788f1d7) does not have Redis port 6379 open to the Internet.;arn:aws:ec2:ap-south-1:735291151388:security-group/sg-0fdba0a657788f1d7;sg-0fdba0a657788f1d7;ec2_securitygroup_allow_ingress_from_internet_to_tcp_port_redis_6379;False;CIS-Controls;CIS Controls v8.1
aws;The CIS Critical Security Controls (CIS Controls) v8.1 are a prioritized set of Safeguards to mitigate the most prevalent cyber-attacks against systems and networks. They are organized into 18 top-level Controls and mapped to three Implementation Groups (IG1, IG2, IG3). This is a cross-provider mapping of Prowler checks to the CIS Controls Safeguards that can be assessed automatically against cloud and platform configurations.;735291151388;ap-south-1;2026-07-11 14:19:13.485135;4.4;Implement and manage a firewall on servers, where supported. Example implementations include a virtual firewall, operating system firewall, or a third-party firewall agent.;4. Secure Configuration of Enterprise Assets and Software;Protect;Devices;IG1 | IG2 | IG3;PASS;Security group cloudguardian-rds-sg (sg-0be0be5f1a7d28519) does not have Redis port 6379 open to the Internet.;arn:aws:ec2:ap-south-1:735291151388:security-group/sg-0be0be5f1a7d28519;sg-0be0be5f1a7d28519;ec2_securitygroup_allow_ingress_from_internet_to_tcp_port_redis_6379;False;CIS-Controls;CIS Controls v8.1
aws;The CIS Critical Security Controls (CIS Controls) v8.1 are a prioritized set of Safeguards to mitigate the most prevalent cyber-attacks against systems and networks. They are organized into 18 top-level Controls and mapped to three Implementation Groups (IG1, IG2, IG3). This is a cross-provider mapping of Prowler checks to the CIS Controls Safeguards that can be assessed automatically against cloud and platform configurations.;735291151388;ap-south-1;2026-07-11 14:19:13.485135;4.4;Implement and manage a firewall on servers, where supported. Example implementations include a virtual firewall, operating system firewall, or a third-party firewall agent.;4. Secure Configuration of Enterprise Assets and Software;Protect;Devices;IG1 | IG2 | IG3;PASS;Security group cloudguardian-web-sg (sg-0fdba0a657788f1d7) does not have Microsoft SQL Server ports 1433 and 1434 open to the Internet.;arn:aws:ec2:ap-south-1:735291151388:security-group/sg-0fdba0a657788f1d7;sg-0fdba0a657788f1d7;ec2_securitygroup_allow_ingress_from_internet_to_tcp_port_sql_server_1433_1434;False;CIS-Controls;CIS Controls v8.1
aws;The CIS Critical Security Controls (CIS Controls) v8.1 are a prioritized set of Safeguards to mitigate the most prevalent cyber-attacks against systems and networks. They are organized into 18 top-level Controls and mapped to three Implementation Groups (IG1, IG2, IG3). This is a cross-provider mapping of Prowler checks to the CIS Controls Safeguards that can be assessed automatically against cloud and platform configurations.;735291151388;ap-south-1;2026-07-11 14:19:13.485135;4.4;Implement and manage a firewall on servers, where supported. Example implementations include a virtual firewall, operating system firewall, or a third-party firewall agent.;4. Secure Configuration of Enterprise Assets and Software;Protect;Devices;IG1 | IG2 | IG3;PASS;Security group cloudguardian-rds-sg (sg-0be0be5f1a7d28519) does not have Microsoft SQL Server ports 1433 and 1434 open to the Internet.;arn:aws:ec2:ap-south-1:735291151388:security-group/sg-0be0be5f1a7d28519;sg-0be0be5f1a7d28519;ec2_securitygroup_allow_ingress_from_internet_to_tcp_port_sql_server_1433_1434;False;CIS-Controls;CIS Controls v8.1
aws;The CIS Critical Security Controls (CIS Controls) v8.1 are a prioritized set of Safeguards to mitigate the most prevalent cyber-attacks against systems and networks. They are organized into 18 top-level Controls and mapped to three Implementation Groups (IG1, IG2, IG3). This is a cross-provider mapping of Prowler checks to the CIS Controls Safeguards that can be assessed automatically against cloud and platform configurations.;735291151388;ap-south-1;2026-07-11 14:19:13.485135;4.4;Implement and manage a firewall on servers, where supported. Example implementations include a virtual firewall, operating system firewall, or a third-party firewall agent.;4. Secure Configuration of Enterprise Assets and Software;Protect;Devices;IG1 | IG2 | IG3;PASS;Security group cloudguardian-web-sg (sg-0fdba0a657788f1d7) does not have Telnet port 23 open to the Internet.;arn:aws:ec2:ap-south-1:735291151388:security-group/sg-0fdba0a657788f1d7;sg-0fdba0a657788f1d7;ec2_securitygroup_allow_ingress_from_internet_to_tcp_port_telnet_23;False;CIS-Controls;CIS Controls v8.1
aws;The CIS Critical Security Controls (CIS Controls) v8.1 are a prioritized set of Safeguards to mitigate the most prevalent cyber-attacks against systems and networks. They are organized into 18 top-level Controls and mapped to three Implementation Groups (IG1, IG2, IG3). This is a cross-provider mapping of Prowler checks to the CIS Controls Safeguards that can be assessed automatically against cloud and platform configurations.;735291151388;ap-south-1;2026-07-11 14:19:13.485135;4.4;Implement and manage a firewall on servers, where supported. Example implementations include a virtual firewall, operating system firewall, or a third-party firewall agent.;4. Secure Configuration of Enterprise Assets and Software;Protect;Devices;IG1 | IG2 | IG3;PASS;Security group cloudguardian-rds-sg (sg-0be0be5f1a7d28519) does not have Telnet port 23 open to the Internet.;arn:aws:ec2:ap-south-1:735291151388:security-group/sg-0be0be5f1a7d28519;sg-0be0be5f1a7d28519;ec2_securitygroup_allow_ingress_from_internet_to_tcp_port_telnet_23;False;CIS-Controls;CIS Controls v8.1
aws;The CIS Critical Security Controls (CIS Controls) v8.1 are a prioritized set of Safeguards to mitigate the most prevalent cyber-attacks against systems and networks. They are organized into 18 top-level Controls and mapped to three Implementation Groups (IG1, IG2, IG3). This is a cross-provider mapping of Prowler checks to the CIS Controls Safeguards that can be assessed automatically against cloud and platform configurations.;735291151388;ap-south-1;2026-07-11 14:19:13.485135;4.4;Implement and manage a firewall on servers, where supported. Example implementations include a virtual firewall, operating system firewall, or a third-party firewall agent.;4. Secure Configuration of Enterprise Assets and Software;Protect;Devices;IG1 | IG2 | IG3;PASS;Security group cloudguardian-web-sg (sg-0fdba0a657788f1d7) has no potential wide-open non-RFC1918 address.;arn:aws:ec2:ap-south-1:735291151388:security-group/sg-0fdba0a657788f1d7;sg-0fdba0a657788f1d7;ec2_securitygroup_allow_wide_open_public_ipv4;False;CIS-Controls;CIS Controls v8.1
aws;The CIS Critical Security Controls (CIS Controls) v8.1 are a prioritized set of Safeguards to mitigate the most prevalent cyber-attacks against systems and networks. They are organized into 18 top-level Controls and mapped to three Implementation Groups (IG1, IG2, IG3). This is a cross-provider mapping of Prowler checks to the CIS Controls Safeguards that can be assessed automatically against cloud and platform configurations.;735291151388;ap-south-1;2026-07-11 14:19:13.485135;4.4;Implement and manage a firewall on servers, where supported. Example implementations include a virtual firewall, operating system firewall, or a third-party firewall agent.;4. Secure Configuration of Enterprise Assets and Software;Protect;Devices;IG1 | IG2 | IG3;PASS;Security group cloudguardian-rds-sg (sg-0be0be5f1a7d28519) has no potential wide-open non-RFC1918 address.;arn:aws:ec2:ap-south-1:735291151388:security-group/sg-0be0be5f1a7d28519;sg-0be0be5f1a7d28519;ec2_securitygroup_allow_wide_open_public_ipv4;False;CIS-Controls;CIS Controls v8.1
aws;The CIS Critical Security Controls (CIS Controls) v8.1 are a prioritized set of Safeguards to mitigate the most prevalent cyber-attacks against systems and networks. They are organized into 18 top-level Controls and mapped to three Implementation Groups (IG1, IG2, IG3). This is a cross-provider mapping of Prowler checks to the CIS Controls Safeguards that can be assessed automatically against cloud and platform configurations.;735291151388;ap-south-1;2026-07-11 14:19:13.485135;4.4;Implement and manage a firewall on servers, where supported. Example implementations include a virtual firewall, operating system firewall, or a third-party firewall agent.;4. Secure Configuration of Enterprise Assets and Software;Protect;Devices;IG1 | IG2 | IG3;PASS;Security group cloudguardian-web-sg (sg-0fdba0a657788f1d7) has 3 inbound rules and 1 outbound rules.;arn:aws:ec2:ap-south-1:735291151388:security-group/sg-0fdba0a657788f1d7;sg-0fdba0a657788f1d7;ec2_securitygroup_with_many_ingress_egress_rules;False;CIS-Controls;CIS Controls v8.1
aws;The CIS Critical Security Controls (CIS Controls) v8.1 are a prioritized set of Safeguards to mitigate the most prevalent cyber-attacks against systems and networks. They are organized into 18 top-level Controls and mapped to three Implementation Groups (IG1, IG2, IG3). This is a cross-provider mapping of Prowler checks to the CIS Controls Safeguards that can be assessed automatically against cloud and platform configurations.;735291151388;ap-south-1;2026-07-11 14:19:13.485135;4.4;Implement and manage a firewall on servers, where supported. Example implementations include a virtual firewall, operating system firewall, or a third-party firewall agent.;4. Secure Configuration of Enterprise Assets and Software;Protect;Devices;IG1 | IG2 | IG3;PASS;Security group default (sg-01da1c49051ece125) has 1 inbound rules and 1 outbound rules.;arn:aws:ec2:ap-south-1:735291151388:security-group/sg-01da1c49051ece125;sg-01da1c49051ece125;ec2_securitygroup_with_many_ingress_egress_rules;False;CIS-Controls;CIS Controls v8.1
aws;The CIS Critical Security Controls (CIS Controls) v8.1 are a prioritized set of Safeguards to mitigate the most prevalent cyber-attacks against systems and networks. They are organized into 18 top-level Controls and mapped to three Implementation Groups (IG1, IG2, IG3). This is a cross-provider mapping of Prowler checks to the CIS Controls Safeguards that can be assessed automatically against cloud and platform configurations.;735291151388;ap-south-1;2026-07-11 14:19:13.485135;4.4;Implement and manage a firewall on servers, where supported. Example implementations include a virtual firewall, operating system firewall, or a third-party firewall agent.;4. Secure Configuration of Enterprise Assets and Software;Protect;Devices;IG1 | IG2 | IG3;PASS;Security group default (sg-0d804f6e736cdd9da) has 1 inbound rules and 1 outbound rules.;arn:aws:ec2:ap-south-1:735291151388:security-group/sg-0d804f6e736cdd9da;sg-0d804f6e736cdd9da;ec2_securitygroup_with_many_ingress_egress_rules;False;CIS-Controls;CIS Controls v8.1
aws;The CIS Critical Security Controls (CIS Controls) v8.1 are a prioritized set of Safeguards to mitigate the most prevalent cyber-attacks against systems and networks. They are organized into 18 top-level Controls and mapped to three Implementation Groups (IG1, IG2, IG3). This is a cross-provider mapping of Prowler checks to the CIS Controls Safeguards that can be assessed automatically against cloud and platform configurations.;735291151388;ap-south-1;2026-07-11 14:19:13.485135;4.4;Implement and manage a firewall on servers, where supported. Example implementations include a virtual firewall, operating system firewall, or a third-party firewall agent.;4. Secure Configuration of Enterprise Assets and Software;Protect;Devices;IG1 | IG2 | IG3;PASS;Security group cloudguardian-rds-sg (sg-0be0be5f1a7d28519) has 1 inbound rules and 1 outbound rules.;arn:aws:ec2:ap-south-1:735291151388:security-group/sg-0be0be5f1a7d28519;sg-0be0be5f1a7d28519;ec2_securitygroup_with_many_ingress_egress_rules;False;CIS-Controls;CIS Controls v8.1
aws;The CIS Critical Security Controls (CIS Controls) v8.1 are a prioritized set of Safeguards to mitigate the most prevalent cyber-attacks against systems and networks. They are organized into 18 top-level Controls and mapped to three Implementation Groups (IG1, IG2, IG3). This is a cross-provider mapping of Prowler checks to the CIS Controls Safeguards that can be assessed automatically against cloud and platform configurations.;735291151388;ap-south-1;2026-07-11 14:19:13.485135;4.4;Implement and manage a firewall on servers, where supported. Example implementations include a virtual firewall, operating system firewall, or a third-party firewall agent.;4. Secure Configuration of Enterprise Assets and Software;Protect;Devices;IG1 | IG2 | IG3;PASS;Security group launch-wizard-1 (sg-0aaba2fb7e64252aa) has 2 inbound rules and 1 outbound rules.;arn:aws:ec2:ap-south-1:735291151388:security-group/sg-0aaba2fb7e64252aa;sg-0aaba2fb7e64252aa;ec2_securitygroup_with_many_ingress_egress_rules;False;CIS-Controls;CIS Controls v8.1
aws;The CIS Critical Security Controls (CIS Controls) v8.1 are a prioritized set of Safeguards to mitigate the most prevalent cyber-attacks against systems and networks. They are organized into 18 top-level Controls and mapped to three Implementation Groups (IG1, IG2, IG3). This is a cross-provider mapping of Prowler checks to the CIS Controls Safeguards that can be assessed automatically against cloud and platform configurations.;735291151388;ap-south-1;2026-07-11 14:19:13.485135;3.3;Configure data access control lists based on a user's need to know. Apply data access control lists, also known as access permissions, to local and remote file systems, databases, and applications.;3. Data Protection;Protect;Data;IG1 | IG2 | IG3;PASS;EventBridge event bus default does not allow cross-account access.;arn:aws:events:ap-south-1:735291151388:event-bus/default;default;eventbridge_bus_cross_account_access;False;CIS-Controls;CIS Controls v8.1
aws;The CIS Critical Security Controls (CIS Controls) v8.1 are a prioritized set of Safeguards to mitigate the most prevalent cyber-attacks against systems and networks. They are organized into 18 top-level Controls and mapped to three Implementation Groups (IG1, IG2, IG3). This is a cross-provider mapping of Prowler checks to the CIS Controls Safeguards that can be assessed automatically against cloud and platform configurations.;735291151388;ap-south-1;2026-07-11 14:19:13.485135;3.3;Configure data access control lists based on a user's need to know. Apply data access control lists, also known as access permissions, to local and remote file systems, databases, and applications.;3. Data Protection;Protect;Data;IG1 | IG2 | IG3;PASS;EventBridge event bus default is not exposed to everyone.;arn:aws:events:ap-south-1:735291151388:event-bus/default;default;eventbridge_bus_exposed;False;CIS-Controls;CIS Controls v8.1
aws;The CIS Critical Security Controls (CIS Controls) v8.1 are a prioritized set of Safeguards to mitigate the most prevalent cyber-attacks against systems and networks. They are organized into 18 top-level Controls and mapped to three Implementation Groups (IG1, IG2, IG3). This is a cross-provider mapping of Prowler checks to the CIS Controls Safeguards that can be assessed automatically against cloud and platform configurations.;735291151388;ap-south-1;2026-07-11 14:19:13.485135;6.5;Require MFA for all administrative access accounts, where supported, on all enterprise assets, whether managed on-site or through a service provider.;6. Access Control Management;Protect;Users;IG1 | IG2 | IG3;FAIL;Group admin provides administrator access to User Alex with MFA disabled.;arn:aws:iam::735291151388:group/admin;admin;iam_administrator_access_with_mfa;False;CIS-Controls;CIS Controls v8.1
aws;The CIS Critical Security Controls (CIS Controls) v8.1 are a prioritized set of Safeguards to mitigate the most prevalent cyber-attacks against systems and networks. They are organized into 18 top-level Controls and mapped to three Implementation Groups (IG1, IG2, IG3). This is a cross-provider mapping of Prowler checks to the CIS Controls Safeguards that can be assessed automatically against cloud and platform configurations.;735291151388;ap-south-1;2026-07-11 14:19:13.485135;4.7;Manage default accounts on enterprise assets and software, such as root, administrator, and other pre-configured vendor accounts. Example implementations can include: disabling default accounts or making them unusable.;4. Secure Configuration of Enterprise Assets and Software;Protect;Users;IG1 | IG2 | IG3;FAIL;Root user in the account was last accessed 1 days ago.;arn:aws:iam::735291151388:root;<root_account>;iam_avoid_root_usage;False;CIS-Controls;CIS Controls v8.1
aws;The CIS Critical Security Controls (CIS Controls) v8.1 are a prioritized set of Safeguards to mitigate the most prevalent cyber-attacks against systems and networks. They are organized into 18 top-level Controls and mapped to three Implementation Groups (IG1, IG2, IG3). This is a cross-provider mapping of Prowler checks to the CIS Controls Safeguards that can be assessed automatically against cloud and platform configurations.;735291151388;ap-south-1;2026-07-11 14:19:13.485135;5.4;Restrict administrator privileges to dedicated administrator accounts on enterprise assets. Conduct general computing activities, such as internet browsing, email, and productivity suite use, from the user's primary, non-privileged account.;5. Account Management;Protect;Users;IG1 | IG2 | IG3;PASS;AWS policy AmazonRDSServiceRolePolicy is attached but does not allow '*:*' administrative privileges.;arn:aws:iam::aws:policy/aws-service-role/AmazonRDSServiceRolePolicy;AmazonRDSServiceRolePolicy;iam_aws_attached_policy_no_administrative_privileges;False;CIS-Controls;CIS Controls v8.1
aws;The CIS Critical Security Controls (CIS Controls) v8.1 are a prioritized set of Safeguards to mitigate the most prevalent cyber-attacks against systems and networks. They are organized into 18 top-level Controls and mapped to three Implementation Groups (IG1, IG2, IG3). This is a cross-provider mapping of Prowler checks to the CIS Controls Safeguards that can be assessed automatically against cloud and platform configurations.;735291151388;ap-south-1;2026-07-11 14:19:13.485135;5.4;Restrict administrator privileges to dedicated administrator accounts on enterprise assets. Conduct general computing activities, such as internet browsing, email, and productivity suite use, from the user's primary, non-privileged account.;5. Account Management;Protect;Users;IG1 | IG2 | IG3;PASS;AWS policy AWSTrustedAdvisorServiceRolePolicy is attached but does not allow '*:*' administrative privileges.;arn:aws:iam::aws:policy/aws-service-role/AWSTrustedAdvisorServiceRolePolicy;AWSTrustedAdvisorServiceRolePolicy;iam_aws_attached_policy_no_administrative_privileges;False;CIS-Controls;CIS Controls v8.1
aws;The CIS Critical Security Controls (CIS Controls) v8.1 are a prioritized set of Safeguards to mitigate the most prevalent cyber-attacks against systems and networks. They are organized into 18 top-level Controls and mapped to three Implementation Groups (IG1, IG2, IG3). This is a cross-provider mapping of Prowler checks to the CIS Controls Safeguards that can be assessed automatically against cloud and platform configurations.;735291151388;ap-south-1;2026-07-11 14:19:13.485135;5.4;Restrict administrator privileges to dedicated administrator accounts on enterprise assets. Conduct general computing activities, such as internet browsing, email, and productivity suite use, from the user's primary, non-privileged account.;5. Account Management;Protect;Users;IG1 | IG2 | IG3;FAIL;AWS policy AdministratorAccess is attached and allows '*:*' administrative privileges.;arn:aws:iam::aws:policy/AdministratorAccess;AdministratorAccess;iam_aws_attached_policy_no_administrative_privileges;False;CIS-Controls;CIS Controls v8.1
aws;The CIS Critical Security Controls (CIS Controls) v8.1 are a prioritized set of Safeguards to mitigate the most prevalent cyber-attacks against systems and networks. They are organized into 18 top-level Controls and mapped to three Implementation Groups (IG1, IG2, IG3). This is a cross-provider mapping of Prowler checks to the CIS Controls Safeguards that can be assessed automatically against cloud and platform configurations.;735291151388;ap-south-1;2026-07-11 14:19:13.485135;5.4;Restrict administrator privileges to dedicated administrator accounts on enterprise assets. Conduct general computing activities, such as internet browsing, email, and productivity suite use, from the user's primary, non-privileged account.;5. Account Management;Protect;Users;IG1 | IG2 | IG3;PASS;AWS policy AWSSupportServiceRolePolicy is attached but does not allow '*:*' administrative privileges.;arn:aws:iam::aws:policy/aws-service-role/AWSSupportServiceRolePolicy;AWSSupportServiceRolePolicy;iam_aws_attached_policy_no_administrative_privileges;False;CIS-Controls;CIS Controls v8.1
aws;The CIS Critical Security Controls (CIS Controls) v8.1 are a prioritized set of Safeguards to mitigate the most prevalent cyber-attacks against systems and networks. They are organized into 18 top-level Controls and mapped to three Implementation Groups (IG1, IG2, IG3). This is a cross-provider mapping of Prowler checks to the CIS Controls Safeguards that can be assessed automatically against cloud and platform configurations.;735291151388;ap-south-1;2026-07-11 14:19:13.485135;5.4;Restrict administrator privileges to dedicated administrator accounts on enterprise assets. Conduct general computing activities, such as internet browsing, email, and productivity suite use, from the user's primary, non-privileged account.;5. Account Management;Protect;Users;IG1 | IG2 | IG3;PASS;AWS policy AWSResourceExplorerServiceRolePolicy is attached but does not allow '*:*' administrative privileges.;arn:aws:iam::aws:policy/aws-service-role/AWSResourceExplorerServiceRolePolicy;AWSResourceExplorerServiceRolePolicy;iam_aws_attached_policy_no_administrative_privileges;False;CIS-Controls;CIS Controls v8.1
aws;The CIS Critical Security Controls (CIS Controls) v8.1 are a prioritized set of Safeguards to mitigate the most prevalent cyber-attacks against systems and networks. They are organized into 18 top-level Controls and mapped to three Implementation Groups (IG1, IG2, IG3). This is a cross-provider mapping of Prowler checks to the CIS Controls Safeguards that can be assessed automatically against cloud and platform configurations.;735291151388;ap-south-1;2026-07-11 14:19:13.485135;5.6;Centralize account management through a directory or identity service.;5. Account Management;Govern;Users;IG2 | IG3;FAIL;No SAML Providers found.;arn:aws:iam::735291151388:root;735291151388;iam_check_saml_providers_sts;False;CIS-Controls;CIS Controls v8.1
aws;The CIS Critical Security Controls (CIS Controls) v8.1 are a prioritized set of Safeguards to mitigate the most prevalent cyber-attacks against systems and networks. They are organized into 18 top-level Controls and mapped to three Implementation Groups (IG1, IG2, IG3). This is a cross-provider mapping of Prowler checks to the CIS Controls Safeguards that can be assessed automatically against cloud and platform configurations.;735291151388;ap-south-1;2026-07-11 14:19:13.485135;6.7;Centralize access control for all enterprise assets through a directory service or SSO provider, where supported.;6. Access Control Management;Protect;Users;IG2 | IG3;FAIL;No SAML Providers found.;arn:aws:iam::735291151388:root;735291151388;iam_check_saml_providers_sts;False;CIS-Controls;CIS Controls v8.1
aws;The CIS Critical Security Controls (CIS Controls) v8.1 are a prioritized set of Safeguards to mitigate the most prevalent cyber-attacks against systems and networks. They are organized into 18 top-level Controls and mapped to three Implementation Groups (IG1, IG2, IG3). This is a cross-provider mapping of Prowler checks to the CIS Controls Safeguards that can be assessed automatically against cloud and platform configurations.;735291151388;ap-south-1;2026-07-11 14:19:13.485135;5.4;Restrict administrator privileges to dedicated administrator accounts on enterprise assets. Conduct general computing activities, such as internet browsing, email, and productivity suite use, from the user's primary, non-privileged account.;5. Account Management;Protect;Users;IG1 | IG2 | IG3;FAIL;IAM Group admin has AdministratorAccess policy attached.;arn:aws:iam::735291151388:group/admin;admin;iam_group_administrator_access_policy;False;CIS-Controls;CIS Controls v8.1
aws;The CIS Critical Security Controls (CIS Controls) v8.1 are a prioritized set of Safeguards to mitigate the most prevalent cyber-attacks against systems and networks. They are organized into 18 top-level Controls and mapped to three Implementation Groups (IG1, IG2, IG3). This is a cross-provider mapping of Prowler checks to the CIS Controls Safeguards that can be assessed automatically against cloud and platform configurations.;735291151388;ap-south-1;2026-07-11 14:19:13.485135;6.8;Define and maintain role-based access control, through determining and documenting the access rights necessary for each role within the enterprise to successfully carry out its assigned duties. Perform access control reviews of enterprise assets to validate that all privileges are authorized, on a recurring schedule at a minimum annually, or more frequently.;6. Access Control Management;Govern;Users;IG3;FAIL;Inline policy cloudguardian-s3-read-only attached to role cloudguardian-web-role allows privilege escalation using the following actions: 'apprunner:CreateService', 'apprunner:UpdateService', 'autoscaling:CreateAutoScalingGroup', 'autoscaling:CreateLaunchConfiguration', 'autoscaling:UpdateAutoScalingGroup', 'bedrock-agentcore:ConnectBrowserAutomationStream', 'bedrock-agentcore:CreateAgentRuntime', 'bedrock-agentcore:CreateAgentRuntimeEndpoint', 'bedrock-agentcore:CreateBrowser', 'bedrock-agentcore:CreateCodeInterpreter', 'bedrock-agentcore:CreateHarness', 'bedrock-agentcore:CreateWorkloadIdentity', 'bedrock-agentcore:GetAgentRuntime', 'bedrock-agentcore:InvokeAgentRuntimeCommand', 'bedrock-agentcore:InvokeCodeInterpreter', 'bedrock-agentcore:StartBrowserSession', 'bedrock-agentcore:StartCodeInterpreterSession', 'cloudformation:CreateChangeSet', 'cloudformation:CreateStack', 'cloudformation:CreateStackInstances', 'cloudformation:CreateStackSet', 'cloudformation:ExecuteChangeSet', 'cloudformation:UpdateStack', 'cloudformation:UpdateStackSet', 'codebuild:CreateProject', 'codebuild:StartBuild', 'codebuild:StartBuildBatch', 'codestar:CreateProject', 'datapipeline:ActivatePipeline', 'datapipeline:CreatePipeline', 'datapipeline:PutPipelineDefinition', 'dynamodb:CreateTable', 'dynamodb:PutItem', 'ec2-instance-connect:SendSSHPublicKey', 'ec2:CreateLaunchTemplateVersion', 'ec2:DescribeInstances', 'ec2:ModifyInstanceAttribute', 'ec2:ModifyLaunchTemplate', 'ec2:RequestSpotInstances', 'ec2:RunInstances', 'ec2:StartInstances', 'ec2:StopInstances', 'ecs:CreateService', 'ecs:DeregisterContainerInstance', 'ecs:DescribeTasks', 'ecs:ExecuteCommand', 'ecs:RegisterContainerInstance', 'ecs:RegisterTaskDefinition', 'ecs:RunTask', 'ecs:StartTask', 'glue:CreateDevEndpoint', 'glue:CreateJob', 'glue:CreateTrigger', 'glue:StartJobRun', 'glue:UpdateDevEndpoint', 'glue:UpdateJob', 'iam:*', 'iam:AddUserToGroup', 'iam:AttachGroupPolicy', 'iam:AttachRolePolicy', 'iam:AttachUserPolicy', 'iam:CreateAccessKey', 'iam:CreateLoginProfile', 'iam:CreatePolicyVersion', 'iam:DeleteAccessKey', 'iam:PassRole', 'iam:Put*', 'iam:PutGroupPolicy', 'iam:PutRolePolicy', 'iam:PutUserPolicy', 'iam:SetDefaultPolicyVersion', 'iam:UpdateAssumeRolePolicy', 'iam:UpdateLoginProfile', 'lambda:AddPermission', 'lambda:CreateEventSourceMapping', 'lambda:CreateFunction', 'lambda:InvokeFunction', 'lambda:UpdateFunctionCode', 'lambda:UpdateFunctionConfiguration', 'sagemaker:CreateNotebookInstance', 'sagemaker:CreateNotebookInstanceLifecycleConfig', 'sagemaker:CreatePresignedNotebookInstanceUrl', 'sagemaker:CreateProcessingJob', 'sagemaker:CreateTrainingJob', 'sagemaker:StartNotebookInstance', 'sagemaker:StopNotebookInstance', 'sagemaker:UpdateNotebookInstance', 'ssm:SendCommand', 'ssm:StartSession', 'sts:AssumeRole'.;arn:aws:iam::735291151388:role/cloudguardian-web-role;cloudguardian-web-role/cloudguardian-s3-read-only;iam_inline_policy_allows_privilege_escalation;False;CIS-Controls;CIS Controls v8.1
aws;The CIS Critical Security Controls (CIS Controls) v8.1 are a prioritized set of Safeguards to mitigate the most prevalent cyber-attacks against systems and networks. They are organized into 18 top-level Controls and mapped to three Implementation Groups (IG1, IG2, IG3). This is a cross-provider mapping of Prowler checks to the CIS Controls Safeguards that can be assessed automatically against cloud and platform configurations.;735291151388;ap-south-1;2026-07-11 14:19:13.485135;5.4;Restrict administrator privileges to dedicated administrator accounts on enterprise assets. Conduct general computing activities, such as internet browsing, email, and productivity suite use, from the user's primary, non-privileged account.;5. Account Management;Protect;Users;IG1 | IG2 | IG3;FAIL;Inline policy cloudguardian-s3-read-only attached to role cloudguardian-web-role allows '*:*' administrative privileges.;arn:aws:iam::735291151388:role/cloudguardian-web-role;cloudguardian-web-role/cloudguardian-s3-read-only;iam_inline_policy_no_administrative_privileges;False;CIS-Controls;CIS Controls v8.1
aws;The CIS Critical Security Controls (CIS Controls) v8.1 are a prioritized set of Safeguards to mitigate the most prevalent cyber-attacks against systems and networks. They are organized into 18 top-level Controls and mapped to three Implementation Groups (IG1, IG2, IG3). This is a cross-provider mapping of Prowler checks to the CIS Controls Safeguards that can be assessed automatically against cloud and platform configurations.;735291151388;ap-south-1;2026-07-11 14:19:13.485135;6.8;Define and maintain role-based access control, through determining and documenting the access rights necessary for each role within the enterprise to successfully carry out its assigned duties. Perform access control reviews of enterprise assets to validate that all privileges are authorized, on a recurring schedule at a minimum annually, or more frequently.;6. Access Control Management;Govern;Users;IG3;FAIL;Inline policy cloudguardian-s3-read-only attached to role cloudguardian-web-role allows 'cloudtrail:*' privileges to all resources.;arn:aws:iam::735291151388:role/cloudguardian-web-role;cloudguardian-web-role/cloudguardian-s3-read-only;iam_inline_policy_no_full_access_to_cloudtrail;False;CIS-Controls;CIS Controls v8.1
aws;The CIS Critical Security Controls (CIS Controls) v8.1 are a prioritized set of Safeguards to mitigate the most prevalent cyber-attacks against systems and networks. They are organized into 18 top-level Controls and mapped to three Implementation Groups (IG1, IG2, IG3). This is a cross-provider mapping of Prowler checks to the CIS Controls Safeguards that can be assessed automatically against cloud and platform configurations.;735291151388;ap-south-1;2026-07-11 14:19:13.485135;6.8;Define and maintain role-based access control, through determining and documenting the access rights necessary for each role within the enterprise to successfully carry out its assigned duties. Perform access control reviews of enterprise assets to validate that all privileges are authorized, on a recurring schedule at a minimum annually, or more frequently.;6. Access Control Management;Govern;Users;IG3;FAIL;Inline policy cloudguardian-s3-read-only attached to role cloudguardian-web-role allows 'kms:*' privileges.;arn:aws:iam::735291151388:role/cloudguardian-web-role;cloudguardian-web-role/cloudguardian-s3-read-only;iam_inline_policy_no_full_access_to_kms;False;CIS-Controls;CIS Controls v8.1
aws;The CIS Critical Security Controls (CIS Controls) v8.1 are a prioritized set of Safeguards to mitigate the most prevalent cyber-attacks against systems and networks. They are organized into 18 top-level Controls and mapped to three Implementation Groups (IG1, IG2, IG3). This is a cross-provider mapping of Prowler checks to the CIS Controls Safeguards that can be assessed automatically against cloud and platform configurations.;735291151388;ap-south-1;2026-07-11 14:19:13.485135;6.8;Define and maintain role-based access control, through determining and documenting the access rights necessary for each role within the enterprise to successfully carry out its assigned duties. Perform access control reviews of enterprise assets to validate that all privileges are authorized, on a recurring schedule at a minimum annually, or more frequently.;6. Access Control Management;Govern;Users;IG3;FAIL;Inline policy cloudguardian-s3-read-only attached to role cloudguardian-web-role allows 'aws-marketplace:Subscribe' on all resources.;arn:aws:iam::735291151388:role/cloudguardian-web-role;cloudguardian-web-role/cloudguardian-s3-read-only;iam_inline_policy_no_wildcard_marketplace_subscribe;False;CIS-Controls;CIS Controls v8.1
aws;The CIS Critical Security Controls (CIS Controls) v8.1 are a prioritized set of Safeguards to mitigate the most prevalent cyber-attacks against systems and networks. They are organized into 18 top-level Controls and mapped to three Implementation Groups (IG1, IG2, IG3). This is a cross-provider mapping of Prowler checks to the CIS Controls Safeguards that can be assessed automatically against cloud and platform configurations.;735291151388;ap-south-1;2026-07-11 14:19:13.485135;4.7;Manage default accounts on enterprise assets and software, such as root, administrator, and other pre-configured vendor accounts. Example implementations can include: disabling default accounts or making them unusable.;4. Secure Configuration of Enterprise Assets and Software;Protect;Users;IG1 | IG2 | IG3;PASS;Root account does not have access keys.;arn:aws:iam::735291151388:root;<root_account>;iam_no_root_access_key;False;CIS-Controls;CIS Controls v8.1
aws;The CIS Critical Security Controls (CIS Controls) v8.1 are a prioritized set of Safeguards to mitigate the most prevalent cyber-attacks against systems and networks. They are organized into 18 top-level Controls and mapped to three Implementation Groups (IG1, IG2, IG3). This is a cross-provider mapping of Prowler checks to the CIS Controls Safeguards that can be assessed automatically against cloud and platform configurations.;735291151388;ap-south-1;2026-07-11 14:19:13.485135;5.2;Use unique passwords for all enterprise assets. Best practice implementation includes, at a minimum, an 8-character password for accounts using Multi-Factor Authentication (MFA) and a 14-character password for accounts not using MFA.;5. Account Management;Protect;Users;IG1 | IG2 | IG3;FAIL;IAM password policy does not require at least one lowercase letter.;arn:aws:iam:ap-south-1:735291151388:password-policy;735291151388;iam_password_policy_lowercase;False;CIS-Controls;CIS Controls v8.1
aws;The CIS Critical Security Controls (CIS Controls) v8.1 are a prioritized set of Safeguards to mitigate the most prevalent cyber-attacks against systems and networks. They are organized into 18 top-level Controls and mapped to three Implementation Groups (IG1, IG2, IG3). This is a cross-provider mapping of Prowler checks to the CIS Controls Safeguards that can be assessed automatically against cloud and platform configurations.;735291151388;ap-south-1;2026-07-11 14:19:13.485135;5.2;Use unique passwords for all enterprise assets. Best practice implementation includes, at a minimum, an 8-character password for accounts using Multi-Factor Authentication (MFA) and a 14-character password for accounts not using MFA.;5. Account Management;Protect;Users;IG1 | IG2 | IG3;FAIL;IAM password policy does not require minimum length of 14 characters.;arn:aws:iam:ap-south-1:735291151388:password-policy;735291151388;iam_password_policy_minimum_length_14;False;CIS-Controls;CIS Controls v8.1
aws;The CIS Critical Security Controls (CIS Controls) v8.1 are a prioritized set of Safeguards to mitigate the most prevalent cyber-attacks against systems and networks. They are organized into 18 top-level Controls and mapped to three Implementation Groups (IG1, IG2, IG3). This is a cross-provider mapping of Prowler checks to the CIS Controls Safeguards that can be assessed automatically against cloud and platform configurations.;735291151388;ap-south-1;2026-07-11 14:19:13.485135;5.2;Use unique passwords for all enterprise assets. Best practice implementation includes, at a minimum, an 8-character password for accounts using Multi-Factor Authentication (MFA) and a 14-character password for accounts not using MFA.;5. Account Management;Protect;Users;IG1 | IG2 | IG3;FAIL;IAM password policy does not require at least one number.;arn:aws:iam:ap-south-1:735291151388:password-policy;735291151388;iam_password_policy_number;False;CIS-Controls;CIS Controls v8.1
aws;The CIS Critical Security Controls (CIS Controls) v8.1 are a prioritized set of Safeguards to mitigate the most prevalent cyber-attacks against systems and networks. They are organized into 18 top-level Controls and mapped to three Implementation Groups (IG1, IG2, IG3). This is a cross-provider mapping of Prowler checks to the CIS Controls Safeguards that can be assessed automatically against cloud and platform configurations.;735291151388;ap-south-1;2026-07-11 14:19:13.485135;5.2;Use unique passwords for all enterprise assets. Best practice implementation includes, at a minimum, an 8-character password for accounts using Multi-Factor Authentication (MFA) and a 14-character password for accounts not using MFA.;5. Account Management;Protect;Users;IG1 | IG2 | IG3;FAIL;IAM password policy reuse prevention is less than 24 or not set.;arn:aws:iam:ap-south-1:735291151388:password-policy;735291151388;iam_password_policy_reuse_24;False;CIS-Controls;CIS Controls v8.1
aws;The CIS Critical Security Controls (CIS Controls) v8.1 are a prioritized set of Safeguards to mitigate the most prevalent cyber-attacks against systems and networks. They are organized into 18 top-level Controls and mapped to three Implementation Groups (IG1, IG2, IG3). This is a cross-provider mapping of Prowler checks to the CIS Controls Safeguards that can be assessed automatically against cloud and platform configurations.;735291151388;ap-south-1;2026-07-11 14:19:13.485135;5.2;Use unique passwords for all enterprise assets. Best practice implementation includes, at a minimum, an 8-character password for accounts using Multi-Factor Authentication (MFA) and a 14-character password for accounts not using MFA.;5. Account Management;Protect;Users;IG1 | IG2 | IG3;FAIL;IAM password policy does not require at least one symbol.;arn:aws:iam:ap-south-1:735291151388:password-policy;735291151388;iam_password_policy_symbol;False;CIS-Controls;CIS Controls v8.1
aws;The CIS Critical Security Controls (CIS Controls) v8.1 are a prioritized set of Safeguards to mitigate the most prevalent cyber-attacks against systems and networks. They are organized into 18 top-level Controls and mapped to three Implementation Groups (IG1, IG2, IG3). This is a cross-provider mapping of Prowler checks to the CIS Controls Safeguards that can be assessed automatically against cloud and platform configurations.;735291151388;ap-south-1;2026-07-11 14:19:13.485135;5.2;Use unique passwords for all enterprise assets. Best practice implementation includes, at a minimum, an 8-character password for accounts using Multi-Factor Authentication (MFA) and a 14-character password for accounts not using MFA.;5. Account Management;Protect;Users;IG1 | IG2 | IG3;FAIL;IAM password policy does not require at least one uppercase letter.;arn:aws:iam:ap-south-1:735291151388:password-policy;735291151388;iam_password_policy_uppercase;False;CIS-Controls;CIS Controls v8.1
aws;The CIS Critical Security Controls (CIS Controls) v8.1 are a prioritized set of Safeguards to mitigate the most prevalent cyber-attacks against systems and networks. They are organized into 18 top-level Controls and mapped to three Implementation Groups (IG1, IG2, IG3). This is a cross-provider mapping of Prowler checks to the CIS Controls Safeguards that can be assessed automatically against cloud and platform configurations.;735291151388;ap-south-1;2026-07-11 14:19:13.485135;6.8;Define and maintain role-based access control, through determining and documenting the access rights necessary for each role within the enterprise to successfully carry out its assigned duties. Perform access control reviews of enterprise assets to validate that all privileges are authorized, on a recurring schedule at a minimum annually, or more frequently.;6. Access Control Management;Govern;Users;IG3;FAIL;IAM Service Role cloudguardian-web-role does not prevent against a cross-service confused deputy attack.;arn:aws:iam::735291151388:role/cloudguardian-web-role;cloudguardian-web-role;iam_role_cross_service_confused_deputy_prevention;False;CIS-Controls;CIS Controls v8.1
aws;The CIS Critical Security Controls (CIS Controls) v8.1 are a prioritized set of Safeguards to mitigate the most prevalent cyber-attacks against systems and networks. They are organized into 18 top-level Controls and mapped to three Implementation Groups (IG1, IG2, IG3). This is a cross-provider mapping of Prowler checks to the CIS Controls Safeguards that can be assessed automatically against cloud and platform configurations.;735291151388;ap-south-1;2026-07-11 14:19:13.485135;6.5;Require MFA for all administrative access accounts, where supported, on all enterprise assets, whether managed on-site or through a service provider.;6. Access Control Management;Protect;Users;IG1 | IG2 | IG3;PASS;Root account has a hardware MFA device enabled.;arn:aws:iam::735291151388:mfa;<root_account>;iam_root_hardware_mfa_enabled;False;CIS-Controls;CIS Controls v8.1
aws;The CIS Critical Security Controls (CIS Controls) v8.1 are a prioritized set of Safeguards to mitigate the most prevalent cyber-attacks against systems and networks. They are organized into 18 top-level Controls and mapped to three Implementation Groups (IG1, IG2, IG3). This is a cross-provider mapping of Prowler checks to the CIS Controls Safeguards that can be assessed automatically against cloud and platform configurations.;735291151388;ap-south-1;2026-07-11 14:19:13.485135;6.5;Require MFA for all administrative access accounts, where supported, on all enterprise assets, whether managed on-site or through a service provider.;6. Access Control Management;Protect;Users;IG1 | IG2 | IG3;PASS;MFA is enabled for root account.;arn:aws:iam::735291151388:root;<root_account>;iam_root_mfa_enabled;False;CIS-Controls;CIS Controls v8.1
aws;The CIS Critical Security Controls (CIS Controls) v8.1 are a prioritized set of Safeguards to mitigate the most prevalent cyber-attacks against systems and networks. They are organized into 18 top-level Controls and mapped to three Implementation Groups (IG1, IG2, IG3). This is a cross-provider mapping of Prowler checks to the CIS Controls Safeguards that can be assessed automatically against cloud and platform configurations.;735291151388;ap-south-1;2026-07-11 14:19:13.485135;5.3;Delete or disable any dormant accounts after a period of 45 days of inactivity, where supported.;5. Account Management;Protect;Users;IG1 | IG2 | IG3;PASS;User <root_account> does not have access keys.;arn:aws:iam::735291151388:root;<root_account>;iam_user_accesskey_unused;False;CIS-Controls;CIS Controls v8.1
aws;The CIS Critical Security Controls (CIS Controls) v8.1 are a prioritized set of Safeguards to mitigate the most prevalent cyber-attacks against systems and networks. They are organized into 18 top-level Controls and mapped to three Implementation Groups (IG1, IG2, IG3). This is a cross-provider mapping of Prowler checks to the CIS Controls Safeguards that can be assessed automatically against cloud and platform configurations.;735291151388;ap-south-1;2026-07-11 14:19:13.485135;5.3;Delete or disable any dormant accounts after a period of 45 days of inactivity, where supported.;5. Account Management;Protect;Users;IG1 | IG2 | IG3;PASS;User Alex does not have unused access keys for 45 days.;arn:aws:iam::735291151388:user/Alex;Alex;iam_user_accesskey_unused;False;CIS-Controls;CIS Controls v8.1
aws;The CIS Critical Security Controls (CIS Controls) v8.1 are a prioritized set of Safeguards to mitigate the most prevalent cyber-attacks against systems and networks. They are organized into 18 top-level Controls and mapped to three Implementation Groups (IG1, IG2, IG3). This is a cross-provider mapping of Prowler checks to the CIS Controls Safeguards that can be assessed automatically against cloud and platform configurations.;735291151388;ap-south-1;2026-07-11 14:19:13.485135;5.4;Restrict administrator privileges to dedicated administrator accounts on enterprise assets. Conduct general computing activities, such as internet browsing, email, and productivity suite use, from the user's primary, non-privileged account.;5. Account Management;Protect;Users;IG1 | IG2 | IG3;PASS;IAM User Alex does not have AdministratorAccess policy.;arn:aws:iam::735291151388:user/Alex;Alex;iam_user_administrator_access_policy;False;CIS-Controls;CIS Controls v8.1
aws;The CIS Critical Security Controls (CIS Controls) v8.1 are a prioritized set of Safeguards to mitigate the most prevalent cyber-attacks against systems and networks. They are organized into 18 top-level Controls and mapped to three Implementation Groups (IG1, IG2, IG3). This is a cross-provider mapping of Prowler checks to the CIS Controls Safeguards that can be assessed automatically against cloud and platform configurations.;735291151388;ap-south-1;2026-07-11 14:19:13.485135;5.3;Delete or disable any dormant accounts after a period of 45 days of inactivity, where supported.;5. Account Management;Protect;Users;IG1 | IG2 | IG3;PASS;User Alex does not have console access enabled or is unused.;arn:aws:iam::735291151388:user/Alex;Alex;iam_user_console_access_unused;False;CIS-Controls;CIS Controls v8.1
aws;The CIS Critical Security Controls (CIS Controls) v8.1 are a prioritized set of Safeguards to mitigate the most prevalent cyber-attacks against systems and networks. They are organized into 18 top-level Controls and mapped to three Implementation Groups (IG1, IG2, IG3). This is a cross-provider mapping of Prowler checks to the CIS Controls Safeguards that can be assessed automatically against cloud and platform configurations.;735291151388;ap-south-1;2026-07-11 14:19:13.485135;6.3;Require all externally-exposed enterprise or third-party applications to enforce MFA, where supported. Enforcing MFA through a directory service or SSO provider is a satisfactory implementation of this Safeguard.;6. Access Control Management;Protect;Users;IG1 | IG2 | IG3;FAIL;User Alex does not have any type of MFA enabled.;arn:aws:iam::735291151388:user/Alex;Alex;iam_user_hardware_mfa_enabled;False;CIS-Controls;CIS Controls v8.1
aws;The CIS Critical Security Controls (CIS Controls) v8.1 are a prioritized set of Safeguards to mitigate the most prevalent cyber-attacks against systems and networks. They are organized into 18 top-level Controls and mapped to three Implementation Groups (IG1, IG2, IG3). This is a cross-provider mapping of Prowler checks to the CIS Controls Safeguards that can be assessed automatically against cloud and platform configurations.;735291151388;ap-south-1;2026-07-11 14:19:13.485135;6.3;Require all externally-exposed enterprise or third-party applications to enforce MFA, where supported. Enforcing MFA through a directory service or SSO provider is a satisfactory implementation of this Safeguard.;6. Access Control Management;Protect;Users;IG1 | IG2 | IG3;PASS;User Alex does not have Console Password enabled.;arn:aws:iam::735291151388:user/Alex;Alex;iam_user_mfa_enabled_console_access;False;CIS-Controls;CIS Controls v8.1
aws;The CIS Critical Security Controls (CIS Controls) v8.1 are a prioritized set of Safeguards to mitigate the most prevalent cyber-attacks against systems and networks. They are organized into 18 top-level Controls and mapped to three Implementation Groups (IG1, IG2, IG3). This is a cross-provider mapping of Prowler checks to the CIS Controls Safeguards that can be assessed automatically against cloud and platform configurations.;735291151388;ap-south-1;2026-07-11 14:19:13.485135;6.8;Define and maintain role-based access control, through determining and documenting the access rights necessary for each role within the enterprise to successfully carry out its assigned duties. Perform access control reviews of enterprise assets to validate that all privileges are authorized, on a recurring schedule at a minimum annually, or more frequently.;6. Access Control Management;Govern;Users;IG3;FAIL;User Alex has long lived credentials with access to other services than IAM or STS.;arn:aws:iam::735291151388:user/Alex;Alex;iam_user_with_temporary_credentials;False;CIS-Controls;CIS Controls v8.1
aws;The CIS Critical Security Controls (CIS Controls) v8.1 are a prioritized set of Safeguards to mitigate the most prevalent cyber-attacks against systems and networks. They are organized into 18 top-level Controls and mapped to three Implementation Groups (IG1, IG2, IG3). This is a cross-provider mapping of Prowler checks to the CIS Controls Safeguards that can be assessed automatically against cloud and platform configurations.;735291151388;ap-south-1;2026-07-11 14:19:13.485135;13.4;Perform traffic filtering between network segments, where appropriate.;13. Network Monitoring and Defense;Protect;Network;IG2 | IG3;FAIL;VPC cloudguardian-vpc does not have Network Firewall enabled.;arn:aws:ec2:ap-south-1:735291151388:vpc/vpc-056acc9b951114346;vpc-056acc9b951114346;networkfirewall_in_all_vpc;False;CIS-Controls;CIS Controls v8.1
aws;The CIS Critical Security Controls (CIS Controls) v8.1 are a prioritized set of Safeguards to mitigate the most prevalent cyber-attacks against systems and networks. They are organized into 18 top-level Controls and mapped to three Implementation Groups (IG1, IG2, IG3). This is a cross-provider mapping of Prowler checks to the CIS Controls Safeguards that can be assessed automatically against cloud and platform configurations.;735291151388;ap-south-1;2026-07-11 14:19:13.485135;13.8;Deploy a network intrusion prevention solution, where appropriate. Example implementations include the use of a Network Intrusion Prevention System (NIPS) or equivalent CSP service.;13. Network Monitoring and Defense;Protect;Network;IG3;FAIL;VPC cloudguardian-vpc does not have Network Firewall enabled.;arn:aws:ec2:ap-south-1:735291151388:vpc/vpc-056acc9b951114346;vpc-056acc9b951114346;networkfirewall_in_all_vpc;False;CIS-Controls;CIS Controls v8.1
aws;The CIS Critical Security Controls (CIS Controls) v8.1 are a prioritized set of Safeguards to mitigate the most prevalent cyber-attacks against systems and networks. They are organized into 18 top-level Controls and mapped to three Implementation Groups (IG1, IG2, IG3). This is a cross-provider mapping of Prowler checks to the CIS Controls Safeguards that can be assessed automatically against cloud and platform configurations.;735291151388;ap-south-1;2026-07-11 14:19:13.485135;11.2;Perform automated backups of in-scope enterprise assets. Run backups weekly, or more frequently, based on the sensitivity of the data.;11. Data Recovery;Recover;Data;IG1 | IG2 | IG3;FAIL;RDS Instance cloudguardian-db does not have backup enabled.;arn:aws:rds:ap-south-1:735291151388:db:cloudguardian-db;cloudguardian-db;rds_instance_backup_enabled;False;CIS-Controls;CIS Controls v8.1
aws;The CIS Critical Security Controls (CIS Controls) v8.1 are a prioritized set of Safeguards to mitigate the most prevalent cyber-attacks against systems and networks. They are organized into 18 top-level Controls and mapped to three Implementation Groups (IG1, IG2, IG3). This is a cross-provider mapping of Prowler checks to the CIS Controls Safeguards that can be assessed automatically against cloud and platform configurations.;735291151388;ap-south-1;2026-07-11 14:19:13.485135;4.7;Manage default accounts on enterprise assets and software, such as root, administrator, and other pre-configured vendor accounts. Example implementations can include: disabling default accounts or making them unusable.;4. Secure Configuration of Enterprise Assets and Software;Protect;Users;IG1 | IG2 | IG3;FAIL;RDS Instance cloudguardian-db is using the default master username.;arn:aws:rds:ap-south-1:735291151388:db:cloudguardian-db;cloudguardian-db;rds_instance_default_admin;False;CIS-Controls;CIS Controls v8.1
aws;The CIS Critical Security Controls (CIS Controls) v8.1 are a prioritized set of Safeguards to mitigate the most prevalent cyber-attacks against systems and networks. They are organized into 18 top-level Controls and mapped to three Implementation Groups (IG1, IG2, IG3). This is a cross-provider mapping of Prowler checks to the CIS Controls Safeguards that can be assessed automatically against cloud and platform configurations.;735291151388;ap-south-1;2026-07-11 14:19:13.485135;2.2;Ensure that only currently supported software is designated as authorized in the software inventory for enterprise assets. If software is unsupported, yet necessary for the fulfillment of the enterprise's mission, document an exception detailing mitigating controls and residual risk acceptance. For any unsupported software without an exception documentation, designate as unauthorized. Review the software list to verify software support at least monthly, or more frequently.;2. Inventory and Control of Software Assets;Identify;Software;IG1 | IG2 | IG3;PASS;RDS instance cloudguardian-db is not using a deprecated engine mysql with version 8.0.46.;arn:aws:rds:ap-south-1:735291151388:db:cloudguardian-db;cloudguardian-db;rds_instance_deprecated_engine_version;False;CIS-Controls;CIS Controls v8.1
aws;The CIS Critical Security Controls (CIS Controls) v8.1 are a prioritized set of Safeguards to mitigate the most prevalent cyber-attacks against systems and networks. They are organized into 18 top-level Controls and mapped to three Implementation Groups (IG1, IG2, IG3). This is a cross-provider mapping of Prowler checks to the CIS Controls Safeguards that can be assessed automatically against cloud and platform configurations.;735291151388;ap-south-1;2026-07-11 14:19:13.485135;6.7;Centralize access control for all enterprise assets through a directory service or SSO provider, where supported.;6. Access Control Management;Protect;Users;IG2 | IG3;FAIL;RDS Instance cloudguardian-db does not have IAM authentication enabled.;arn:aws:rds:ap-south-1:735291151388:db:cloudguardian-db;cloudguardian-db;rds_instance_iam_authentication_enabled;False;CIS-Controls;CIS Controls v8.1
aws;The CIS Critical Security Controls (CIS Controls) v8.1 are a prioritized set of Safeguards to mitigate the most prevalent cyber-attacks against systems and networks. They are organized into 18 top-level Controls and mapped to three Implementation Groups (IG1, IG2, IG3). This is a cross-provider mapping of Prowler checks to the CIS Controls Safeguards that can be assessed automatically against cloud and platform configurations.;735291151388;ap-south-1;2026-07-11 14:19:13.485135;12.2;Design and maintain a secure network architecture. A secure network architecture must address segmentation, least privilege, and availability, at a minimum. Example implementations may include documentation, policy, and design components.;12. Network Infrastructure Management;Protect;Network;IG2 | IG3;PASS;RDS Instance cloudguardian-db is deployed in a VPC vpc-056acc9b951114346.;arn:aws:rds:ap-south-1:735291151388:db:cloudguardian-db;cloudguardian-db;rds_instance_inside_vpc;False;CIS-Controls;CIS Controls v8.1
aws;The CIS Critical Security Controls (CIS Controls) v8.1 are a prioritized set of Safeguards to mitigate the most prevalent cyber-attacks against systems and networks. They are organized into 18 top-level Controls and mapped to three Implementation Groups (IG1, IG2, IG3). This is a cross-provider mapping of Prowler checks to the CIS Controls Safeguards that can be assessed automatically against cloud and platform configurations.;735291151388;ap-south-1;2026-07-11 14:19:13.485135;8.2;Collect audit logs. Ensure that logging, per the enterprise's audit log management process, has been enabled across enterprise assets.;8. Audit Log Management;Detect;Data;IG1 | IG2 | IG3;FAIL;RDS Instance cloudguardian-db does not have CloudWatch Logs enabled.;arn:aws:rds:ap-south-1:735291151388:db:cloudguardian-db;cloudguardian-db;rds_instance_integration_cloudwatch_logs;False;CIS-Controls;CIS Controls v8.1
aws;The CIS Critical Security Controls (CIS Controls) v8.1 are a prioritized set of Safeguards to mitigate the most prevalent cyber-attacks against systems and networks. They are organized into 18 top-level Controls and mapped to three Implementation Groups (IG1, IG2, IG3). This is a cross-provider mapping of Prowler checks to the CIS Controls Safeguards that can be assessed automatically against cloud and platform configurations.;735291151388;ap-south-1;2026-07-11 14:19:13.485135;7.4;Perform application updates on enterprise assets through automated patch management on a monthly, or more frequent, basis.;7. Continuous Vulnerability Management;Protect;Software;IG1 | IG2 | IG3;PASS;RDS Instance cloudguardian-db has minor version upgrade enabled.;arn:aws:rds:ap-south-1:735291151388:db:cloudguardian-db;cloudguardian-db;rds_instance_minor_version_upgrade_enabled;False;CIS-Controls;CIS Controls v8.1
aws;The CIS Critical Security Controls (CIS Controls) v8.1 are a prioritized set of Safeguards to mitigate the most prevalent cyber-attacks against systems and networks. They are organized into 18 top-level Controls and mapped to three Implementation Groups (IG1, IG2, IG3). This is a cross-provider mapping of Prowler checks to the CIS Controls Safeguards that can be assessed automatically against cloud and platform configurations.;735291151388;ap-south-1;2026-07-11 14:19:13.485135;12.2;Design and maintain a secure network architecture. A secure network architecture must address segmentation, least privilege, and availability, at a minimum. Example implementations may include documentation, policy, and design components.;12. Network Infrastructure Management;Protect;Network;IG2 | IG3;FAIL;RDS Instance cloudguardian-db is set as publicly accessible and security group cloudguardian-rds-sg (sg-0be0be5f1a7d28519) has mysql port 3306 open to the Internet at endpoint cloudguardian-db.cxuyey2k27jg.ap-south-1.rds.amazonaws.com in a public subnet subnet-06415df4407c53071.;arn:aws:rds:ap-south-1:735291151388:db:cloudguardian-db;cloudguardian-db;rds_instance_no_public_access;False;CIS-Controls;CIS Controls v8.1
aws;The CIS Critical Security Controls (CIS Controls) v8.1 are a prioritized set of Safeguards to mitigate the most prevalent cyber-attacks against systems and networks. They are organized into 18 top-level Controls and mapped to three Implementation Groups (IG1, IG2, IG3). This is a cross-provider mapping of Prowler checks to the CIS Controls Safeguards that can be assessed automatically against cloud and platform configurations.;735291151388;ap-south-1;2026-07-11 14:19:13.485135;11.2;Perform automated backups of in-scope enterprise assets. Run backups weekly, or more frequently, based on the sensitivity of the data.;11. Data Recovery;Recover;Data;IG1 | IG2 | IG3;FAIL;RDS Instance cloudguardian-db is not protected by a backup plan.;arn:aws:rds:ap-south-1:735291151388:db:cloudguardian-db;cloudguardian-db;rds_instance_protected_by_backup_plan;False;CIS-Controls;CIS Controls v8.1
aws;The CIS Critical Security Controls (CIS Controls) v8.1 are a prioritized set of Safeguards to mitigate the most prevalent cyber-attacks against systems and networks. They are organized into 18 top-level Controls and mapped to three Implementation Groups (IG1, IG2, IG3). This is a cross-provider mapping of Prowler checks to the CIS Controls Safeguards that can be assessed automatically against cloud and platform configurations.;735291151388;ap-south-1;2026-07-11 14:19:13.485135;3.11;Encrypt sensitive data at rest on servers, applications, and databases. Storage-layer encryption, also known as server-side encryption, meets the minimum requirement of this Safeguard. Additional encryption methods may include application-layer encryption, also known as client-side encryption, where access to the data storage device(s) does not permit access to the plain-text data.;3. Data Protection;Protect;Data;IG2 | IG3;FAIL;RDS Instance cloudguardian-db is not encrypted.;arn:aws:rds:ap-south-1:735291151388:db:cloudguardian-db;cloudguardian-db;rds_instance_storage_encrypted;False;CIS-Controls;CIS Controls v8.1
aws;The CIS Critical Security Controls (CIS Controls) v8.1 are a prioritized set of Safeguards to mitigate the most prevalent cyber-attacks against systems and networks. They are organized into 18 top-level Controls and mapped to three Implementation Groups (IG1, IG2, IG3). This is a cross-provider mapping of Prowler checks to the CIS Controls Safeguards that can be assessed automatically against cloud and platform configurations.;735291151388;ap-south-1;2026-07-11 14:19:13.485135;3.10;Encrypt sensitive data in transit. Example implementations can include: Transport Layer Security (TLS) and Open Secure Shell (OpenSSH).;3. Data Protection;Protect;Data;IG2 | IG3;FAIL;RDS Instance cloudguardian-db connections are not encrypted.;arn:aws:rds:ap-south-1:735291151388:db:cloudguardian-db;cloudguardian-db;rds_instance_transport_encrypted;False;CIS-Controls;CIS Controls v8.1
aws;The CIS Critical Security Controls (CIS Controls) v8.1 are a prioritized set of Safeguards to mitigate the most prevalent cyber-attacks against systems and networks. They are organized into 18 top-level Controls and mapped to three Implementation Groups (IG1, IG2, IG3). This is a cross-provider mapping of Prowler checks to the CIS Controls Safeguards that can be assessed automatically against cloud and platform configurations.;735291151388;ap-south-1;2026-07-11 14:19:13.485135;1.1;Establish and maintain an accurate, detailed, and up-to-date inventory of all enterprise assets with the potential to store or process data, to include: end-user devices (including portable and mobile), network devices, non-computing/IoT devices, and servers. Ensure the inventory records the network address (if static), hardware address, machine name, enterprise asset owner, department for each asset, and whether the asset has been approved to connect to the network. For mobile end-user devices, MDM type tools can support this process, where appropriate. This inventory includes assets connected to the infrastructure physically, virtually, remotely, and those within cloud environments. Additionally, it includes assets that are regularly connected to the enterprise's network infrastructure, even if they are not under control of the enterprise. Review and update the inventory of all enterprise assets bi-annually, or more frequently.;1. Inventory and Control of Enterprise Assets;Identify;Devices;IG1 | IG2 | IG3;PASS;Resource Explorer Indexes found: 3.;arn:aws:resource-explorer-2:ap-south-1:735291151388:index/8c58e2b2-3e65-4e38-a110-d7997f9da0c9;735291151388;resourceexplorer2_indexes_found;False;CIS-Controls;CIS Controls v8.1
aws;The CIS Critical Security Controls (CIS Controls) v8.1 are a prioritized set of Safeguards to mitigate the most prevalent cyber-attacks against systems and networks. They are organized into 18 top-level Controls and mapped to three Implementation Groups (IG1, IG2, IG3). This is a cross-provider mapping of Prowler checks to the CIS Controls Safeguards that can be assessed automatically against cloud and platform configurations.;735291151388;ap-south-1;2026-07-11 14:19:13.485135;3.3;Configure data access control lists based on a user's need to know. Apply data access control lists, also known as access permissions, to local and remote file systems, databases, and applications.;3. Data Protection;Protect;Data;IG1 | IG2 | IG3;FAIL;Block Public Access is not configured for the account 735291151388.;arn:aws:s3:ap-south-1:735291151388:account;735291151388;s3_account_level_public_access_blocks;False;CIS-Controls;CIS Controls v8.1
aws;The CIS Critical Security Controls (CIS Controls) v8.1 are a prioritized set of Safeguards to mitigate the most prevalent cyber-attacks against systems and networks. They are organized into 18 top-level Controls and mapped to three Implementation Groups (IG1, IG2, IG3). This is a cross-provider mapping of Prowler checks to the CIS Controls Safeguards that can be assessed automatically against cloud and platform configurations.;735291151388;ap-south-1;2026-07-11 14:19:13.485135;3.3;Configure data access control lists based on a user's need to know. Apply data access control lists, also known as access permissions, to local and remote file systems, databases, and applications.;3. Data Protection;Protect;Data;IG1 | IG2 | IG3;PASS;S3 Bucket cloudguardian-data-c8f4e2a3 has bucket ACLs disabled.;arn:aws:s3:::cloudguardian-data-c8f4e2a3;cloudguardian-data-c8f4e2a3;s3_bucket_acl_prohibited;False;CIS-Controls;CIS Controls v8.1
aws;The CIS Critical Security Controls (CIS Controls) v8.1 are a prioritized set of Safeguards to mitigate the most prevalent cyber-attacks against systems and networks. They are organized into 18 top-level Controls and mapped to three Implementation Groups (IG1, IG2, IG3). This is a cross-provider mapping of Prowler checks to the CIS Controls Safeguards that can be assessed automatically against cloud and platform configurations.;735291151388;ap-south-1;2026-07-11 14:19:13.485135;3.3;Configure data access control lists based on a user's need to know. Apply data access control lists, also known as access permissions, to local and remote file systems, databases, and applications.;3. Data Protection;Protect;Data;IG1 | IG2 | IG3;PASS;S3 Bucket cloudguardian-data-c8f4e2a3 has a bucket policy but it does not allow cross account access.;arn:aws:s3:::cloudguardian-data-c8f4e2a3;cloudguardian-data-c8f4e2a3;s3_bucket_cross_account_access;False;CIS-Controls;CIS Controls v8.1
aws;The CIS Critical Security Controls (CIS Controls) v8.1 are a prioritized set of Safeguards to mitigate the most prevalent cyber-attacks against systems and networks. They are organized into 18 top-level Controls and mapped to three Implementation Groups (IG1, IG2, IG3). This is a cross-provider mapping of Prowler checks to the CIS Controls Safeguards that can be assessed automatically against cloud and platform configurations.;735291151388;ap-south-1;2026-07-11 14:19:13.485135;11.4;Establish and maintain an isolated instance of recovery data. Example implementations include, version controlling backup destinations through offline, cloud, or off-site systems or services.;11. Data Recovery;Recover;Data;IG1 | IG2 | IG3;FAIL;S3 Bucket cloudguardian-data-c8f4e2a3 does not have correct cross region replication configuration.;arn:aws:s3:::cloudguardian-data-c8f4e2a3;cloudguardian-data-c8f4e2a3;s3_bucket_cross_region_replication;False;CIS-Controls;CIS Controls v8.1
aws;The CIS Critical Security Controls (CIS Controls) v8.1 are a prioritized set of Safeguards to mitigate the most prevalent cyber-attacks against systems and networks. They are organized into 18 top-level Controls and mapped to three Implementation Groups (IG1, IG2, IG3). This is a cross-provider mapping of Prowler checks to the CIS Controls Safeguards that can be assessed automatically against cloud and platform configurations.;735291151388;ap-south-1;2026-07-11 14:19:13.485135;3.11;Encrypt sensitive data at rest on servers, applications, and databases. Storage-layer encryption, also known as server-side encryption, meets the minimum requirement of this Safeguard. Additional encryption methods may include application-layer encryption, also known as client-side encryption, where access to the data storage device(s) does not permit access to the plain-text data.;3. Data Protection;Protect;Data;IG2 | IG3;PASS;S3 Bucket cloudguardian-data-c8f4e2a3 has Server Side Encryption with AES256.;arn:aws:s3:::cloudguardian-data-c8f4e2a3;cloudguardian-data-c8f4e2a3;s3_bucket_default_encryption;False;CIS-Controls;CIS Controls v8.1
aws;The CIS Critical Security Controls (CIS Controls) v8.1 are a prioritized set of Safeguards to mitigate the most prevalent cyber-attacks against systems and networks. They are organized into 18 top-level Controls and mapped to three Implementation Groups (IG1, IG2, IG3). This is a cross-provider mapping of Prowler checks to the CIS Controls Safeguards that can be assessed automatically against cloud and platform configurations.;735291151388;ap-south-1;2026-07-11 14:19:13.485135;3.11;Encrypt sensitive data at rest on servers, applications, and databases. Storage-layer encryption, also known as server-side encryption, meets the minimum requirement of this Safeguard. Additional encryption methods may include application-layer encryption, also known as client-side encryption, where access to the data storage device(s) does not permit access to the plain-text data.;3. Data Protection;Protect;Data;IG2 | IG3;FAIL;Server Side Encryption is not configured with kms for S3 Bucket cloudguardian-data-c8f4e2a3.;arn:aws:s3:::cloudguardian-data-c8f4e2a3;cloudguardian-data-c8f4e2a3;s3_bucket_kms_encryption;False;CIS-Controls;CIS Controls v8.1
aws;The CIS Critical Security Controls (CIS Controls) v8.1 are a prioritized set of Safeguards to mitigate the most prevalent cyber-attacks against systems and networks. They are organized into 18 top-level Controls and mapped to three Implementation Groups (IG1, IG2, IG3). This is a cross-provider mapping of Prowler checks to the CIS Controls Safeguards that can be assessed automatically against cloud and platform configurations.;735291151388;ap-south-1;2026-07-11 14:19:13.485135;3.3;Configure data access control lists based on a user's need to know. Apply data access control lists, also known as access permissions, to local and remote file systems, databases, and applications.;3. Data Protection;Protect;Data;IG1 | IG2 | IG3;FAIL;Block Public Access is not configured for the S3 Bucket cloudguardian-data-c8f4e2a3.;arn:aws:s3:::cloudguardian-data-c8f4e2a3;cloudguardian-data-c8f4e2a3;s3_bucket_level_public_access_block;False;CIS-Controls;CIS Controls v8.1
aws;The CIS Critical Security Controls (CIS Controls) v8.1 are a prioritized set of Safeguards to mitigate the most prevalent cyber-attacks against systems and networks. They are organized into 18 top-level Controls and mapped to three Implementation Groups (IG1, IG2, IG3). This is a cross-provider mapping of Prowler checks to the CIS Controls Safeguards that can be assessed automatically against cloud and platform configurations.;735291151388;ap-south-1;2026-07-11 14:19:13.485135;3.4;Retain data according to the enterprise's documented data management process. Data retention must include both minimum and maximum timelines.;3. Data Protection;Protect;Data;IG1 | IG2 | IG3;FAIL;S3 Bucket cloudguardian-data-c8f4e2a3 does not have a lifecycle configuration enabled.;arn:aws:s3:::cloudguardian-data-c8f4e2a3;cloudguardian-data-c8f4e2a3;s3_bucket_lifecycle_enabled;False;CIS-Controls;CIS Controls v8.1
aws;The CIS Critical Security Controls (CIS Controls) v8.1 are a prioritized set of Safeguards to mitigate the most prevalent cyber-attacks against systems and networks. They are organized into 18 top-level Controls and mapped to three Implementation Groups (IG1, IG2, IG3). This is a cross-provider mapping of Prowler checks to the CIS Controls Safeguards that can be assessed automatically against cloud and platform configurations.;735291151388;ap-south-1;2026-07-11 14:19:13.485135;11.3;Protect recovery data with equivalent controls to the original data. Reference encryption or data separation, based on requirements.;11. Data Recovery;Protect;Data;IG1 | IG2 | IG3;FAIL;S3 Bucket cloudguardian-data-c8f4e2a3 has MFA Delete disabled.;arn:aws:s3:::cloudguardian-data-c8f4e2a3;cloudguardian-data-c8f4e2a3;s3_bucket_no_mfa_delete;False;CIS-Controls;CIS Controls v8.1
aws;The CIS Critical Security Controls (CIS Controls) v8.1 are a prioritized set of Safeguards to mitigate the most prevalent cyber-attacks against systems and networks. They are organized into 18 top-level Controls and mapped to three Implementation Groups (IG1, IG2, IG3). This is a cross-provider mapping of Prowler checks to the CIS Controls Safeguards that can be assessed automatically against cloud and platform configurations.;735291151388;ap-south-1;2026-07-11 14:19:13.485135;11.3;Protect recovery data with equivalent controls to the original data. Reference encryption or data separation, based on requirements.;11. Data Recovery;Protect;Data;IG1 | IG2 | IG3;FAIL;S3 Bucket cloudguardian-data-c8f4e2a3 has Object Lock disabled.;arn:aws:s3:::cloudguardian-data-c8f4e2a3;cloudguardian-data-c8f4e2a3;s3_bucket_object_lock;False;CIS-Controls;CIS Controls v8.1
aws;The CIS Critical Security Controls (CIS Controls) v8.1 are a prioritized set of Safeguards to mitigate the most prevalent cyber-attacks against systems and networks. They are organized into 18 top-level Controls and mapped to three Implementation Groups (IG1, IG2, IG3). This is a cross-provider mapping of Prowler checks to the CIS Controls Safeguards that can be assessed automatically against cloud and platform configurations.;735291151388;ap-south-1;2026-07-11 14:19:13.485135;11.2;Perform automated backups of in-scope enterprise assets. Run backups weekly, or more frequently, based on the sensitivity of the data.;11. Data Recovery;Recover;Data;IG1 | IG2 | IG3;FAIL;S3 Bucket cloudguardian-data-c8f4e2a3 has versioning disabled.;arn:aws:s3:::cloudguardian-data-c8f4e2a3;cloudguardian-data-c8f4e2a3;s3_bucket_object_versioning;False;CIS-Controls;CIS Controls v8.1
aws;The CIS Critical Security Controls (CIS Controls) v8.1 are a prioritized set of Safeguards to mitigate the most prevalent cyber-attacks against systems and networks. They are organized into 18 top-level Controls and mapped to three Implementation Groups (IG1, IG2, IG3). This is a cross-provider mapping of Prowler checks to the CIS Controls Safeguards that can be assessed automatically against cloud and platform configurations.;735291151388;ap-south-1;2026-07-11 14:19:13.485135;3.3;Configure data access control lists based on a user's need to know. Apply data access control lists, also known as access permissions, to local and remote file systems, databases, and applications.;3. Data Protection;Protect;Data;IG1 | IG2 | IG3;PASS;S3 Bucket cloudguardian-data-c8f4e2a3 does not allow public write access in the bucket policy.;arn:aws:s3:::cloudguardian-data-c8f4e2a3;cloudguardian-data-c8f4e2a3;s3_bucket_policy_public_write_access;False;CIS-Controls;CIS Controls v8.1
aws;The CIS Critical Security Controls (CIS Controls) v8.1 are a prioritized set of Safeguards to mitigate the most prevalent cyber-attacks against systems and networks. They are organized into 18 top-level Controls and mapped to three Implementation Groups (IG1, IG2, IG3). This is a cross-provider mapping of Prowler checks to the CIS Controls Safeguards that can be assessed automatically against cloud and platform configurations.;735291151388;ap-south-1;2026-07-11 14:19:13.485135;3.3;Configure data access control lists based on a user's need to know. Apply data access control lists, also known as access permissions, to local and remote file systems, databases, and applications.;3. Data Protection;Protect;Data;IG1 | IG2 | IG3;PASS;S3 Bucket cloudguardian-data-c8f4e2a3 is not public.;arn:aws:s3:::cloudguardian-data-c8f4e2a3;cloudguardian-data-c8f4e2a3;s3_bucket_public_access;False;CIS-Controls;CIS Controls v8.1
aws;The CIS Critical Security Controls (CIS Controls) v8.1 are a prioritized set of Safeguards to mitigate the most prevalent cyber-attacks against systems and networks. They are organized into 18 top-level Controls and mapped to three Implementation Groups (IG1, IG2, IG3). This is a cross-provider mapping of Prowler checks to the CIS Controls Safeguards that can be assessed automatically against cloud and platform configurations.;735291151388;ap-south-1;2026-07-11 14:19:13.485135;3.3;Configure data access control lists based on a user's need to know. Apply data access control lists, also known as access permissions, to local and remote file systems, databases, and applications.;3. Data Protection;Protect;Data;IG1 | IG2 | IG3;PASS;S3 Bucket cloudguardian-data-c8f4e2a3 is not publicly listable.;arn:aws:s3:::cloudguardian-data-c8f4e2a3;cloudguardian-data-c8f4e2a3;s3_bucket_public_list_acl;False;CIS-Controls;CIS Controls v8.1
aws;The CIS Critical Security Controls (CIS Controls) v8.1 are a prioritized set of Safeguards to mitigate the most prevalent cyber-attacks against systems and networks. They are organized into 18 top-level Controls and mapped to three Implementation Groups (IG1, IG2, IG3). This is a cross-provider mapping of Prowler checks to the CIS Controls Safeguards that can be assessed automatically against cloud and platform configurations.;735291151388;ap-south-1;2026-07-11 14:19:13.485135;3.3;Configure data access control lists based on a user's need to know. Apply data access control lists, also known as access permissions, to local and remote file systems, databases, and applications.;3. Data Protection;Protect;Data;IG1 | IG2 | IG3;PASS;S3 Bucket cloudguardian-data-c8f4e2a3 is not publicly writable.;arn:aws:s3:::cloudguardian-data-c8f4e2a3;cloudguardian-data-c8f4e2a3;s3_bucket_public_write_acl;False;CIS-Controls;CIS Controls v8.1
aws;The CIS Critical Security Controls (CIS Controls) v8.1 are a prioritized set of Safeguards to mitigate the most prevalent cyber-attacks against systems and networks. They are organized into 18 top-level Controls and mapped to three Implementation Groups (IG1, IG2, IG3). This is a cross-provider mapping of Prowler checks to the CIS Controls Safeguards that can be assessed automatically against cloud and platform configurations.;735291151388;ap-south-1;2026-07-11 14:19:13.485135;3.10;Encrypt sensitive data in transit. Example implementations can include: Transport Layer Security (TLS) and Open Secure Shell (OpenSSH).;3. Data Protection;Protect;Data;IG2 | IG3;FAIL;S3 Bucket cloudguardian-data-c8f4e2a3 allows requests over insecure transport in the bucket policy.;arn:aws:s3:::cloudguardian-data-c8f4e2a3;cloudguardian-data-c8f4e2a3;s3_bucket_secure_transport_policy;False;CIS-Controls;CIS Controls v8.1
aws;The CIS Critical Security Controls (CIS Controls) v8.1 are a prioritized set of Safeguards to mitigate the most prevalent cyber-attacks against systems and networks. They are organized into 18 top-level Controls and mapped to three Implementation Groups (IG1, IG2, IG3). This is a cross-provider mapping of Prowler checks to the CIS Controls Safeguards that can be assessed automatically against cloud and platform configurations.;735291151388;ap-south-1;2026-07-11 14:19:13.485135;8.2;Collect audit logs. Ensure that logging, per the enterprise's audit log management process, has been enabled across enterprise assets.;8. Audit Log Management;Detect;Data;IG1 | IG2 | IG3;FAIL;S3 Bucket cloudguardian-data-c8f4e2a3 has server access logging disabled.;arn:aws:s3:::cloudguardian-data-c8f4e2a3;cloudguardian-data-c8f4e2a3;s3_bucket_server_access_logging_enabled;False;CIS-Controls;CIS Controls v8.1
aws;The CIS Critical Security Controls (CIS Controls) v8.1 are a prioritized set of Safeguards to mitigate the most prevalent cyber-attacks against systems and networks. They are organized into 18 top-level Controls and mapped to three Implementation Groups (IG1, IG2, IG3). This is a cross-provider mapping of Prowler checks to the CIS Controls Safeguards that can be assessed automatically against cloud and platform configurations.;735291151388;ap-south-1;2026-07-11 14:19:13.485135;17.4;Establish and maintain a documented incident response process that addresses roles and responsibilities, compliance requirements, and a communication plan. Review annually, or when significant enterprise changes occur that could impact this Safeguard.;17. Incident Response Management;Govern;Documentation;IG2 | IG3;FAIL;No SSM Incidents replication set exists.;arn:aws:ssm-incidents:ap-south-1:735291151388:replication-set;735291151388;ssmincidents_enabled_with_plans;False;CIS-Controls;CIS Controls v8.1
aws;The CIS Critical Security Controls (CIS Controls) v8.1 are a prioritized set of Safeguards to mitigate the most prevalent cyber-attacks against systems and networks. They are organized into 18 top-level Controls and mapped to three Implementation Groups (IG1, IG2, IG3). This is a cross-provider mapping of Prowler checks to the CIS Controls Safeguards that can be assessed automatically against cloud and platform configurations.;735291151388;ap-south-1;2026-07-11 14:19:13.485135;8.2;Collect audit logs. Ensure that logging, per the enterprise's audit log management process, has been enabled across enterprise assets.;8. Audit Log Management;Detect;Data;IG1 | IG2 | IG3;FAIL;VPC cloudguardian-vpc Flow logs are disabled.;arn:aws:ec2:ap-south-1:735291151388:vpc/vpc-056acc9b951114346;vpc-056acc9b951114346;vpc_flow_logs_enabled;False;CIS-Controls;CIS Controls v8.1
aws;The CIS Critical Security Controls (CIS Controls) v8.1 are a prioritized set of Safeguards to mitigate the most prevalent cyber-attacks against systems and networks. They are organized into 18 top-level Controls and mapped to three Implementation Groups (IG1, IG2, IG3). This is a cross-provider mapping of Prowler checks to the CIS Controls Safeguards that can be assessed automatically against cloud and platform configurations.;735291151388;ap-south-1;2026-07-11 14:19:13.485135;13.6;Collect network traffic flow logs and/or network traffic to review and alert upon from network devices.;13. Network Monitoring and Defense;Detect;Network;IG2 | IG3;FAIL;VPC cloudguardian-vpc Flow logs are disabled.;arn:aws:ec2:ap-south-1:735291151388:vpc/vpc-056acc9b951114346;vpc-056acc9b951114346;vpc_flow_logs_enabled;False;CIS-Controls;CIS Controls v8.1
aws;The CIS Critical Security Controls (CIS Controls) v8.1 are a prioritized set of Safeguards to mitigate the most prevalent cyber-attacks against systems and networks. They are organized into 18 top-level Controls and mapped to three Implementation Groups (IG1, IG2, IG3). This is a cross-provider mapping of Prowler checks to the CIS Controls Safeguards that can be assessed automatically against cloud and platform configurations.;735291151388;ap-south-1;2026-07-11 14:19:13.485135;12.2;Design and maintain a secure network architecture. A secure network architecture must address segmentation, least privilege, and availability, at a minimum. Example implementations may include documentation, policy, and design components.;12. Network Infrastructure Management;Protect;Network;IG2 | IG3;FAIL;VPC subnet cloudguardian-public assigns public IP by default.;arn:aws:ec2:ap-south-1:735291151388:subnet/subnet-014929246c544396c;subnet-014929246c544396c;vpc_subnet_no_public_ip_by_default;False;CIS-Controls;CIS Controls v8.1
aws;The CIS Critical Security Controls (CIS Controls) v8.1 are a prioritized set of Safeguards to mitigate the most prevalent cyber-attacks against systems and networks. They are organized into 18 top-level Controls and mapped to three Implementation Groups (IG1, IG2, IG3). This is a cross-provider mapping of Prowler checks to the CIS Controls Safeguards that can be assessed automatically against cloud and platform configurations.;735291151388;ap-south-1;2026-07-11 14:19:13.485135;12.2;Design and maintain a secure network architecture. A secure network architecture must address segmentation, least privilege, and availability, at a minimum. Example implementations may include documentation, policy, and design components.;12. Network Infrastructure Management;Protect;Network;IG2 | IG3;FAIL;VPC cloudguardian-vpc has only public subnets.;arn:aws:ec2:ap-south-1:735291151388:vpc/vpc-056acc9b951114346;vpc-056acc9b951114346;vpc_subnet_separate_private_public;False;CIS-Controls;CIS Controls v8.1
aws;The CIS Critical Security Controls (CIS Controls) v8.1 are a prioritized set of Safeguards to mitigate the most prevalent cyber-attacks against systems and networks. They are organized into 18 top-level Controls and mapped to three Implementation Groups (IG1, IG2, IG3). This is a cross-provider mapping of Prowler checks to the CIS Controls Safeguards that can be assessed automatically against cloud and platform configurations.;;;2026-07-11 14:19:13.485135;1.2;Ensure that a process exists to address unauthorized assets on a weekly basis. The enterprise may choose to remove the asset from the network, deny the asset from connecting remotely to the network, or quarantine the asset.;1. Inventory and Control of Enterprise Assets;Respond;Devices;IG1 | IG2 | IG3;MANUAL;Manual check;manual_check;Manual check;manual;False;CIS-Controls;CIS Controls v8.1
aws;The CIS Critical Security Controls (CIS Controls) v8.1 are a prioritized set of Safeguards to mitigate the most prevalent cyber-attacks against systems and networks. They are organized into 18 top-level Controls and mapped to three Implementation Groups (IG1, IG2, IG3). This is a cross-provider mapping of Prowler checks to the CIS Controls Safeguards that can be assessed automatically against cloud and platform configurations.;;;2026-07-11 14:19:13.485135;1.3;Utilize an active discovery tool to identify assets connected to the enterprise's network. Configure the active discovery tool to execute daily, or more frequently.;1. Inventory and Control of Enterprise Assets;Detect;Devices;IG2 | IG3;MANUAL;Manual check;manual_check;Manual check;manual;False;CIS-Controls;CIS Controls v8.1
aws;The CIS Critical Security Controls (CIS Controls) v8.1 are a prioritized set of Safeguards to mitigate the most prevalent cyber-attacks against systems and networks. They are organized into 18 top-level Controls and mapped to three Implementation Groups (IG1, IG2, IG3). This is a cross-provider mapping of Prowler checks to the CIS Controls Safeguards that can be assessed automatically against cloud and platform configurations.;;;2026-07-11 14:19:13.485135;1.4;Use DHCP logging on all DHCP servers or Internet Protocol (IP) address management tools to update the enterprise's asset inventory. Review and use logs to update the enterprise's asset inventory weekly, or more frequently.;1. Inventory and Control of Enterprise Assets;Identify;Devices;IG2 | IG3;MANUAL;Manual check;manual_check;Manual check;manual;False;CIS-Controls;CIS Controls v8.1
aws;The CIS Critical Security Controls (CIS Controls) v8.1 are a prioritized set of Safeguards to mitigate the most prevalent cyber-attacks against systems and networks. They are organized into 18 top-level Controls and mapped to three Implementation Groups (IG1, IG2, IG3). This is a cross-provider mapping of Prowler checks to the CIS Controls Safeguards that can be assessed automatically against cloud and platform configurations.;;;2026-07-11 14:19:13.485135;1.5;Use a passive discovery tool to identify assets connected to the enterprise's network. Review and use scans to update the enterprise's asset inventory at least weekly, or more frequently.;1. Inventory and Control of Enterprise Assets;Detect;Devices;IG3;MANUAL;Manual check;manual_check;Manual check;manual;False;CIS-Controls;CIS Controls v8.1
aws;The CIS Critical Security Controls (CIS Controls) v8.1 are a prioritized set of Safeguards to mitigate the most prevalent cyber-attacks against systems and networks. They are organized into 18 top-level Controls and mapped to three Implementation Groups (IG1, IG2, IG3). This is a cross-provider mapping of Prowler checks to the CIS Controls Safeguards that can be assessed automatically against cloud and platform configurations.;;;2026-07-11 14:19:13.485135;2.1;"Establish and maintain a detailed inventory of all licensed software installed on enterprise assets. The software inventory must document the title, publisher, initial install/use date, and business purpose for each entry; where appropriate, include the Uniform Resource Locator (URL), app store(s), version(s), deployment mechanism, decommission date, and number of licenses. Review and update the software inventory bi-annually, or more frequently.";2. Inventory and Control of Software Assets;Identify;Software;IG1 | IG2 | IG3;MANUAL;Manual check;manual_check;Manual check;manual;False;CIS-Controls;CIS Controls v8.1
aws;The CIS Critical Security Controls (CIS Controls) v8.1 are a prioritized set of Safeguards to mitigate the most prevalent cyber-attacks against systems and networks. They are organized into 18 top-level Controls and mapped to three Implementation Groups (IG1, IG2, IG3). This is a cross-provider mapping of Prowler checks to the CIS Controls Safeguards that can be assessed automatically against cloud and platform configurations.;;;2026-07-11 14:19:13.485135;2.3;Ensure that unauthorized software is either removed from use on enterprise assets or receives a documented exception. Review monthly, or more frequently.;2. Inventory and Control of Software Assets;Respond;Software;IG1 | IG2 | IG3;MANUAL;Manual check;manual_check;Manual check;manual;False;CIS-Controls;CIS Controls v8.1
aws;The CIS Critical Security Controls (CIS Controls) v8.1 are a prioritized set of Safeguards to mitigate the most prevalent cyber-attacks against systems and networks. They are organized into 18 top-level Controls and mapped to three Implementation Groups (IG1, IG2, IG3). This is a cross-provider mapping of Prowler checks to the CIS Controls Safeguards that can be assessed automatically against cloud and platform configurations.;;;2026-07-11 14:19:13.485135;2.4;Utilize software inventory tools, when possible, throughout the enterprise to automate the discovery and documentation of installed software.;2. Inventory and Control of Software Assets;Detect;Software;IG2 | IG3;MANUAL;Manual check;manual_check;Manual check;manual;False;CIS-Controls;CIS Controls v8.1
aws;The CIS Critical Security Controls (CIS Controls) v8.1 are a prioritized set of Safeguards to mitigate the most prevalent cyber-attacks against systems and networks. They are organized into 18 top-level Controls and mapped to three Implementation Groups (IG1, IG2, IG3). This is a cross-provider mapping of Prowler checks to the CIS Controls Safeguards that can be assessed automatically against cloud and platform configurations.;;;2026-07-11 14:19:13.485135;2.5;Use technical controls, such as application allowlisting, to ensure that only authorized software can execute or be accessed. Reassess bi-annually, or more frequently.;2. Inventory and Control of Software Assets;Protect;Software;IG2 | IG3;MANUAL;Manual check;manual_check;Manual check;manual;False;CIS-Controls;CIS Controls v8.1
aws;The CIS Critical Security Controls (CIS Controls) v8.1 are a prioritized set of Safeguards to mitigate the most prevalent cyber-attacks against systems and networks. They are organized into 18 top-level Controls and mapped to three Implementation Groups (IG1, IG2, IG3). This is a cross-provider mapping of Prowler checks to the CIS Controls Safeguards that can be assessed automatically against cloud and platform configurations.;;;2026-07-11 14:19:13.485135;2.6;Use technical controls to ensure that only authorized software libraries, such as specific .dll, .ocx, and .so files, are allowed to load into a system process. Block unauthorized libraries from loading into a system process. Reassess bi-annually, or more frequently.;2. Inventory and Control of Software Assets;Protect;Software;IG2 | IG3;MANUAL;Manual check;manual_check;Manual check;manual;False;CIS-Controls;CIS Controls v8.1
aws;The CIS Critical Security Controls (CIS Controls) v8.1 are a prioritized set of Safeguards to mitigate the most prevalent cyber-attacks against systems and networks. They are organized into 18 top-level Controls and mapped to three Implementation Groups (IG1, IG2, IG3). This is a cross-provider mapping of Prowler checks to the CIS Controls Safeguards that can be assessed automatically against cloud and platform configurations.;;;2026-07-11 14:19:13.485135;2.7;Use technical controls, such as digital signatures and version control, to ensure that only authorized scripts, such as specific .ps1, and .py files are allowed to execute. Block unauthorized scripts from executing. Reassess bi-annually, or more frequently.;2. Inventory and Control of Software Assets;Protect;Software;IG3;MANUAL;Manual check;manual_check;Manual check;manual;False;CIS-Controls;CIS Controls v8.1
aws;The CIS Critical Security Controls (CIS Controls) v8.1 are a prioritized set of Safeguards to mitigate the most prevalent cyber-attacks against systems and networks. They are organized into 18 top-level Controls and mapped to three Implementation Groups (IG1, IG2, IG3). This is a cross-provider mapping of Prowler checks to the CIS Controls Safeguards that can be assessed automatically against cloud and platform configurations.;;;2026-07-11 14:19:13.485135;3.1;Establish and maintain a documented data management process. In the process, address data sensitivity, data owner, handling of data, data retention limits, and disposal requirements, based on sensitivity and retention standards for the enterprise. Review and update documentation annually, or when significant enterprise changes occur that could impact this Safeguard.;3. Data Protection;Govern;Data;IG1 | IG2 | IG3;MANUAL;Manual check;manual_check;Manual check;manual;False;CIS-Controls;CIS Controls v8.1
aws;The CIS Critical Security Controls (CIS Controls) v8.1 are a prioritized set of Safeguards to mitigate the most prevalent cyber-attacks against systems and networks. They are organized into 18 top-level Controls and mapped to three Implementation Groups (IG1, IG2, IG3). This is a cross-provider mapping of Prowler checks to the CIS Controls Safeguards that can be assessed automatically against cloud and platform configurations.;;;2026-07-11 14:19:13.485135;3.5;Securely dispose of data as outlined in the enterprise's documented data management process. Ensure the disposal process and method are commensurate with the data sensitivity.;3. Data Protection;Protect;Data;IG1 | IG2 | IG3;MANUAL;Manual check;manual_check;Manual check;manual;False;CIS-Controls;CIS Controls v8.1
aws;The CIS Critical Security Controls (CIS Controls) v8.1 are a prioritized set of Safeguards to mitigate the most prevalent cyber-attacks against systems and networks. They are organized into 18 top-level Controls and mapped to three Implementation Groups (IG1, IG2, IG3). This is a cross-provider mapping of Prowler checks to the CIS Controls Safeguards that can be assessed automatically against cloud and platform configurations.;;;2026-07-11 14:19:13.485135;3.6;Encrypt data on end-user devices containing sensitive data. Example implementations can include: Windows BitLocker®, Apple FileVault®, Linux® dm-crypt.;3. Data Protection;Protect;Data;IG1 | IG2 | IG3;MANUAL;Manual check;manual_check;Manual check;manual;False;CIS-Controls;CIS Controls v8.1
aws;The CIS Critical Security Controls (CIS Controls) v8.1 are a prioritized set of Safeguards to mitigate the most prevalent cyber-attacks against systems and networks. They are organized into 18 top-level Controls and mapped to three Implementation Groups (IG1, IG2, IG3). This is a cross-provider mapping of Prowler checks to the CIS Controls Safeguards that can be assessed automatically against cloud and platform configurations.;;;2026-07-11 14:19:13.485135;3.7;"Establish and maintain an overall data classification scheme for the enterprise. Enterprises may use labels, such as ""Sensitive,"" ""Confidential,"" and ""Public,"" and classify their data according to those labels. Review and update the classification scheme annually, or when significant enterprise changes occur that could impact this Safeguard.";3. Data Protection;Identify;Data;IG2 | IG3;MANUAL;Manual check;manual_check;Manual check;manual;False;CIS-Controls;CIS Controls v8.1
aws;The CIS Critical Security Controls (CIS Controls) v8.1 are a prioritized set of Safeguards to mitigate the most prevalent cyber-attacks against systems and networks. They are organized into 18 top-level Controls and mapped to three Implementation Groups (IG1, IG2, IG3). This is a cross-provider mapping of Prowler checks to the CIS Controls Safeguards that can be assessed automatically against cloud and platform configurations.;;;2026-07-11 14:19:13.485135;3.8;Document data flows. Data flow documentation includes service provider data flows and should be based on the enterprise's data management process. Review and update documentation annually, or when significant enterprise changes occur that could impact this Safeguard.;3. Data Protection;Identify;Data;IG2 | IG3;MANUAL;Manual check;manual_check;Manual check;manual;False;CIS-Controls;CIS Controls v8.1
aws;The CIS Critical Security Controls (CIS Controls) v8.1 are a prioritized set of Safeguards to mitigate the most prevalent cyber-attacks against systems and networks. They are organized into 18 top-level Controls and mapped to three Implementation Groups (IG1, IG2, IG3). This is a cross-provider mapping of Prowler checks to the CIS Controls Safeguards that can be assessed automatically against cloud and platform configurations.;;;2026-07-11 14:19:13.485135;3.9;Encrypt data on removable media.;3. Data Protection;Protect;Data;IG2 | IG3;MANUAL;Manual check;manual_check;Manual check;manual;False;CIS-Controls;CIS Controls v8.1
aws;The CIS Critical Security Controls (CIS Controls) v8.1 are a prioritized set of Safeguards to mitigate the most prevalent cyber-attacks against systems and networks. They are organized into 18 top-level Controls and mapped to three Implementation Groups (IG1, IG2, IG3). This is a cross-provider mapping of Prowler checks to the CIS Controls Safeguards that can be assessed automatically against cloud and platform configurations.;;;2026-07-11 14:19:13.485135;3.12;Segment data processing and storage based on the sensitivity of the data. Do not process sensitive data on enterprise assets intended for lower sensitivity data.;3. Data Protection;Protect;Data;IG2 | IG3;MANUAL;Manual check;manual_check;Manual check;manual;False;CIS-Controls;CIS Controls v8.1
aws;The CIS Critical Security Controls (CIS Controls) v8.1 are a prioritized set of Safeguards to mitigate the most prevalent cyber-attacks against systems and networks. They are organized into 18 top-level Controls and mapped to three Implementation Groups (IG1, IG2, IG3). This is a cross-provider mapping of Prowler checks to the CIS Controls Safeguards that can be assessed automatically against cloud and platform configurations.;;;2026-07-11 14:19:13.485135;4.1;Establish and maintain a documented secure configuration process for enterprise assets (end-user devices, including portable and mobile, non-computing/IoT devices, and servers) and software (operating systems and applications). Review and update documentation annually, or when significant enterprise changes occur that could impact this Safeguard.;4. Secure Configuration of Enterprise Assets and Software;Govern;Documentation;IG1 | IG2 | IG3;MANUAL;Manual check;manual_check;Manual check;manual;False;CIS-Controls;CIS Controls v8.1
aws;The CIS Critical Security Controls (CIS Controls) v8.1 are a prioritized set of Safeguards to mitigate the most prevalent cyber-attacks against systems and networks. They are organized into 18 top-level Controls and mapped to three Implementation Groups (IG1, IG2, IG3). This is a cross-provider mapping of Prowler checks to the CIS Controls Safeguards that can be assessed automatically against cloud and platform configurations.;;;2026-07-11 14:19:13.485135;4.2;Establish and maintain a documented secure configuration process for network devices. Review and update documentation annually, or when significant enterprise changes occur that could impact this Safeguard.;4. Secure Configuration of Enterprise Assets and Software;Govern;Documentation;IG1 | IG2 | IG3;MANUAL;Manual check;manual_check;Manual check;manual;False;CIS-Controls;CIS Controls v8.1
aws;The CIS Critical Security Controls (CIS Controls) v8.1 are a prioritized set of Safeguards to mitigate the most prevalent cyber-attacks against systems and networks. They are organized into 18 top-level Controls and mapped to three Implementation Groups (IG1, IG2, IG3). This is a cross-provider mapping of Prowler checks to the CIS Controls Safeguards that can be assessed automatically against cloud and platform configurations.;;;2026-07-11 14:19:13.485135;4.5;Implement and manage a host-based firewall or port-filtering tool on end-user devices, with a default-deny rule that drops all traffic except those services and ports that are explicitly allowed.;4. Secure Configuration of Enterprise Assets and Software;Protect;Devices;IG1 | IG2 | IG3;MANUAL;Manual check;manual_check;Manual check;manual;False;CIS-Controls;CIS Controls v8.1
aws;The CIS Critical Security Controls (CIS Controls) v8.1 are a prioritized set of Safeguards to mitigate the most prevalent cyber-attacks against systems and networks. They are organized into 18 top-level Controls and mapped to three Implementation Groups (IG1, IG2, IG3). This is a cross-provider mapping of Prowler checks to the CIS Controls Safeguards that can be assessed automatically against cloud and platform configurations.;;;2026-07-11 14:19:13.485135;4.8;Uninstall or disable unnecessary services on enterprise assets and software, such as an unused file sharing service, web application module, or service function.;4. Secure Configuration of Enterprise Assets and Software;Protect;Devices;IG2 | IG3;MANUAL;Manual check;manual_check;Manual check;manual;False;CIS-Controls;CIS Controls v8.1
aws;The CIS Critical Security Controls (CIS Controls) v8.1 are a prioritized set of Safeguards to mitigate the most prevalent cyber-attacks against systems and networks. They are organized into 18 top-level Controls and mapped to three Implementation Groups (IG1, IG2, IG3). This is a cross-provider mapping of Prowler checks to the CIS Controls Safeguards that can be assessed automatically against cloud and platform configurations.;;;2026-07-11 14:19:13.485135;4.9;Configure trusted DNS servers on network infrastructure. Example implementations include configuring network devices to use enterprise-controlled DNS servers and/or reputable externally accessible DNS servers.;4. Secure Configuration of Enterprise Assets and Software;Protect;Devices;IG2 | IG3;MANUAL;Manual check;manual_check;Manual check;manual;False;CIS-Controls;CIS Controls v8.1
aws;The CIS Critical Security Controls (CIS Controls) v8.1 are a prioritized set of Safeguards to mitigate the most prevalent cyber-attacks against systems and networks. They are organized into 18 top-level Controls and mapped to three Implementation Groups (IG1, IG2, IG3). This is a cross-provider mapping of Prowler checks to the CIS Controls Safeguards that can be assessed automatically against cloud and platform configurations.;;;2026-07-11 14:19:13.485135;4.10;"Enforce automatic device lockout following a predetermined threshold of local failed authentication attempts on portable end-user devices, where supported. For laptops, do not allow more than 20 failed authentication attempts; for tablets and smartphones, no more than 10 failed authentication attempts. Example implementations include Microsoft® InTune Device Lock and Apple® Configuration Profile maxFailedAttempts.";4. Secure Configuration of Enterprise Assets and Software;Protect;Devices;IG2 | IG3;MANUAL;Manual check;manual_check;Manual check;manual;False;CIS-Controls;CIS Controls v8.1
aws;The CIS Critical Security Controls (CIS Controls) v8.1 are a prioritized set of Safeguards to mitigate the most prevalent cyber-attacks against systems and networks. They are organized into 18 top-level Controls and mapped to three Implementation Groups (IG1, IG2, IG3). This is a cross-provider mapping of Prowler checks to the CIS Controls Safeguards that can be assessed automatically against cloud and platform configurations.;;;2026-07-11 14:19:13.485135;4.11;Remotely wipe enterprise data from enterprise-owned portable end-user devices when deemed appropriate such as lost or stolen devices, or when an individual no longer supports the enterprise.;4. Secure Configuration of Enterprise Assets and Software;Protect;Data;IG2 | IG3;MANUAL;Manual check;manual_check;Manual check;manual;False;CIS-Controls;CIS Controls v8.1
aws;The CIS Critical Security Controls (CIS Controls) v8.1 are a prioritized set of Safeguards to mitigate the most prevalent cyber-attacks against systems and networks. They are organized into 18 top-level Controls and mapped to three Implementation Groups (IG1, IG2, IG3). This is a cross-provider mapping of Prowler checks to the CIS Controls Safeguards that can be assessed automatically against cloud and platform configurations.;;;2026-07-11 14:19:13.485135;4.12;Ensure separate enterprise workspaces are used on mobile end-user devices, where supported. Example implementations include using an Apple® Configuration Profile or Android™ Work Profile to separate enterprise applications and data from personal applications and data.;4. Secure Configuration of Enterprise Assets and Software;Protect;Data;IG3;MANUAL;Manual check;manual_check;Manual check;manual;False;CIS-Controls;CIS Controls v8.1
aws;The CIS Critical Security Controls (CIS Controls) v8.1 are a prioritized set of Safeguards to mitigate the most prevalent cyber-attacks against systems and networks. They are organized into 18 top-level Controls and mapped to three Implementation Groups (IG1, IG2, IG3). This is a cross-provider mapping of Prowler checks to the CIS Controls Safeguards that can be assessed automatically against cloud and platform configurations.;;;2026-07-11 14:19:13.485135;5.1;Establish and maintain an inventory of all accounts managed in the enterprise. The inventory must at a minimum include user, administrator, and service accounts. The inventory, at a minimum, should contain the person's name, username, start/stop dates, and department. Validate that all active accounts are authorized, on a recurring schedule at a minimum quarterly, or more frequently.;5. Account Management;Identify;Users;IG1 | IG2 | IG3;MANUAL;Manual check;manual_check;Manual check;manual;False;CIS-Controls;CIS Controls v8.1
aws;The CIS Critical Security Controls (CIS Controls) v8.1 are a prioritized set of Safeguards to mitigate the most prevalent cyber-attacks against systems and networks. They are organized into 18 top-level Controls and mapped to three Implementation Groups (IG1, IG2, IG3). This is a cross-provider mapping of Prowler checks to the CIS Controls Safeguards that can be assessed automatically against cloud and platform configurations.;;;2026-07-11 14:19:13.485135;5.5;Establish and maintain an inventory of service accounts. The inventory, at a minimum, must contain department owner, review date, and purpose. Perform service account reviews to validate that all active accounts are authorized, on a recurring schedule at a minimum quarterly, or more frequently.;5. Account Management;Identify;Users;IG2 | IG3;MANUAL;Manual check;manual_check;Manual check;manual;False;CIS-Controls;CIS Controls v8.1
aws;The CIS Critical Security Controls (CIS Controls) v8.1 are a prioritized set of Safeguards to mitigate the most prevalent cyber-attacks against systems and networks. They are organized into 18 top-level Controls and mapped to three Implementation Groups (IG1, IG2, IG3). This is a cross-provider mapping of Prowler checks to the CIS Controls Safeguards that can be assessed automatically against cloud and platform configurations.;;;2026-07-11 14:19:13.485135;6.1;Establish and follow a documented process, preferably automated, for granting access to enterprise assets upon new hire or role change of a user.;6. Access Control Management;Govern;Documentation;IG1 | IG2 | IG3;MANUAL;Manual check;manual_check;Manual check;manual;False;CIS-Controls;CIS Controls v8.1
aws;The CIS Critical Security Controls (CIS Controls) v8.1 are a prioritized set of Safeguards to mitigate the most prevalent cyber-attacks against systems and networks. They are organized into 18 top-level Controls and mapped to three Implementation Groups (IG1, IG2, IG3). This is a cross-provider mapping of Prowler checks to the CIS Controls Safeguards that can be assessed automatically against cloud and platform configurations.;;;2026-07-11 14:19:13.485135;6.2;Establish and follow a process, preferably automated, for revoking access to enterprise assets, through disabling accounts immediately upon termination, rights revocation, or role change of a user. Disabling accounts, instead of deleting accounts, may be necessary to preserve audit trails.;6. Access Control Management;Govern;Documentation;IG1 | IG2 | IG3;MANUAL;Manual check;manual_check;Manual check;manual;False;CIS-Controls;CIS Controls v8.1
aws;The CIS Critical Security Controls (CIS Controls) v8.1 are a prioritized set of Safeguards to mitigate the most prevalent cyber-attacks against systems and networks. They are organized into 18 top-level Controls and mapped to three Implementation Groups (IG1, IG2, IG3). This is a cross-provider mapping of Prowler checks to the CIS Controls Safeguards that can be assessed automatically against cloud and platform configurations.;;;2026-07-11 14:19:13.485135;6.6;Establish and maintain an inventory of the enterprise's authentication and authorization systems, including those hosted on-site or at a remote service provider. Review and update the inventory, at a minimum, annually, or more frequently.;6. Access Control Management;Identify;Software;IG2 | IG3;MANUAL;Manual check;manual_check;Manual check;manual;False;CIS-Controls;CIS Controls v8.1
aws;The CIS Critical Security Controls (CIS Controls) v8.1 are a prioritized set of Safeguards to mitigate the most prevalent cyber-attacks against systems and networks. They are organized into 18 top-level Controls and mapped to three Implementation Groups (IG1, IG2, IG3). This is a cross-provider mapping of Prowler checks to the CIS Controls Safeguards that can be assessed automatically against cloud and platform configurations.;;;2026-07-11 14:19:13.485135;7.1;Establish and maintain a documented vulnerability management process for enterprise assets. Review and update documentation annually, or when significant enterprise changes occur that could impact this Safeguard.;7. Continuous Vulnerability Management;Govern;Documentation;IG1 | IG2 | IG3;MANUAL;Manual check;manual_check;Manual check;manual;False;CIS-Controls;CIS Controls v8.1
aws;The CIS Critical Security Controls (CIS Controls) v8.1 are a prioritized set of Safeguards to mitigate the most prevalent cyber-attacks against systems and networks. They are organized into 18 top-level Controls and mapped to three Implementation Groups (IG1, IG2, IG3). This is a cross-provider mapping of Prowler checks to the CIS Controls Safeguards that can be assessed automatically against cloud and platform configurations.;;;2026-07-11 14:19:13.485135;7.2;Establish and maintain a risk-based remediation strategy documented in a remediation process, with monthly, or more frequent, reviews.;7. Continuous Vulnerability Management;Govern;Documentation;IG1 | IG2 | IG3;MANUAL;Manual check;manual_check;Manual check;manual;False;CIS-Controls;CIS Controls v8.1
aws;The CIS Critical Security Controls (CIS Controls) v8.1 are a prioritized set of Safeguards to mitigate the most prevalent cyber-attacks against systems and networks. They are organized into 18 top-level Controls and mapped to three Implementation Groups (IG1, IG2, IG3). This is a cross-provider mapping of Prowler checks to the CIS Controls Safeguards that can be assessed automatically against cloud and platform configurations.;;;2026-07-11 14:19:13.485135;8.1;Establish and maintain a documented audit log management process that defines the enterprise's logging requirements. At a minimum, address the collection, review, and retention of audit logs for enterprise assets. Review and update documentation annually, or when significant enterprise changes occur that could impact this Safeguard.;8. Audit Log Management;Govern;Documentation;IG1 | IG2 | IG3;MANUAL;Manual check;manual_check;Manual check;manual;False;CIS-Controls;CIS Controls v8.1
aws;The CIS Critical Security Controls (CIS Controls) v8.1 are a prioritized set of Safeguards to mitigate the most prevalent cyber-attacks against systems and networks. They are organized into 18 top-level Controls and mapped to three Implementation Groups (IG1, IG2, IG3). This is a cross-provider mapping of Prowler checks to the CIS Controls Safeguards that can be assessed automatically against cloud and platform configurations.;;;2026-07-11 14:19:13.485135;8.3;Ensure that logging destinations maintain adequate storage to comply with the enterprise's audit log management process.;8. Audit Log Management;Protect;Data;IG1 | IG2 | IG3;MANUAL;Manual check;manual_check;Manual check;manual;False;CIS-Controls;CIS Controls v8.1
aws;The CIS Critical Security Controls (CIS Controls) v8.1 are a prioritized set of Safeguards to mitigate the most prevalent cyber-attacks against systems and networks. They are organized into 18 top-level Controls and mapped to three Implementation Groups (IG1, IG2, IG3). This is a cross-provider mapping of Prowler checks to the CIS Controls Safeguards that can be assessed automatically against cloud and platform configurations.;;;2026-07-11 14:19:13.485135;8.4;Standardize time synchronization. Configure at least two synchronized time sources across enterprise assets, where supported.;8. Audit Log Management;Protect;Network;IG2 | IG3;MANUAL;Manual check;manual_check;Manual check;manual;False;CIS-Controls;CIS Controls v8.1
aws;The CIS Critical Security Controls (CIS Controls) v8.1 are a prioritized set of Safeguards to mitigate the most prevalent cyber-attacks against systems and networks. They are organized into 18 top-level Controls and mapped to three Implementation Groups (IG1, IG2, IG3). This is a cross-provider mapping of Prowler checks to the CIS Controls Safeguards that can be assessed automatically against cloud and platform configurations.;;;2026-07-11 14:19:13.485135;8.7;Collect URL request audit logs on enterprise assets, where appropriate and supported.;8. Audit Log Management;Detect;Data;IG2 | IG3;MANUAL;Manual check;manual_check;Manual check;manual;False;CIS-Controls;CIS Controls v8.1
aws;The CIS Critical Security Controls (CIS Controls) v8.1 are a prioritized set of Safeguards to mitigate the most prevalent cyber-attacks against systems and networks. They are organized into 18 top-level Controls and mapped to three Implementation Groups (IG1, IG2, IG3). This is a cross-provider mapping of Prowler checks to the CIS Controls Safeguards that can be assessed automatically against cloud and platform configurations.;;;2026-07-11 14:19:13.485135;8.8;Collect command-line audit logs. Example implementations include collecting audit logs from PowerShell®, BASH™, and remote administrative terminals.;8. Audit Log Management;Detect;Data;IG2 | IG3;MANUAL;Manual check;manual_check;Manual check;manual;False;CIS-Controls;CIS Controls v8.1
aws;The CIS Critical Security Controls (CIS Controls) v8.1 are a prioritized set of Safeguards to mitigate the most prevalent cyber-attacks against systems and networks. They are organized into 18 top-level Controls and mapped to three Implementation Groups (IG1, IG2, IG3). This is a cross-provider mapping of Prowler checks to the CIS Controls Safeguards that can be assessed automatically against cloud and platform configurations.;;;2026-07-11 14:19:13.485135;9.1;Ensure only fully supported browsers and email clients are allowed to execute in the enterprise, only using the latest version of browsers and email clients provided through the vendor.;9. Email and Web Browser Protections;Protect;Software;IG1 | IG2 | IG3;MANUAL;Manual check;manual_check;Manual check;manual;False;CIS-Controls;CIS Controls v8.1
aws;The CIS Critical Security Controls (CIS Controls) v8.1 are a prioritized set of Safeguards to mitigate the most prevalent cyber-attacks against systems and networks. They are organized into 18 top-level Controls and mapped to three Implementation Groups (IG1, IG2, IG3). This is a cross-provider mapping of Prowler checks to the CIS Controls Safeguards that can be assessed automatically against cloud and platform configurations.;;;2026-07-11 14:19:13.485135;9.2;Use DNS filtering services on all end-user devices, including remote and on-premises assets, to block access to known malicious domains.;9. Email and Web Browser Protections;Protect;Devices;IG1 | IG2 | IG3;MANUAL;Manual check;manual_check;Manual check;manual;False;CIS-Controls;CIS Controls v8.1
aws;The CIS Critical Security Controls (CIS Controls) v8.1 are a prioritized set of Safeguards to mitigate the most prevalent cyber-attacks against systems and networks. They are organized into 18 top-level Controls and mapped to three Implementation Groups (IG1, IG2, IG3). This is a cross-provider mapping of Prowler checks to the CIS Controls Safeguards that can be assessed automatically against cloud and platform configurations.;;;2026-07-11 14:19:13.485135;9.3;Enforce and update network-based URL filters to limit an enterprise asset from connecting to potentially malicious or unapproved websites. Example implementations include category-based filtering, reputation-based filtering, or through the use of block lists. Enforce filters for all enterprise assets.;9. Email and Web Browser Protections;Protect;Network;IG2 | IG3;MANUAL;Manual check;manual_check;Manual check;manual;False;CIS-Controls;CIS Controls v8.1
aws;The CIS Critical Security Controls (CIS Controls) v8.1 are a prioritized set of Safeguards to mitigate the most prevalent cyber-attacks against systems and networks. They are organized into 18 top-level Controls and mapped to three Implementation Groups (IG1, IG2, IG3). This is a cross-provider mapping of Prowler checks to the CIS Controls Safeguards that can be assessed automatically against cloud and platform configurations.;;;2026-07-11 14:19:13.485135;9.4;Restrict, either through uninstalling or disabling, any unauthorized or unnecessary browser or email client plugins, extensions, and add-on applications.;9. Email and Web Browser Protections;Protect;Software;IG2 | IG3;MANUAL;Manual check;manual_check;Manual check;manual;False;CIS-Controls;CIS Controls v8.1
aws;The CIS Critical Security Controls (CIS Controls) v8.1 are a prioritized set of Safeguards to mitigate the most prevalent cyber-attacks against systems and networks. They are organized into 18 top-level Controls and mapped to three Implementation Groups (IG1, IG2, IG3). This is a cross-provider mapping of Prowler checks to the CIS Controls Safeguards that can be assessed automatically against cloud and platform configurations.;;;2026-07-11 14:19:13.485135;9.6;Block unnecessary file types attempting to enter the enterprise's email gateway.;9. Email and Web Browser Protections;Protect;Network;IG2 | IG3;MANUAL;Manual check;manual_check;Manual check;manual;False;CIS-Controls;CIS Controls v8.1
aws;The CIS Critical Security Controls (CIS Controls) v8.1 are a prioritized set of Safeguards to mitigate the most prevalent cyber-attacks against systems and networks. They are organized into 18 top-level Controls and mapped to three Implementation Groups (IG1, IG2, IG3). This is a cross-provider mapping of Prowler checks to the CIS Controls Safeguards that can be assessed automatically against cloud and platform configurations.;;;2026-07-11 14:19:13.485135;9.7;Deploy and maintain email server anti-malware protections, such as attachment scanning and/or sandboxing.;9. Email and Web Browser Protections;Protect;Network;IG3;MANUAL;Manual check;manual_check;Manual check;manual;False;CIS-Controls;CIS Controls v8.1
aws;The CIS Critical Security Controls (CIS Controls) v8.1 are a prioritized set of Safeguards to mitigate the most prevalent cyber-attacks against systems and networks. They are organized into 18 top-level Controls and mapped to three Implementation Groups (IG1, IG2, IG3). This is a cross-provider mapping of Prowler checks to the CIS Controls Safeguards that can be assessed automatically against cloud and platform configurations.;;;2026-07-11 14:19:13.485135;10.2;Configure automatic updates for anti-malware signature files on all enterprise assets.;10. Malware Defenses;Protect;Devices;IG1 | IG2 | IG3;MANUAL;Manual check;manual_check;Manual check;manual;False;CIS-Controls;CIS Controls v8.1
aws;The CIS Critical Security Controls (CIS Controls) v8.1 are a prioritized set of Safeguards to mitigate the most prevalent cyber-attacks against systems and networks. They are organized into 18 top-level Controls and mapped to three Implementation Groups (IG1, IG2, IG3). This is a cross-provider mapping of Prowler checks to the CIS Controls Safeguards that can be assessed automatically against cloud and platform configurations.;;;2026-07-11 14:19:13.485135;10.3;Disable autorun and autoplay auto-execute functionality for removable media.;10. Malware Defenses;Protect;Devices;IG1 | IG2 | IG3;MANUAL;Manual check;manual_check;Manual check;manual;False;CIS-Controls;CIS Controls v8.1
aws;The CIS Critical Security Controls (CIS Controls) v8.1 are a prioritized set of Safeguards to mitigate the most prevalent cyber-attacks against systems and networks. They are organized into 18 top-level Controls and mapped to three Implementation Groups (IG1, IG2, IG3). This is a cross-provider mapping of Prowler checks to the CIS Controls Safeguards that can be assessed automatically against cloud and platform configurations.;;;2026-07-11 14:19:13.485135;10.4;Configure anti-malware software to automatically scan removable media.;10. Malware Defenses;Detect;Devices;IG2 | IG3;MANUAL;Manual check;manual_check;Manual check;manual;False;CIS-Controls;CIS Controls v8.1
aws;The CIS Critical Security Controls (CIS Controls) v8.1 are a prioritized set of Safeguards to mitigate the most prevalent cyber-attacks against systems and networks. They are organized into 18 top-level Controls and mapped to three Implementation Groups (IG1, IG2, IG3). This is a cross-provider mapping of Prowler checks to the CIS Controls Safeguards that can be assessed automatically against cloud and platform configurations.;;;2026-07-11 14:19:13.485135;10.5;Enable anti-exploitation features on enterprise assets and software, where possible, such as Microsoft® Data Execution Prevention (DEP), Windows® Defender Exploit Guard (WDEG), or Apple® System Integrity Protection (SIP) and Gatekeeper™.;10. Malware Defenses;Protect;Devices;IG2 | IG3;MANUAL;Manual check;manual_check;Manual check;manual;False;CIS-Controls;CIS Controls v8.1
aws;The CIS Critical Security Controls (CIS Controls) v8.1 are a prioritized set of Safeguards to mitigate the most prevalent cyber-attacks against systems and networks. They are organized into 18 top-level Controls and mapped to three Implementation Groups (IG1, IG2, IG3). This is a cross-provider mapping of Prowler checks to the CIS Controls Safeguards that can be assessed automatically against cloud and platform configurations.;;;2026-07-11 14:19:13.485135;11.1;Establish and maintain a documented data recovery process that includes detailed backup procedures. In the process, address the scope of data recovery activities, recovery prioritization, and the security of backup data. Review and update documentation annually, or when significant enterprise changes occur that could impact this Safeguard.;11. Data Recovery;Govern;Documentation;IG1 | IG2 | IG3;MANUAL;Manual check;manual_check;Manual check;manual;False;CIS-Controls;CIS Controls v8.1
aws;The CIS Critical Security Controls (CIS Controls) v8.1 are a prioritized set of Safeguards to mitigate the most prevalent cyber-attacks against systems and networks. They are organized into 18 top-level Controls and mapped to three Implementation Groups (IG1, IG2, IG3). This is a cross-provider mapping of Prowler checks to the CIS Controls Safeguards that can be assessed automatically against cloud and platform configurations.;;;2026-07-11 14:19:13.485135;11.5;Test backup recovery quarterly, or more frequently, for a sampling of in-scope enterprise assets.;11. Data Recovery;Recover;Data;IG2 | IG3;MANUAL;Manual check;manual_check;Manual check;manual;False;CIS-Controls;CIS Controls v8.1
aws;The CIS Critical Security Controls (CIS Controls) v8.1 are a prioritized set of Safeguards to mitigate the most prevalent cyber-attacks against systems and networks. They are organized into 18 top-level Controls and mapped to three Implementation Groups (IG1, IG2, IG3). This is a cross-provider mapping of Prowler checks to the CIS Controls Safeguards that can be assessed automatically against cloud and platform configurations.;;;2026-07-11 14:19:13.485135;12.1;Ensure network infrastructure is kept up-to-date. Example implementations include running the latest stable release of software and/or using currently supported network as a service (Naas) offerings. Review software versions monthly, or more frequently, to verify software support.;12. Network Infrastructure Management;Protect;Network;IG1 | IG2 | IG3;MANUAL;Manual check;manual_check;Manual check;manual;False;CIS-Controls;CIS Controls v8.1
aws;The CIS Critical Security Controls (CIS Controls) v8.1 are a prioritized set of Safeguards to mitigate the most prevalent cyber-attacks against systems and networks. They are organized into 18 top-level Controls and mapped to three Implementation Groups (IG1, IG2, IG3). This is a cross-provider mapping of Prowler checks to the CIS Controls Safeguards that can be assessed automatically against cloud and platform configurations.;;;2026-07-11 14:19:13.485135;12.3;Securely manage network infrastructure. Example implementations include version-controlled Infrastructure-as-Code (IaC), and the use of secure network protocols, such as SSH and HTTPS.;12. Network Infrastructure Management;Protect;Network;IG2 | IG3;MANUAL;Manual check;manual_check;Manual check;manual;False;CIS-Controls;CIS Controls v8.1
aws;The CIS Critical Security Controls (CIS Controls) v8.1 are a prioritized set of Safeguards to mitigate the most prevalent cyber-attacks against systems and networks. They are organized into 18 top-level Controls and mapped to three Implementation Groups (IG1, IG2, IG3). This is a cross-provider mapping of Prowler checks to the CIS Controls Safeguards that can be assessed automatically against cloud and platform configurations.;;;2026-07-11 14:19:13.485135;12.4;Establish and maintain architecture diagram(s) and/or other network system documentation. Review and update documentation annually, or when significant enterprise changes occur that could impact this Safeguard.;12. Network Infrastructure Management;Govern;Documentation;IG2 | IG3;MANUAL;Manual check;manual_check;Manual check;manual;False;CIS-Controls;CIS Controls v8.1
aws;The CIS Critical Security Controls (CIS Controls) v8.1 are a prioritized set of Safeguards to mitigate the most prevalent cyber-attacks against systems and networks. They are organized into 18 top-level Controls and mapped to three Implementation Groups (IG1, IG2, IG3). This is a cross-provider mapping of Prowler checks to the CIS Controls Safeguards that can be assessed automatically against cloud and platform configurations.;;;2026-07-11 14:19:13.485135;12.5;Centralize network AAA.;12. Network Infrastructure Management;Protect;Network;IG2 | IG3;MANUAL;Manual check;manual_check;Manual check;manual;False;CIS-Controls;CIS Controls v8.1
aws;The CIS Critical Security Controls (CIS Controls) v8.1 are a prioritized set of Safeguards to mitigate the most prevalent cyber-attacks against systems and networks. They are organized into 18 top-level Controls and mapped to three Implementation Groups (IG1, IG2, IG3). This is a cross-provider mapping of Prowler checks to the CIS Controls Safeguards that can be assessed automatically against cloud and platform configurations.;;;2026-07-11 14:19:13.485135;12.6;Adopt secure network management protocols (e.g., 802.1X) and secure communication protocols (e.g., Wi-Fi Protected Access 2 (WPA2) Enterprise or more secure alternatives).;12. Network Infrastructure Management;Protect;Network;IG2 | IG3;MANUAL;Manual check;manual_check;Manual check;manual;False;CIS-Controls;CIS Controls v8.1
aws;The CIS Critical Security Controls (CIS Controls) v8.1 are a prioritized set of Safeguards to mitigate the most prevalent cyber-attacks against systems and networks. They are organized into 18 top-level Controls and mapped to three Implementation Groups (IG1, IG2, IG3). This is a cross-provider mapping of Prowler checks to the CIS Controls Safeguards that can be assessed automatically against cloud and platform configurations.;;;2026-07-11 14:19:13.485135;12.8;Establish and maintain dedicated computing resources, either physically or logically separated, for all administrative tasks or tasks requiring administrative access. The computing resources should be segmented from the enterprise's primary network and not be allowed internet access.;12. Network Infrastructure Management;Protect;Devices;IG3;MANUAL;Manual check;manual_check;Manual check;manual;False;CIS-Controls;CIS Controls v8.1
aws;The CIS Critical Security Controls (CIS Controls) v8.1 are a prioritized set of Safeguards to mitigate the most prevalent cyber-attacks against systems and networks. They are organized into 18 top-level Controls and mapped to three Implementation Groups (IG1, IG2, IG3). This is a cross-provider mapping of Prowler checks to the CIS Controls Safeguards that can be assessed automatically against cloud and platform configurations.;;;2026-07-11 14:19:13.485135;13.2;Deploy a host-based intrusion detection solution on enterprise assets, where appropriate and/or supported.;13. Network Monitoring and Defense;Detect;Devices;IG2 | IG3;MANUAL;Manual check;manual_check;Manual check;manual;False;CIS-Controls;CIS Controls v8.1
aws;The CIS Critical Security Controls (CIS Controls) v8.1 are a prioritized set of Safeguards to mitigate the most prevalent cyber-attacks against systems and networks. They are organized into 18 top-level Controls and mapped to three Implementation Groups (IG1, IG2, IG3). This is a cross-provider mapping of Prowler checks to the CIS Controls Safeguards that can be assessed automatically against cloud and platform configurations.;;;2026-07-11 14:19:13.485135;13.5;Manage access control for assets remotely connecting to enterprise resources. Determine amount of access to enterprise resources based on: up-to-date anti-malware software installed, configuration compliance with the enterprise's secure configuration process, and ensuring the operating system and applications are up-to-date.;13. Network Monitoring and Defense;Protect;Devices;IG2 | IG3;MANUAL;Manual check;manual_check;Manual check;manual;False;CIS-Controls;CIS Controls v8.1
aws;The CIS Critical Security Controls (CIS Controls) v8.1 are a prioritized set of Safeguards to mitigate the most prevalent cyber-attacks against systems and networks. They are organized into 18 top-level Controls and mapped to three Implementation Groups (IG1, IG2, IG3). This is a cross-provider mapping of Prowler checks to the CIS Controls Safeguards that can be assessed automatically against cloud and platform configurations.;;;2026-07-11 14:19:13.485135;13.7;Deploy a host-based intrusion prevention solution on enterprise assets, where appropriate and/or supported. Example implementations include use of an Endpoint Detection and Response (EDR) client or host-based IPS agent.;13. Network Monitoring and Defense;Protect;Devices;IG3;MANUAL;Manual check;manual_check;Manual check;manual;False;CIS-Controls;CIS Controls v8.1
aws;The CIS Critical Security Controls (CIS Controls) v8.1 are a prioritized set of Safeguards to mitigate the most prevalent cyber-attacks against systems and networks. They are organized into 18 top-level Controls and mapped to three Implementation Groups (IG1, IG2, IG3). This is a cross-provider mapping of Prowler checks to the CIS Controls Safeguards that can be assessed automatically against cloud and platform configurations.;;;2026-07-11 14:19:13.485135;13.9;Deploy port-level access control. Port-level access control utilizes 802.1x, or similar network access control protocols, such as certificates, and may incorporate user and/or device authentication.;13. Network Monitoring and Defense;Protect;Network;IG3;MANUAL;Manual check;manual_check;Manual check;manual;False;CIS-Controls;CIS Controls v8.1
aws;The CIS Critical Security Controls (CIS Controls) v8.1 are a prioritized set of Safeguards to mitigate the most prevalent cyber-attacks against systems and networks. They are organized into 18 top-level Controls and mapped to three Implementation Groups (IG1, IG2, IG3). This is a cross-provider mapping of Prowler checks to the CIS Controls Safeguards that can be assessed automatically against cloud and platform configurations.;;;2026-07-11 14:19:13.485135;13.11;Tune security event alerting thresholds monthly, or more frequently.;13. Network Monitoring and Defense;Detect;Network;IG3;MANUAL;Manual check;manual_check;Manual check;manual;False;CIS-Controls;CIS Controls v8.1
aws;The CIS Critical Security Controls (CIS Controls) v8.1 are a prioritized set of Safeguards to mitigate the most prevalent cyber-attacks against systems and networks. They are organized into 18 top-level Controls and mapped to three Implementation Groups (IG1, IG2, IG3). This is a cross-provider mapping of Prowler checks to the CIS Controls Safeguards that can be assessed automatically against cloud and platform configurations.;;;2026-07-11 14:19:13.485135;14.1;Establish and maintain a security awareness program. The purpose of a security awareness program is to educate the enterprise's workforce on how to interact with enterprise assets and data in a secure manner. Conduct training at hire and, at a minimum, annually. Review and update content annually, or when significant enterprise changes occur that could impact this Safeguard.;14. Security Awareness and Skills Training;Govern;Documentation;IG1 | IG2 | IG3;MANUAL;Manual check;manual_check;Manual check;manual;False;CIS-Controls;CIS Controls v8.1
aws;The CIS Critical Security Controls (CIS Controls) v8.1 are a prioritized set of Safeguards to mitigate the most prevalent cyber-attacks against systems and networks. They are organized into 18 top-level Controls and mapped to three Implementation Groups (IG1, IG2, IG3). This is a cross-provider mapping of Prowler checks to the CIS Controls Safeguards that can be assessed automatically against cloud and platform configurations.;;;2026-07-11 14:19:13.485135;14.2;Train workforce members to recognize social engineering attacks, such as phishing, business email compromise (BEC), pretexting, and tailgating.;14. Security Awareness and Skills Training;Protect;Users;IG1 | IG2 | IG3;MANUAL;Manual check;manual_check;Manual check;manual;False;CIS-Controls;CIS Controls v8.1
aws;The CIS Critical Security Controls (CIS Controls) v8.1 are a prioritized set of Safeguards to mitigate the most prevalent cyber-attacks against systems and networks. They are organized into 18 top-level Controls and mapped to three Implementation Groups (IG1, IG2, IG3). This is a cross-provider mapping of Prowler checks to the CIS Controls Safeguards that can be assessed automatically against cloud and platform configurations.;;;2026-07-11 14:19:13.485135;14.3;Train workforce members on authentication best practices. Example topics include MFA, password composition, and credential management.;14. Security Awareness and Skills Training;Protect;Users;IG1 | IG2 | IG3;MANUAL;Manual check;manual_check;Manual check;manual;False;CIS-Controls;CIS Controls v8.1
aws;The CIS Critical Security Controls (CIS Controls) v8.1 are a prioritized set of Safeguards to mitigate the most prevalent cyber-attacks against systems and networks. They are organized into 18 top-level Controls and mapped to three Implementation Groups (IG1, IG2, IG3). This is a cross-provider mapping of Prowler checks to the CIS Controls Safeguards that can be assessed automatically against cloud and platform configurations.;;;2026-07-11 14:19:13.485135;14.4;Train workforce members on how to identify and properly store, transfer, archive, and destroy sensitive data. This also includes training workforce members on clear screen and desk best practices, such as locking their screen when they step away from their enterprise asset, erasing physical and virtual whiteboards at the end of meetings, and storing data and assets securely.;14. Security Awareness and Skills Training;Protect;Users;IG1 | IG2 | IG3;MANUAL;Manual check;manual_check;Manual check;manual;False;CIS-Controls;CIS Controls v8.1
aws;The CIS Critical Security Controls (CIS Controls) v8.1 are a prioritized set of Safeguards to mitigate the most prevalent cyber-attacks against systems and networks. They are organized into 18 top-level Controls and mapped to three Implementation Groups (IG1, IG2, IG3). This is a cross-provider mapping of Prowler checks to the CIS Controls Safeguards that can be assessed automatically against cloud and platform configurations.;;;2026-07-11 14:19:13.485135;14.5;Train workforce members to be aware of causes for unintentional data exposure. Example topics include mis-delivery of sensitive data, losing a portable end-user device, or publishing data to unintended audiences.;14. Security Awareness and Skills Training;Protect;Users;IG1 | IG2 | IG3;MANUAL;Manual check;manual_check;Manual check;manual;False;CIS-Controls;CIS Controls v8.1
aws;The CIS Critical Security Controls (CIS Controls) v8.1 are a prioritized set of Safeguards to mitigate the most prevalent cyber-attacks against systems and networks. They are organized into 18 top-level Controls and mapped to three Implementation Groups (IG1, IG2, IG3). This is a cross-provider mapping of Prowler checks to the CIS Controls Safeguards that can be assessed automatically against cloud and platform configurations.;;;2026-07-11 14:19:13.485135;14.6;Train workforce members to be able to recognize a potential incident and be able to report such an incident.;14. Security Awareness and Skills Training;Protect;Users;IG1 | IG2 | IG3;MANUAL;Manual check;manual_check;Manual check;manual;False;CIS-Controls;CIS Controls v8.1
aws;The CIS Critical Security Controls (CIS Controls) v8.1 are a prioritized set of Safeguards to mitigate the most prevalent cyber-attacks against systems and networks. They are organized into 18 top-level Controls and mapped to three Implementation Groups (IG1, IG2, IG3). This is a cross-provider mapping of Prowler checks to the CIS Controls Safeguards that can be assessed automatically against cloud and platform configurations.;;;2026-07-11 14:19:13.485135;14.7;Train workforce to understand how to verify and report out-of-date software patches or any failures in automated processes and tools. Part of this training should include notifying IT personnel of any failures in automated processes and tools.;14. Security Awareness and Skills Training;Protect;Users;IG1 | IG2 | IG3;MANUAL;Manual check;manual_check;Manual check;manual;False;CIS-Controls;CIS Controls v8.1
aws;The CIS Critical Security Controls (CIS Controls) v8.1 are a prioritized set of Safeguards to mitigate the most prevalent cyber-attacks against systems and networks. They are organized into 18 top-level Controls and mapped to three Implementation Groups (IG1, IG2, IG3). This is a cross-provider mapping of Prowler checks to the CIS Controls Safeguards that can be assessed automatically against cloud and platform configurations.;;;2026-07-11 14:19:13.485135;14.8;Train workforce members on the dangers of connecting to, and transmitting data over, insecure networks for enterprise activities. If the enterprise has remote workers, training must include guidance to ensure that all users securely configure their home network infrastructure.;14. Security Awareness and Skills Training;Protect;Users;IG1 | IG2 | IG3;MANUAL;Manual check;manual_check;Manual check;manual;False;CIS-Controls;CIS Controls v8.1
aws;The CIS Critical Security Controls (CIS Controls) v8.1 are a prioritized set of Safeguards to mitigate the most prevalent cyber-attacks against systems and networks. They are organized into 18 top-level Controls and mapped to three Implementation Groups (IG1, IG2, IG3). This is a cross-provider mapping of Prowler checks to the CIS Controls Safeguards that can be assessed automatically against cloud and platform configurations.;;;2026-07-11 14:19:13.485135;14.9;Conduct role-specific security awareness and skills training. Example implementations include secure system administration courses for IT professionals, OWASP® Top 10 vulnerability awareness and prevention training for web application developers, and advanced social engineering awareness training for high-profile roles.;14. Security Awareness and Skills Training;Protect;Users;IG2 | IG3;MANUAL;Manual check;manual_check;Manual check;manual;False;CIS-Controls;CIS Controls v8.1
aws;The CIS Critical Security Controls (CIS Controls) v8.1 are a prioritized set of Safeguards to mitigate the most prevalent cyber-attacks against systems and networks. They are organized into 18 top-level Controls and mapped to three Implementation Groups (IG1, IG2, IG3). This is a cross-provider mapping of Prowler checks to the CIS Controls Safeguards that can be assessed automatically against cloud and platform configurations.;;;2026-07-11 14:19:13.485135;15.1;Establish and maintain an inventory of service providers. The inventory is to list all known service providers, include classification(s), and designate an enterprise contact for each service provider. Review and update the inventory annually, or when significant enterprise changes occur that could impact this Safeguard.;15. Service Provider Management;Identify;Users;IG1 | IG2 | IG3;MANUAL;Manual check;manual_check;Manual check;manual;False;CIS-Controls;CIS Controls v8.1
aws;The CIS Critical Security Controls (CIS Controls) v8.1 are a prioritized set of Safeguards to mitigate the most prevalent cyber-attacks against systems and networks. They are organized into 18 top-level Controls and mapped to three Implementation Groups (IG1, IG2, IG3). This is a cross-provider mapping of Prowler checks to the CIS Controls Safeguards that can be assessed automatically against cloud and platform configurations.;;;2026-07-11 14:19:13.485135;15.2;Establish and maintain a service provider management policy. Ensure the policy addresses the classification, inventory, assessment, monitoring, and decommissioning of service providers. Review and update the policy annually, or when significant enterprise changes occur that could impact this Safeguard.;15. Service Provider Management;Govern;Documentation;IG2 | IG3;MANUAL;Manual check;manual_check;Manual check;manual;False;CIS-Controls;CIS Controls v8.1
aws;The CIS Critical Security Controls (CIS Controls) v8.1 are a prioritized set of Safeguards to mitigate the most prevalent cyber-attacks against systems and networks. They are organized into 18 top-level Controls and mapped to three Implementation Groups (IG1, IG2, IG3). This is a cross-provider mapping of Prowler checks to the CIS Controls Safeguards that can be assessed automatically against cloud and platform configurations.;;;2026-07-11 14:19:13.485135;15.3;Classify service providers. Classification consideration may include one or more characteristics, such as data sensitivity, data volume, availability requirements, applicable regulations, inherent risk, and mitigated risk. Update and review classifications annually, or when significant enterprise changes occur that could impact this Safeguard.;15. Service Provider Management;Govern;Users;IG2 | IG3;MANUAL;Manual check;manual_check;Manual check;manual;False;CIS-Controls;CIS Controls v8.1
aws;The CIS Critical Security Controls (CIS Controls) v8.1 are a prioritized set of Safeguards to mitigate the most prevalent cyber-attacks against systems and networks. They are organized into 18 top-level Controls and mapped to three Implementation Groups (IG1, IG2, IG3). This is a cross-provider mapping of Prowler checks to the CIS Controls Safeguards that can be assessed automatically against cloud and platform configurations.;;;2026-07-11 14:19:13.485135;15.4;Ensure service provider contracts include security requirements. Example requirements may include minimum security program requirements, security incident and/or data breach notification and response, data encryption requirements, and data disposal commitments. These security requirements must be consistent with the enterprise's service provider management policy. Review service provider contracts annually to ensure contracts are not missing security requirements.;15. Service Provider Management;Govern;Documentation;IG2 | IG3;MANUAL;Manual check;manual_check;Manual check;manual;False;CIS-Controls;CIS Controls v8.1
aws;The CIS Critical Security Controls (CIS Controls) v8.1 are a prioritized set of Safeguards to mitigate the most prevalent cyber-attacks against systems and networks. They are organized into 18 top-level Controls and mapped to three Implementation Groups (IG1, IG2, IG3). This is a cross-provider mapping of Prowler checks to the CIS Controls Safeguards that can be assessed automatically against cloud and platform configurations.;;;2026-07-11 14:19:13.485135;15.5;Assess service providers consistent with the enterprise's service provider management policy. Assessment scope may vary based on classification(s), and may include review of standardized assessment reports, such as Service Organization Control 2 (SOC 2) and Payment Card Industry (PCI) Attestation of Compliance (AoC), customized questionnaires, or other appropriately rigorous processes. Reassess service providers annually, at a minimum, or with new and renewed contracts.;15. Service Provider Management;Govern;Users;IG3;MANUAL;Manual check;manual_check;Manual check;manual;False;CIS-Controls;CIS Controls v8.1
aws;The CIS Critical Security Controls (CIS Controls) v8.1 are a prioritized set of Safeguards to mitigate the most prevalent cyber-attacks against systems and networks. They are organized into 18 top-level Controls and mapped to three Implementation Groups (IG1, IG2, IG3). This is a cross-provider mapping of Prowler checks to the CIS Controls Safeguards that can be assessed automatically against cloud and platform configurations.;;;2026-07-11 14:19:13.485135;15.6;Monitor service providers consistent with the enterprise's service provider management policy. Monitoring may include periodic reassessment of service provider compliance, monitoring service provider release notes, and dark web monitoring.;15. Service Provider Management;Govern;Data;IG3;MANUAL;Manual check;manual_check;Manual check;manual;False;CIS-Controls;CIS Controls v8.1
aws;The CIS Critical Security Controls (CIS Controls) v8.1 are a prioritized set of Safeguards to mitigate the most prevalent cyber-attacks against systems and networks. They are organized into 18 top-level Controls and mapped to three Implementation Groups (IG1, IG2, IG3). This is a cross-provider mapping of Prowler checks to the CIS Controls Safeguards that can be assessed automatically against cloud and platform configurations.;;;2026-07-11 14:19:13.485135;15.7;Securely decommission service providers. Example considerations include user and service account deactivation, termination of data flows, and secure disposal of enterprise data within service provider systems.;15. Service Provider Management;Protect;Data;IG3;MANUAL;Manual check;manual_check;Manual check;manual;False;CIS-Controls;CIS Controls v8.1
aws;The CIS Critical Security Controls (CIS Controls) v8.1 are a prioritized set of Safeguards to mitigate the most prevalent cyber-attacks against systems and networks. They are organized into 18 top-level Controls and mapped to three Implementation Groups (IG1, IG2, IG3). This is a cross-provider mapping of Prowler checks to the CIS Controls Safeguards that can be assessed automatically against cloud and platform configurations.;;;2026-07-11 14:19:13.485135;16.1;Establish and maintain a secure application development process. In the process, address such items as: secure application design standards, secure coding practices, developer training, vulnerability management, security of third-party code, and application security testing procedures. Review and update documentation annually, or when significant enterprise changes occur that could impact this Safeguard.;16. Application Software Security;Govern;Documentation;IG2 | IG3;MANUAL;Manual check;manual_check;Manual check;manual;False;CIS-Controls;CIS Controls v8.1
aws;The CIS Critical Security Controls (CIS Controls) v8.1 are a prioritized set of Safeguards to mitigate the most prevalent cyber-attacks against systems and networks. They are organized into 18 top-level Controls and mapped to three Implementation Groups (IG1, IG2, IG3). This is a cross-provider mapping of Prowler checks to the CIS Controls Safeguards that can be assessed automatically against cloud and platform configurations.;;;2026-07-11 14:19:13.485135;16.2;Establish and maintain a process to accept and address reports of software vulnerabilities, including providing a means for external entities to report. The process is to include such items as: a vulnerability handling policy that identifies reporting process, responsible party for handling vulnerability reports, and a process for intake, assignment, remediation, and remediation testing. As part of the process, use a vulnerability tracking system that includes severity ratings and metrics for measuring timing for identification, analysis, and remediation of vulnerabilities. Review and update documentation annually, or when significant enterprise changes occur that could impact this Safeguard. Third-party application developers need to consider this an externally-facing policy that helps to set expectations for outside stakeholders.;16. Application Software Security;Govern;Documentation;IG2 | IG3;MANUAL;Manual check;manual_check;Manual check;manual;False;CIS-Controls;CIS Controls v8.1
aws;The CIS Critical Security Controls (CIS Controls) v8.1 are a prioritized set of Safeguards to mitigate the most prevalent cyber-attacks against systems and networks. They are organized into 18 top-level Controls and mapped to three Implementation Groups (IG1, IG2, IG3). This is a cross-provider mapping of Prowler checks to the CIS Controls Safeguards that can be assessed automatically against cloud and platform configurations.;;;2026-07-11 14:19:13.485135;16.3;Perform root cause analysis on security vulnerabilities. When reviewing vulnerabilities, root cause analysis is the task of evaluating underlying issues that create vulnerabilities in code, and allows development teams to move beyond just fixing individual vulnerabilities as they arise.;16. Application Software Security;Detect;Software;IG2 | IG3;MANUAL;Manual check;manual_check;Manual check;manual;False;CIS-Controls;CIS Controls v8.1
aws;The CIS Critical Security Controls (CIS Controls) v8.1 are a prioritized set of Safeguards to mitigate the most prevalent cyber-attacks against systems and networks. They are organized into 18 top-level Controls and mapped to three Implementation Groups (IG1, IG2, IG3). This is a cross-provider mapping of Prowler checks to the CIS Controls Safeguards that can be assessed automatically against cloud and platform configurations.;;;2026-07-11 14:19:13.485135;16.4;"Establish and manage an updated inventory of third-party components used in development, often referred to as a ""bill of materials,"" as well as components slated for future use. This inventory is to include any risks that each third-party component could pose. Evaluate the list at least monthly to identify any changes or updates to these components, and validate that the component is still supported.";16. Application Software Security;Identify;Software;IG2 | IG3;MANUAL;Manual check;manual_check;Manual check;manual;False;CIS-Controls;CIS Controls v8.1
aws;The CIS Critical Security Controls (CIS Controls) v8.1 are a prioritized set of Safeguards to mitigate the most prevalent cyber-attacks against systems and networks. They are organized into 18 top-level Controls and mapped to three Implementation Groups (IG1, IG2, IG3). This is a cross-provider mapping of Prowler checks to the CIS Controls Safeguards that can be assessed automatically against cloud and platform configurations.;;;2026-07-11 14:19:13.485135;16.6;Establish and maintain a severity rating system and process for application vulnerabilities that facilitates prioritizing the order in which discovered vulnerabilities are fixed. This process includes setting a minimum level of security acceptability for releasing code or applications. Severity ratings bring a systematic way of triaging vulnerabilities that improves risk management and helps ensure the most severe bugs are fixed first. Review and update the system and process annually.;16. Application Software Security;Govern;Documentation;IG2 | IG3;MANUAL;Manual check;manual_check;Manual check;manual;False;CIS-Controls;CIS Controls v8.1
aws;The CIS Critical Security Controls (CIS Controls) v8.1 are a prioritized set of Safeguards to mitigate the most prevalent cyber-attacks against systems and networks. They are organized into 18 top-level Controls and mapped to three Implementation Groups (IG1, IG2, IG3). This is a cross-provider mapping of Prowler checks to the CIS Controls Safeguards that can be assessed automatically against cloud and platform configurations.;;;2026-07-11 14:19:13.485135;16.7;Use standard, industry-recommended hardening configuration templates for application infrastructure components. This includes underlying servers, databases, and web servers, and applies to cloud containers, Platform as a Service (PaaS) components, and SaaS components. Do not allow in-house developed software to weaken configuration hardening.;16. Application Software Security;Protect;Software;IG2 | IG3;MANUAL;Manual check;manual_check;Manual check;manual;False;CIS-Controls;CIS Controls v8.1
aws;The CIS Critical Security Controls (CIS Controls) v8.1 are a prioritized set of Safeguards to mitigate the most prevalent cyber-attacks against systems and networks. They are organized into 18 top-level Controls and mapped to three Implementation Groups (IG1, IG2, IG3). This is a cross-provider mapping of Prowler checks to the CIS Controls Safeguards that can be assessed automatically against cloud and platform configurations.;;;2026-07-11 14:19:13.485135;16.8;Maintain separate environments for production and non-production systems.;16. Application Software Security;Protect;Network;IG2 | IG3;MANUAL;Manual check;manual_check;Manual check;manual;False;CIS-Controls;CIS Controls v8.1
aws;The CIS Critical Security Controls (CIS Controls) v8.1 are a prioritized set of Safeguards to mitigate the most prevalent cyber-attacks against systems and networks. They are organized into 18 top-level Controls and mapped to three Implementation Groups (IG1, IG2, IG3). This is a cross-provider mapping of Prowler checks to the CIS Controls Safeguards that can be assessed automatically against cloud and platform configurations.;;;2026-07-11 14:19:13.485135;16.9;Ensure that all software development personnel receive training in writing secure code for their specific development environment and responsibilities. Training can include general security principles and application security standard practices. Conduct training at least annually and design in a way to promote security within the development team, and build a culture of security among the developers.;16. Application Software Security;Protect;Users;IG2 | IG3;MANUAL;Manual check;manual_check;Manual check;manual;False;CIS-Controls;CIS Controls v8.1
aws;The CIS Critical Security Controls (CIS Controls) v8.1 are a prioritized set of Safeguards to mitigate the most prevalent cyber-attacks against systems and networks. They are organized into 18 top-level Controls and mapped to three Implementation Groups (IG1, IG2, IG3). This is a cross-provider mapping of Prowler checks to the CIS Controls Safeguards that can be assessed automatically against cloud and platform configurations.;;;2026-07-11 14:19:13.485135;16.13;Conduct application penetration testing. For critical applications, authenticated penetration testing is better suited to finding business logic vulnerabilities than code scanning and automated security testing. Penetration testing relies on the skill of the tester to manually manipulate an application as an authenticated and unauthenticated user.;16. Application Software Security;Detect;Software;IG3;MANUAL;Manual check;manual_check;Manual check;manual;False;CIS-Controls;CIS Controls v8.1
aws;The CIS Critical Security Controls (CIS Controls) v8.1 are a prioritized set of Safeguards to mitigate the most prevalent cyber-attacks against systems and networks. They are organized into 18 top-level Controls and mapped to three Implementation Groups (IG1, IG2, IG3). This is a cross-provider mapping of Prowler checks to the CIS Controls Safeguards that can be assessed automatically against cloud and platform configurations.;;;2026-07-11 14:19:13.485135;16.14;Conduct threat modeling. Threat modeling is the process of identifying and addressing application security design flaws within a design, before code is created. It is conducted through specially trained individuals who evaluate the application design and gauge security risks for each entry point and access level. The goal is to map out the application, architecture, and infrastructure in a structured way to understand its weaknesses.;16. Application Software Security;Protect;Software;IG3;MANUAL;Manual check;manual_check;Manual check;manual;False;CIS-Controls;CIS Controls v8.1
aws;The CIS Critical Security Controls (CIS Controls) v8.1 are a prioritized set of Safeguards to mitigate the most prevalent cyber-attacks against systems and networks. They are organized into 18 top-level Controls and mapped to three Implementation Groups (IG1, IG2, IG3). This is a cross-provider mapping of Prowler checks to the CIS Controls Safeguards that can be assessed automatically against cloud and platform configurations.;;;2026-07-11 14:19:13.485135;17.1;Designate one key person, and at least one backup, who will manage the enterprise's incident handling process. Management personnel are responsible for the coordination and documentation of incident response and recovery efforts and can consist of employees internal to the enterprise, service providers, or a hybrid approach. If using a service provider, designate at least one person internal to the enterprise to oversee any third-party work. Review annually, or when significant enterprise changes occur that could impact this Safeguard.;17. Incident Response Management;Respond;Users;IG1 | IG2 | IG3;MANUAL;Manual check;manual_check;Manual check;manual;False;CIS-Controls;CIS Controls v8.1
aws;The CIS Critical Security Controls (CIS Controls) v8.1 are a prioritized set of Safeguards to mitigate the most prevalent cyber-attacks against systems and networks. They are organized into 18 top-level Controls and mapped to three Implementation Groups (IG1, IG2, IG3). This is a cross-provider mapping of Prowler checks to the CIS Controls Safeguards that can be assessed automatically against cloud and platform configurations.;;;2026-07-11 14:19:13.485135;17.3;Establish and maintain an documented enterprise process for the workforce to report security incidents. The process includes reporting timeframe, personnel to report to, mechanism for reporting, and the minimum information to be reported. Ensure the process is publicly available to all of the workforce. Review annually, or when significant enterprise changes occur that could impact this Safeguard.;17. Incident Response Management;Govern;Documentation;IG1 | IG2 | IG3;MANUAL;Manual check;manual_check;Manual check;manual;False;CIS-Controls;CIS Controls v8.1
aws;The CIS Critical Security Controls (CIS Controls) v8.1 are a prioritized set of Safeguards to mitigate the most prevalent cyber-attacks against systems and networks. They are organized into 18 top-level Controls and mapped to three Implementation Groups (IG1, IG2, IG3). This is a cross-provider mapping of Prowler checks to the CIS Controls Safeguards that can be assessed automatically against cloud and platform configurations.;;;2026-07-11 14:19:13.485135;17.5;Assign key roles and responsibilities for incident response, including staff from legal, IT, information security, facilities, public relations, human resources, incident responders, analysts, and relevant third parties. Review annually, or when significant enterprise changes occur that could impact this Safeguard.;17. Incident Response Management;Respond;Users;IG2 | IG3;MANUAL;Manual check;manual_check;Manual check;manual;False;CIS-Controls;CIS Controls v8.1
aws;The CIS Critical Security Controls (CIS Controls) v8.1 are a prioritized set of Safeguards to mitigate the most prevalent cyber-attacks against systems and networks. They are organized into 18 top-level Controls and mapped to three Implementation Groups (IG1, IG2, IG3). This is a cross-provider mapping of Prowler checks to the CIS Controls Safeguards that can be assessed automatically against cloud and platform configurations.;;;2026-07-11 14:19:13.485135;17.6;Determine which primary and secondary mechanisms will be used to communicate and report during a security incident. Mechanisms can include phone calls, emails, secure chat, or notification letters. Keep in mind that certain mechanisms, such as emails, can be affected during a security incident. Review annually, or when significant enterprise changes occur that could impact this Safeguard.;17. Incident Response Management;Respond;Users;IG2 | IG3;MANUAL;Manual check;manual_check;Manual check;manual;False;CIS-Controls;CIS Controls v8.1
aws;The CIS Critical Security Controls (CIS Controls) v8.1 are a prioritized set of Safeguards to mitigate the most prevalent cyber-attacks against systems and networks. They are organized into 18 top-level Controls and mapped to three Implementation Groups (IG1, IG2, IG3). This is a cross-provider mapping of Prowler checks to the CIS Controls Safeguards that can be assessed automatically against cloud and platform configurations.;;;2026-07-11 14:19:13.485135;17.7;Plan and conduct routine incident response exercises and scenarios for key personnel involved in the incident response process to prepare for responding to real-world incidents. Exercises need to test communication channels, decision making, and workflows. Conduct testing on an annual basis, at a minimum.;17. Incident Response Management;Recover;Users;IG2 | IG3;MANUAL;Manual check;manual_check;Manual check;manual;False;CIS-Controls;CIS Controls v8.1
aws;The CIS Critical Security Controls (CIS Controls) v8.1 are a prioritized set of Safeguards to mitigate the most prevalent cyber-attacks against systems and networks. They are organized into 18 top-level Controls and mapped to three Implementation Groups (IG1, IG2, IG3). This is a cross-provider mapping of Prowler checks to the CIS Controls Safeguards that can be assessed automatically against cloud and platform configurations.;;;2026-07-11 14:19:13.485135;17.8;Conduct post-incident reviews. Post-incident reviews help prevent incident recurrence through identifying lessons learned and follow-up action.;17. Incident Response Management;Recover;Users;IG2 | IG3;MANUAL;Manual check;manual_check;Manual check;manual;False;CIS-Controls;CIS Controls v8.1
aws;The CIS Critical Security Controls (CIS Controls) v8.1 are a prioritized set of Safeguards to mitigate the most prevalent cyber-attacks against systems and networks. They are organized into 18 top-level Controls and mapped to three Implementation Groups (IG1, IG2, IG3). This is a cross-provider mapping of Prowler checks to the CIS Controls Safeguards that can be assessed automatically against cloud and platform configurations.;;;2026-07-11 14:19:13.485135;17.9;Establish and maintain security incident thresholds, including, at a minimum, differentiating between an incident and an event. Examples can include: abnormal activity, security vulnerability, security weakness, data breach, privacy incident, etc. Review annually, or when significant enterprise changes occur that could impact this Safeguard.;17. Incident Response Management;Recover;Documentation;IG3;MANUAL;Manual check;manual_check;Manual check;manual;False;CIS-Controls;CIS Controls v8.1
aws;The CIS Critical Security Controls (CIS Controls) v8.1 are a prioritized set of Safeguards to mitigate the most prevalent cyber-attacks against systems and networks. They are organized into 18 top-level Controls and mapped to three Implementation Groups (IG1, IG2, IG3). This is a cross-provider mapping of Prowler checks to the CIS Controls Safeguards that can be assessed automatically against cloud and platform configurations.;;;2026-07-11 14:19:13.485135;18.1;"Establish and maintain a penetration testing program appropriate to the size, complexity, industry, and maturity of the enterprise. Penetration testing program characteristics include scope, such as network, web application, Application Programming Interface (API), hosted services, and physical premise controls; frequency; limitations, such as acceptable hours, and excluded attack types; point of contact information; remediation, such as how findings will be routed internally; and retrospective requirements.";18. Penetration Testing;Govern;Documentation;IG2 | IG3;MANUAL;Manual check;manual_check;Manual check;manual;False;CIS-Controls;CIS Controls v8.1
aws;The CIS Critical Security Controls (CIS Controls) v8.1 are a prioritized set of Safeguards to mitigate the most prevalent cyber-attacks against systems and networks. They are organized into 18 top-level Controls and mapped to three Implementation Groups (IG1, IG2, IG3). This is a cross-provider mapping of Prowler checks to the CIS Controls Safeguards that can be assessed automatically against cloud and platform configurations.;;;2026-07-11 14:19:13.485135;18.2;Perform periodic external penetration tests based on program requirements, no less than annually. External penetration testing must include enterprise and environmental reconnaissance to detect exploitable information. Penetration testing requires specialized skills and experience and must be conducted through a qualified party. The testing may be clear box or opaque box.;18. Penetration Testing;Detect;Network;IG2 | IG3;MANUAL;Manual check;manual_check;Manual check;manual;False;CIS-Controls;CIS Controls v8.1
aws;The CIS Critical Security Controls (CIS Controls) v8.1 are a prioritized set of Safeguards to mitigate the most prevalent cyber-attacks against systems and networks. They are organized into 18 top-level Controls and mapped to three Implementation Groups (IG1, IG2, IG3). This is a cross-provider mapping of Prowler checks to the CIS Controls Safeguards that can be assessed automatically against cloud and platform configurations.;;;2026-07-11 14:19:13.485135;18.3;Remediate penetration test findings based on the enterprise's documented vulnerability remediation process. This should include determining a timeline and level of effort based on the impact and prioritization of each identified finding.;18. Penetration Testing;Protect;Network;IG2 | IG3;MANUAL;Manual check;manual_check;Manual check;manual;False;CIS-Controls;CIS Controls v8.1
aws;The CIS Critical Security Controls (CIS Controls) v8.1 are a prioritized set of Safeguards to mitigate the most prevalent cyber-attacks against systems and networks. They are organized into 18 top-level Controls and mapped to three Implementation Groups (IG1, IG2, IG3). This is a cross-provider mapping of Prowler checks to the CIS Controls Safeguards that can be assessed automatically against cloud and platform configurations.;;;2026-07-11 14:19:13.485135;18.4;Validate security measures after each penetration test. If deemed necessary, modify rulesets and capabilities to detect the techniques used during testing.;18. Penetration Testing;Protect;Network;IG3;MANUAL;Manual check;manual_check;Manual check;manual;False;CIS-Controls;CIS Controls v8.1
aws;The CIS Critical Security Controls (CIS Controls) v8.1 are a prioritized set of Safeguards to mitigate the most prevalent cyber-attacks against systems and networks. They are organized into 18 top-level Controls and mapped to three Implementation Groups (IG1, IG2, IG3). This is a cross-provider mapping of Prowler checks to the CIS Controls Safeguards that can be assessed automatically against cloud and platform configurations.;;;2026-07-11 14:19:13.485135;18.5;Perform periodic internal penetration tests based on program requirements, no less than annually. The testing may be clear box or opaque box.;18. Penetration Testing;Detect;Network;IG3;MANUAL;Manual check;manual_check;Manual check;manual;False;CIS-Controls;CIS Controls v8.1
