PROVIDER;DESCRIPTION;SUBSCRIPTIONID;LOCATION;ASSESSMENTDATE;REQUIREMENTS_ID;REQUIREMENTS_DESCRIPTION;REQUIREMENTS_ATTRIBUTES_PILLAR;REQUIREMENTS_ATTRIBUTES_ARTICLE;REQUIREMENTS_ATTRIBUTES_ARTICLETITLE;STATUS;STATUSEXTENDED;RESOURCEID;RESOURCENAME;CHECKID;MUTED;FRAMEWORK;NAME
azure;"The Digital Operational Resilience Act (DORA) is a European Union regulation (Regulation (EU) 2022/2554) that sets a uniform framework for the digital operational resilience of the EU financial sector. Mandatory since 17 January 2025, it applies to financial entities (banks, insurers, investment firms, payment institutions, etc.) and to ICT third-party service providers. DORA is structured around five pillars: ICT risk management, ICT-related incident reporting, digital operational resilience testing, ICT third-party risk management, and information sharing. This Prowler mapping covers the technical controls auditable from cloud configuration; the organisational, contractual and supervisory obligations defined in DORA must be addressed outside of Prowler.";7e3283a3-d466-4e6f-95b1-543eec016e08;global;2026-07-02 17:42:33.244336;DORA-Art17;Financial entities shall define, establish and implement an ICT-related incident management process to detect, manage and notify ICT-related incidents. Comprehensive trail logging, log integrity protection, retention and centralisation of ICT events are foundational requirements.;ICT-Related Incident Reporting;Article 17;ICT-related incident management process;FAIL;There are no AppInsight configured in subscription Azure subscription 1 (7e3283a3-d466-4e6f-95b1-543eec016e08).;/subscriptions/7e3283a3-d466-4e6f-95b1-543eec016e08;7e3283a3-d466-4e6f-95b1-543eec016e08;appinsights_ensure_is_configured;False;DORA;Digital Operational Resilience Act (Regulation (EU) 2022/2554)
azure;"The Digital Operational Resilience Act (DORA) is a European Union regulation (Regulation (EU) 2022/2554) that sets a uniform framework for the digital operational resilience of the EU financial sector. Mandatory since 17 January 2025, it applies to financial entities (banks, insurers, investment firms, payment institutions, etc.) and to ICT third-party service providers. DORA is structured around five pillars: ICT risk management, ICT-related incident reporting, digital operational resilience testing, ICT third-party risk management, and information sharing. This Prowler mapping covers the technical controls auditable from cloud configuration; the organisational, contractual and supervisory obligations defined in DORA must be addressed outside of Prowler.";7e3283a3-d466-4e6f-95b1-543eec016e08;global;2026-07-02 17:42:33.244336;DORA-Art6;Financial entities shall have an ICT risk management framework that is sound, comprehensive and well-documented, enabling them to address ICT risk quickly, efficiently and comprehensively and to ensure a high level of digital operational resilience. This includes continuous configuration recording, security findings aggregation and an enterprise-wide visibility plane.;ICT Risk Management;Article 6;ICT risk management framework;FAIL;Defender Auto Provisioning Log Analytics Agents from subscription Azure subscription 1 (7e3283a3-d466-4e6f-95b1-543eec016e08) is set to OFF.;/subscriptions/7e3283a3-d466-4e6f-95b1-543eec016e08/providers/Microsoft.Security/autoProvisioningSettings/default;default;defender_auto_provisioning_log_analytics_agent_vms_on;False;DORA;Digital Operational Resilience Act (Regulation (EU) 2022/2554)
azure;"The Digital Operational Resilience Act (DORA) is a European Union regulation (Regulation (EU) 2022/2554) that sets a uniform framework for the digital operational resilience of the EU financial sector. Mandatory since 17 January 2025, it applies to financial entities (banks, insurers, investment firms, payment institutions, etc.) and to ICT third-party service providers. DORA is structured around five pillars: ICT risk management, ICT-related incident reporting, digital operational resilience testing, ICT third-party risk management, and information sharing. This Prowler mapping covers the technical controls auditable from cloud configuration; the organisational, contractual and supervisory obligations defined in DORA must be addressed outside of Prowler.";7e3283a3-d466-4e6f-95b1-543eec016e08;global;2026-07-02 17:42:33.244336;DORA-Art10;Financial entities shall have in place mechanisms to promptly detect anomalous activities, including ICT network performance issues and ICT-related incidents, and to identify potential single points of failure. Threat detection across compute, identity, storage and the API control plane is required for timely detection.;ICT Risk Management;Article 10;Detection;FAIL;Container image scan is disabled in subscription Azure subscription 1 (7e3283a3-d466-4e6f-95b1-543eec016e08).;/subscriptions/7e3283a3-d466-4e6f-95b1-543eec016e08/providers/Microsoft.Security/pricings/Containers;Containers;defender_container_images_scan_enabled;False;DORA;Digital Operational Resilience Act (Regulation (EU) 2022/2554)
azure;"The Digital Operational Resilience Act (DORA) is a European Union regulation (Regulation (EU) 2022/2554) that sets a uniform framework for the digital operational resilience of the EU financial sector. Mandatory since 17 January 2025, it applies to financial entities (banks, insurers, investment firms, payment institutions, etc.) and to ICT third-party service providers. DORA is structured around five pillars: ICT risk management, ICT-related incident reporting, digital operational resilience testing, ICT third-party risk management, and information sharing. This Prowler mapping covers the technical controls auditable from cloud configuration; the organisational, contractual and supervisory obligations defined in DORA must be addressed outside of Prowler.";7e3283a3-d466-4e6f-95b1-543eec016e08;global;2026-07-02 17:42:33.244336;DORA-Art13;Financial entities shall have in place capabilities and staff to gather information on vulnerabilities and cyber threats, perform post ICT-related incident reviews, and continuously feed lessons learnt back into the ICT risk assessment process. Findings aggregation and continuous insights drive this cycle.;ICT Risk Management;Article 13;Learning and evolving;FAIL;Container image scan is disabled in subscription Azure subscription 1 (7e3283a3-d466-4e6f-95b1-543eec016e08).;/subscriptions/7e3283a3-d466-4e6f-95b1-543eec016e08/providers/Microsoft.Security/pricings/Containers;Containers;defender_container_images_scan_enabled;False;DORA;Digital Operational Resilience Act (Regulation (EU) 2022/2554)
azure;"The Digital Operational Resilience Act (DORA) is a European Union regulation (Regulation (EU) 2022/2554) that sets a uniform framework for the digital operational resilience of the EU financial sector. Mandatory since 17 January 2025, it applies to financial entities (banks, insurers, investment firms, payment institutions, etc.) and to ICT third-party service providers. DORA is structured around five pillars: ICT risk management, ICT-related incident reporting, digital operational resilience testing, ICT third-party risk management, and information sharing. This Prowler mapping covers the technical controls auditable from cloud configuration; the organisational, contractual and supervisory obligations defined in DORA must be addressed outside of Prowler.";7e3283a3-d466-4e6f-95b1-543eec016e08;global;2026-07-02 17:42:33.244336;DORA-Art24;Financial entities shall establish, maintain and review a sound and comprehensive digital operational resilience testing programme, as an integral part of the ICT risk management framework. Continuous vulnerability discovery, configuration assessment and instance manageability are foundational.;Digital Operational Resilience Testing;Article 24;General requirements for the performance of digital operational resilience testing;FAIL;Container image scan is disabled in subscription Azure subscription 1 (7e3283a3-d466-4e6f-95b1-543eec016e08).;/subscriptions/7e3283a3-d466-4e6f-95b1-543eec016e08/providers/Microsoft.Security/pricings/Containers;Containers;defender_container_images_scan_enabled;False;DORA;Digital Operational Resilience Act (Regulation (EU) 2022/2554)
azure;"The Digital Operational Resilience Act (DORA) is a European Union regulation (Regulation (EU) 2022/2554) that sets a uniform framework for the digital operational resilience of the EU financial sector. Mandatory since 17 January 2025, it applies to financial entities (banks, insurers, investment firms, payment institutions, etc.) and to ICT third-party service providers. DORA is structured around five pillars: ICT risk management, ICT-related incident reporting, digital operational resilience testing, ICT third-party risk management, and information sharing. This Prowler mapping covers the technical controls auditable from cloud configuration; the organisational, contractual and supervisory obligations defined in DORA must be addressed outside of Prowler.";7e3283a3-d466-4e6f-95b1-543eec016e08;global;2026-07-02 17:42:33.244336;DORA-Art6;Financial entities shall have an ICT risk management framework that is sound, comprehensive and well-documented, enabling them to address ICT risk quickly, efficiently and comprehensively and to ensure a high level of digital operational resilience. This includes continuous configuration recording, security findings aggregation and an enterprise-wide visibility plane.;ICT Risk Management;Article 6;ICT risk management framework;FAIL;Defender plan Defender for App Services from subscription Azure subscription 1 (7e3283a3-d466-4e6f-95b1-543eec016e08) is set to OFF (pricing tier not standard).;/subscriptions/7e3283a3-d466-4e6f-95b1-543eec016e08/providers/Microsoft.Security/pricings/AppServices;Defender plan App Services;defender_ensure_defender_for_app_services_is_on;False;DORA;Digital Operational Resilience Act (Regulation (EU) 2022/2554)
azure;"The Digital Operational Resilience Act (DORA) is a European Union regulation (Regulation (EU) 2022/2554) that sets a uniform framework for the digital operational resilience of the EU financial sector. Mandatory since 17 January 2025, it applies to financial entities (banks, insurers, investment firms, payment institutions, etc.) and to ICT third-party service providers. DORA is structured around five pillars: ICT risk management, ICT-related incident reporting, digital operational resilience testing, ICT third-party risk management, and information sharing. This Prowler mapping covers the technical controls auditable from cloud configuration; the organisational, contractual and supervisory obligations defined in DORA must be addressed outside of Prowler.";7e3283a3-d466-4e6f-95b1-543eec016e08;global;2026-07-02 17:42:33.244336;DORA-Art6;Financial entities shall have an ICT risk management framework that is sound, comprehensive and well-documented, enabling them to address ICT risk quickly, efficiently and comprehensively and to ensure a high level of digital operational resilience. This includes continuous configuration recording, security findings aggregation and an enterprise-wide visibility plane.;ICT Risk Management;Article 6;ICT risk management framework;FAIL;Defender plan Defender for ARM from subscription Azure subscription 1 (7e3283a3-d466-4e6f-95b1-543eec016e08) is set to OFF (pricing tier not standard).;/subscriptions/7e3283a3-d466-4e6f-95b1-543eec016e08/providers/Microsoft.Security/pricings/Arm;Defender plan ARM;defender_ensure_defender_for_arm_is_on;False;DORA;Digital Operational Resilience Act (Regulation (EU) 2022/2554)
azure;"The Digital Operational Resilience Act (DORA) is a European Union regulation (Regulation (EU) 2022/2554) that sets a uniform framework for the digital operational resilience of the EU financial sector. Mandatory since 17 January 2025, it applies to financial entities (banks, insurers, investment firms, payment institutions, etc.) and to ICT third-party service providers. DORA is structured around five pillars: ICT risk management, ICT-related incident reporting, digital operational resilience testing, ICT third-party risk management, and information sharing. This Prowler mapping covers the technical controls auditable from cloud configuration; the organisational, contractual and supervisory obligations defined in DORA must be addressed outside of Prowler.";7e3283a3-d466-4e6f-95b1-543eec016e08;global;2026-07-02 17:42:33.244336;DORA-Art10;Financial entities shall have in place mechanisms to promptly detect anomalous activities, including ICT network performance issues and ICT-related incidents, and to identify potential single points of failure. Threat detection across compute, identity, storage and the API control plane is required for timely detection.;ICT Risk Management;Article 10;Detection;FAIL;Defender plan Defender for ARM from subscription Azure subscription 1 (7e3283a3-d466-4e6f-95b1-543eec016e08) is set to OFF (pricing tier not standard).;/subscriptions/7e3283a3-d466-4e6f-95b1-543eec016e08/providers/Microsoft.Security/pricings/Arm;Defender plan ARM;defender_ensure_defender_for_arm_is_on;False;DORA;Digital Operational Resilience Act (Regulation (EU) 2022/2554)
azure;"The Digital Operational Resilience Act (DORA) is a European Union regulation (Regulation (EU) 2022/2554) that sets a uniform framework for the digital operational resilience of the EU financial sector. Mandatory since 17 January 2025, it applies to financial entities (banks, insurers, investment firms, payment institutions, etc.) and to ICT third-party service providers. DORA is structured around five pillars: ICT risk management, ICT-related incident reporting, digital operational resilience testing, ICT third-party risk management, and information sharing. This Prowler mapping covers the technical controls auditable from cloud configuration; the organisational, contractual and supervisory obligations defined in DORA must be addressed outside of Prowler.";7e3283a3-d466-4e6f-95b1-543eec016e08;global;2026-07-02 17:42:33.244336;DORA-Art6;Financial entities shall have an ICT risk management framework that is sound, comprehensive and well-documented, enabling them to address ICT risk quickly, efficiently and comprehensively and to ensure a high level of digital operational resilience. This includes continuous configuration recording, security findings aggregation and an enterprise-wide visibility plane.;ICT Risk Management;Article 6;ICT risk management framework;FAIL;Defender plan Defender for Azure SQL DB Servers from subscription Azure subscription 1 (7e3283a3-d466-4e6f-95b1-543eec016e08) is set to OFF (pricing tier not standard).;/subscriptions/7e3283a3-d466-4e6f-95b1-543eec016e08/providers/Microsoft.Security/pricings/SqlServers;SqlServers;defender_ensure_defender_for_azure_sql_databases_is_on;False;DORA;Digital Operational Resilience Act (Regulation (EU) 2022/2554)
azure;"The Digital Operational Resilience Act (DORA) is a European Union regulation (Regulation (EU) 2022/2554) that sets a uniform framework for the digital operational resilience of the EU financial sector. Mandatory since 17 January 2025, it applies to financial entities (banks, insurers, investment firms, payment institutions, etc.) and to ICT third-party service providers. DORA is structured around five pillars: ICT risk management, ICT-related incident reporting, digital operational resilience testing, ICT third-party risk management, and information sharing. This Prowler mapping covers the technical controls auditable from cloud configuration; the organisational, contractual and supervisory obligations defined in DORA must be addressed outside of Prowler.";7e3283a3-d466-4e6f-95b1-543eec016e08;global;2026-07-02 17:42:33.244336;DORA-Art10;Financial entities shall have in place mechanisms to promptly detect anomalous activities, including ICT network performance issues and ICT-related incidents, and to identify potential single points of failure. Threat detection across compute, identity, storage and the API control plane is required for timely detection.;ICT Risk Management;Article 10;Detection;FAIL;Defender plan Defender for Azure SQL DB Servers from subscription Azure subscription 1 (7e3283a3-d466-4e6f-95b1-543eec016e08) is set to OFF (pricing tier not standard).;/subscriptions/7e3283a3-d466-4e6f-95b1-543eec016e08/providers/Microsoft.Security/pricings/SqlServers;SqlServers;defender_ensure_defender_for_azure_sql_databases_is_on;False;DORA;Digital Operational Resilience Act (Regulation (EU) 2022/2554)
azure;"The Digital Operational Resilience Act (DORA) is a European Union regulation (Regulation (EU) 2022/2554) that sets a uniform framework for the digital operational resilience of the EU financial sector. Mandatory since 17 January 2025, it applies to financial entities (banks, insurers, investment firms, payment institutions, etc.) and to ICT third-party service providers. DORA is structured around five pillars: ICT risk management, ICT-related incident reporting, digital operational resilience testing, ICT third-party risk management, and information sharing. This Prowler mapping covers the technical controls auditable from cloud configuration; the organisational, contractual and supervisory obligations defined in DORA must be addressed outside of Prowler.";7e3283a3-d466-4e6f-95b1-543eec016e08;global;2026-07-02 17:42:33.244336;DORA-Art6;Financial entities shall have an ICT risk management framework that is sound, comprehensive and well-documented, enabling them to address ICT risk quickly, efficiently and comprehensively and to ensure a high level of digital operational resilience. This includes continuous configuration recording, security findings aggregation and an enterprise-wide visibility plane.;ICT Risk Management;Article 6;ICT risk management framework;FAIL;Defender plan Defender for Containers from subscription Azure subscription 1 (7e3283a3-d466-4e6f-95b1-543eec016e08) is set to OFF (pricing tier not standard).;/subscriptions/7e3283a3-d466-4e6f-95b1-543eec016e08/providers/Microsoft.Security/pricings/Containers;Containers;defender_ensure_defender_for_containers_is_on;False;DORA;Digital Operational Resilience Act (Regulation (EU) 2022/2554)
azure;"The Digital Operational Resilience Act (DORA) is a European Union regulation (Regulation (EU) 2022/2554) that sets a uniform framework for the digital operational resilience of the EU financial sector. Mandatory since 17 January 2025, it applies to financial entities (banks, insurers, investment firms, payment institutions, etc.) and to ICT third-party service providers. DORA is structured around five pillars: ICT risk management, ICT-related incident reporting, digital operational resilience testing, ICT third-party risk management, and information sharing. This Prowler mapping covers the technical controls auditable from cloud configuration; the organisational, contractual and supervisory obligations defined in DORA must be addressed outside of Prowler.";7e3283a3-d466-4e6f-95b1-543eec016e08;global;2026-07-02 17:42:33.244336;DORA-Art10;Financial entities shall have in place mechanisms to promptly detect anomalous activities, including ICT network performance issues and ICT-related incidents, and to identify potential single points of failure. Threat detection across compute, identity, storage and the API control plane is required for timely detection.;ICT Risk Management;Article 10;Detection;FAIL;Defender plan Defender for Containers from subscription Azure subscription 1 (7e3283a3-d466-4e6f-95b1-543eec016e08) is set to OFF (pricing tier not standard).;/subscriptions/7e3283a3-d466-4e6f-95b1-543eec016e08/providers/Microsoft.Security/pricings/Containers;Containers;defender_ensure_defender_for_containers_is_on;False;DORA;Digital Operational Resilience Act (Regulation (EU) 2022/2554)
azure;"The Digital Operational Resilience Act (DORA) is a European Union regulation (Regulation (EU) 2022/2554) that sets a uniform framework for the digital operational resilience of the EU financial sector. Mandatory since 17 January 2025, it applies to financial entities (banks, insurers, investment firms, payment institutions, etc.) and to ICT third-party service providers. DORA is structured around five pillars: ICT risk management, ICT-related incident reporting, digital operational resilience testing, ICT third-party risk management, and information sharing. This Prowler mapping covers the technical controls auditable from cloud configuration; the organisational, contractual and supervisory obligations defined in DORA must be addressed outside of Prowler.";7e3283a3-d466-4e6f-95b1-543eec016e08;global;2026-07-02 17:42:33.244336;DORA-Art6;Financial entities shall have an ICT risk management framework that is sound, comprehensive and well-documented, enabling them to address ICT risk quickly, efficiently and comprehensively and to ensure a high level of digital operational resilience. This includes continuous configuration recording, security findings aggregation and an enterprise-wide visibility plane.;ICT Risk Management;Article 6;ICT risk management framework;FAIL;Defender plan Defender for Cosmos DB from subscription Azure subscription 1 (7e3283a3-d466-4e6f-95b1-543eec016e08) is set to OFF (pricing tier not standard).;/subscriptions/7e3283a3-d466-4e6f-95b1-543eec016e08/providers/Microsoft.Security/pricings/CosmosDbs;Defender plan Cosmos DB;defender_ensure_defender_for_cosmosdb_is_on;False;DORA;Digital Operational Resilience Act (Regulation (EU) 2022/2554)
azure;"The Digital Operational Resilience Act (DORA) is a European Union regulation (Regulation (EU) 2022/2554) that sets a uniform framework for the digital operational resilience of the EU financial sector. Mandatory since 17 January 2025, it applies to financial entities (banks, insurers, investment firms, payment institutions, etc.) and to ICT third-party service providers. DORA is structured around five pillars: ICT risk management, ICT-related incident reporting, digital operational resilience testing, ICT third-party risk management, and information sharing. This Prowler mapping covers the technical controls auditable from cloud configuration; the organisational, contractual and supervisory obligations defined in DORA must be addressed outside of Prowler.";7e3283a3-d466-4e6f-95b1-543eec016e08;global;2026-07-02 17:42:33.244336;DORA-Art6;Financial entities shall have an ICT risk management framework that is sound, comprehensive and well-documented, enabling them to address ICT risk quickly, efficiently and comprehensively and to ensure a high level of digital operational resilience. This includes continuous configuration recording, security findings aggregation and an enterprise-wide visibility plane.;ICT Risk Management;Article 6;ICT risk management framework;FAIL;Defender plan Defender for Databases from subscription Azure subscription 1 (7e3283a3-d466-4e6f-95b1-543eec016e08) is set to OFF (pricing tier not standard).;/subscriptions/7e3283a3-d466-4e6f-95b1-543eec016e08/providers/Microsoft.Security/pricings/SqlServers;SqlServers;defender_ensure_defender_for_databases_is_on;False;DORA;Digital Operational Resilience Act (Regulation (EU) 2022/2554)
azure;"The Digital Operational Resilience Act (DORA) is a European Union regulation (Regulation (EU) 2022/2554) that sets a uniform framework for the digital operational resilience of the EU financial sector. Mandatory since 17 January 2025, it applies to financial entities (banks, insurers, investment firms, payment institutions, etc.) and to ICT third-party service providers. DORA is structured around five pillars: ICT risk management, ICT-related incident reporting, digital operational resilience testing, ICT third-party risk management, and information sharing. This Prowler mapping covers the technical controls auditable from cloud configuration; the organisational, contractual and supervisory obligations defined in DORA must be addressed outside of Prowler.";7e3283a3-d466-4e6f-95b1-543eec016e08;global;2026-07-02 17:42:33.244336;DORA-Art6;Financial entities shall have an ICT risk management framework that is sound, comprehensive and well-documented, enabling them to address ICT risk quickly, efficiently and comprehensively and to ensure a high level of digital operational resilience. This includes continuous configuration recording, security findings aggregation and an enterprise-wide visibility plane.;ICT Risk Management;Article 6;ICT risk management framework;FAIL;Defender plan Defender for DNS from subscription Azure subscription 1 (7e3283a3-d466-4e6f-95b1-543eec016e08) is set to OFF (pricing tier not standard).;/subscriptions/7e3283a3-d466-4e6f-95b1-543eec016e08/providers/Microsoft.Security/pricings/Dns;Defender plan DNS;defender_ensure_defender_for_dns_is_on;False;DORA;Digital Operational Resilience Act (Regulation (EU) 2022/2554)
azure;"The Digital Operational Resilience Act (DORA) is a European Union regulation (Regulation (EU) 2022/2554) that sets a uniform framework for the digital operational resilience of the EU financial sector. Mandatory since 17 January 2025, it applies to financial entities (banks, insurers, investment firms, payment institutions, etc.) and to ICT third-party service providers. DORA is structured around five pillars: ICT risk management, ICT-related incident reporting, digital operational resilience testing, ICT third-party risk management, and information sharing. This Prowler mapping covers the technical controls auditable from cloud configuration; the organisational, contractual and supervisory obligations defined in DORA must be addressed outside of Prowler.";7e3283a3-d466-4e6f-95b1-543eec016e08;global;2026-07-02 17:42:33.244336;DORA-Art10;Financial entities shall have in place mechanisms to promptly detect anomalous activities, including ICT network performance issues and ICT-related incidents, and to identify potential single points of failure. Threat detection across compute, identity, storage and the API control plane is required for timely detection.;ICT Risk Management;Article 10;Detection;FAIL;Defender plan Defender for DNS from subscription Azure subscription 1 (7e3283a3-d466-4e6f-95b1-543eec016e08) is set to OFF (pricing tier not standard).;/subscriptions/7e3283a3-d466-4e6f-95b1-543eec016e08/providers/Microsoft.Security/pricings/Dns;Defender plan DNS;defender_ensure_defender_for_dns_is_on;False;DORA;Digital Operational Resilience Act (Regulation (EU) 2022/2554)
azure;"The Digital Operational Resilience Act (DORA) is a European Union regulation (Regulation (EU) 2022/2554) that sets a uniform framework for the digital operational resilience of the EU financial sector. Mandatory since 17 January 2025, it applies to financial entities (banks, insurers, investment firms, payment institutions, etc.) and to ICT third-party service providers. DORA is structured around five pillars: ICT risk management, ICT-related incident reporting, digital operational resilience testing, ICT third-party risk management, and information sharing. This Prowler mapping covers the technical controls auditable from cloud configuration; the organisational, contractual and supervisory obligations defined in DORA must be addressed outside of Prowler.";7e3283a3-d466-4e6f-95b1-543eec016e08;global;2026-07-02 17:42:33.244336;DORA-Art6;Financial entities shall have an ICT risk management framework that is sound, comprehensive and well-documented, enabling them to address ICT risk quickly, efficiently and comprehensively and to ensure a high level of digital operational resilience. This includes continuous configuration recording, security findings aggregation and an enterprise-wide visibility plane.;ICT Risk Management;Article 6;ICT risk management framework;FAIL;Defender plan Defender for KeyVaults from subscription Azure subscription 1 (7e3283a3-d466-4e6f-95b1-543eec016e08) is set to OFF (pricing tier not standard).;/subscriptions/7e3283a3-d466-4e6f-95b1-543eec016e08/providers/Microsoft.Security/pricings/KeyVaults;Defender plan KeyVaults;defender_ensure_defender_for_keyvault_is_on;False;DORA;Digital Operational Resilience Act (Regulation (EU) 2022/2554)
azure;"The Digital Operational Resilience Act (DORA) is a European Union regulation (Regulation (EU) 2022/2554) that sets a uniform framework for the digital operational resilience of the EU financial sector. Mandatory since 17 January 2025, it applies to financial entities (banks, insurers, investment firms, payment institutions, etc.) and to ICT third-party service providers. DORA is structured around five pillars: ICT risk management, ICT-related incident reporting, digital operational resilience testing, ICT third-party risk management, and information sharing. This Prowler mapping covers the technical controls auditable from cloud configuration; the organisational, contractual and supervisory obligations defined in DORA must be addressed outside of Prowler.";7e3283a3-d466-4e6f-95b1-543eec016e08;global;2026-07-02 17:42:33.244336;DORA-Art10;Financial entities shall have in place mechanisms to promptly detect anomalous activities, including ICT network performance issues and ICT-related incidents, and to identify potential single points of failure. Threat detection across compute, identity, storage and the API control plane is required for timely detection.;ICT Risk Management;Article 10;Detection;FAIL;Defender plan Defender for KeyVaults from subscription Azure subscription 1 (7e3283a3-d466-4e6f-95b1-543eec016e08) is set to OFF (pricing tier not standard).;/subscriptions/7e3283a3-d466-4e6f-95b1-543eec016e08/providers/Microsoft.Security/pricings/KeyVaults;Defender plan KeyVaults;defender_ensure_defender_for_keyvault_is_on;False;DORA;Digital Operational Resilience Act (Regulation (EU) 2022/2554)
azure;"The Digital Operational Resilience Act (DORA) is a European Union regulation (Regulation (EU) 2022/2554) that sets a uniform framework for the digital operational resilience of the EU financial sector. Mandatory since 17 January 2025, it applies to financial entities (banks, insurers, investment firms, payment institutions, etc.) and to ICT third-party service providers. DORA is structured around five pillars: ICT risk management, ICT-related incident reporting, digital operational resilience testing, ICT third-party risk management, and information sharing. This Prowler mapping covers the technical controls auditable from cloud configuration; the organisational, contractual and supervisory obligations defined in DORA must be addressed outside of Prowler.";7e3283a3-d466-4e6f-95b1-543eec016e08;global;2026-07-02 17:42:33.244336;DORA-Art6;Financial entities shall have an ICT risk management framework that is sound, comprehensive and well-documented, enabling them to address ICT risk quickly, efficiently and comprehensively and to ensure a high level of digital operational resilience. This includes continuous configuration recording, security findings aggregation and an enterprise-wide visibility plane.;ICT Risk Management;Article 6;ICT risk management framework;FAIL;Defender plan Defender for Open-Source Relational Databases from subscription Azure subscription 1 (7e3283a3-d466-4e6f-95b1-543eec016e08) is set to OFF (pricing tier not standard).;/subscriptions/7e3283a3-d466-4e6f-95b1-543eec016e08/providers/Microsoft.Security/pricings/OpenSourceRelationalDatabases;Defender plan Open-Source Relational Databases;defender_ensure_defender_for_os_relational_databases_is_on;False;DORA;Digital Operational Resilience Act (Regulation (EU) 2022/2554)
azure;"The Digital Operational Resilience Act (DORA) is a European Union regulation (Regulation (EU) 2022/2554) that sets a uniform framework for the digital operational resilience of the EU financial sector. Mandatory since 17 January 2025, it applies to financial entities (banks, insurers, investment firms, payment institutions, etc.) and to ICT third-party service providers. DORA is structured around five pillars: ICT risk management, ICT-related incident reporting, digital operational resilience testing, ICT third-party risk management, and information sharing. This Prowler mapping covers the technical controls auditable from cloud configuration; the organisational, contractual and supervisory obligations defined in DORA must be addressed outside of Prowler.";7e3283a3-d466-4e6f-95b1-543eec016e08;global;2026-07-02 17:42:33.244336;DORA-Art6;Financial entities shall have an ICT risk management framework that is sound, comprehensive and well-documented, enabling them to address ICT risk quickly, efficiently and comprehensively and to ensure a high level of digital operational resilience. This includes continuous configuration recording, security findings aggregation and an enterprise-wide visibility plane.;ICT Risk Management;Article 6;ICT risk management framework;FAIL;Defender plan Defender for Servers from subscription Azure subscription 1 (7e3283a3-d466-4e6f-95b1-543eec016e08) is set to OFF (pricing tier not standard).;/subscriptions/7e3283a3-d466-4e6f-95b1-543eec016e08/providers/Microsoft.Security/pricings/VirtualMachines;Defender plan Servers;defender_ensure_defender_for_server_is_on;False;DORA;Digital Operational Resilience Act (Regulation (EU) 2022/2554)
azure;"The Digital Operational Resilience Act (DORA) is a European Union regulation (Regulation (EU) 2022/2554) that sets a uniform framework for the digital operational resilience of the EU financial sector. Mandatory since 17 January 2025, it applies to financial entities (banks, insurers, investment firms, payment institutions, etc.) and to ICT third-party service providers. DORA is structured around five pillars: ICT risk management, ICT-related incident reporting, digital operational resilience testing, ICT third-party risk management, and information sharing. This Prowler mapping covers the technical controls auditable from cloud configuration; the organisational, contractual and supervisory obligations defined in DORA must be addressed outside of Prowler.";7e3283a3-d466-4e6f-95b1-543eec016e08;global;2026-07-02 17:42:33.244336;DORA-Art10;Financial entities shall have in place mechanisms to promptly detect anomalous activities, including ICT network performance issues and ICT-related incidents, and to identify potential single points of failure. Threat detection across compute, identity, storage and the API control plane is required for timely detection.;ICT Risk Management;Article 10;Detection;FAIL;Defender plan Defender for Servers from subscription Azure subscription 1 (7e3283a3-d466-4e6f-95b1-543eec016e08) is set to OFF (pricing tier not standard).;/subscriptions/7e3283a3-d466-4e6f-95b1-543eec016e08/providers/Microsoft.Security/pricings/VirtualMachines;Defender plan Servers;defender_ensure_defender_for_server_is_on;False;DORA;Digital Operational Resilience Act (Regulation (EU) 2022/2554)
azure;"The Digital Operational Resilience Act (DORA) is a European Union regulation (Regulation (EU) 2022/2554) that sets a uniform framework for the digital operational resilience of the EU financial sector. Mandatory since 17 January 2025, it applies to financial entities (banks, insurers, investment firms, payment institutions, etc.) and to ICT third-party service providers. DORA is structured around five pillars: ICT risk management, ICT-related incident reporting, digital operational resilience testing, ICT third-party risk management, and information sharing. This Prowler mapping covers the technical controls auditable from cloud configuration; the organisational, contractual and supervisory obligations defined in DORA must be addressed outside of Prowler.";7e3283a3-d466-4e6f-95b1-543eec016e08;global;2026-07-02 17:42:33.244336;DORA-Art18;Financial entities shall classify ICT-related incidents and shall determine their impact based on criteria such as the number of clients affected, duration, geographical spread, data losses, and criticality of the services affected. Severity-aware threat detection across the estate underpins this classification.;ICT-Related Incident Reporting;Article 18;Classification of ICT-related incidents and cyber threats;FAIL;Defender plan Defender for Servers from subscription Azure subscription 1 (7e3283a3-d466-4e6f-95b1-543eec016e08) is set to OFF (pricing tier not standard).;/subscriptions/7e3283a3-d466-4e6f-95b1-543eec016e08/providers/Microsoft.Security/pricings/VirtualMachines;Defender plan Servers;defender_ensure_defender_for_server_is_on;False;DORA;Digital Operational Resilience Act (Regulation (EU) 2022/2554)
azure;"The Digital Operational Resilience Act (DORA) is a European Union regulation (Regulation (EU) 2022/2554) that sets a uniform framework for the digital operational resilience of the EU financial sector. Mandatory since 17 January 2025, it applies to financial entities (banks, insurers, investment firms, payment institutions, etc.) and to ICT third-party service providers. DORA is structured around five pillars: ICT risk management, ICT-related incident reporting, digital operational resilience testing, ICT third-party risk management, and information sharing. This Prowler mapping covers the technical controls auditable from cloud configuration; the organisational, contractual and supervisory obligations defined in DORA must be addressed outside of Prowler.";7e3283a3-d466-4e6f-95b1-543eec016e08;global;2026-07-02 17:42:33.244336;DORA-Art45;Financial entities may exchange amongst themselves cyber threat information and intelligence, including indicators of compromise, tactics, techniques and procedures, cyber security alerts and configuration tools. Centralised threat detection, sensitive data discovery and trail-based intelligence enable participation in such information-sharing arrangements.;Information Sharing;Article 45;Information-sharing arrangements on cyber threat information and intelligence;FAIL;Defender plan Defender for Servers from subscription Azure subscription 1 (7e3283a3-d466-4e6f-95b1-543eec016e08) is set to OFF (pricing tier not standard).;/subscriptions/7e3283a3-d466-4e6f-95b1-543eec016e08/providers/Microsoft.Security/pricings/VirtualMachines;Defender plan Servers;defender_ensure_defender_for_server_is_on;False;DORA;Digital Operational Resilience Act (Regulation (EU) 2022/2554)
azure;"The Digital Operational Resilience Act (DORA) is a European Union regulation (Regulation (EU) 2022/2554) that sets a uniform framework for the digital operational resilience of the EU financial sector. Mandatory since 17 January 2025, it applies to financial entities (banks, insurers, investment firms, payment institutions, etc.) and to ICT third-party service providers. DORA is structured around five pillars: ICT risk management, ICT-related incident reporting, digital operational resilience testing, ICT third-party risk management, and information sharing. This Prowler mapping covers the technical controls auditable from cloud configuration; the organisational, contractual and supervisory obligations defined in DORA must be addressed outside of Prowler.";7e3283a3-d466-4e6f-95b1-543eec016e08;global;2026-07-02 17:42:33.244336;DORA-Art6;Financial entities shall have an ICT risk management framework that is sound, comprehensive and well-documented, enabling them to address ICT risk quickly, efficiently and comprehensively and to ensure a high level of digital operational resilience. This includes continuous configuration recording, security findings aggregation and an enterprise-wide visibility plane.;ICT Risk Management;Article 6;ICT risk management framework;FAIL;Defender plan Defender for SQL Server VMs from subscription Azure subscription 1 (7e3283a3-d466-4e6f-95b1-543eec016e08) is set to OFF (pricing tier not standard).;/subscriptions/7e3283a3-d466-4e6f-95b1-543eec016e08/providers/Microsoft.Security/pricings/SqlServerVirtualMachines;Defender plan SQL Server VMs;defender_ensure_defender_for_sql_servers_is_on;False;DORA;Digital Operational Resilience Act (Regulation (EU) 2022/2554)
azure;"The Digital Operational Resilience Act (DORA) is a European Union regulation (Regulation (EU) 2022/2554) that sets a uniform framework for the digital operational resilience of the EU financial sector. Mandatory since 17 January 2025, it applies to financial entities (banks, insurers, investment firms, payment institutions, etc.) and to ICT third-party service providers. DORA is structured around five pillars: ICT risk management, ICT-related incident reporting, digital operational resilience testing, ICT third-party risk management, and information sharing. This Prowler mapping covers the technical controls auditable from cloud configuration; the organisational, contractual and supervisory obligations defined in DORA must be addressed outside of Prowler.";7e3283a3-d466-4e6f-95b1-543eec016e08;global;2026-07-02 17:42:33.244336;DORA-Art10;Financial entities shall have in place mechanisms to promptly detect anomalous activities, including ICT network performance issues and ICT-related incidents, and to identify potential single points of failure. Threat detection across compute, identity, storage and the API control plane is required for timely detection.;ICT Risk Management;Article 10;Detection;FAIL;Defender plan Defender for SQL Server VMs from subscription Azure subscription 1 (7e3283a3-d466-4e6f-95b1-543eec016e08) is set to OFF (pricing tier not standard).;/subscriptions/7e3283a3-d466-4e6f-95b1-543eec016e08/providers/Microsoft.Security/pricings/SqlServerVirtualMachines;Defender plan SQL Server VMs;defender_ensure_defender_for_sql_servers_is_on;False;DORA;Digital Operational Resilience Act (Regulation (EU) 2022/2554)
azure;"The Digital Operational Resilience Act (DORA) is a European Union regulation (Regulation (EU) 2022/2554) that sets a uniform framework for the digital operational resilience of the EU financial sector. Mandatory since 17 January 2025, it applies to financial entities (banks, insurers, investment firms, payment institutions, etc.) and to ICT third-party service providers. DORA is structured around five pillars: ICT risk management, ICT-related incident reporting, digital operational resilience testing, ICT third-party risk management, and information sharing. This Prowler mapping covers the technical controls auditable from cloud configuration; the organisational, contractual and supervisory obligations defined in DORA must be addressed outside of Prowler.";7e3283a3-d466-4e6f-95b1-543eec016e08;global;2026-07-02 17:42:33.244336;DORA-Art6;Financial entities shall have an ICT risk management framework that is sound, comprehensive and well-documented, enabling them to address ICT risk quickly, efficiently and comprehensively and to ensure a high level of digital operational resilience. This includes continuous configuration recording, security findings aggregation and an enterprise-wide visibility plane.;ICT Risk Management;Article 6;ICT risk management framework;FAIL;Defender plan Defender for Storage Accounts from subscription Azure subscription 1 (7e3283a3-d466-4e6f-95b1-543eec016e08) is set to OFF (pricing tier not standard).;/subscriptions/7e3283a3-d466-4e6f-95b1-543eec016e08/providers/Microsoft.Security/pricings/StorageAccounts;Defender plan Storage Accounts;defender_ensure_defender_for_storage_is_on;False;DORA;Digital Operational Resilience Act (Regulation (EU) 2022/2554)
azure;"The Digital Operational Resilience Act (DORA) is a European Union regulation (Regulation (EU) 2022/2554) that sets a uniform framework for the digital operational resilience of the EU financial sector. Mandatory since 17 January 2025, it applies to financial entities (banks, insurers, investment firms, payment institutions, etc.) and to ICT third-party service providers. DORA is structured around five pillars: ICT risk management, ICT-related incident reporting, digital operational resilience testing, ICT third-party risk management, and information sharing. This Prowler mapping covers the technical controls auditable from cloud configuration; the organisational, contractual and supervisory obligations defined in DORA must be addressed outside of Prowler.";7e3283a3-d466-4e6f-95b1-543eec016e08;global;2026-07-02 17:42:33.244336;DORA-Art10;Financial entities shall have in place mechanisms to promptly detect anomalous activities, including ICT network performance issues and ICT-related incidents, and to identify potential single points of failure. Threat detection across compute, identity, storage and the API control plane is required for timely detection.;ICT Risk Management;Article 10;Detection;FAIL;Defender plan Defender for Storage Accounts from subscription Azure subscription 1 (7e3283a3-d466-4e6f-95b1-543eec016e08) is set to OFF (pricing tier not standard).;/subscriptions/7e3283a3-d466-4e6f-95b1-543eec016e08/providers/Microsoft.Security/pricings/StorageAccounts;Defender plan Storage Accounts;defender_ensure_defender_for_storage_is_on;False;DORA;Digital Operational Resilience Act (Regulation (EU) 2022/2554)
azure;"The Digital Operational Resilience Act (DORA) is a European Union regulation (Regulation (EU) 2022/2554) that sets a uniform framework for the digital operational resilience of the EU financial sector. Mandatory since 17 January 2025, it applies to financial entities (banks, insurers, investment firms, payment institutions, etc.) and to ICT third-party service providers. DORA is structured around five pillars: ICT risk management, ICT-related incident reporting, digital operational resilience testing, ICT third-party risk management, and information sharing. This Prowler mapping covers the technical controls auditable from cloud configuration; the organisational, contractual and supervisory obligations defined in DORA must be addressed outside of Prowler.";7e3283a3-d466-4e6f-95b1-543eec016e08;global;2026-07-02 17:42:33.244336;DORA-Art6;Financial entities shall have an ICT risk management framework that is sound, comprehensive and well-documented, enabling them to address ICT risk quickly, efficiently and comprehensively and to ensure a high level of digital operational resilience. This includes continuous configuration recording, security findings aggregation and an enterprise-wide visibility plane.;ICT Risk Management;Article 6;ICT risk management framework;PASS;Microsoft Defender for Cloud Apps is enabled for subscription Azure subscription 1 (7e3283a3-d466-4e6f-95b1-543eec016e08).;/subscriptions/7e3283a3-d466-4e6f-95b1-543eec016e08/providers/Microsoft.Security/settings/MCAS;MCAS;defender_ensure_mcas_is_enabled;False;DORA;Digital Operational Resilience Act (Regulation (EU) 2022/2554)
azure;"The Digital Operational Resilience Act (DORA) is a European Union regulation (Regulation (EU) 2022/2554) that sets a uniform framework for the digital operational resilience of the EU financial sector. Mandatory since 17 January 2025, it applies to financial entities (banks, insurers, investment firms, payment institutions, etc.) and to ICT third-party service providers. DORA is structured around five pillars: ICT risk management, ICT-related incident reporting, digital operational resilience testing, ICT third-party risk management, and information sharing. This Prowler mapping covers the technical controls auditable from cloud configuration; the organisational, contractual and supervisory obligations defined in DORA must be addressed outside of Prowler.";7e3283a3-d466-4e6f-95b1-543eec016e08;global;2026-07-02 17:42:33.244336;DORA-Art10;Financial entities shall have in place mechanisms to promptly detect anomalous activities, including ICT network performance issues and ICT-related incidents, and to identify potential single points of failure. Threat detection across compute, identity, storage and the API control plane is required for timely detection.;ICT Risk Management;Article 10;Detection;PASS;Microsoft Defender for Cloud Apps is enabled for subscription Azure subscription 1 (7e3283a3-d466-4e6f-95b1-543eec016e08).;/subscriptions/7e3283a3-d466-4e6f-95b1-543eec016e08/providers/Microsoft.Security/settings/MCAS;MCAS;defender_ensure_mcas_is_enabled;False;DORA;Digital Operational Resilience Act (Regulation (EU) 2022/2554)
azure;"The Digital Operational Resilience Act (DORA) is a European Union regulation (Regulation (EU) 2022/2554) that sets a uniform framework for the digital operational resilience of the EU financial sector. Mandatory since 17 January 2025, it applies to financial entities (banks, insurers, investment firms, payment institutions, etc.) and to ICT third-party service providers. DORA is structured around five pillars: ICT risk management, ICT-related incident reporting, digital operational resilience testing, ICT third-party risk management, and information sharing. This Prowler mapping covers the technical controls auditable from cloud configuration; the organisational, contractual and supervisory obligations defined in DORA must be addressed outside of Prowler.";7e3283a3-d466-4e6f-95b1-543eec016e08;global;2026-07-02 17:42:33.244336;DORA-Art18;Financial entities shall classify ICT-related incidents and shall determine their impact based on criteria such as the number of clients affected, duration, geographical spread, data losses, and criticality of the services affected. Severity-aware threat detection across the estate underpins this classification.;ICT-Related Incident Reporting;Article 18;Classification of ICT-related incidents and cyber threats;PASS;Microsoft Defender for Cloud Apps is enabled for subscription Azure subscription 1 (7e3283a3-d466-4e6f-95b1-543eec016e08).;/subscriptions/7e3283a3-d466-4e6f-95b1-543eec016e08/providers/Microsoft.Security/settings/MCAS;MCAS;defender_ensure_mcas_is_enabled;False;DORA;Digital Operational Resilience Act (Regulation (EU) 2022/2554)
azure;"The Digital Operational Resilience Act (DORA) is a European Union regulation (Regulation (EU) 2022/2554) that sets a uniform framework for the digital operational resilience of the EU financial sector. Mandatory since 17 January 2025, it applies to financial entities (banks, insurers, investment firms, payment institutions, etc.) and to ICT third-party service providers. DORA is structured around five pillars: ICT risk management, ICT-related incident reporting, digital operational resilience testing, ICT third-party risk management, and information sharing. This Prowler mapping covers the technical controls auditable from cloud configuration; the organisational, contractual and supervisory obligations defined in DORA must be addressed outside of Prowler.";7e3283a3-d466-4e6f-95b1-543eec016e08;global;2026-07-02 17:42:33.244336;DORA-Art45;Financial entities may exchange amongst themselves cyber threat information and intelligence, including indicators of compromise, tactics, techniques and procedures, cyber security alerts and configuration tools. Centralised threat detection, sensitive data discovery and trail-based intelligence enable participation in such information-sharing arrangements.;Information Sharing;Article 45;Information-sharing arrangements on cyber threat information and intelligence;PASS;Microsoft Defender for Cloud Apps is enabled for subscription Azure subscription 1 (7e3283a3-d466-4e6f-95b1-543eec016e08).;/subscriptions/7e3283a3-d466-4e6f-95b1-543eec016e08/providers/Microsoft.Security/settings/MCAS;MCAS;defender_ensure_mcas_is_enabled;False;DORA;Digital Operational Resilience Act (Regulation (EU) 2022/2554)
azure;"The Digital Operational Resilience Act (DORA) is a European Union regulation (Regulation (EU) 2022/2554) that sets a uniform framework for the digital operational resilience of the EU financial sector. Mandatory since 17 January 2025, it applies to financial entities (banks, insurers, investment firms, payment institutions, etc.) and to ICT third-party service providers. DORA is structured around five pillars: ICT risk management, ICT-related incident reporting, digital operational resilience testing, ICT third-party risk management, and information sharing. This Prowler mapping covers the technical controls auditable from cloud configuration; the organisational, contractual and supervisory obligations defined in DORA must be addressed outside of Prowler.";7e3283a3-d466-4e6f-95b1-543eec016e08;global;2026-07-02 17:42:33.244336;DORA-Art6;Financial entities shall have an ICT risk management framework that is sound, comprehensive and well-documented, enabling them to address ICT risk quickly, efficiently and comprehensively and to ensure a high level of digital operational resilience. This includes continuous configuration recording, security findings aggregation and an enterprise-wide visibility plane.;ICT Risk Management;Article 6;ICT risk management framework;PASS;Microsoft Defender for Endpoint integration is enabled for subscription Azure subscription 1 (7e3283a3-d466-4e6f-95b1-543eec016e08).;/subscriptions/7e3283a3-d466-4e6f-95b1-543eec016e08/providers/Microsoft.Security/settings/WDATP;WDATP;defender_ensure_wdatp_is_enabled;False;DORA;Digital Operational Resilience Act (Regulation (EU) 2022/2554)
azure;"The Digital Operational Resilience Act (DORA) is a European Union regulation (Regulation (EU) 2022/2554) that sets a uniform framework for the digital operational resilience of the EU financial sector. Mandatory since 17 January 2025, it applies to financial entities (banks, insurers, investment firms, payment institutions, etc.) and to ICT third-party service providers. DORA is structured around five pillars: ICT risk management, ICT-related incident reporting, digital operational resilience testing, ICT third-party risk management, and information sharing. This Prowler mapping covers the technical controls auditable from cloud configuration; the organisational, contractual and supervisory obligations defined in DORA must be addressed outside of Prowler.";7e3283a3-d466-4e6f-95b1-543eec016e08;global;2026-07-02 17:42:33.244336;DORA-Art10;Financial entities shall have in place mechanisms to promptly detect anomalous activities, including ICT network performance issues and ICT-related incidents, and to identify potential single points of failure. Threat detection across compute, identity, storage and the API control plane is required for timely detection.;ICT Risk Management;Article 10;Detection;PASS;Microsoft Defender for Endpoint integration is enabled for subscription Azure subscription 1 (7e3283a3-d466-4e6f-95b1-543eec016e08).;/subscriptions/7e3283a3-d466-4e6f-95b1-543eec016e08/providers/Microsoft.Security/settings/WDATP;WDATP;defender_ensure_wdatp_is_enabled;False;DORA;Digital Operational Resilience Act (Regulation (EU) 2022/2554)
azure;"The Digital Operational Resilience Act (DORA) is a European Union regulation (Regulation (EU) 2022/2554) that sets a uniform framework for the digital operational resilience of the EU financial sector. Mandatory since 17 January 2025, it applies to financial entities (banks, insurers, investment firms, payment institutions, etc.) and to ICT third-party service providers. DORA is structured around five pillars: ICT risk management, ICT-related incident reporting, digital operational resilience testing, ICT third-party risk management, and information sharing. This Prowler mapping covers the technical controls auditable from cloud configuration; the organisational, contractual and supervisory obligations defined in DORA must be addressed outside of Prowler.";7e3283a3-d466-4e6f-95b1-543eec016e08;global;2026-07-02 17:42:33.244336;DORA-Art18;Financial entities shall classify ICT-related incidents and shall determine their impact based on criteria such as the number of clients affected, duration, geographical spread, data losses, and criticality of the services affected. Severity-aware threat detection across the estate underpins this classification.;ICT-Related Incident Reporting;Article 18;Classification of ICT-related incidents and cyber threats;PASS;Microsoft Defender for Endpoint integration is enabled for subscription Azure subscription 1 (7e3283a3-d466-4e6f-95b1-543eec016e08).;/subscriptions/7e3283a3-d466-4e6f-95b1-543eec016e08/providers/Microsoft.Security/settings/WDATP;WDATP;defender_ensure_wdatp_is_enabled;False;DORA;Digital Operational Resilience Act (Regulation (EU) 2022/2554)
azure;"The Digital Operational Resilience Act (DORA) is a European Union regulation (Regulation (EU) 2022/2554) that sets a uniform framework for the digital operational resilience of the EU financial sector. Mandatory since 17 January 2025, it applies to financial entities (banks, insurers, investment firms, payment institutions, etc.) and to ICT third-party service providers. DORA is structured around five pillars: ICT risk management, ICT-related incident reporting, digital operational resilience testing, ICT third-party risk management, and information sharing. This Prowler mapping covers the technical controls auditable from cloud configuration; the organisational, contractual and supervisory obligations defined in DORA must be addressed outside of Prowler.";7e3283a3-d466-4e6f-95b1-543eec016e08;global;2026-07-02 17:42:33.244336;DORA-Art45;Financial entities may exchange amongst themselves cyber threat information and intelligence, including indicators of compromise, tactics, techniques and procedures, cyber security alerts and configuration tools. Centralised threat detection, sensitive data discovery and trail-based intelligence enable participation in such information-sharing arrangements.;Information Sharing;Article 45;Information-sharing arrangements on cyber threat information and intelligence;PASS;Microsoft Defender for Endpoint integration is enabled for subscription Azure subscription 1 (7e3283a3-d466-4e6f-95b1-543eec016e08).;/subscriptions/7e3283a3-d466-4e6f-95b1-543eec016e08/providers/Microsoft.Security/settings/WDATP;WDATP;defender_ensure_wdatp_is_enabled;False;DORA;Digital Operational Resilience Act (Regulation (EU) 2022/2554)
azure;"The Digital Operational Resilience Act (DORA) is a European Union regulation (Regulation (EU) 2022/2554) that sets a uniform framework for the digital operational resilience of the EU financial sector. Mandatory since 17 January 2025, it applies to financial entities (banks, insurers, investment firms, payment institutions, etc.) and to ICT third-party service providers. DORA is structured around five pillars: ICT risk management, ICT-related incident reporting, digital operational resilience testing, ICT third-party risk management, and information sharing. This Prowler mapping covers the technical controls auditable from cloud configuration; the organisational, contractual and supervisory obligations defined in DORA must be addressed outside of Prowler.";fd9388b0-2c00-4cf1-9e27-123b32fe4a92;global;2026-07-02 17:42:33.244336;DORA-Art5;Financial entities shall have a sound, comprehensive and well-documented ICT internal governance and control framework. Senior management is accountable for ICT risk and shall enforce strong identity, authentication and least-privilege policies for privileged identities, including the root account.;ICT Risk Management;Article 5;Governance and organisation;FAIL;Conditional Access Policy does not require MFA for Microsoft Admin Portals.;Conditional Access Policy;Conditional Access Policy;entra_conditional_access_policy_require_mfa_for_admin_portals;False;DORA;Digital Operational Resilience Act (Regulation (EU) 2022/2554)
azure;"The Digital Operational Resilience Act (DORA) is a European Union regulation (Regulation (EU) 2022/2554) that sets a uniform framework for the digital operational resilience of the EU financial sector. Mandatory since 17 January 2025, it applies to financial entities (banks, insurers, investment firms, payment institutions, etc.) and to ICT third-party service providers. DORA is structured around five pillars: ICT risk management, ICT-related incident reporting, digital operational resilience testing, ICT third-party risk management, and information sharing. This Prowler mapping covers the technical controls auditable from cloud configuration; the organisational, contractual and supervisory obligations defined in DORA must be addressed outside of Prowler.";fd9388b0-2c00-4cf1-9e27-123b32fe4a92;global;2026-07-02 17:42:33.244336;DORA-Art5;Financial entities shall have a sound, comprehensive and well-documented ICT internal governance and control framework. Senior management is accountable for ICT risk and shall enforce strong identity, authentication and least-privilege policies for privileged identities, including the root account.;ICT Risk Management;Article 5;Governance and organisation;FAIL;Conditional Access Policy does not require MFA for management API.;Conditional Access Policy;Conditional Access Policy;entra_conditional_access_policy_require_mfa_for_management_api;False;DORA;Digital Operational Resilience Act (Regulation (EU) 2022/2554)
azure;"The Digital Operational Resilience Act (DORA) is a European Union regulation (Regulation (EU) 2022/2554) that sets a uniform framework for the digital operational resilience of the EU financial sector. Mandatory since 17 January 2025, it applies to financial entities (banks, insurers, investment firms, payment institutions, etc.) and to ICT third-party service providers. DORA is structured around five pillars: ICT risk management, ICT-related incident reporting, digital operational resilience testing, ICT third-party risk management, and information sharing. This Prowler mapping covers the technical controls auditable from cloud configuration; the organisational, contractual and supervisory obligations defined in DORA must be addressed outside of Prowler.";fd9388b0-2c00-4cf1-9e27-123b32fe4a92;global;2026-07-02 17:42:33.244336;DORA-Art5;Financial entities shall have a sound, comprehensive and well-documented ICT internal governance and control framework. Senior management is accountable for ICT risk and shall enforce strong identity, authentication and least-privilege policies for privileged identities, including the root account.;ICT Risk Management;Article 5;Governance and organisation;PASS;There are 0 global administrators.;3882aa2b-35a5-4450-bcce-841318c97db2;Global Administrator;entra_global_admin_in_less_than_five_users;False;DORA;Digital Operational Resilience Act (Regulation (EU) 2022/2554)
azure;"The Digital Operational Resilience Act (DORA) is a European Union regulation (Regulation (EU) 2022/2554) that sets a uniform framework for the digital operational resilience of the EU financial sector. Mandatory since 17 January 2025, it applies to financial entities (banks, insurers, investment firms, payment institutions, etc.) and to ICT third-party service providers. DORA is structured around five pillars: ICT risk management, ICT-related incident reporting, digital operational resilience testing, ICT third-party risk management, and information sharing. This Prowler mapping covers the technical controls auditable from cloud configuration; the organisational, contractual and supervisory obligations defined in DORA must be addressed outside of Prowler.";fd9388b0-2c00-4cf1-9e27-123b32fe4a92;global;2026-07-02 17:42:33.244336;DORA-Art30;Contractual arrangements with ICT third-party service providers shall be set out in writing and include, at minimum, agreed service levels and clear allocation of rights and obligations. Privilege boundaries, least-privilege policies and absence of administrative wildcards are the technical guardrails that enforce these contractual constraints inside AWS.;ICT Third-Party Risk Management;Article 30;Key contractual provisions;PASS;There are 0 global administrators.;3882aa2b-35a5-4450-bcce-841318c97db2;Global Administrator;entra_global_admin_in_less_than_five_users;False;DORA;Digital Operational Resilience Act (Regulation (EU) 2022/2554)
azure;"The Digital Operational Resilience Act (DORA) is a European Union regulation (Regulation (EU) 2022/2554) that sets a uniform framework for the digital operational resilience of the EU financial sector. Mandatory since 17 January 2025, it applies to financial entities (banks, insurers, investment firms, payment institutions, etc.) and to ICT third-party service providers. DORA is structured around five pillars: ICT risk management, ICT-related incident reporting, digital operational resilience testing, ICT third-party risk management, and information sharing. This Prowler mapping covers the technical controls auditable from cloud configuration; the organisational, contractual and supervisory obligations defined in DORA must be addressed outside of Prowler.";fd9388b0-2c00-4cf1-9e27-123b32fe4a92;global;2026-07-02 17:42:33.244336;DORA-Art5;Financial entities shall have a sound, comprehensive and well-documented ICT internal governance and control framework. Senior management is accountable for ICT risk and shall enforce strong identity, authentication and least-privilege policies for privileged identities, including the root account.;ICT Risk Management;Article 5;Governance and organisation;FAIL;Non-privileged users are able to create security groups via the Access Panel and the Azure administration portal.;authorizationPolicy;Authorization Policy;entra_policy_default_users_cannot_create_security_groups;False;DORA;Digital Operational Resilience Act (Regulation (EU) 2022/2554)
azure;"The Digital Operational Resilience Act (DORA) is a European Union regulation (Regulation (EU) 2022/2554) that sets a uniform framework for the digital operational resilience of the EU financial sector. Mandatory since 17 January 2025, it applies to financial entities (banks, insurers, investment firms, payment institutions, etc.) and to ICT third-party service providers. DORA is structured around five pillars: ICT risk management, ICT-related incident reporting, digital operational resilience testing, ICT third-party risk management, and information sharing. This Prowler mapping covers the technical controls auditable from cloud configuration; the organisational, contractual and supervisory obligations defined in DORA must be addressed outside of Prowler.";fd9388b0-2c00-4cf1-9e27-123b32fe4a92;global;2026-07-02 17:42:33.244336;DORA-Art30;Contractual arrangements with ICT third-party service providers shall be set out in writing and include, at minimum, agreed service levels and clear allocation of rights and obligations. Privilege boundaries, least-privilege policies and absence of administrative wildcards are the technical guardrails that enforce these contractual constraints inside AWS.;ICT Third-Party Risk Management;Article 30;Key contractual provisions;FAIL;Non-privileged users are able to create security groups via the Access Panel and the Azure administration portal.;authorizationPolicy;Authorization Policy;entra_policy_default_users_cannot_create_security_groups;False;DORA;Digital Operational Resilience Act (Regulation (EU) 2022/2554)
azure;"The Digital Operational Resilience Act (DORA) is a European Union regulation (Regulation (EU) 2022/2554) that sets a uniform framework for the digital operational resilience of the EU financial sector. Mandatory since 17 January 2025, it applies to financial entities (banks, insurers, investment firms, payment institutions, etc.) and to ICT third-party service providers. DORA is structured around five pillars: ICT risk management, ICT-related incident reporting, digital operational resilience testing, ICT third-party risk management, and information sharing. This Prowler mapping covers the technical controls auditable from cloud configuration; the organisational, contractual and supervisory obligations defined in DORA must be addressed outside of Prowler.";fd9388b0-2c00-4cf1-9e27-123b32fe4a92;global;2026-07-02 17:42:33.244336;DORA-Art5;Financial entities shall have a sound, comprehensive and well-documented ICT internal governance and control framework. Senior management is accountable for ICT risk and shall enforce strong identity, authentication and least-privilege policies for privileged identities, including the root account.;ICT Risk Management;Article 5;Governance and organisation;FAIL;App creation is not disabled for non-admin users.;authorizationPolicy;Authorization Policy;entra_policy_ensure_default_user_cannot_create_apps;False;DORA;Digital Operational Resilience Act (Regulation (EU) 2022/2554)
azure;"The Digital Operational Resilience Act (DORA) is a European Union regulation (Regulation (EU) 2022/2554) that sets a uniform framework for the digital operational resilience of the EU financial sector. Mandatory since 17 January 2025, it applies to financial entities (banks, insurers, investment firms, payment institutions, etc.) and to ICT third-party service providers. DORA is structured around five pillars: ICT risk management, ICT-related incident reporting, digital operational resilience testing, ICT third-party risk management, and information sharing. This Prowler mapping covers the technical controls auditable from cloud configuration; the organisational, contractual and supervisory obligations defined in DORA must be addressed outside of Prowler.";fd9388b0-2c00-4cf1-9e27-123b32fe4a92;global;2026-07-02 17:42:33.244336;DORA-Art30;Contractual arrangements with ICT third-party service providers shall be set out in writing and include, at minimum, agreed service levels and clear allocation of rights and obligations. Privilege boundaries, least-privilege policies and absence of administrative wildcards are the technical guardrails that enforce these contractual constraints inside AWS.;ICT Third-Party Risk Management;Article 30;Key contractual provisions;FAIL;App creation is not disabled for non-admin users.;authorizationPolicy;Authorization Policy;entra_policy_ensure_default_user_cannot_create_apps;False;DORA;Digital Operational Resilience Act (Regulation (EU) 2022/2554)
azure;"The Digital Operational Resilience Act (DORA) is a European Union regulation (Regulation (EU) 2022/2554) that sets a uniform framework for the digital operational resilience of the EU financial sector. Mandatory since 17 January 2025, it applies to financial entities (banks, insurers, investment firms, payment institutions, etc.) and to ICT third-party service providers. DORA is structured around five pillars: ICT risk management, ICT-related incident reporting, digital operational resilience testing, ICT third-party risk management, and information sharing. This Prowler mapping covers the technical controls auditable from cloud configuration; the organisational, contractual and supervisory obligations defined in DORA must be addressed outside of Prowler.";fd9388b0-2c00-4cf1-9e27-123b32fe4a92;global;2026-07-02 17:42:33.244336;DORA-Art5;Financial entities shall have a sound, comprehensive and well-documented ICT internal governance and control framework. Senior management is accountable for ICT risk and shall enforce strong identity, authentication and least-privilege policies for privileged identities, including the root account.;ICT Risk Management;Article 5;Governance and organisation;FAIL;Tenants creation is not disabled for non-admin users.;authorizationPolicy;Authorization Policy;entra_policy_ensure_default_user_cannot_create_tenants;False;DORA;Digital Operational Resilience Act (Regulation (EU) 2022/2554)
azure;"The Digital Operational Resilience Act (DORA) is a European Union regulation (Regulation (EU) 2022/2554) that sets a uniform framework for the digital operational resilience of the EU financial sector. Mandatory since 17 January 2025, it applies to financial entities (banks, insurers, investment firms, payment institutions, etc.) and to ICT third-party service providers. DORA is structured around five pillars: ICT risk management, ICT-related incident reporting, digital operational resilience testing, ICT third-party risk management, and information sharing. This Prowler mapping covers the technical controls auditable from cloud configuration; the organisational, contractual and supervisory obligations defined in DORA must be addressed outside of Prowler.";fd9388b0-2c00-4cf1-9e27-123b32fe4a92;global;2026-07-02 17:42:33.244336;DORA-Art28;Financial entities shall manage ICT third-party risk as an integral component of ICT risk within their ICT risk management framework. Cross-account access, trust boundaries, organization-level controls and dependency visibility are critical to monitor third-party exposure on AWS.;ICT Third-Party Risk Management;Article 28;General principles (ICT third-party risk);FAIL;Guest invitations are not restricted to users with specific administrative roles only.;authorizationPolicy;Authorization Policy;entra_policy_guest_invite_only_for_admin_roles;False;DORA;Digital Operational Resilience Act (Regulation (EU) 2022/2554)
azure;"The Digital Operational Resilience Act (DORA) is a European Union regulation (Regulation (EU) 2022/2554) that sets a uniform framework for the digital operational resilience of the EU financial sector. Mandatory since 17 January 2025, it applies to financial entities (banks, insurers, investment firms, payment institutions, etc.) and to ICT third-party service providers. DORA is structured around five pillars: ICT risk management, ICT-related incident reporting, digital operational resilience testing, ICT third-party risk management, and information sharing. This Prowler mapping covers the technical controls auditable from cloud configuration; the organisational, contractual and supervisory obligations defined in DORA must be addressed outside of Prowler.";fd9388b0-2c00-4cf1-9e27-123b32fe4a92;global;2026-07-02 17:42:33.244336;DORA-Art28;Financial entities shall manage ICT third-party risk as an integral component of ICT risk within their ICT risk management framework. Cross-account access, trust boundaries, organization-level controls and dependency visibility are critical to monitor third-party exposure on AWS.;ICT Third-Party Risk Management;Article 28;General principles (ICT third-party risk);FAIL;Guest user access is not restricted to properties and memberships of their own directory objects;authorizationPolicy;Authorization Policy;entra_policy_guest_users_access_restrictions;False;DORA;Digital Operational Resilience Act (Regulation (EU) 2022/2554)
azure;"The Digital Operational Resilience Act (DORA) is a European Union regulation (Regulation (EU) 2022/2554) that sets a uniform framework for the digital operational resilience of the EU financial sector. Mandatory since 17 January 2025, it applies to financial entities (banks, insurers, investment firms, payment institutions, etc.) and to ICT third-party service providers. DORA is structured around five pillars: ICT risk management, ICT-related incident reporting, digital operational resilience testing, ICT third-party risk management, and information sharing. This Prowler mapping covers the technical controls auditable from cloud configuration; the organisational, contractual and supervisory obligations defined in DORA must be addressed outside of Prowler.";fd9388b0-2c00-4cf1-9e27-123b32fe4a92;global;2026-07-02 17:42:33.244336;DORA-Art28;Financial entities shall manage ICT third-party risk as an integral component of ICT risk within their ICT risk management framework. Cross-account access, trust boundaries, organization-level controls and dependency visibility are critical to monitor third-party exposure on AWS.;ICT Third-Party Risk Management;Article 28;General principles (ICT third-party risk);FAIL;Entra allows users to consent apps accessing company data on their behalf;authorizationPolicy;Authorization Policy;entra_policy_restricts_user_consent_for_apps;False;DORA;Digital Operational Resilience Act (Regulation (EU) 2022/2554)
azure;"The Digital Operational Resilience Act (DORA) is a European Union regulation (Regulation (EU) 2022/2554) that sets a uniform framework for the digital operational resilience of the EU financial sector. Mandatory since 17 January 2025, it applies to financial entities (banks, insurers, investment firms, payment institutions, etc.) and to ICT third-party service providers. DORA is structured around five pillars: ICT risk management, ICT-related incident reporting, digital operational resilience testing, ICT third-party risk management, and information sharing. This Prowler mapping covers the technical controls auditable from cloud configuration; the organisational, contractual and supervisory obligations defined in DORA must be addressed outside of Prowler.";fd9388b0-2c00-4cf1-9e27-123b32fe4a92;global;2026-07-02 17:42:33.244336;DORA-Art28;Financial entities shall manage ICT third-party risk as an integral component of ICT risk within their ICT risk management framework. Cross-account access, trust boundaries, organization-level controls and dependency visibility are critical to monitor third-party exposure on AWS.;ICT Third-Party Risk Management;Article 28;General principles (ICT third-party risk);PASS;Entra does not allow users to consent non-verified apps accessing company data on their behalf.;authorizationPolicy;Authorization Policy;entra_policy_user_consent_for_verified_apps;False;DORA;Digital Operational Resilience Act (Regulation (EU) 2022/2554)
azure;"The Digital Operational Resilience Act (DORA) is a European Union regulation (Regulation (EU) 2022/2554) that sets a uniform framework for the digital operational resilience of the EU financial sector. Mandatory since 17 January 2025, it applies to financial entities (banks, insurers, investment firms, payment institutions, etc.) and to ICT third-party service providers. DORA is structured around five pillars: ICT risk management, ICT-related incident reporting, digital operational resilience testing, ICT third-party risk management, and information sharing. This Prowler mapping covers the technical controls auditable from cloud configuration; the organisational, contractual and supervisory obligations defined in DORA must be addressed outside of Prowler.";fd9388b0-2c00-4cf1-9e27-123b32fe4a92;global;2026-07-02 17:42:33.244336;DORA-Art5;Financial entities shall have a sound, comprehensive and well-documented ICT internal governance and control framework. Senior management is accountable for ICT risk and shall enforce strong identity, authentication and least-privilege policies for privileged identities, including the root account.;ICT Risk Management;Article 5;Governance and organisation;FAIL;Users can create Microsoft 365 groups.;fd9388b0-2c00-4cf1-9e27-123b32fe4a92;vinayhereonhotmail.onmicrosoft.com;entra_users_cannot_create_microsoft_365_groups;False;DORA;Digital Operational Resilience Act (Regulation (EU) 2022/2554)
azure;"The Digital Operational Resilience Act (DORA) is a European Union regulation (Regulation (EU) 2022/2554) that sets a uniform framework for the digital operational resilience of the EU financial sector. Mandatory since 17 January 2025, it applies to financial entities (banks, insurers, investment firms, payment institutions, etc.) and to ICT third-party service providers. DORA is structured around five pillars: ICT risk management, ICT-related incident reporting, digital operational resilience testing, ICT third-party risk management, and information sharing. This Prowler mapping covers the technical controls auditable from cloud configuration; the organisational, contractual and supervisory obligations defined in DORA must be addressed outside of Prowler.";7e3283a3-d466-4e6f-95b1-543eec016e08;global;2026-07-02 17:42:33.244336;DORA-Art5;Financial entities shall have a sound, comprehensive and well-documented ICT internal governance and control framework. Senior management is accountable for ICT risk and shall enforce strong identity, authentication and least-privilege policies for privileged identities, including the root account.;ICT Risk Management;Article 5;Governance and organisation;PASS;Role assignment 543fb8a5-e4b6-42b7-a54c-ca83525e1311 in subscription Azure subscription 1 (7e3283a3-d466-4e6f-95b1-543eec016e08) does not grant User Access Administrator role.;/subscriptions/7e3283a3-d466-4e6f-95b1-543eec016e08/providers/Microsoft.Authorization/roleAssignments/543fb8a5-e4b6-42b7-a54c-ca83525e1311;543fb8a5-e4b6-42b7-a54c-ca83525e1311;iam_role_user_access_admin_restricted;False;DORA;Digital Operational Resilience Act (Regulation (EU) 2022/2554)
azure;"The Digital Operational Resilience Act (DORA) is a European Union regulation (Regulation (EU) 2022/2554) that sets a uniform framework for the digital operational resilience of the EU financial sector. Mandatory since 17 January 2025, it applies to financial entities (banks, insurers, investment firms, payment institutions, etc.) and to ICT third-party service providers. DORA is structured around five pillars: ICT risk management, ICT-related incident reporting, digital operational resilience testing, ICT third-party risk management, and information sharing. This Prowler mapping covers the technical controls auditable from cloud configuration; the organisational, contractual and supervisory obligations defined in DORA must be addressed outside of Prowler.";7e3283a3-d466-4e6f-95b1-543eec016e08;global;2026-07-02 17:42:33.244336;DORA-Art30;Contractual arrangements with ICT third-party service providers shall be set out in writing and include, at minimum, agreed service levels and clear allocation of rights and obligations. Privilege boundaries, least-privilege policies and absence of administrative wildcards are the technical guardrails that enforce these contractual constraints inside AWS.;ICT Third-Party Risk Management;Article 30;Key contractual provisions;PASS;Role assignment 543fb8a5-e4b6-42b7-a54c-ca83525e1311 in subscription Azure subscription 1 (7e3283a3-d466-4e6f-95b1-543eec016e08) does not grant User Access Administrator role.;/subscriptions/7e3283a3-d466-4e6f-95b1-543eec016e08/providers/Microsoft.Authorization/roleAssignments/543fb8a5-e4b6-42b7-a54c-ca83525e1311;543fb8a5-e4b6-42b7-a54c-ca83525e1311;iam_role_user_access_admin_restricted;False;DORA;Digital Operational Resilience Act (Regulation (EU) 2022/2554)
azure;"The Digital Operational Resilience Act (DORA) is a European Union regulation (Regulation (EU) 2022/2554) that sets a uniform framework for the digital operational resilience of the EU financial sector. Mandatory since 17 January 2025, it applies to financial entities (banks, insurers, investment firms, payment institutions, etc.) and to ICT third-party service providers. DORA is structured around five pillars: ICT risk management, ICT-related incident reporting, digital operational resilience testing, ICT third-party risk management, and information sharing. This Prowler mapping covers the technical controls auditable from cloud configuration; the organisational, contractual and supervisory obligations defined in DORA must be addressed outside of Prowler.";7e3283a3-d466-4e6f-95b1-543eec016e08;global;2026-07-02 17:42:33.244336;DORA-Art19;Financial entities shall report major ICT-related incidents to the relevant competent authority and may, on a voluntary basis, notify significant cyber threats. Detective metric filters, change-tracking alarms and reliable notification topics are needed to surface and route reportable events.;ICT-Related Incident Reporting;Article 19;Reporting of major ICT-related incidents and voluntary notification of significant cyber threats;FAIL;There is not an alert for creating Policy Assignments in subscription Azure subscription 1 (7e3283a3-d466-4e6f-95b1-543eec016e08).;/subscriptions/7e3283a3-d466-4e6f-95b1-543eec016e08;7e3283a3-d466-4e6f-95b1-543eec016e08;monitor_alert_create_policy_assignment;False;DORA;Digital Operational Resilience Act (Regulation (EU) 2022/2554)
azure;"The Digital Operational Resilience Act (DORA) is a European Union regulation (Regulation (EU) 2022/2554) that sets a uniform framework for the digital operational resilience of the EU financial sector. Mandatory since 17 January 2025, it applies to financial entities (banks, insurers, investment firms, payment institutions, etc.) and to ICT third-party service providers. DORA is structured around five pillars: ICT risk management, ICT-related incident reporting, digital operational resilience testing, ICT third-party risk management, and information sharing. This Prowler mapping covers the technical controls auditable from cloud configuration; the organisational, contractual and supervisory obligations defined in DORA must be addressed outside of Prowler.";7e3283a3-d466-4e6f-95b1-543eec016e08;global;2026-07-02 17:42:33.244336;DORA-Art19;Financial entities shall report major ICT-related incidents to the relevant competent authority and may, on a voluntary basis, notify significant cyber threats. Detective metric filters, change-tracking alarms and reliable notification topics are needed to surface and route reportable events.;ICT-Related Incident Reporting;Article 19;Reporting of major ICT-related incidents and voluntary notification of significant cyber threats;FAIL;There is not an alert for creating/updating Network Security Groups in subscription Azure subscription 1 (7e3283a3-d466-4e6f-95b1-543eec016e08).;/subscriptions/7e3283a3-d466-4e6f-95b1-543eec016e08;7e3283a3-d466-4e6f-95b1-543eec016e08;monitor_alert_create_update_nsg;False;DORA;Digital Operational Resilience Act (Regulation (EU) 2022/2554)
azure;"The Digital Operational Resilience Act (DORA) is a European Union regulation (Regulation (EU) 2022/2554) that sets a uniform framework for the digital operational resilience of the EU financial sector. Mandatory since 17 January 2025, it applies to financial entities (banks, insurers, investment firms, payment institutions, etc.) and to ICT third-party service providers. DORA is structured around five pillars: ICT risk management, ICT-related incident reporting, digital operational resilience testing, ICT third-party risk management, and information sharing. This Prowler mapping covers the technical controls auditable from cloud configuration; the organisational, contractual and supervisory obligations defined in DORA must be addressed outside of Prowler.";7e3283a3-d466-4e6f-95b1-543eec016e08;global;2026-07-02 17:42:33.244336;DORA-Art19;Financial entities shall report major ICT-related incidents to the relevant competent authority and may, on a voluntary basis, notify significant cyber threats. Detective metric filters, change-tracking alarms and reliable notification topics are needed to surface and route reportable events.;ICT-Related Incident Reporting;Article 19;Reporting of major ICT-related incidents and voluntary notification of significant cyber threats;FAIL;There is not an alert for creating/updating Public IP address rule in subscription Azure subscription 1 (7e3283a3-d466-4e6f-95b1-543eec016e08).;/subscriptions/7e3283a3-d466-4e6f-95b1-543eec016e08;7e3283a3-d466-4e6f-95b1-543eec016e08;monitor_alert_create_update_public_ip_address_rule;False;DORA;Digital Operational Resilience Act (Regulation (EU) 2022/2554)
azure;"The Digital Operational Resilience Act (DORA) is a European Union regulation (Regulation (EU) 2022/2554) that sets a uniform framework for the digital operational resilience of the EU financial sector. Mandatory since 17 January 2025, it applies to financial entities (banks, insurers, investment firms, payment institutions, etc.) and to ICT third-party service providers. DORA is structured around five pillars: ICT risk management, ICT-related incident reporting, digital operational resilience testing, ICT third-party risk management, and information sharing. This Prowler mapping covers the technical controls auditable from cloud configuration; the organisational, contractual and supervisory obligations defined in DORA must be addressed outside of Prowler.";7e3283a3-d466-4e6f-95b1-543eec016e08;global;2026-07-02 17:42:33.244336;DORA-Art11;Financial entities shall put in place a comprehensive ICT business continuity policy, including ICT response and recovery plans, that ensures the continuity of ICT-supported critical or important functions. Operational alarming, automated event routing and tested recovery actions are essential.;ICT Risk Management;Article 11;Response and recovery;FAIL;There is not an alert for creating/updating Security Solution in subscription Azure subscription 1 (7e3283a3-d466-4e6f-95b1-543eec016e08).;/subscriptions/7e3283a3-d466-4e6f-95b1-543eec016e08;7e3283a3-d466-4e6f-95b1-543eec016e08;monitor_alert_create_update_security_solution;False;DORA;Digital Operational Resilience Act (Regulation (EU) 2022/2554)
azure;"The Digital Operational Resilience Act (DORA) is a European Union regulation (Regulation (EU) 2022/2554) that sets a uniform framework for the digital operational resilience of the EU financial sector. Mandatory since 17 January 2025, it applies to financial entities (banks, insurers, investment firms, payment institutions, etc.) and to ICT third-party service providers. DORA is structured around five pillars: ICT risk management, ICT-related incident reporting, digital operational resilience testing, ICT third-party risk management, and information sharing. This Prowler mapping covers the technical controls auditable from cloud configuration; the organisational, contractual and supervisory obligations defined in DORA must be addressed outside of Prowler.";7e3283a3-d466-4e6f-95b1-543eec016e08;global;2026-07-02 17:42:33.244336;DORA-Art19;Financial entities shall report major ICT-related incidents to the relevant competent authority and may, on a voluntary basis, notify significant cyber threats. Detective metric filters, change-tracking alarms and reliable notification topics are needed to surface and route reportable events.;ICT-Related Incident Reporting;Article 19;Reporting of major ICT-related incidents and voluntary notification of significant cyber threats;FAIL;There is not an alert for creating/updating Security Solution in subscription Azure subscription 1 (7e3283a3-d466-4e6f-95b1-543eec016e08).;/subscriptions/7e3283a3-d466-4e6f-95b1-543eec016e08;7e3283a3-d466-4e6f-95b1-543eec016e08;monitor_alert_create_update_security_solution;False;DORA;Digital Operational Resilience Act (Regulation (EU) 2022/2554)
azure;"The Digital Operational Resilience Act (DORA) is a European Union regulation (Regulation (EU) 2022/2554) that sets a uniform framework for the digital operational resilience of the EU financial sector. Mandatory since 17 January 2025, it applies to financial entities (banks, insurers, investment firms, payment institutions, etc.) and to ICT third-party service providers. DORA is structured around five pillars: ICT risk management, ICT-related incident reporting, digital operational resilience testing, ICT third-party risk management, and information sharing. This Prowler mapping covers the technical controls auditable from cloud configuration; the organisational, contractual and supervisory obligations defined in DORA must be addressed outside of Prowler.";7e3283a3-d466-4e6f-95b1-543eec016e08;global;2026-07-02 17:42:33.244336;DORA-Art19;Financial entities shall report major ICT-related incidents to the relevant competent authority and may, on a voluntary basis, notify significant cyber threats. Detective metric filters, change-tracking alarms and reliable notification topics are needed to surface and route reportable events.;ICT-Related Incident Reporting;Article 19;Reporting of major ICT-related incidents and voluntary notification of significant cyber threats;FAIL;There is not an alert for creating/updating SQL Server firewall rule in subscription Azure subscription 1 (7e3283a3-d466-4e6f-95b1-543eec016e08).;/subscriptions/7e3283a3-d466-4e6f-95b1-543eec016e08;7e3283a3-d466-4e6f-95b1-543eec016e08;monitor_alert_create_update_sqlserver_fr;False;DORA;Digital Operational Resilience Act (Regulation (EU) 2022/2554)
azure;"The Digital Operational Resilience Act (DORA) is a European Union regulation (Regulation (EU) 2022/2554) that sets a uniform framework for the digital operational resilience of the EU financial sector. Mandatory since 17 January 2025, it applies to financial entities (banks, insurers, investment firms, payment institutions, etc.) and to ICT third-party service providers. DORA is structured around five pillars: ICT risk management, ICT-related incident reporting, digital operational resilience testing, ICT third-party risk management, and information sharing. This Prowler mapping covers the technical controls auditable from cloud configuration; the organisational, contractual and supervisory obligations defined in DORA must be addressed outside of Prowler.";7e3283a3-d466-4e6f-95b1-543eec016e08;global;2026-07-02 17:42:33.244336;DORA-Art19;Financial entities shall report major ICT-related incidents to the relevant competent authority and may, on a voluntary basis, notify significant cyber threats. Detective metric filters, change-tracking alarms and reliable notification topics are needed to surface and route reportable events.;ICT-Related Incident Reporting;Article 19;Reporting of major ICT-related incidents and voluntary notification of significant cyber threats;FAIL;There is not an alert for deleting Network Security Groups in subscription Azure subscription 1 (7e3283a3-d466-4e6f-95b1-543eec016e08).;/subscriptions/7e3283a3-d466-4e6f-95b1-543eec016e08;7e3283a3-d466-4e6f-95b1-543eec016e08;monitor_alert_delete_nsg;False;DORA;Digital Operational Resilience Act (Regulation (EU) 2022/2554)
azure;"The Digital Operational Resilience Act (DORA) is a European Union regulation (Regulation (EU) 2022/2554) that sets a uniform framework for the digital operational resilience of the EU financial sector. Mandatory since 17 January 2025, it applies to financial entities (banks, insurers, investment firms, payment institutions, etc.) and to ICT third-party service providers. DORA is structured around five pillars: ICT risk management, ICT-related incident reporting, digital operational resilience testing, ICT third-party risk management, and information sharing. This Prowler mapping covers the technical controls auditable from cloud configuration; the organisational, contractual and supervisory obligations defined in DORA must be addressed outside of Prowler.";7e3283a3-d466-4e6f-95b1-543eec016e08;global;2026-07-02 17:42:33.244336;DORA-Art19;Financial entities shall report major ICT-related incidents to the relevant competent authority and may, on a voluntary basis, notify significant cyber threats. Detective metric filters, change-tracking alarms and reliable notification topics are needed to surface and route reportable events.;ICT-Related Incident Reporting;Article 19;Reporting of major ICT-related incidents and voluntary notification of significant cyber threats;FAIL;There is not an alert for deleting policy assignment in subscription Azure subscription 1 (7e3283a3-d466-4e6f-95b1-543eec016e08).;/subscriptions/7e3283a3-d466-4e6f-95b1-543eec016e08;7e3283a3-d466-4e6f-95b1-543eec016e08;monitor_alert_delete_policy_assignment;False;DORA;Digital Operational Resilience Act (Regulation (EU) 2022/2554)
azure;"The Digital Operational Resilience Act (DORA) is a European Union regulation (Regulation (EU) 2022/2554) that sets a uniform framework for the digital operational resilience of the EU financial sector. Mandatory since 17 January 2025, it applies to financial entities (banks, insurers, investment firms, payment institutions, etc.) and to ICT third-party service providers. DORA is structured around five pillars: ICT risk management, ICT-related incident reporting, digital operational resilience testing, ICT third-party risk management, and information sharing. This Prowler mapping covers the technical controls auditable from cloud configuration; the organisational, contractual and supervisory obligations defined in DORA must be addressed outside of Prowler.";7e3283a3-d466-4e6f-95b1-543eec016e08;global;2026-07-02 17:42:33.244336;DORA-Art19;Financial entities shall report major ICT-related incidents to the relevant competent authority and may, on a voluntary basis, notify significant cyber threats. Detective metric filters, change-tracking alarms and reliable notification topics are needed to surface and route reportable events.;ICT-Related Incident Reporting;Article 19;Reporting of major ICT-related incidents and voluntary notification of significant cyber threats;FAIL;There is not an alert for deleting public IP address rule in subscription Azure subscription 1 (7e3283a3-d466-4e6f-95b1-543eec016e08).;/subscriptions/7e3283a3-d466-4e6f-95b1-543eec016e08;7e3283a3-d466-4e6f-95b1-543eec016e08;monitor_alert_delete_public_ip_address_rule;False;DORA;Digital Operational Resilience Act (Regulation (EU) 2022/2554)
azure;"The Digital Operational Resilience Act (DORA) is a European Union regulation (Regulation (EU) 2022/2554) that sets a uniform framework for the digital operational resilience of the EU financial sector. Mandatory since 17 January 2025, it applies to financial entities (banks, insurers, investment firms, payment institutions, etc.) and to ICT third-party service providers. DORA is structured around five pillars: ICT risk management, ICT-related incident reporting, digital operational resilience testing, ICT third-party risk management, and information sharing. This Prowler mapping covers the technical controls auditable from cloud configuration; the organisational, contractual and supervisory obligations defined in DORA must be addressed outside of Prowler.";7e3283a3-d466-4e6f-95b1-543eec016e08;global;2026-07-02 17:42:33.244336;DORA-Art11;Financial entities shall put in place a comprehensive ICT business continuity policy, including ICT response and recovery plans, that ensures the continuity of ICT-supported critical or important functions. Operational alarming, automated event routing and tested recovery actions are essential.;ICT Risk Management;Article 11;Response and recovery;FAIL;There is not an alert for deleting Security Solution in subscription Azure subscription 1 (7e3283a3-d466-4e6f-95b1-543eec016e08).;/subscriptions/7e3283a3-d466-4e6f-95b1-543eec016e08;7e3283a3-d466-4e6f-95b1-543eec016e08;monitor_alert_delete_security_solution;False;DORA;Digital Operational Resilience Act (Regulation (EU) 2022/2554)
azure;"The Digital Operational Resilience Act (DORA) is a European Union regulation (Regulation (EU) 2022/2554) that sets a uniform framework for the digital operational resilience of the EU financial sector. Mandatory since 17 January 2025, it applies to financial entities (banks, insurers, investment firms, payment institutions, etc.) and to ICT third-party service providers. DORA is structured around five pillars: ICT risk management, ICT-related incident reporting, digital operational resilience testing, ICT third-party risk management, and information sharing. This Prowler mapping covers the technical controls auditable from cloud configuration; the organisational, contractual and supervisory obligations defined in DORA must be addressed outside of Prowler.";7e3283a3-d466-4e6f-95b1-543eec016e08;global;2026-07-02 17:42:33.244336;DORA-Art19;Financial entities shall report major ICT-related incidents to the relevant competent authority and may, on a voluntary basis, notify significant cyber threats. Detective metric filters, change-tracking alarms and reliable notification topics are needed to surface and route reportable events.;ICT-Related Incident Reporting;Article 19;Reporting of major ICT-related incidents and voluntary notification of significant cyber threats;FAIL;There is not an alert for deleting Security Solution in subscription Azure subscription 1 (7e3283a3-d466-4e6f-95b1-543eec016e08).;/subscriptions/7e3283a3-d466-4e6f-95b1-543eec016e08;7e3283a3-d466-4e6f-95b1-543eec016e08;monitor_alert_delete_security_solution;False;DORA;Digital Operational Resilience Act (Regulation (EU) 2022/2554)
azure;"The Digital Operational Resilience Act (DORA) is a European Union regulation (Regulation (EU) 2022/2554) that sets a uniform framework for the digital operational resilience of the EU financial sector. Mandatory since 17 January 2025, it applies to financial entities (banks, insurers, investment firms, payment institutions, etc.) and to ICT third-party service providers. DORA is structured around five pillars: ICT risk management, ICT-related incident reporting, digital operational resilience testing, ICT third-party risk management, and information sharing. This Prowler mapping covers the technical controls auditable from cloud configuration; the organisational, contractual and supervisory obligations defined in DORA must be addressed outside of Prowler.";7e3283a3-d466-4e6f-95b1-543eec016e08;global;2026-07-02 17:42:33.244336;DORA-Art19;Financial entities shall report major ICT-related incidents to the relevant competent authority and may, on a voluntary basis, notify significant cyber threats. Detective metric filters, change-tracking alarms and reliable notification topics are needed to surface and route reportable events.;ICT-Related Incident Reporting;Article 19;Reporting of major ICT-related incidents and voluntary notification of significant cyber threats;FAIL;There is not an alert for deleting SQL Server firewall rule in subscription Azure subscription 1 (7e3283a3-d466-4e6f-95b1-543eec016e08).;/subscriptions/7e3283a3-d466-4e6f-95b1-543eec016e08;7e3283a3-d466-4e6f-95b1-543eec016e08;monitor_alert_delete_sqlserver_fr;False;DORA;Digital Operational Resilience Act (Regulation (EU) 2022/2554)
azure;"The Digital Operational Resilience Act (DORA) is a European Union regulation (Regulation (EU) 2022/2554) that sets a uniform framework for the digital operational resilience of the EU financial sector. Mandatory since 17 January 2025, it applies to financial entities (banks, insurers, investment firms, payment institutions, etc.) and to ICT third-party service providers. DORA is structured around five pillars: ICT risk management, ICT-related incident reporting, digital operational resilience testing, ICT third-party risk management, and information sharing. This Prowler mapping covers the technical controls auditable from cloud configuration; the organisational, contractual and supervisory obligations defined in DORA must be addressed outside of Prowler.";7e3283a3-d466-4e6f-95b1-543eec016e08;global;2026-07-02 17:42:33.244336;DORA-Art11;Financial entities shall put in place a comprehensive ICT business continuity policy, including ICT response and recovery plans, that ensures the continuity of ICT-supported critical or important functions. Operational alarming, automated event routing and tested recovery actions are essential.;ICT Risk Management;Article 11;Response and recovery;FAIL;There is no activity log alert for Service Health in subscription Azure subscription 1 (7e3283a3-d466-4e6f-95b1-543eec016e08).;/subscriptions/7e3283a3-d466-4e6f-95b1-543eec016e08;7e3283a3-d466-4e6f-95b1-543eec016e08;monitor_alert_service_health_exists;False;DORA;Digital Operational Resilience Act (Regulation (EU) 2022/2554)
azure;"The Digital Operational Resilience Act (DORA) is a European Union regulation (Regulation (EU) 2022/2554) that sets a uniform framework for the digital operational resilience of the EU financial sector. Mandatory since 17 January 2025, it applies to financial entities (banks, insurers, investment firms, payment institutions, etc.) and to ICT third-party service providers. DORA is structured around five pillars: ICT risk management, ICT-related incident reporting, digital operational resilience testing, ICT third-party risk management, and information sharing. This Prowler mapping covers the technical controls auditable from cloud configuration; the organisational, contractual and supervisory obligations defined in DORA must be addressed outside of Prowler.";7e3283a3-d466-4e6f-95b1-543eec016e08;global;2026-07-02 17:42:33.244336;DORA-Art14;As part of the ICT risk management framework, financial entities shall have in place crisis communication plans enabling a responsible disclosure of ICT-related incidents or major vulnerabilities to clients, counterparts and the public. Reliable, encrypted and access-controlled notification channels are required.;ICT Risk Management;Article 14;Communication;FAIL;There is no activity log alert for Service Health in subscription Azure subscription 1 (7e3283a3-d466-4e6f-95b1-543eec016e08).;/subscriptions/7e3283a3-d466-4e6f-95b1-543eec016e08;7e3283a3-d466-4e6f-95b1-543eec016e08;monitor_alert_service_health_exists;False;DORA;Digital Operational Resilience Act (Regulation (EU) 2022/2554)
azure;"The Digital Operational Resilience Act (DORA) is a European Union regulation (Regulation (EU) 2022/2554) that sets a uniform framework for the digital operational resilience of the EU financial sector. Mandatory since 17 January 2025, it applies to financial entities (banks, insurers, investment firms, payment institutions, etc.) and to ICT third-party service providers. DORA is structured around five pillars: ICT risk management, ICT-related incident reporting, digital operational resilience testing, ICT third-party risk management, and information sharing. This Prowler mapping covers the technical controls auditable from cloud configuration; the organisational, contractual and supervisory obligations defined in DORA must be addressed outside of Prowler.";7e3283a3-d466-4e6f-95b1-543eec016e08;global;2026-07-02 17:42:33.244336;DORA-Art19;Financial entities shall report major ICT-related incidents to the relevant competent authority and may, on a voluntary basis, notify significant cyber threats. Detective metric filters, change-tracking alarms and reliable notification topics are needed to surface and route reportable events.;ICT-Related Incident Reporting;Article 19;Reporting of major ICT-related incidents and voluntary notification of significant cyber threats;FAIL;There is no activity log alert for Service Health in subscription Azure subscription 1 (7e3283a3-d466-4e6f-95b1-543eec016e08).;/subscriptions/7e3283a3-d466-4e6f-95b1-543eec016e08;7e3283a3-d466-4e6f-95b1-543eec016e08;monitor_alert_service_health_exists;False;DORA;Digital Operational Resilience Act (Regulation (EU) 2022/2554)
azure;"The Digital Operational Resilience Act (DORA) is a European Union regulation (Regulation (EU) 2022/2554) that sets a uniform framework for the digital operational resilience of the EU financial sector. Mandatory since 17 January 2025, it applies to financial entities (banks, insurers, investment firms, payment institutions, etc.) and to ICT third-party service providers. DORA is structured around five pillars: ICT risk management, ICT-related incident reporting, digital operational resilience testing, ICT third-party risk management, and information sharing. This Prowler mapping covers the technical controls auditable from cloud configuration; the organisational, contractual and supervisory obligations defined in DORA must be addressed outside of Prowler.";7e3283a3-d466-4e6f-95b1-543eec016e08;global;2026-07-02 17:42:33.244336;DORA-Art17;Financial entities shall define, establish and implement an ICT-related incident management process to detect, manage and notify ICT-related incidents. Comprehensive trail logging, log integrity protection, retention and centralisation of ICT events are foundational requirements.;ICT-Related Incident Reporting;Article 17;ICT-related incident management process;FAIL;No diagnostic setting captures all appropriate categories (Administrative, Security, Alert, Policy) in subscription Azure subscription 1 (7e3283a3-d466-4e6f-95b1-543eec016e08).;/subscriptions/7e3283a3-d466-4e6f-95b1-543eec016e08;7e3283a3-d466-4e6f-95b1-543eec016e08;monitor_diagnostic_setting_with_appropriate_categories;False;DORA;Digital Operational Resilience Act (Regulation (EU) 2022/2554)
azure;"The Digital Operational Resilience Act (DORA) is a European Union regulation (Regulation (EU) 2022/2554) that sets a uniform framework for the digital operational resilience of the EU financial sector. Mandatory since 17 January 2025, it applies to financial entities (banks, insurers, investment firms, payment institutions, etc.) and to ICT third-party service providers. DORA is structured around five pillars: ICT risk management, ICT-related incident reporting, digital operational resilience testing, ICT third-party risk management, and information sharing. This Prowler mapping covers the technical controls auditable from cloud configuration; the organisational, contractual and supervisory obligations defined in DORA must be addressed outside of Prowler.";7e3283a3-d466-4e6f-95b1-543eec016e08;global;2026-07-02 17:42:33.244336;DORA-Art17;Financial entities shall define, establish and implement an ICT-related incident management process to detect, manage and notify ICT-related incidents. Comprehensive trail logging, log integrity protection, retention and centralisation of ICT events are foundational requirements.;ICT-Related Incident Reporting;Article 17;ICT-related incident management process;FAIL;No diagnostic settings found in subscription Azure subscription 1 (7e3283a3-d466-4e6f-95b1-543eec016e08).;/subscriptions/7e3283a3-d466-4e6f-95b1-543eec016e08;7e3283a3-d466-4e6f-95b1-543eec016e08;monitor_diagnostic_settings_exists;False;DORA;Digital Operational Resilience Act (Regulation (EU) 2022/2554)
azure;"The Digital Operational Resilience Act (DORA) is a European Union regulation (Regulation (EU) 2022/2554) that sets a uniform framework for the digital operational resilience of the EU financial sector. Mandatory since 17 January 2025, it applies to financial entities (banks, insurers, investment firms, payment institutions, etc.) and to ICT third-party service providers. DORA is structured around five pillars: ICT risk management, ICT-related incident reporting, digital operational resilience testing, ICT third-party risk management, and information sharing. This Prowler mapping covers the technical controls auditable from cloud configuration; the organisational, contractual and supervisory obligations defined in DORA must be addressed outside of Prowler.";7e3283a3-d466-4e6f-95b1-543eec016e08;global;2026-07-02 17:42:33.244336;DORA-Art9;Financial entities shall continuously monitor and control the security and functioning of ICT systems and tools and minimise the impact of ICT risk by deploying appropriate ICT security tools, policies and procedures. Encryption at rest and in transit, blocking of public exposure, network access controls, secret management and instance hardening are central to this article.;ICT Risk Management;Article 9;Protection and prevention;FAIL;Bastion Host from subscription Azure subscription 1 (7e3283a3-d466-4e6f-95b1-543eec016e08) does not exist;/subscriptions/7e3283a3-d466-4e6f-95b1-543eec016e08;7e3283a3-d466-4e6f-95b1-543eec016e08;network_bastion_host_exists;False;DORA;Digital Operational Resilience Act (Regulation (EU) 2022/2554)
azure;"The Digital Operational Resilience Act (DORA) is a European Union regulation (Regulation (EU) 2022/2554) that sets a uniform framework for the digital operational resilience of the EU financial sector. Mandatory since 17 January 2025, it applies to financial entities (banks, insurers, investment firms, payment institutions, etc.) and to ICT third-party service providers. DORA is structured around five pillars: ICT risk management, ICT-related incident reporting, digital operational resilience testing, ICT third-party risk management, and information sharing. This Prowler mapping covers the technical controls auditable from cloud configuration; the organisational, contractual and supervisory obligations defined in DORA must be addressed outside of Prowler.";7e3283a3-d466-4e6f-95b1-543eec016e08;eastus;2026-07-02 17:42:33.244336;DORA-Art17;Financial entities shall define, establish and implement an ICT-related incident management process to detect, manage and notify ICT-related incidents. Comprehensive trail logging, log integrity protection, retention and centralisation of ICT events are foundational requirements.;ICT-Related Incident Reporting;Article 17;ICT-related incident management process;FAIL;Network Watcher NetworkWatcher_eastus from subscription Azure subscription 1 (7e3283a3-d466-4e6f-95b1-543eec016e08) has no flow logs;/subscriptions/7e3283a3-d466-4e6f-95b1-543eec016e08/resourceGroups/NetworkWatcherRG/providers/Microsoft.Network/networkWatchers/NetworkWatcher_eastus;NetworkWatcher_eastus;network_flow_log_captured_sent;False;DORA;Digital Operational Resilience Act (Regulation (EU) 2022/2554)
azure;"The Digital Operational Resilience Act (DORA) is a European Union regulation (Regulation (EU) 2022/2554) that sets a uniform framework for the digital operational resilience of the EU financial sector. Mandatory since 17 January 2025, it applies to financial entities (banks, insurers, investment firms, payment institutions, etc.) and to ICT third-party service providers. DORA is structured around five pillars: ICT risk management, ICT-related incident reporting, digital operational resilience testing, ICT third-party risk management, and information sharing. This Prowler mapping covers the technical controls auditable from cloud configuration; the organisational, contractual and supervisory obligations defined in DORA must be addressed outside of Prowler.";7e3283a3-d466-4e6f-95b1-543eec016e08;centralus;2026-07-02 17:42:33.244336;DORA-Art17;Financial entities shall define, establish and implement an ICT-related incident management process to detect, manage and notify ICT-related incidents. Comprehensive trail logging, log integrity protection, retention and centralisation of ICT events are foundational requirements.;ICT-Related Incident Reporting;Article 17;ICT-related incident management process;FAIL;Network Watcher NetworkWatcher_centralus from subscription Azure subscription 1 (7e3283a3-d466-4e6f-95b1-543eec016e08) has no flow logs;/subscriptions/7e3283a3-d466-4e6f-95b1-543eec016e08/resourceGroups/NetworkWatcherRG/providers/Microsoft.Network/networkWatchers/NetworkWatcher_centralus;NetworkWatcher_centralus;network_flow_log_captured_sent;False;DORA;Digital Operational Resilience Act (Regulation (EU) 2022/2554)
azure;"The Digital Operational Resilience Act (DORA) is a European Union regulation (Regulation (EU) 2022/2554) that sets a uniform framework for the digital operational resilience of the EU financial sector. Mandatory since 17 January 2025, it applies to financial entities (banks, insurers, investment firms, payment institutions, etc.) and to ICT third-party service providers. DORA is structured around five pillars: ICT risk management, ICT-related incident reporting, digital operational resilience testing, ICT third-party risk management, and information sharing. This Prowler mapping covers the technical controls auditable from cloud configuration; the organisational, contractual and supervisory obligations defined in DORA must be addressed outside of Prowler.";7e3283a3-d466-4e6f-95b1-543eec016e08;eastus;2026-07-02 17:42:33.244336;DORA-Art17;Financial entities shall define, establish and implement an ICT-related incident management process to detect, manage and notify ICT-related incidents. Comprehensive trail logging, log integrity protection, retention and centralisation of ICT events are foundational requirements.;ICT-Related Incident Reporting;Article 17;ICT-related incident management process;FAIL;Network Watcher NetworkWatcher_eastus from subscription Azure subscription 1 (7e3283a3-d466-4e6f-95b1-543eec016e08) has no flow logs;/subscriptions/7e3283a3-d466-4e6f-95b1-543eec016e08/resourceGroups/NetworkWatcherRG/providers/Microsoft.Network/networkWatchers/NetworkWatcher_eastus;NetworkWatcher_eastus;network_flow_log_more_than_90_days;False;DORA;Digital Operational Resilience Act (Regulation (EU) 2022/2554)
azure;"The Digital Operational Resilience Act (DORA) is a European Union regulation (Regulation (EU) 2022/2554) that sets a uniform framework for the digital operational resilience of the EU financial sector. Mandatory since 17 January 2025, it applies to financial entities (banks, insurers, investment firms, payment institutions, etc.) and to ICT third-party service providers. DORA is structured around five pillars: ICT risk management, ICT-related incident reporting, digital operational resilience testing, ICT third-party risk management, and information sharing. This Prowler mapping covers the technical controls auditable from cloud configuration; the organisational, contractual and supervisory obligations defined in DORA must be addressed outside of Prowler.";7e3283a3-d466-4e6f-95b1-543eec016e08;centralus;2026-07-02 17:42:33.244336;DORA-Art17;Financial entities shall define, establish and implement an ICT-related incident management process to detect, manage and notify ICT-related incidents. Comprehensive trail logging, log integrity protection, retention and centralisation of ICT events are foundational requirements.;ICT-Related Incident Reporting;Article 17;ICT-related incident management process;FAIL;Network Watcher NetworkWatcher_centralus from subscription Azure subscription 1 (7e3283a3-d466-4e6f-95b1-543eec016e08) has no flow logs;/subscriptions/7e3283a3-d466-4e6f-95b1-543eec016e08/resourceGroups/NetworkWatcherRG/providers/Microsoft.Network/networkWatchers/NetworkWatcher_centralus;NetworkWatcher_centralus;network_flow_log_more_than_90_days;False;DORA;Digital Operational Resilience Act (Regulation (EU) 2022/2554)
azure;"The Digital Operational Resilience Act (DORA) is a European Union regulation (Regulation (EU) 2022/2554) that sets a uniform framework for the digital operational resilience of the EU financial sector. Mandatory since 17 January 2025, it applies to financial entities (banks, insurers, investment firms, payment institutions, etc.) and to ICT third-party service providers. DORA is structured around five pillars: ICT risk management, ICT-related incident reporting, digital operational resilience testing, ICT third-party risk management, and information sharing. This Prowler mapping covers the technical controls auditable from cloud configuration; the organisational, contractual and supervisory obligations defined in DORA must be addressed outside of Prowler.";7e3283a3-d466-4e6f-95b1-543eec016e08;centralus;2026-07-02 17:42:33.244336;DORA-Art9;Financial entities shall continuously monitor and control the security and functioning of ICT systems and tools and minimise the impact of ICT risk by deploying appropriate ICT security tools, policies and procedures. Encryption at rest and in transit, blocking of public exposure, network access controls, secret management and instance hardening are central to this article.;ICT Risk Management;Article 9;Protection and prevention;FAIL;Security Group nsg-web-cloudguardian-lab from subscription Azure subscription 1 (7e3283a3-d466-4e6f-95b1-543eec016e08) has HTTP internet access allowed.;/subscriptions/7e3283a3-d466-4e6f-95b1-543eec016e08/resourceGroups/rg-cloudguardian-lab/providers/Microsoft.Network/networkSecurityGroups/nsg-web-cloudguardian-lab;nsg-web-cloudguardian-lab;network_http_internet_access_restricted;False;DORA;Digital Operational Resilience Act (Regulation (EU) 2022/2554)
azure;"The Digital Operational Resilience Act (DORA) is a European Union regulation (Regulation (EU) 2022/2554) that sets a uniform framework for the digital operational resilience of the EU financial sector. Mandatory since 17 January 2025, it applies to financial entities (banks, insurers, investment firms, payment institutions, etc.) and to ICT third-party service providers. DORA is structured around five pillars: ICT risk management, ICT-related incident reporting, digital operational resilience testing, ICT third-party risk management, and information sharing. This Prowler mapping covers the technical controls auditable from cloud configuration; the organisational, contractual and supervisory obligations defined in DORA must be addressed outside of Prowler.";7e3283a3-d466-4e6f-95b1-543eec016e08;centralus;2026-07-02 17:42:33.244336;DORA-Art9;Financial entities shall continuously monitor and control the security and functioning of ICT systems and tools and minimise the impact of ICT risk by deploying appropriate ICT security tools, policies and procedures. Encryption at rest and in transit, blocking of public exposure, network access controls, secret management and instance hardening are central to this article.;ICT Risk Management;Article 9;Protection and prevention;PASS;Security Group nsg-web-cloudguardian-lab from subscription Azure subscription 1 (7e3283a3-d466-4e6f-95b1-543eec016e08) has RDP internet access restricted.;/subscriptions/7e3283a3-d466-4e6f-95b1-543eec016e08/resourceGroups/rg-cloudguardian-lab/providers/Microsoft.Network/networkSecurityGroups/nsg-web-cloudguardian-lab;nsg-web-cloudguardian-lab;network_rdp_internet_access_restricted;False;DORA;Digital Operational Resilience Act (Regulation (EU) 2022/2554)
azure;"The Digital Operational Resilience Act (DORA) is a European Union regulation (Regulation (EU) 2022/2554) that sets a uniform framework for the digital operational resilience of the EU financial sector. Mandatory since 17 January 2025, it applies to financial entities (banks, insurers, investment firms, payment institutions, etc.) and to ICT third-party service providers. DORA is structured around five pillars: ICT risk management, ICT-related incident reporting, digital operational resilience testing, ICT third-party risk management, and information sharing. This Prowler mapping covers the technical controls auditable from cloud configuration; the organisational, contractual and supervisory obligations defined in DORA must be addressed outside of Prowler.";7e3283a3-d466-4e6f-95b1-543eec016e08;centralus;2026-07-02 17:42:33.244336;DORA-Art9;Financial entities shall continuously monitor and control the security and functioning of ICT systems and tools and minimise the impact of ICT risk by deploying appropriate ICT security tools, policies and procedures. Encryption at rest and in transit, blocking of public exposure, network access controls, secret management and instance hardening are central to this article.;ICT Risk Management;Article 9;Protection and prevention;PASS;Security Group nsg-web-cloudguardian-lab from subscription Azure subscription 1 (7e3283a3-d466-4e6f-95b1-543eec016e08) has SSH internet access restricted.;/subscriptions/7e3283a3-d466-4e6f-95b1-543eec016e08/resourceGroups/rg-cloudguardian-lab/providers/Microsoft.Network/networkSecurityGroups/nsg-web-cloudguardian-lab;nsg-web-cloudguardian-lab;network_ssh_internet_access_restricted;False;DORA;Digital Operational Resilience Act (Regulation (EU) 2022/2554)
azure;"The Digital Operational Resilience Act (DORA) is a European Union regulation (Regulation (EU) 2022/2554) that sets a uniform framework for the digital operational resilience of the EU financial sector. Mandatory since 17 January 2025, it applies to financial entities (banks, insurers, investment firms, payment institutions, etc.) and to ICT third-party service providers. DORA is structured around five pillars: ICT risk management, ICT-related incident reporting, digital operational resilience testing, ICT third-party risk management, and information sharing. This Prowler mapping covers the technical controls auditable from cloud configuration; the organisational, contractual and supervisory obligations defined in DORA must be addressed outside of Prowler.";7e3283a3-d466-4e6f-95b1-543eec016e08;centralus;2026-07-02 17:42:33.244336;DORA-Art9;Financial entities shall continuously monitor and control the security and functioning of ICT systems and tools and minimise the impact of ICT risk by deploying appropriate ICT security tools, policies and procedures. Encryption at rest and in transit, blocking of public exposure, network access controls, secret management and instance hardening are central to this article.;ICT Risk Management;Article 9;Protection and prevention;PASS;Security Group nsg-web-cloudguardian-lab from subscription Azure subscription 1 (7e3283a3-d466-4e6f-95b1-543eec016e08) has UDP internet access restricted.;/subscriptions/7e3283a3-d466-4e6f-95b1-543eec016e08/resourceGroups/rg-cloudguardian-lab/providers/Microsoft.Network/networkSecurityGroups/nsg-web-cloudguardian-lab;nsg-web-cloudguardian-lab;network_udp_internet_access_restricted;False;DORA;Digital Operational Resilience Act (Regulation (EU) 2022/2554)
azure;"The Digital Operational Resilience Act (DORA) is a European Union regulation (Regulation (EU) 2022/2554) that sets a uniform framework for the digital operational resilience of the EU financial sector. Mandatory since 17 January 2025, it applies to financial entities (banks, insurers, investment firms, payment institutions, etc.) and to ICT third-party service providers. DORA is structured around five pillars: ICT risk management, ICT-related incident reporting, digital operational resilience testing, ICT third-party risk management, and information sharing. This Prowler mapping covers the technical controls auditable from cloud configuration; the organisational, contractual and supervisory obligations defined in DORA must be addressed outside of Prowler.";7e3283a3-d466-4e6f-95b1-543eec016e08;global;2026-07-02 17:42:33.244336;DORA-Art8;Financial entities shall identify, classify and adequately document all ICT supported business functions, roles and responsibilities, the information assets and ICT assets supporting them, and their interdependencies. They shall on a continuous basis identify all sources of ICT risk, in particular the risk exposure to and from other financial entities.;ICT Risk Management;Article 8;Identification;FAIL;Network Watcher is not enabled for the following locations in subscription 'Azure subscription 1 (7e3283a3-d466-4e6f-95b1-543eec016e08)': brazilsouth, italynorth, belgiumcentral, jioindiawest, germanynorth, uksouth, jioindiacentral, southafricanorth, norwaywest, malaysiawest, germanywestcentral, denmarkeast, swedencentral, austriaeast, japaneast, southindia, uaenorth, uaecentral, westeurope, koreacentral, westus, westcentralus, southafricawest, southeastasia, westus3, northcentralus, polandcentral, switzerlandnorth, canadaeast, francesouth, chilecentral, australiasoutheast, qatarcentral, spaincentral, switzerlandwest, australiacentral, eastasia, southcentralus, centralindia, canadacentral, francecentral, brazilsoutheast, indonesiacentral, koreasouth, australiacentral2, israelcentral, australiaeast, northeurope, newzealandnorth, ukwest, westus2, eastus2, norwayeast, japanwest, mexicocentral, westindia.;/subscriptions/7e3283a3-d466-4e6f-95b1-543eec016e08;7e3283a3-d466-4e6f-95b1-543eec016e08;network_watcher_enabled;False;DORA;Digital Operational Resilience Act (Regulation (EU) 2022/2554)
azure;"The Digital Operational Resilience Act (DORA) is a European Union regulation (Regulation (EU) 2022/2554) that sets a uniform framework for the digital operational resilience of the EU financial sector. Mandatory since 17 January 2025, it applies to financial entities (banks, insurers, investment firms, payment institutions, etc.) and to ICT third-party service providers. DORA is structured around five pillars: ICT risk management, ICT-related incident reporting, digital operational resilience testing, ICT third-party risk management, and information sharing. This Prowler mapping covers the technical controls auditable from cloud configuration; the organisational, contractual and supervisory obligations defined in DORA must be addressed outside of Prowler.";7e3283a3-d466-4e6f-95b1-543eec016e08;global;2026-07-02 17:42:33.244336;DORA-Art6;Financial entities shall have an ICT risk management framework that is sound, comprehensive and well-documented, enabling them to address ICT risk quickly, efficiently and comprehensively and to ensure a high level of digital operational resilience. This includes continuous configuration recording, security findings aggregation and an enterprise-wide visibility plane.;ICT Risk Management;Article 6;ICT risk management framework;PASS;Policy assigment '/subscriptions/7e3283a3-d466-4e6f-95b1-543eec016e08/providers/Microsoft.Authorization/policyAssignments/SecurityCenterBuiltIn' from subscription Azure subscription 1 (7e3283a3-d466-4e6f-95b1-543eec016e08) is configured with enforcement mode 'Default'.;/subscriptions/7e3283a3-d466-4e6f-95b1-543eec016e08/providers/Microsoft.Authorization/policyAssignments/SecurityCenterBuiltIn;SecurityCenterBuiltIn;policy_ensure_asc_enforcement_enabled;False;DORA;Digital Operational Resilience Act (Regulation (EU) 2022/2554)
azure;"The Digital Operational Resilience Act (DORA) is a European Union regulation (Regulation (EU) 2022/2554) that sets a uniform framework for the digital operational resilience of the EU financial sector. Mandatory since 17 January 2025, it applies to financial entities (banks, insurers, investment firms, payment institutions, etc.) and to ICT third-party service providers. DORA is structured around five pillars: ICT risk management, ICT-related incident reporting, digital operational resilience testing, ICT third-party risk management, and information sharing. This Prowler mapping covers the technical controls auditable from cloud configuration; the organisational, contractual and supervisory obligations defined in DORA must be addressed outside of Prowler.";7e3283a3-d466-4e6f-95b1-543eec016e08;centralus;2026-07-02 17:42:33.244336;DORA-Art17;Financial entities shall define, establish and implement an ICT-related incident management process to detect, manage and notify ICT-related incidents. Comprehensive trail logging, log integrity protection, retention and centralisation of ICT events are foundational requirements.;ICT-Related Incident Reporting;Article 17;ICT-related incident management process;FAIL;SQL Server sql-cloudguardian-lab-87byw from subscription Azure subscription 1 (7e3283a3-d466-4e6f-95b1-543eec016e08) does not have any auditing policy configured.;/subscriptions/7e3283a3-d466-4e6f-95b1-543eec016e08/resourceGroups/rg-cloudguardian-lab/providers/Microsoft.Sql/servers/sql-cloudguardian-lab-87byw;sql-cloudguardian-lab-87byw;sqlserver_auditing_enabled;False;DORA;Digital Operational Resilience Act (Regulation (EU) 2022/2554)
azure;"The Digital Operational Resilience Act (DORA) is a European Union regulation (Regulation (EU) 2022/2554) that sets a uniform framework for the digital operational resilience of the EU financial sector. Mandatory since 17 January 2025, it applies to financial entities (banks, insurers, investment firms, payment institutions, etc.) and to ICT third-party service providers. DORA is structured around five pillars: ICT risk management, ICT-related incident reporting, digital operational resilience testing, ICT third-party risk management, and information sharing. This Prowler mapping covers the technical controls auditable from cloud configuration; the organisational, contractual and supervisory obligations defined in DORA must be addressed outside of Prowler.";7e3283a3-d466-4e6f-95b1-543eec016e08;centralus;2026-07-02 17:42:33.244336;DORA-Art17;Financial entities shall define, establish and implement an ICT-related incident management process to detect, manage and notify ICT-related incidents. Comprehensive trail logging, log integrity protection, retention and centralisation of ICT events are foundational requirements.;ICT-Related Incident Reporting;Article 17;ICT-related incident management process;FAIL;SQL Server sql-cloudguardian-lab-87byw from subscription Azure subscription 1 (7e3283a3-d466-4e6f-95b1-543eec016e08) has auditing disabled.;/subscriptions/7e3283a3-d466-4e6f-95b1-543eec016e08/resourceGroups/rg-cloudguardian-lab/providers/Microsoft.Sql/servers/sql-cloudguardian-lab-87byw;sql-cloudguardian-lab-87byw;sqlserver_auditing_retention_90_days;False;DORA;Digital Operational Resilience Act (Regulation (EU) 2022/2554)
azure;"The Digital Operational Resilience Act (DORA) is a European Union regulation (Regulation (EU) 2022/2554) that sets a uniform framework for the digital operational resilience of the EU financial sector. Mandatory since 17 January 2025, it applies to financial entities (banks, insurers, investment firms, payment institutions, etc.) and to ICT third-party service providers. DORA is structured around five pillars: ICT risk management, ICT-related incident reporting, digital operational resilience testing, ICT third-party risk management, and information sharing. This Prowler mapping covers the technical controls auditable from cloud configuration; the organisational, contractual and supervisory obligations defined in DORA must be addressed outside of Prowler.";7e3283a3-d466-4e6f-95b1-543eec016e08;centralus;2026-07-02 17:42:33.244336;DORA-Art10;Financial entities shall have in place mechanisms to promptly detect anomalous activities, including ICT network performance issues and ICT-related incidents, and to identify potential single points of failure. Threat detection across compute, identity, storage and the API control plane is required for timely detection.;ICT Risk Management;Article 10;Detection;FAIL;SQL Server sql-cloudguardian-lab-87byw from subscription Azure subscription 1 (7e3283a3-d466-4e6f-95b1-543eec016e08) has microsoft defender disabled.;/subscriptions/7e3283a3-d466-4e6f-95b1-543eec016e08/resourceGroups/rg-cloudguardian-lab/providers/Microsoft.Sql/servers/sql-cloudguardian-lab-87byw;sql-cloudguardian-lab-87byw;sqlserver_microsoft_defender_enabled;False;DORA;Digital Operational Resilience Act (Regulation (EU) 2022/2554)
azure;"The Digital Operational Resilience Act (DORA) is a European Union regulation (Regulation (EU) 2022/2554) that sets a uniform framework for the digital operational resilience of the EU financial sector. Mandatory since 17 January 2025, it applies to financial entities (banks, insurers, investment firms, payment institutions, etc.) and to ICT third-party service providers. DORA is structured around five pillars: ICT risk management, ICT-related incident reporting, digital operational resilience testing, ICT third-party risk management, and information sharing. This Prowler mapping covers the technical controls auditable from cloud configuration; the organisational, contractual and supervisory obligations defined in DORA must be addressed outside of Prowler.";7e3283a3-d466-4e6f-95b1-543eec016e08;centralus;2026-07-02 17:42:33.244336;DORA-Art18;Financial entities shall classify ICT-related incidents and shall determine their impact based on criteria such as the number of clients affected, duration, geographical spread, data losses, and criticality of the services affected. Severity-aware threat detection across the estate underpins this classification.;ICT-Related Incident Reporting;Article 18;Classification of ICT-related incidents and cyber threats;FAIL;SQL Server sql-cloudguardian-lab-87byw from subscription Azure subscription 1 (7e3283a3-d466-4e6f-95b1-543eec016e08) has microsoft defender disabled.;/subscriptions/7e3283a3-d466-4e6f-95b1-543eec016e08/resourceGroups/rg-cloudguardian-lab/providers/Microsoft.Sql/servers/sql-cloudguardian-lab-87byw;sql-cloudguardian-lab-87byw;sqlserver_microsoft_defender_enabled;False;DORA;Digital Operational Resilience Act (Regulation (EU) 2022/2554)
azure;"The Digital Operational Resilience Act (DORA) is a European Union regulation (Regulation (EU) 2022/2554) that sets a uniform framework for the digital operational resilience of the EU financial sector. Mandatory since 17 January 2025, it applies to financial entities (banks, insurers, investment firms, payment institutions, etc.) and to ICT third-party service providers. DORA is structured around five pillars: ICT risk management, ICT-related incident reporting, digital operational resilience testing, ICT third-party risk management, and information sharing. This Prowler mapping covers the technical controls auditable from cloud configuration; the organisational, contractual and supervisory obligations defined in DORA must be addressed outside of Prowler.";7e3283a3-d466-4e6f-95b1-543eec016e08;centralus;2026-07-02 17:42:33.244336;DORA-Art45;Financial entities may exchange amongst themselves cyber threat information and intelligence, including indicators of compromise, tactics, techniques and procedures, cyber security alerts and configuration tools. Centralised threat detection, sensitive data discovery and trail-based intelligence enable participation in such information-sharing arrangements.;Information Sharing;Article 45;Information-sharing arrangements on cyber threat information and intelligence;FAIL;SQL Server sql-cloudguardian-lab-87byw from subscription Azure subscription 1 (7e3283a3-d466-4e6f-95b1-543eec016e08) has microsoft defender disabled.;/subscriptions/7e3283a3-d466-4e6f-95b1-543eec016e08/resourceGroups/rg-cloudguardian-lab/providers/Microsoft.Sql/servers/sql-cloudguardian-lab-87byw;sql-cloudguardian-lab-87byw;sqlserver_microsoft_defender_enabled;False;DORA;Digital Operational Resilience Act (Regulation (EU) 2022/2554)
azure;"The Digital Operational Resilience Act (DORA) is a European Union regulation (Regulation (EU) 2022/2554) that sets a uniform framework for the digital operational resilience of the EU financial sector. Mandatory since 17 January 2025, it applies to financial entities (banks, insurers, investment firms, payment institutions, etc.) and to ICT third-party service providers. DORA is structured around five pillars: ICT risk management, ICT-related incident reporting, digital operational resilience testing, ICT third-party risk management, and information sharing. This Prowler mapping covers the technical controls auditable from cloud configuration; the organisational, contractual and supervisory obligations defined in DORA must be addressed outside of Prowler.";7e3283a3-d466-4e6f-95b1-543eec016e08;centralus;2026-07-02 17:42:33.244336;DORA-Art7;Financial entities shall use and maintain updated ICT systems, protocols and tools that are appropriate to the magnitude of operations supporting ICT functions, technologically resilient, and adequately equipped to securely process data. Cryptographic primitives, certificate hygiene and network segmentation are core to this requirement.;ICT Risk Management;Article 7;ICT systems, protocols and tools;PASS;SQL Server sql-cloudguardian-lab-87byw from subscription Azure subscription 1 (7e3283a3-d466-4e6f-95b1-543eec016e08) is using version 1.2 as minimal accepted which is recommended.;/subscriptions/7e3283a3-d466-4e6f-95b1-543eec016e08/resourceGroups/rg-cloudguardian-lab/providers/Microsoft.Sql/servers/sql-cloudguardian-lab-87byw;sql-cloudguardian-lab-87byw;sqlserver_recommended_minimal_tls_version;False;DORA;Digital Operational Resilience Act (Regulation (EU) 2022/2554)
azure;"The Digital Operational Resilience Act (DORA) is a European Union regulation (Regulation (EU) 2022/2554) that sets a uniform framework for the digital operational resilience of the EU financial sector. Mandatory since 17 January 2025, it applies to financial entities (banks, insurers, investment firms, payment institutions, etc.) and to ICT third-party service providers. DORA is structured around five pillars: ICT risk management, ICT-related incident reporting, digital operational resilience testing, ICT third-party risk management, and information sharing. This Prowler mapping covers the technical controls auditable from cloud configuration; the organisational, contractual and supervisory obligations defined in DORA must be addressed outside of Prowler.";7e3283a3-d466-4e6f-95b1-543eec016e08;centralus;2026-07-02 17:42:33.244336;DORA-Art9;Financial entities shall continuously monitor and control the security and functioning of ICT systems and tools and minimise the impact of ICT risk by deploying appropriate ICT security tools, policies and procedures. Encryption at rest and in transit, blocking of public exposure, network access controls, secret management and instance hardening are central to this article.;ICT Risk Management;Article 9;Protection and prevention;FAIL;SQL Server sql-cloudguardian-lab-87byw from subscription Azure subscription 1 (7e3283a3-d466-4e6f-95b1-543eec016e08) has TDE disabled without CMK.;/subscriptions/7e3283a3-d466-4e6f-95b1-543eec016e08/resourceGroups/rg-cloudguardian-lab/providers/Microsoft.Sql/servers/sql-cloudguardian-lab-87byw;sql-cloudguardian-lab-87byw;sqlserver_tde_encrypted_with_cmk;False;DORA;Digital Operational Resilience Act (Regulation (EU) 2022/2554)
azure;"The Digital Operational Resilience Act (DORA) is a European Union regulation (Regulation (EU) 2022/2554) that sets a uniform framework for the digital operational resilience of the EU financial sector. Mandatory since 17 January 2025, it applies to financial entities (banks, insurers, investment firms, payment institutions, etc.) and to ICT third-party service providers. DORA is structured around five pillars: ICT risk management, ICT-related incident reporting, digital operational resilience testing, ICT third-party risk management, and information sharing. This Prowler mapping covers the technical controls auditable from cloud configuration; the organisational, contractual and supervisory obligations defined in DORA must be addressed outside of Prowler.";7e3283a3-d466-4e6f-95b1-543eec016e08;centralus;2026-07-02 17:42:33.244336;DORA-Art9;Financial entities shall continuously monitor and control the security and functioning of ICT systems and tools and minimise the impact of ICT risk by deploying appropriate ICT security tools, policies and procedures. Encryption at rest and in transit, blocking of public exposure, network access controls, secret management and instance hardening are central to this article.;ICT Risk Management;Article 9;Protection and prevention;PASS;Database sqldb-cloudguardian-lab from SQL Server sql-cloudguardian-lab-87byw from subscription Azure subscription 1 (7e3283a3-d466-4e6f-95b1-543eec016e08) has TDE enabled;/subscriptions/7e3283a3-d466-4e6f-95b1-543eec016e08/resourceGroups/rg-cloudguardian-lab/providers/Microsoft.Sql/servers/sql-cloudguardian-lab-87byw/databases/sqldb-cloudguardian-lab;sqldb-cloudguardian-lab;sqlserver_tde_encryption_enabled;False;DORA;Digital Operational Resilience Act (Regulation (EU) 2022/2554)
azure;"The Digital Operational Resilience Act (DORA) is a European Union regulation (Regulation (EU) 2022/2554) that sets a uniform framework for the digital operational resilience of the EU financial sector. Mandatory since 17 January 2025, it applies to financial entities (banks, insurers, investment firms, payment institutions, etc.) and to ICT third-party service providers. DORA is structured around five pillars: ICT risk management, ICT-related incident reporting, digital operational resilience testing, ICT third-party risk management, and information sharing. This Prowler mapping covers the technical controls auditable from cloud configuration; the organisational, contractual and supervisory obligations defined in DORA must be addressed outside of Prowler.";7e3283a3-d466-4e6f-95b1-543eec016e08;centralus;2026-07-02 17:42:33.244336;DORA-Art9;Financial entities shall continuously monitor and control the security and functioning of ICT systems and tools and minimise the impact of ICT risk by deploying appropriate ICT security tools, policies and procedures. Encryption at rest and in transit, blocking of public exposure, network access controls, secret management and instance hardening are central to this article.;ICT Risk Management;Article 9;Protection and prevention;PASS;SQL Server sql-cloudguardian-lab-87byw from subscription Azure subscription 1 (7e3283a3-d466-4e6f-95b1-543eec016e08) does not have firewall rules allowing 0.0.0.0-255.255.255.255.;/subscriptions/7e3283a3-d466-4e6f-95b1-543eec016e08/resourceGroups/rg-cloudguardian-lab/providers/Microsoft.Sql/servers/sql-cloudguardian-lab-87byw;sql-cloudguardian-lab-87byw;sqlserver_unrestricted_inbound_access;False;DORA;Digital Operational Resilience Act (Regulation (EU) 2022/2554)
azure;"The Digital Operational Resilience Act (DORA) is a European Union regulation (Regulation (EU) 2022/2554) that sets a uniform framework for the digital operational resilience of the EU financial sector. Mandatory since 17 January 2025, it applies to financial entities (banks, insurers, investment firms, payment institutions, etc.) and to ICT third-party service providers. DORA is structured around five pillars: ICT risk management, ICT-related incident reporting, digital operational resilience testing, ICT third-party risk management, and information sharing. This Prowler mapping covers the technical controls auditable from cloud configuration; the organisational, contractual and supervisory obligations defined in DORA must be addressed outside of Prowler.";7e3283a3-d466-4e6f-95b1-543eec016e08;centralus;2026-07-02 17:42:33.244336;DORA-Art25;Financial entities shall ensure that tests are undertaken on ICT tools and systems, on critical ICT systems supporting all critical or important functions, at least yearly. Vulnerability assessments, deprecated component detection and certificate hygiene must be tracked.;Digital Operational Resilience Testing;Article 25;Testing of ICT tools and systems;FAIL;SQL Server sql-cloudguardian-lab-87byw from subscription Azure subscription 1 (7e3283a3-d466-4e6f-95b1-543eec016e08) has vulnerability assessment disabled.;/subscriptions/7e3283a3-d466-4e6f-95b1-543eec016e08/resourceGroups/rg-cloudguardian-lab/providers/Microsoft.Sql/servers/sql-cloudguardian-lab-87byw;sql-cloudguardian-lab-87byw;sqlserver_va_emails_notifications_admins_enabled;False;DORA;Digital Operational Resilience Act (Regulation (EU) 2022/2554)
azure;"The Digital Operational Resilience Act (DORA) is a European Union regulation (Regulation (EU) 2022/2554) that sets a uniform framework for the digital operational resilience of the EU financial sector. Mandatory since 17 January 2025, it applies to financial entities (banks, insurers, investment firms, payment institutions, etc.) and to ICT third-party service providers. DORA is structured around five pillars: ICT risk management, ICT-related incident reporting, digital operational resilience testing, ICT third-party risk management, and information sharing. This Prowler mapping covers the technical controls auditable from cloud configuration; the organisational, contractual and supervisory obligations defined in DORA must be addressed outside of Prowler.";7e3283a3-d466-4e6f-95b1-543eec016e08;centralus;2026-07-02 17:42:33.244336;DORA-Art13;Financial entities shall have in place capabilities and staff to gather information on vulnerabilities and cyber threats, perform post ICT-related incident reviews, and continuously feed lessons learnt back into the ICT risk assessment process. Findings aggregation and continuous insights drive this cycle.;ICT Risk Management;Article 13;Learning and evolving;FAIL;SQL Server sql-cloudguardian-lab-87byw from subscription Azure subscription 1 (7e3283a3-d466-4e6f-95b1-543eec016e08) has vulnerability assessment disabled.;/subscriptions/7e3283a3-d466-4e6f-95b1-543eec016e08/resourceGroups/rg-cloudguardian-lab/providers/Microsoft.Sql/servers/sql-cloudguardian-lab-87byw;sql-cloudguardian-lab-87byw;sqlserver_va_periodic_recurring_scans_enabled;False;DORA;Digital Operational Resilience Act (Regulation (EU) 2022/2554)
azure;"The Digital Operational Resilience Act (DORA) is a European Union regulation (Regulation (EU) 2022/2554) that sets a uniform framework for the digital operational resilience of the EU financial sector. Mandatory since 17 January 2025, it applies to financial entities (banks, insurers, investment firms, payment institutions, etc.) and to ICT third-party service providers. DORA is structured around five pillars: ICT risk management, ICT-related incident reporting, digital operational resilience testing, ICT third-party risk management, and information sharing. This Prowler mapping covers the technical controls auditable from cloud configuration; the organisational, contractual and supervisory obligations defined in DORA must be addressed outside of Prowler.";7e3283a3-d466-4e6f-95b1-543eec016e08;centralus;2026-07-02 17:42:33.244336;DORA-Art24;Financial entities shall establish, maintain and review a sound and comprehensive digital operational resilience testing programme, as an integral part of the ICT risk management framework. Continuous vulnerability discovery, configuration assessment and instance manageability are foundational.;Digital Operational Resilience Testing;Article 24;General requirements for the performance of digital operational resilience testing;FAIL;SQL Server sql-cloudguardian-lab-87byw from subscription Azure subscription 1 (7e3283a3-d466-4e6f-95b1-543eec016e08) has vulnerability assessment disabled.;/subscriptions/7e3283a3-d466-4e6f-95b1-543eec016e08/resourceGroups/rg-cloudguardian-lab/providers/Microsoft.Sql/servers/sql-cloudguardian-lab-87byw;sql-cloudguardian-lab-87byw;sqlserver_va_periodic_recurring_scans_enabled;False;DORA;Digital Operational Resilience Act (Regulation (EU) 2022/2554)
azure;"The Digital Operational Resilience Act (DORA) is a European Union regulation (Regulation (EU) 2022/2554) that sets a uniform framework for the digital operational resilience of the EU financial sector. Mandatory since 17 January 2025, it applies to financial entities (banks, insurers, investment firms, payment institutions, etc.) and to ICT third-party service providers. DORA is structured around five pillars: ICT risk management, ICT-related incident reporting, digital operational resilience testing, ICT third-party risk management, and information sharing. This Prowler mapping covers the technical controls auditable from cloud configuration; the organisational, contractual and supervisory obligations defined in DORA must be addressed outside of Prowler.";7e3283a3-d466-4e6f-95b1-543eec016e08;centralus;2026-07-02 17:42:33.244336;DORA-Art25;Financial entities shall ensure that tests are undertaken on ICT tools and systems, on critical ICT systems supporting all critical or important functions, at least yearly. Vulnerability assessments, deprecated component detection and certificate hygiene must be tracked.;Digital Operational Resilience Testing;Article 25;Testing of ICT tools and systems;FAIL;SQL Server sql-cloudguardian-lab-87byw from subscription Azure subscription 1 (7e3283a3-d466-4e6f-95b1-543eec016e08) has vulnerability assessment disabled.;/subscriptions/7e3283a3-d466-4e6f-95b1-543eec016e08/resourceGroups/rg-cloudguardian-lab/providers/Microsoft.Sql/servers/sql-cloudguardian-lab-87byw;sql-cloudguardian-lab-87byw;sqlserver_va_periodic_recurring_scans_enabled;False;DORA;Digital Operational Resilience Act (Regulation (EU) 2022/2554)
azure;"The Digital Operational Resilience Act (DORA) is a European Union regulation (Regulation (EU) 2022/2554) that sets a uniform framework for the digital operational resilience of the EU financial sector. Mandatory since 17 January 2025, it applies to financial entities (banks, insurers, investment firms, payment institutions, etc.) and to ICT third-party service providers. DORA is structured around five pillars: ICT risk management, ICT-related incident reporting, digital operational resilience testing, ICT third-party risk management, and information sharing. This Prowler mapping covers the technical controls auditable from cloud configuration; the organisational, contractual and supervisory obligations defined in DORA must be addressed outside of Prowler.";7e3283a3-d466-4e6f-95b1-543eec016e08;centralus;2026-07-02 17:42:33.244336;DORA-Art13;Financial entities shall have in place capabilities and staff to gather information on vulnerabilities and cyber threats, perform post ICT-related incident reviews, and continuously feed lessons learnt back into the ICT risk assessment process. Findings aggregation and continuous insights drive this cycle.;ICT Risk Management;Article 13;Learning and evolving;FAIL;SQL Server sql-cloudguardian-lab-87byw from subscription Azure subscription 1 (7e3283a3-d466-4e6f-95b1-543eec016e08) has vulnerability assessment disabled.;/subscriptions/7e3283a3-d466-4e6f-95b1-543eec016e08/resourceGroups/rg-cloudguardian-lab/providers/Microsoft.Sql/servers/sql-cloudguardian-lab-87byw;sql-cloudguardian-lab-87byw;sqlserver_va_scan_reports_configured;False;DORA;Digital Operational Resilience Act (Regulation (EU) 2022/2554)
azure;"The Digital Operational Resilience Act (DORA) is a European Union regulation (Regulation (EU) 2022/2554) that sets a uniform framework for the digital operational resilience of the EU financial sector. Mandatory since 17 January 2025, it applies to financial entities (banks, insurers, investment firms, payment institutions, etc.) and to ICT third-party service providers. DORA is structured around five pillars: ICT risk management, ICT-related incident reporting, digital operational resilience testing, ICT third-party risk management, and information sharing. This Prowler mapping covers the technical controls auditable from cloud configuration; the organisational, contractual and supervisory obligations defined in DORA must be addressed outside of Prowler.";7e3283a3-d466-4e6f-95b1-543eec016e08;centralus;2026-07-02 17:42:33.244336;DORA-Art25;Financial entities shall ensure that tests are undertaken on ICT tools and systems, on critical ICT systems supporting all critical or important functions, at least yearly. Vulnerability assessments, deprecated component detection and certificate hygiene must be tracked.;Digital Operational Resilience Testing;Article 25;Testing of ICT tools and systems;FAIL;SQL Server sql-cloudguardian-lab-87byw from subscription Azure subscription 1 (7e3283a3-d466-4e6f-95b1-543eec016e08) has vulnerability assessment disabled.;/subscriptions/7e3283a3-d466-4e6f-95b1-543eec016e08/resourceGroups/rg-cloudguardian-lab/providers/Microsoft.Sql/servers/sql-cloudguardian-lab-87byw;sql-cloudguardian-lab-87byw;sqlserver_va_scan_reports_configured;False;DORA;Digital Operational Resilience Act (Regulation (EU) 2022/2554)
azure;"The Digital Operational Resilience Act (DORA) is a European Union regulation (Regulation (EU) 2022/2554) that sets a uniform framework for the digital operational resilience of the EU financial sector. Mandatory since 17 January 2025, it applies to financial entities (banks, insurers, investment firms, payment institutions, etc.) and to ICT third-party service providers. DORA is structured around five pillars: ICT risk management, ICT-related incident reporting, digital operational resilience testing, ICT third-party risk management, and information sharing. This Prowler mapping covers the technical controls auditable from cloud configuration; the organisational, contractual and supervisory obligations defined in DORA must be addressed outside of Prowler.";7e3283a3-d466-4e6f-95b1-543eec016e08;centralus;2026-07-02 17:42:33.244336;DORA-Art13;Financial entities shall have in place capabilities and staff to gather information on vulnerabilities and cyber threats, perform post ICT-related incident reviews, and continuously feed lessons learnt back into the ICT risk assessment process. Findings aggregation and continuous insights drive this cycle.;ICT Risk Management;Article 13;Learning and evolving;PASS;SQL Server sql-cloudguardian-lab-87byw from subscription Azure subscription 1 (7e3283a3-d466-4e6f-95b1-543eec016e08) has vulnerability assessment enabled.;/subscriptions/7e3283a3-d466-4e6f-95b1-543eec016e08/resourceGroups/rg-cloudguardian-lab/providers/Microsoft.Sql/servers/sql-cloudguardian-lab-87byw;sql-cloudguardian-lab-87byw;sqlserver_vulnerability_assessment_enabled;False;DORA;Digital Operational Resilience Act (Regulation (EU) 2022/2554)
azure;"The Digital Operational Resilience Act (DORA) is a European Union regulation (Regulation (EU) 2022/2554) that sets a uniform framework for the digital operational resilience of the EU financial sector. Mandatory since 17 January 2025, it applies to financial entities (banks, insurers, investment firms, payment institutions, etc.) and to ICT third-party service providers. DORA is structured around five pillars: ICT risk management, ICT-related incident reporting, digital operational resilience testing, ICT third-party risk management, and information sharing. This Prowler mapping covers the technical controls auditable from cloud configuration; the organisational, contractual and supervisory obligations defined in DORA must be addressed outside of Prowler.";7e3283a3-d466-4e6f-95b1-543eec016e08;centralus;2026-07-02 17:42:33.244336;DORA-Art24;Financial entities shall establish, maintain and review a sound and comprehensive digital operational resilience testing programme, as an integral part of the ICT risk management framework. Continuous vulnerability discovery, configuration assessment and instance manageability are foundational.;Digital Operational Resilience Testing;Article 24;General requirements for the performance of digital operational resilience testing;PASS;SQL Server sql-cloudguardian-lab-87byw from subscription Azure subscription 1 (7e3283a3-d466-4e6f-95b1-543eec016e08) has vulnerability assessment enabled.;/subscriptions/7e3283a3-d466-4e6f-95b1-543eec016e08/resourceGroups/rg-cloudguardian-lab/providers/Microsoft.Sql/servers/sql-cloudguardian-lab-87byw;sql-cloudguardian-lab-87byw;sqlserver_vulnerability_assessment_enabled;False;DORA;Digital Operational Resilience Act (Regulation (EU) 2022/2554)
azure;"The Digital Operational Resilience Act (DORA) is a European Union regulation (Regulation (EU) 2022/2554) that sets a uniform framework for the digital operational resilience of the EU financial sector. Mandatory since 17 January 2025, it applies to financial entities (banks, insurers, investment firms, payment institutions, etc.) and to ICT third-party service providers. DORA is structured around five pillars: ICT risk management, ICT-related incident reporting, digital operational resilience testing, ICT third-party risk management, and information sharing. This Prowler mapping covers the technical controls auditable from cloud configuration; the organisational, contractual and supervisory obligations defined in DORA must be addressed outside of Prowler.";7e3283a3-d466-4e6f-95b1-543eec016e08;centralus;2026-07-02 17:42:33.244336;DORA-Art25;Financial entities shall ensure that tests are undertaken on ICT tools and systems, on critical ICT systems supporting all critical or important functions, at least yearly. Vulnerability assessments, deprecated component detection and certificate hygiene must be tracked.;Digital Operational Resilience Testing;Article 25;Testing of ICT tools and systems;PASS;SQL Server sql-cloudguardian-lab-87byw from subscription Azure subscription 1 (7e3283a3-d466-4e6f-95b1-543eec016e08) has vulnerability assessment enabled.;/subscriptions/7e3283a3-d466-4e6f-95b1-543eec016e08/resourceGroups/rg-cloudguardian-lab/providers/Microsoft.Sql/servers/sql-cloudguardian-lab-87byw;sql-cloudguardian-lab-87byw;sqlserver_vulnerability_assessment_enabled;False;DORA;Digital Operational Resilience Act (Regulation (EU) 2022/2554)
azure;"The Digital Operational Resilience Act (DORA) is a European Union regulation (Regulation (EU) 2022/2554) that sets a uniform framework for the digital operational resilience of the EU financial sector. Mandatory since 17 January 2025, it applies to financial entities (banks, insurers, investment firms, payment institutions, etc.) and to ICT third-party service providers. DORA is structured around five pillars: ICT risk management, ICT-related incident reporting, digital operational resilience testing, ICT third-party risk management, and information sharing. This Prowler mapping covers the technical controls auditable from cloud configuration; the organisational, contractual and supervisory obligations defined in DORA must be addressed outside of Prowler.";7e3283a3-d466-4e6f-95b1-543eec016e08;centralus;2026-07-02 17:42:33.244336;DORA-Art9;Financial entities shall continuously monitor and control the security and functioning of ICT systems and tools and minimise the impact of ICT risk by deploying appropriate ICT security tools, policies and procedures. Encryption at rest and in transit, blocking of public exposure, network access controls, secret management and instance hardening are central to this article.;ICT Risk Management;Article 9;Protection and prevention;FAIL;Storage account stcloudguardianlab87byw from subscription Azure subscription 1 (7e3283a3-d466-4e6f-95b1-543eec016e08) has shared key access enabled.;/subscriptions/7e3283a3-d466-4e6f-95b1-543eec016e08/resourceGroups/rg-cloudguardian-lab/providers/Microsoft.Storage/storageAccounts/stcloudguardianlab87byw;stcloudguardianlab87byw;storage_account_key_access_disabled;False;DORA;Digital Operational Resilience Act (Regulation (EU) 2022/2554)
azure;"The Digital Operational Resilience Act (DORA) is a European Union regulation (Regulation (EU) 2022/2554) that sets a uniform framework for the digital operational resilience of the EU financial sector. Mandatory since 17 January 2025, it applies to financial entities (banks, insurers, investment firms, payment institutions, etc.) and to ICT third-party service providers. DORA is structured around five pillars: ICT risk management, ICT-related incident reporting, digital operational resilience testing, ICT third-party risk management, and information sharing. This Prowler mapping covers the technical controls auditable from cloud configuration; the organisational, contractual and supervisory obligations defined in DORA must be addressed outside of Prowler.";7e3283a3-d466-4e6f-95b1-543eec016e08;centralus;2026-07-02 17:42:33.244336;DORA-Art9;Financial entities shall continuously monitor and control the security and functioning of ICT systems and tools and minimise the impact of ICT risk by deploying appropriate ICT security tools, policies and procedures. Encryption at rest and in transit, blocking of public exposure, network access controls, secret management and instance hardening are central to this article.;ICT Risk Management;Article 9;Protection and prevention;FAIL;Storage account stcloudguardianlab87byw from subscription Azure subscription 1 (7e3283a3-d466-4e6f-95b1-543eec016e08) has public network access enabled.;/subscriptions/7e3283a3-d466-4e6f-95b1-543eec016e08/resourceGroups/rg-cloudguardian-lab/providers/Microsoft.Storage/storageAccounts/stcloudguardianlab87byw;stcloudguardianlab87byw;storage_account_public_network_access_disabled;False;DORA;Digital Operational Resilience Act (Regulation (EU) 2022/2554)
azure;"The Digital Operational Resilience Act (DORA) is a European Union regulation (Regulation (EU) 2022/2554) that sets a uniform framework for the digital operational resilience of the EU financial sector. Mandatory since 17 January 2025, it applies to financial entities (banks, insurers, investment firms, payment institutions, etc.) and to ICT third-party service providers. DORA is structured around five pillars: ICT risk management, ICT-related incident reporting, digital operational resilience testing, ICT third-party risk management, and information sharing. This Prowler mapping covers the technical controls auditable from cloud configuration; the organisational, contractual and supervisory obligations defined in DORA must be addressed outside of Prowler.";7e3283a3-d466-4e6f-95b1-543eec016e08;centralus;2026-07-02 17:42:33.244336;DORA-Art9;Financial entities shall continuously monitor and control the security and functioning of ICT systems and tools and minimise the impact of ICT risk by deploying appropriate ICT security tools, policies and procedures. Encryption at rest and in transit, blocking of public exposure, network access controls, secret management and instance hardening are central to this article.;ICT Risk Management;Article 9;Protection and prevention;FAIL;Storage account stcloudguardianlab87byw from subscription Azure subscription 1 (7e3283a3-d466-4e6f-95b1-543eec016e08) has allow blob public access enabled.;/subscriptions/7e3283a3-d466-4e6f-95b1-543eec016e08/resourceGroups/rg-cloudguardian-lab/providers/Microsoft.Storage/storageAccounts/stcloudguardianlab87byw;stcloudguardianlab87byw;storage_blob_public_access_level_is_disabled;False;DORA;Digital Operational Resilience Act (Regulation (EU) 2022/2554)
azure;"The Digital Operational Resilience Act (DORA) is a European Union regulation (Regulation (EU) 2022/2554) that sets a uniform framework for the digital operational resilience of the EU financial sector. Mandatory since 17 January 2025, it applies to financial entities (banks, insurers, investment firms, payment institutions, etc.) and to ICT third-party service providers. DORA is structured around five pillars: ICT risk management, ICT-related incident reporting, digital operational resilience testing, ICT third-party risk management, and information sharing. This Prowler mapping covers the technical controls auditable from cloud configuration; the organisational, contractual and supervisory obligations defined in DORA must be addressed outside of Prowler.";7e3283a3-d466-4e6f-95b1-543eec016e08;centralus;2026-07-02 17:42:33.244336;DORA-Art12;Financial entities shall develop and document backup policies and procedures specifying the scope of data subject to backup and the minimum frequency of the backup, as well as restoration and recovery procedures and methods. Backups must be encrypted, retained, and resources must be designed for recoverability across availability zones and regions.;ICT Risk Management;Article 12;Backup policies and procedures, restoration and recovery procedures and methods;FAIL;Storage account stcloudguardianlab87byw from subscription Azure subscription 1 (7e3283a3-d466-4e6f-95b1-543eec016e08) does not have blob versioning enabled.;/subscriptions/7e3283a3-d466-4e6f-95b1-543eec016e08/resourceGroups/rg-cloudguardian-lab/providers/Microsoft.Storage/storageAccounts/stcloudguardianlab87byw;stcloudguardianlab87byw;storage_blob_versioning_is_enabled;False;DORA;Digital Operational Resilience Act (Regulation (EU) 2022/2554)
azure;"The Digital Operational Resilience Act (DORA) is a European Union regulation (Regulation (EU) 2022/2554) that sets a uniform framework for the digital operational resilience of the EU financial sector. Mandatory since 17 January 2025, it applies to financial entities (banks, insurers, investment firms, payment institutions, etc.) and to ICT third-party service providers. DORA is structured around five pillars: ICT risk management, ICT-related incident reporting, digital operational resilience testing, ICT third-party risk management, and information sharing. This Prowler mapping covers the technical controls auditable from cloud configuration; the organisational, contractual and supervisory obligations defined in DORA must be addressed outside of Prowler.";7e3283a3-d466-4e6f-95b1-543eec016e08;centralus;2026-07-02 17:42:33.244336;DORA-Art28;Financial entities shall manage ICT third-party risk as an integral component of ICT risk within their ICT risk management framework. Cross-account access, trust boundaries, organization-level controls and dependency visibility are critical to monitor third-party exposure on AWS.;ICT Third-Party Risk Management;Article 28;General principles (ICT third-party risk);PASS;Storage account stcloudguardianlab87byw from subscription Azure subscription 1 (7e3283a3-d466-4e6f-95b1-543eec016e08) has cross-tenant replication disabled.;/subscriptions/7e3283a3-d466-4e6f-95b1-543eec016e08/resourceGroups/rg-cloudguardian-lab/providers/Microsoft.Storage/storageAccounts/stcloudguardianlab87byw;stcloudguardianlab87byw;storage_cross_tenant_replication_disabled;False;DORA;Digital Operational Resilience Act (Regulation (EU) 2022/2554)
azure;"The Digital Operational Resilience Act (DORA) is a European Union regulation (Regulation (EU) 2022/2554) that sets a uniform framework for the digital operational resilience of the EU financial sector. Mandatory since 17 January 2025, it applies to financial entities (banks, insurers, investment firms, payment institutions, etc.) and to ICT third-party service providers. DORA is structured around five pillars: ICT risk management, ICT-related incident reporting, digital operational resilience testing, ICT third-party risk management, and information sharing. This Prowler mapping covers the technical controls auditable from cloud configuration; the organisational, contractual and supervisory obligations defined in DORA must be addressed outside of Prowler.";7e3283a3-d466-4e6f-95b1-543eec016e08;centralus;2026-07-02 17:42:33.244336;DORA-Art9;Financial entities shall continuously monitor and control the security and functioning of ICT systems and tools and minimise the impact of ICT risk by deploying appropriate ICT security tools, policies and procedures. Encryption at rest and in transit, blocking of public exposure, network access controls, secret management and instance hardening are central to this article.;ICT Risk Management;Article 9;Protection and prevention;PASS;Storage account stcloudguardianlab87byw from subscription Azure subscription 1 (7e3283a3-d466-4e6f-95b1-543eec016e08) has network access rule set to Deny.;/subscriptions/7e3283a3-d466-4e6f-95b1-543eec016e08/resourceGroups/rg-cloudguardian-lab/providers/Microsoft.Storage/storageAccounts/stcloudguardianlab87byw;stcloudguardianlab87byw;storage_default_network_access_rule_is_denied;False;DORA;Digital Operational Resilience Act (Regulation (EU) 2022/2554)
azure;"The Digital Operational Resilience Act (DORA) is a European Union regulation (Regulation (EU) 2022/2554) that sets a uniform framework for the digital operational resilience of the EU financial sector. Mandatory since 17 January 2025, it applies to financial entities (banks, insurers, investment firms, payment institutions, etc.) and to ICT third-party service providers. DORA is structured around five pillars: ICT risk management, ICT-related incident reporting, digital operational resilience testing, ICT third-party risk management, and information sharing. This Prowler mapping covers the technical controls auditable from cloud configuration; the organisational, contractual and supervisory obligations defined in DORA must be addressed outside of Prowler.";7e3283a3-d466-4e6f-95b1-543eec016e08;centralus;2026-07-02 17:42:33.244336;DORA-Art9;Financial entities shall continuously monitor and control the security and functioning of ICT systems and tools and minimise the impact of ICT risk by deploying appropriate ICT security tools, policies and procedures. Encryption at rest and in transit, blocking of public exposure, network access controls, secret management and instance hardening are central to this article.;ICT Risk Management;Article 9;Protection and prevention;PASS;Default to Microsoft Entra authorization is enabled for storage account stcloudguardianlab87byw from subscription Azure subscription 1 (7e3283a3-d466-4e6f-95b1-543eec016e08).;/subscriptions/7e3283a3-d466-4e6f-95b1-543eec016e08/resourceGroups/rg-cloudguardian-lab/providers/Microsoft.Storage/storageAccounts/stcloudguardianlab87byw;stcloudguardianlab87byw;storage_default_to_entra_authorization_enabled;False;DORA;Digital Operational Resilience Act (Regulation (EU) 2022/2554)
azure;"The Digital Operational Resilience Act (DORA) is a European Union regulation (Regulation (EU) 2022/2554) that sets a uniform framework for the digital operational resilience of the EU financial sector. Mandatory since 17 January 2025, it applies to financial entities (banks, insurers, investment firms, payment institutions, etc.) and to ICT third-party service providers. DORA is structured around five pillars: ICT risk management, ICT-related incident reporting, digital operational resilience testing, ICT third-party risk management, and information sharing. This Prowler mapping covers the technical controls auditable from cloud configuration; the organisational, contractual and supervisory obligations defined in DORA must be addressed outside of Prowler.";7e3283a3-d466-4e6f-95b1-543eec016e08;centralus;2026-07-02 17:42:33.244336;DORA-Art9;Financial entities shall continuously monitor and control the security and functioning of ICT systems and tools and minimise the impact of ICT risk by deploying appropriate ICT security tools, policies and procedures. Encryption at rest and in transit, blocking of public exposure, network access controls, secret management and instance hardening are central to this article.;ICT Risk Management;Article 9;Protection and prevention;FAIL;Storage account stcloudguardianlab87byw from subscription Azure subscription 1 (7e3283a3-d466-4e6f-95b1-543eec016e08) does not encrypt with CMKs.;/subscriptions/7e3283a3-d466-4e6f-95b1-543eec016e08/resourceGroups/rg-cloudguardian-lab/providers/Microsoft.Storage/storageAccounts/stcloudguardianlab87byw;stcloudguardianlab87byw;storage_ensure_encryption_with_customer_managed_keys;False;DORA;Digital Operational Resilience Act (Regulation (EU) 2022/2554)
azure;"The Digital Operational Resilience Act (DORA) is a European Union regulation (Regulation (EU) 2022/2554) that sets a uniform framework for the digital operational resilience of the EU financial sector. Mandatory since 17 January 2025, it applies to financial entities (banks, insurers, investment firms, payment institutions, etc.) and to ICT third-party service providers. DORA is structured around five pillars: ICT risk management, ICT-related incident reporting, digital operational resilience testing, ICT third-party risk management, and information sharing. This Prowler mapping covers the technical controls auditable from cloud configuration; the organisational, contractual and supervisory obligations defined in DORA must be addressed outside of Prowler.";7e3283a3-d466-4e6f-95b1-543eec016e08;centralus;2026-07-02 17:42:33.244336;DORA-Art12;Financial entities shall develop and document backup policies and procedures specifying the scope of data subject to backup and the minimum frequency of the backup, as well as restoration and recovery procedures and methods. Backups must be encrypted, retained, and resources must be designed for recoverability across availability zones and regions.;ICT Risk Management;Article 12;Backup policies and procedures, restoration and recovery procedures and methods;PASS;File share soft delete is enabled for storage account stcloudguardianlab87byw from subscription Azure subscription 1 (7e3283a3-d466-4e6f-95b1-543eec016e08) with a retention period of 7 days.;/subscriptions/7e3283a3-d466-4e6f-95b1-543eec016e08/resourceGroups/rg-cloudguardian-lab/providers/Microsoft.Storage/storageAccounts/stcloudguardianlab87byw/fileServices/default;stcloudguardianlab87byw;storage_ensure_file_shares_soft_delete_is_enabled;False;DORA;Digital Operational Resilience Act (Regulation (EU) 2022/2554)
azure;"The Digital Operational Resilience Act (DORA) is a European Union regulation (Regulation (EU) 2022/2554) that sets a uniform framework for the digital operational resilience of the EU financial sector. Mandatory since 17 January 2025, it applies to financial entities (banks, insurers, investment firms, payment institutions, etc.) and to ICT third-party service providers. DORA is structured around five pillars: ICT risk management, ICT-related incident reporting, digital operational resilience testing, ICT third-party risk management, and information sharing. This Prowler mapping covers the technical controls auditable from cloud configuration; the organisational, contractual and supervisory obligations defined in DORA must be addressed outside of Prowler.";7e3283a3-d466-4e6f-95b1-543eec016e08;centralus;2026-07-02 17:42:33.244336;DORA-Art7;Financial entities shall use and maintain updated ICT systems, protocols and tools that are appropriate to the magnitude of operations supporting ICT functions, technologically resilient, and adequately equipped to securely process data. Cryptographic primitives, certificate hygiene and network segmentation are core to this requirement.;ICT Risk Management;Article 7;ICT systems, protocols and tools;PASS;Storage account stcloudguardianlab87byw from subscription Azure subscription 1 (7e3283a3-d466-4e6f-95b1-543eec016e08) has TLS version set to 1.2.;/subscriptions/7e3283a3-d466-4e6f-95b1-543eec016e08/resourceGroups/rg-cloudguardian-lab/providers/Microsoft.Storage/storageAccounts/stcloudguardianlab87byw;stcloudguardianlab87byw;storage_ensure_minimum_tls_version_12;False;DORA;Digital Operational Resilience Act (Regulation (EU) 2022/2554)
azure;"The Digital Operational Resilience Act (DORA) is a European Union regulation (Regulation (EU) 2022/2554) that sets a uniform framework for the digital operational resilience of the EU financial sector. Mandatory since 17 January 2025, it applies to financial entities (banks, insurers, investment firms, payment institutions, etc.) and to ICT third-party service providers. DORA is structured around five pillars: ICT risk management, ICT-related incident reporting, digital operational resilience testing, ICT third-party risk management, and information sharing. This Prowler mapping covers the technical controls auditable from cloud configuration; the organisational, contractual and supervisory obligations defined in DORA must be addressed outside of Prowler.";7e3283a3-d466-4e6f-95b1-543eec016e08;centralus;2026-07-02 17:42:33.244336;DORA-Art9;Financial entities shall continuously monitor and control the security and functioning of ICT systems and tools and minimise the impact of ICT risk by deploying appropriate ICT security tools, policies and procedures. Encryption at rest and in transit, blocking of public exposure, network access controls, secret management and instance hardening are central to this article.;ICT Risk Management;Article 9;Protection and prevention;FAIL;Storage account stcloudguardianlab87byw from subscription Azure subscription 1 (7e3283a3-d466-4e6f-95b1-543eec016e08) does not have private endpoint connections.;/subscriptions/7e3283a3-d466-4e6f-95b1-543eec016e08/resourceGroups/rg-cloudguardian-lab/providers/Microsoft.Storage/storageAccounts/stcloudguardianlab87byw;stcloudguardianlab87byw;storage_ensure_private_endpoints_in_storage_accounts;False;DORA;Digital Operational Resilience Act (Regulation (EU) 2022/2554)
azure;"The Digital Operational Resilience Act (DORA) is a European Union regulation (Regulation (EU) 2022/2554) that sets a uniform framework for the digital operational resilience of the EU financial sector. Mandatory since 17 January 2025, it applies to financial entities (banks, insurers, investment firms, payment institutions, etc.) and to ICT third-party service providers. DORA is structured around five pillars: ICT risk management, ICT-related incident reporting, digital operational resilience testing, ICT third-party risk management, and information sharing. This Prowler mapping covers the technical controls auditable from cloud configuration; the organisational, contractual and supervisory obligations defined in DORA must be addressed outside of Prowler.";7e3283a3-d466-4e6f-95b1-543eec016e08;centralus;2026-07-02 17:42:33.244336;DORA-Art12;Financial entities shall develop and document backup policies and procedures specifying the scope of data subject to backup and the minimum frequency of the backup, as well as restoration and recovery procedures and methods. Backups must be encrypted, retained, and resources must be designed for recoverability across availability zones and regions.;ICT Risk Management;Article 12;Backup policies and procedures, restoration and recovery procedures and methods;FAIL;Storage account stcloudguardianlab87byw from subscription Azure subscription 1 (7e3283a3-d466-4e6f-95b1-543eec016e08) has soft delete disabled.;/subscriptions/7e3283a3-d466-4e6f-95b1-543eec016e08/resourceGroups/rg-cloudguardian-lab/providers/Microsoft.Storage/storageAccounts/stcloudguardianlab87byw;stcloudguardianlab87byw;storage_ensure_soft_delete_is_enabled;False;DORA;Digital Operational Resilience Act (Regulation (EU) 2022/2554)
azure;"The Digital Operational Resilience Act (DORA) is a European Union regulation (Regulation (EU) 2022/2554) that sets a uniform framework for the digital operational resilience of the EU financial sector. Mandatory since 17 January 2025, it applies to financial entities (banks, insurers, investment firms, payment institutions, etc.) and to ICT third-party service providers. DORA is structured around five pillars: ICT risk management, ICT-related incident reporting, digital operational resilience testing, ICT third-party risk management, and information sharing. This Prowler mapping covers the technical controls auditable from cloud configuration; the organisational, contractual and supervisory obligations defined in DORA must be addressed outside of Prowler.";7e3283a3-d466-4e6f-95b1-543eec016e08;centralus;2026-07-02 17:42:33.244336;DORA-Art12;Financial entities shall develop and document backup policies and procedures specifying the scope of data subject to backup and the minimum frequency of the backup, as well as restoration and recovery procedures and methods. Backups must be encrypted, retained, and resources must be designed for recoverability across availability zones and regions.;ICT Risk Management;Article 12;Backup policies and procedures, restoration and recovery procedures and methods;FAIL;Storage account stcloudguardianlab87byw from subscription Azure subscription 1 (7e3283a3-d466-4e6f-95b1-543eec016e08) does not have Geo-redundant storage enabled, it has Standard_LRS instead.;/subscriptions/7e3283a3-d466-4e6f-95b1-543eec016e08/resourceGroups/rg-cloudguardian-lab/providers/Microsoft.Storage/storageAccounts/stcloudguardianlab87byw;stcloudguardianlab87byw;storage_geo_redundant_enabled;False;DORA;Digital Operational Resilience Act (Regulation (EU) 2022/2554)
azure;"The Digital Operational Resilience Act (DORA) is a European Union regulation (Regulation (EU) 2022/2554) that sets a uniform framework for the digital operational resilience of the EU financial sector. Mandatory since 17 January 2025, it applies to financial entities (banks, insurers, investment firms, payment institutions, etc.) and to ICT third-party service providers. DORA is structured around five pillars: ICT risk management, ICT-related incident reporting, digital operational resilience testing, ICT third-party risk management, and information sharing. This Prowler mapping covers the technical controls auditable from cloud configuration; the organisational, contractual and supervisory obligations defined in DORA must be addressed outside of Prowler.";7e3283a3-d466-4e6f-95b1-543eec016e08;centralus;2026-07-02 17:42:33.244336;DORA-Art9;Financial entities shall continuously monitor and control the security and functioning of ICT systems and tools and minimise the impact of ICT risk by deploying appropriate ICT security tools, policies and procedures. Encryption at rest and in transit, blocking of public exposure, network access controls, secret management and instance hardening are central to this article.;ICT Risk Management;Article 9;Protection and prevention;FAIL;Storage account stcloudguardianlab87byw from subscription Azure subscription 1 (7e3283a3-d466-4e6f-95b1-543eec016e08) has infrastructure encryption disabled.;/subscriptions/7e3283a3-d466-4e6f-95b1-543eec016e08/resourceGroups/rg-cloudguardian-lab/providers/Microsoft.Storage/storageAccounts/stcloudguardianlab87byw;stcloudguardianlab87byw;storage_infrastructure_encryption_is_enabled;False;DORA;Digital Operational Resilience Act (Regulation (EU) 2022/2554)
azure;"The Digital Operational Resilience Act (DORA) is a European Union regulation (Regulation (EU) 2022/2554) that sets a uniform framework for the digital operational resilience of the EU financial sector. Mandatory since 17 January 2025, it applies to financial entities (banks, insurers, investment firms, payment institutions, etc.) and to ICT third-party service providers. DORA is structured around five pillars: ICT risk management, ICT-related incident reporting, digital operational resilience testing, ICT third-party risk management, and information sharing. This Prowler mapping covers the technical controls auditable from cloud configuration; the organisational, contractual and supervisory obligations defined in DORA must be addressed outside of Prowler.";7e3283a3-d466-4e6f-95b1-543eec016e08;centralus;2026-07-02 17:42:33.244336;DORA-Art7;Financial entities shall use and maintain updated ICT systems, protocols and tools that are appropriate to the magnitude of operations supporting ICT functions, technologically resilient, and adequately equipped to securely process data. Cryptographic primitives, certificate hygiene and network segmentation are core to this requirement.;ICT Risk Management;Article 7;ICT systems, protocols and tools;FAIL;Storage account stcloudguardianlab87byw from subscription Azure subscription 1 (7e3283a3-d466-4e6f-95b1-543eec016e08) has no key expiration period set.;/subscriptions/7e3283a3-d466-4e6f-95b1-543eec016e08/resourceGroups/rg-cloudguardian-lab/providers/Microsoft.Storage/storageAccounts/stcloudguardianlab87byw;stcloudguardianlab87byw;storage_key_rotation_90_days;False;DORA;Digital Operational Resilience Act (Regulation (EU) 2022/2554)
azure;"The Digital Operational Resilience Act (DORA) is a European Union regulation (Regulation (EU) 2022/2554) that sets a uniform framework for the digital operational resilience of the EU financial sector. Mandatory since 17 January 2025, it applies to financial entities (banks, insurers, investment firms, payment institutions, etc.) and to ICT third-party service providers. DORA is structured around five pillars: ICT risk management, ICT-related incident reporting, digital operational resilience testing, ICT third-party risk management, and information sharing. This Prowler mapping covers the technical controls auditable from cloud configuration; the organisational, contractual and supervisory obligations defined in DORA must be addressed outside of Prowler.";7e3283a3-d466-4e6f-95b1-543eec016e08;centralus;2026-07-02 17:42:33.244336;DORA-Art7;Financial entities shall use and maintain updated ICT systems, protocols and tools that are appropriate to the magnitude of operations supporting ICT functions, technologically resilient, and adequately equipped to securely process data. Cryptographic primitives, certificate hygiene and network segmentation are core to this requirement.;ICT Risk Management;Article 7;ICT systems, protocols and tools;PASS;Storage account stcloudguardianlab87byw from subscription Azure subscription 1 (7e3283a3-d466-4e6f-95b1-543eec016e08) has secure transfer required enabled.;/subscriptions/7e3283a3-d466-4e6f-95b1-543eec016e08/resourceGroups/rg-cloudguardian-lab/providers/Microsoft.Storage/storageAccounts/stcloudguardianlab87byw;stcloudguardianlab87byw;storage_secure_transfer_required_is_enabled;False;DORA;Digital Operational Resilience Act (Regulation (EU) 2022/2554)
azure;"The Digital Operational Resilience Act (DORA) is a European Union regulation (Regulation (EU) 2022/2554) that sets a uniform framework for the digital operational resilience of the EU financial sector. Mandatory since 17 January 2025, it applies to financial entities (banks, insurers, investment firms, payment institutions, etc.) and to ICT third-party service providers. DORA is structured around five pillars: ICT risk management, ICT-related incident reporting, digital operational resilience testing, ICT third-party risk management, and information sharing. This Prowler mapping covers the technical controls auditable from cloud configuration; the organisational, contractual and supervisory obligations defined in DORA must be addressed outside of Prowler.";7e3283a3-d466-4e6f-95b1-543eec016e08;global;2026-07-02 17:42:33.244336;DORA-Art7;Financial entities shall use and maintain updated ICT systems, protocols and tools that are appropriate to the magnitude of operations supporting ICT functions, technologically resilient, and adequately equipped to securely process data. Cryptographic primitives, certificate hygiene and network segmentation are core to this requirement.;ICT Risk Management;Article 7;ICT systems, protocols and tools;FAIL;Storage account stcloudguardianlab87byw from subscription Azure subscription 1 (7e3283a3-d466-4e6f-95b1-543eec016e08) does not have SMB channel encryption enabled for file shares.;/subscriptions/7e3283a3-d466-4e6f-95b1-543eec016e08/resourceGroups/rg-cloudguardian-lab/providers/Microsoft.Storage/storageAccounts/stcloudguardianlab87byw/fileServices/default;stcloudguardianlab87byw;storage_smb_channel_encryption_with_secure_algorithm;False;DORA;Digital Operational Resilience Act (Regulation (EU) 2022/2554)
azure;"The Digital Operational Resilience Act (DORA) is a European Union regulation (Regulation (EU) 2022/2554) that sets a uniform framework for the digital operational resilience of the EU financial sector. Mandatory since 17 January 2025, it applies to financial entities (banks, insurers, investment firms, payment institutions, etc.) and to ICT third-party service providers. DORA is structured around five pillars: ICT risk management, ICT-related incident reporting, digital operational resilience testing, ICT third-party risk management, and information sharing. This Prowler mapping covers the technical controls auditable from cloud configuration; the organisational, contractual and supervisory obligations defined in DORA must be addressed outside of Prowler.";7e3283a3-d466-4e6f-95b1-543eec016e08;centralus;2026-07-02 17:42:33.244336;DORA-Art11;Financial entities shall put in place a comprehensive ICT business continuity policy, including ICT response and recovery plans, that ensures the continuity of ICT-supported critical or important functions. Operational alarming, automated event routing and tested recovery actions are essential.;ICT Risk Management;Article 11;Response and recovery;FAIL;VM vm-web-cloudguardian-lab in subscription Azure subscription 1 (7e3283a3-d466-4e6f-95b1-543eec016e08) is not protected by Azure Backup.;/subscriptions/7e3283a3-d466-4e6f-95b1-543eec016e08/resourceGroups/RG-CLOUDGUARDIAN-LAB/providers/Microsoft.Compute/virtualMachines/vm-web-cloudguardian-lab;vm-web-cloudguardian-lab;vm_backup_enabled;False;DORA;Digital Operational Resilience Act (Regulation (EU) 2022/2554)
azure;"The Digital Operational Resilience Act (DORA) is a European Union regulation (Regulation (EU) 2022/2554) that sets a uniform framework for the digital operational resilience of the EU financial sector. Mandatory since 17 January 2025, it applies to financial entities (banks, insurers, investment firms, payment institutions, etc.) and to ICT third-party service providers. DORA is structured around five pillars: ICT risk management, ICT-related incident reporting, digital operational resilience testing, ICT third-party risk management, and information sharing. This Prowler mapping covers the technical controls auditable from cloud configuration; the organisational, contractual and supervisory obligations defined in DORA must be addressed outside of Prowler.";7e3283a3-d466-4e6f-95b1-543eec016e08;centralus;2026-07-02 17:42:33.244336;DORA-Art12;Financial entities shall develop and document backup policies and procedures specifying the scope of data subject to backup and the minimum frequency of the backup, as well as restoration and recovery procedures and methods. Backups must be encrypted, retained, and resources must be designed for recoverability across availability zones and regions.;ICT Risk Management;Article 12;Backup policies and procedures, restoration and recovery procedures and methods;FAIL;VM vm-web-cloudguardian-lab in subscription Azure subscription 1 (7e3283a3-d466-4e6f-95b1-543eec016e08) is not protected by Azure Backup.;/subscriptions/7e3283a3-d466-4e6f-95b1-543eec016e08/resourceGroups/RG-CLOUDGUARDIAN-LAB/providers/Microsoft.Compute/virtualMachines/vm-web-cloudguardian-lab;vm-web-cloudguardian-lab;vm_backup_enabled;False;DORA;Digital Operational Resilience Act (Regulation (EU) 2022/2554)
azure;"The Digital Operational Resilience Act (DORA) is a European Union regulation (Regulation (EU) 2022/2554) that sets a uniform framework for the digital operational resilience of the EU financial sector. Mandatory since 17 January 2025, it applies to financial entities (banks, insurers, investment firms, payment institutions, etc.) and to ICT third-party service providers. DORA is structured around five pillars: ICT risk management, ICT-related incident reporting, digital operational resilience testing, ICT third-party risk management, and information sharing. This Prowler mapping covers the technical controls auditable from cloud configuration; the organisational, contractual and supervisory obligations defined in DORA must be addressed outside of Prowler.";7e3283a3-d466-4e6f-95b1-543eec016e08;centralus;2026-07-02 17:42:33.244336;DORA-Art24;Financial entities shall establish, maintain and review a sound and comprehensive digital operational resilience testing programme, as an integral part of the ICT risk management framework. Continuous vulnerability discovery, configuration assessment and instance manageability are foundational.;Digital Operational Resilience Testing;Article 24;General requirements for the performance of digital operational resilience testing;FAIL;VM vm-web-cloudguardian-lab is using Standard_D2s_v3 which is not a desired SKU size in subscription Azure subscription 1 (7e3283a3-d466-4e6f-95b1-543eec016e08).;/subscriptions/7e3283a3-d466-4e6f-95b1-543eec016e08/resourceGroups/RG-CLOUDGUARDIAN-LAB/providers/Microsoft.Compute/virtualMachines/vm-web-cloudguardian-lab;vm-web-cloudguardian-lab;vm_desired_sku_size;False;DORA;Digital Operational Resilience Act (Regulation (EU) 2022/2554)
azure;"The Digital Operational Resilience Act (DORA) is a European Union regulation (Regulation (EU) 2022/2554) that sets a uniform framework for the digital operational resilience of the EU financial sector. Mandatory since 17 January 2025, it applies to financial entities (banks, insurers, investment firms, payment institutions, etc.) and to ICT third-party service providers. DORA is structured around five pillars: ICT risk management, ICT-related incident reporting, digital operational resilience testing, ICT third-party risk management, and information sharing. This Prowler mapping covers the technical controls auditable from cloud configuration; the organisational, contractual and supervisory obligations defined in DORA must be addressed outside of Prowler.";7e3283a3-d466-4e6f-95b1-543eec016e08;centralus;2026-07-02 17:42:33.244336;DORA-Art9;Financial entities shall continuously monitor and control the security and functioning of ICT systems and tools and minimise the impact of ICT risk by deploying appropriate ICT security tools, policies and procedures. Encryption at rest and in transit, blocking of public exposure, network access controls, secret management and instance hardening are central to this article.;ICT Risk Management;Article 9;Protection and prevention;FAIL;Disk '5fec73ab-57f9-455c-88f2-368ceccd7c03' is not encrypted with a customer-managed key in subscription Azure subscription 1 (7e3283a3-d466-4e6f-95b1-543eec016e08).;/subscriptions/7e3283a3-d466-4e6f-95b1-543eec016e08/resourceGroups/RG-CLOUDGUARDIAN-LAB/providers/Microsoft.Compute/disks/vm-web-cloudguardian-lab_disk1_5fec73ab57f9455c88f2368ceccd7c03;vm-web-cloudguardian-lab_disk1_5fec73ab57f9455c88f2368ceccd7c03;vm_ensure_attached_disks_encrypted_with_cmk;False;DORA;Digital Operational Resilience Act (Regulation (EU) 2022/2554)
azure;"The Digital Operational Resilience Act (DORA) is a European Union regulation (Regulation (EU) 2022/2554) that sets a uniform framework for the digital operational resilience of the EU financial sector. Mandatory since 17 January 2025, it applies to financial entities (banks, insurers, investment firms, payment institutions, etc.) and to ICT third-party service providers. DORA is structured around five pillars: ICT risk management, ICT-related incident reporting, digital operational resilience testing, ICT third-party risk management, and information sharing. This Prowler mapping covers the technical controls auditable from cloud configuration; the organisational, contractual and supervisory obligations defined in DORA must be addressed outside of Prowler.";7e3283a3-d466-4e6f-95b1-543eec016e08;centralus;2026-07-02 17:42:33.244336;DORA-Art24;Financial entities shall establish, maintain and review a sound and comprehensive digital operational resilience testing programme, as an integral part of the ICT risk management framework. Continuous vulnerability discovery, configuration assessment and instance manageability are foundational.;Digital Operational Resilience Testing;Article 24;General requirements for the performance of digital operational resilience testing;FAIL;VM vm-web-cloudguardian-lab in subscription Azure subscription 1 (7e3283a3-d466-4e6f-95b1-543eec016e08) is not using an approved machine image.;/subscriptions/7e3283a3-d466-4e6f-95b1-543eec016e08/resourceGroups/RG-CLOUDGUARDIAN-LAB/providers/Microsoft.Compute/virtualMachines/vm-web-cloudguardian-lab;vm-web-cloudguardian-lab;vm_ensure_using_approved_images;False;DORA;Digital Operational Resilience Act (Regulation (EU) 2022/2554)
azure;"The Digital Operational Resilience Act (DORA) is a European Union regulation (Regulation (EU) 2022/2554) that sets a uniform framework for the digital operational resilience of the EU financial sector. Mandatory since 17 January 2025, it applies to financial entities (banks, insurers, investment firms, payment institutions, etc.) and to ICT third-party service providers. DORA is structured around five pillars: ICT risk management, ICT-related incident reporting, digital operational resilience testing, ICT third-party risk management, and information sharing. This Prowler mapping covers the technical controls auditable from cloud configuration; the organisational, contractual and supervisory obligations defined in DORA must be addressed outside of Prowler.";7e3283a3-d466-4e6f-95b1-543eec016e08;centralus;2026-07-02 17:42:33.244336;DORA-Art9;Financial entities shall continuously monitor and control the security and functioning of ICT systems and tools and minimise the impact of ICT risk by deploying appropriate ICT security tools, policies and procedures. Encryption at rest and in transit, blocking of public exposure, network access controls, secret management and instance hardening are central to this article.;ICT Risk Management;Article 9;Protection and prevention;PASS;VM vm-web-cloudguardian-lab is using managed disks in subscription Azure subscription 1 (7e3283a3-d466-4e6f-95b1-543eec016e08);/subscriptions/7e3283a3-d466-4e6f-95b1-543eec016e08/resourceGroups/RG-CLOUDGUARDIAN-LAB/providers/Microsoft.Compute/virtualMachines/vm-web-cloudguardian-lab;vm-web-cloudguardian-lab;vm_ensure_using_managed_disks;False;DORA;Digital Operational Resilience Act (Regulation (EU) 2022/2554)
azure;"The Digital Operational Resilience Act (DORA) is a European Union regulation (Regulation (EU) 2022/2554) that sets a uniform framework for the digital operational resilience of the EU financial sector. Mandatory since 17 January 2025, it applies to financial entities (banks, insurers, investment firms, payment institutions, etc.) and to ICT third-party service providers. DORA is structured around five pillars: ICT risk management, ICT-related incident reporting, digital operational resilience testing, ICT third-party risk management, and information sharing. This Prowler mapping covers the technical controls auditable from cloud configuration; the organisational, contractual and supervisory obligations defined in DORA must be addressed outside of Prowler.";7e3283a3-d466-4e6f-95b1-543eec016e08;centralus;2026-07-02 17:42:33.244336;DORA-Art12;Financial entities shall develop and document backup policies and procedures specifying the scope of data subject to backup and the minimum frequency of the backup, as well as restoration and recovery procedures and methods. Backups must be encrypted, retained, and resources must be designed for recoverability across availability zones and regions.;ICT Risk Management;Article 12;Backup policies and procedures, restoration and recovery procedures and methods;PASS;VM vm-web-cloudguardian-lab is using managed disks in subscription Azure subscription 1 (7e3283a3-d466-4e6f-95b1-543eec016e08);/subscriptions/7e3283a3-d466-4e6f-95b1-543eec016e08/resourceGroups/RG-CLOUDGUARDIAN-LAB/providers/Microsoft.Compute/virtualMachines/vm-web-cloudguardian-lab;vm-web-cloudguardian-lab;vm_ensure_using_managed_disks;False;DORA;Digital Operational Resilience Act (Regulation (EU) 2022/2554)
azure;"The Digital Operational Resilience Act (DORA) is a European Union regulation (Regulation (EU) 2022/2554) that sets a uniform framework for the digital operational resilience of the EU financial sector. Mandatory since 17 January 2025, it applies to financial entities (banks, insurers, investment firms, payment institutions, etc.) and to ICT third-party service providers. DORA is structured around five pillars: ICT risk management, ICT-related incident reporting, digital operational resilience testing, ICT third-party risk management, and information sharing. This Prowler mapping covers the technical controls auditable from cloud configuration; the organisational, contractual and supervisory obligations defined in DORA must be addressed outside of Prowler.";7e3283a3-d466-4e6f-95b1-543eec016e08;centralus;2026-07-02 17:42:33.244336;DORA-Art9;Financial entities shall continuously monitor and control the security and functioning of ICT systems and tools and minimise the impact of ICT risk by deploying appropriate ICT security tools, policies and procedures. Encryption at rest and in transit, blocking of public exposure, network access controls, secret management and instance hardening are central to this article.;ICT Risk Management;Article 9;Protection and prevention;FAIL;VM vm-web-cloudguardian-lab in subscription Azure subscription 1 (7e3283a3-d466-4e6f-95b1-543eec016e08) does not have JIT (Just-in-Time) access enabled.;/subscriptions/7e3283a3-d466-4e6f-95b1-543eec016e08/resourceGroups/RG-CLOUDGUARDIAN-LAB/providers/Microsoft.Compute/virtualMachines/vm-web-cloudguardian-lab;vm-web-cloudguardian-lab;vm_jit_access_enabled;False;DORA;Digital Operational Resilience Act (Regulation (EU) 2022/2554)
azure;"The Digital Operational Resilience Act (DORA) is a European Union regulation (Regulation (EU) 2022/2554) that sets a uniform framework for the digital operational resilience of the EU financial sector. Mandatory since 17 January 2025, it applies to financial entities (banks, insurers, investment firms, payment institutions, etc.) and to ICT third-party service providers. DORA is structured around five pillars: ICT risk management, ICT-related incident reporting, digital operational resilience testing, ICT third-party risk management, and information sharing. This Prowler mapping covers the technical controls auditable from cloud configuration; the organisational, contractual and supervisory obligations defined in DORA must be addressed outside of Prowler.";7e3283a3-d466-4e6f-95b1-543eec016e08;centralus;2026-07-02 17:42:33.244336;DORA-Art9;Financial entities shall continuously monitor and control the security and functioning of ICT systems and tools and minimise the impact of ICT risk by deploying appropriate ICT security tools, policies and procedures. Encryption at rest and in transit, blocking of public exposure, network access controls, secret management and instance hardening are central to this article.;ICT Risk Management;Article 9;Protection and prevention;PASS;VM vm-web-cloudguardian-lab in subscription Azure subscription 1 (7e3283a3-d466-4e6f-95b1-543eec016e08) has password authentication disabled (SSH key authentication enforced).;/subscriptions/7e3283a3-d466-4e6f-95b1-543eec016e08/resourceGroups/RG-CLOUDGUARDIAN-LAB/providers/Microsoft.Compute/virtualMachines/vm-web-cloudguardian-lab;vm-web-cloudguardian-lab;vm_linux_enforce_ssh_authentication;False;DORA;Digital Operational Resilience Act (Regulation (EU) 2022/2554)
azure;"The Digital Operational Resilience Act (DORA) is a European Union regulation (Regulation (EU) 2022/2554) that sets a uniform framework for the digital operational resilience of the EU financial sector. Mandatory since 17 January 2025, it applies to financial entities (banks, insurers, investment firms, payment institutions, etc.) and to ICT third-party service providers. DORA is structured around five pillars: ICT risk management, ICT-related incident reporting, digital operational resilience testing, ICT third-party risk management, and information sharing. This Prowler mapping covers the technical controls auditable from cloud configuration; the organisational, contractual and supervisory obligations defined in DORA must be addressed outside of Prowler.";7e3283a3-d466-4e6f-95b1-543eec016e08;centralus;2026-07-02 17:42:33.244336;DORA-Art9;Financial entities shall continuously monitor and control the security and functioning of ICT systems and tools and minimise the impact of ICT risk by deploying appropriate ICT security tools, policies and procedures. Encryption at rest and in transit, blocking of public exposure, network access controls, secret management and instance hardening are central to this article.;ICT Risk Management;Article 9;Protection and prevention;FAIL;VM vm-web-cloudguardian-lab has trusted launch disabled in subscription Azure subscription 1 (7e3283a3-d466-4e6f-95b1-543eec016e08);/subscriptions/7e3283a3-d466-4e6f-95b1-543eec016e08/resourceGroups/RG-CLOUDGUARDIAN-LAB/providers/Microsoft.Compute/virtualMachines/vm-web-cloudguardian-lab;vm-web-cloudguardian-lab;vm_trusted_launch_enabled;False;DORA;Digital Operational Resilience Act (Regulation (EU) 2022/2554)
azure;"The Digital Operational Resilience Act (DORA) is a European Union regulation (Regulation (EU) 2022/2554) that sets a uniform framework for the digital operational resilience of the EU financial sector. Mandatory since 17 January 2025, it applies to financial entities (banks, insurers, investment firms, payment institutions, etc.) and to ICT third-party service providers. DORA is structured around five pillars: ICT risk management, ICT-related incident reporting, digital operational resilience testing, ICT third-party risk management, and information sharing. This Prowler mapping covers the technical controls auditable from cloud configuration; the organisational, contractual and supervisory obligations defined in DORA must be addressed outside of Prowler.";7e3283a3-d466-4e6f-95b1-543eec016e08;global;2026-07-02 18:41:56.499720;DORA-Art17;Financial entities shall define, establish and implement an ICT-related incident management process to detect, manage and notify ICT-related incidents. Comprehensive trail logging, log integrity protection, retention and centralisation of ICT events are foundational requirements.;ICT-Related Incident Reporting;Article 17;ICT-related incident management process;FAIL;There are no AppInsight configured in subscription Azure subscription 1 (7e3283a3-d466-4e6f-95b1-543eec016e08).;/subscriptions/7e3283a3-d466-4e6f-95b1-543eec016e08;7e3283a3-d466-4e6f-95b1-543eec016e08;appinsights_ensure_is_configured;False;DORA;Digital Operational Resilience Act (Regulation (EU) 2022/2554)
azure;"The Digital Operational Resilience Act (DORA) is a European Union regulation (Regulation (EU) 2022/2554) that sets a uniform framework for the digital operational resilience of the EU financial sector. Mandatory since 17 January 2025, it applies to financial entities (banks, insurers, investment firms, payment institutions, etc.) and to ICT third-party service providers. DORA is structured around five pillars: ICT risk management, ICT-related incident reporting, digital operational resilience testing, ICT third-party risk management, and information sharing. This Prowler mapping covers the technical controls auditable from cloud configuration; the organisational, contractual and supervisory obligations defined in DORA must be addressed outside of Prowler.";7e3283a3-d466-4e6f-95b1-543eec016e08;global;2026-07-02 18:41:56.499720;DORA-Art6;Financial entities shall have an ICT risk management framework that is sound, comprehensive and well-documented, enabling them to address ICT risk quickly, efficiently and comprehensively and to ensure a high level of digital operational resilience. This includes continuous configuration recording, security findings aggregation and an enterprise-wide visibility plane.;ICT Risk Management;Article 6;ICT risk management framework;FAIL;Defender Auto Provisioning Log Analytics Agents from subscription Azure subscription 1 (7e3283a3-d466-4e6f-95b1-543eec016e08) is set to OFF.;/subscriptions/7e3283a3-d466-4e6f-95b1-543eec016e08/providers/Microsoft.Security/autoProvisioningSettings/default;default;defender_auto_provisioning_log_analytics_agent_vms_on;False;DORA;Digital Operational Resilience Act (Regulation (EU) 2022/2554)
azure;"The Digital Operational Resilience Act (DORA) is a European Union regulation (Regulation (EU) 2022/2554) that sets a uniform framework for the digital operational resilience of the EU financial sector. Mandatory since 17 January 2025, it applies to financial entities (banks, insurers, investment firms, payment institutions, etc.) and to ICT third-party service providers. DORA is structured around five pillars: ICT risk management, ICT-related incident reporting, digital operational resilience testing, ICT third-party risk management, and information sharing. This Prowler mapping covers the technical controls auditable from cloud configuration; the organisational, contractual and supervisory obligations defined in DORA must be addressed outside of Prowler.";7e3283a3-d466-4e6f-95b1-543eec016e08;global;2026-07-02 18:41:56.499720;DORA-Art10;Financial entities shall have in place mechanisms to promptly detect anomalous activities, including ICT network performance issues and ICT-related incidents, and to identify potential single points of failure. Threat detection across compute, identity, storage and the API control plane is required for timely detection.;ICT Risk Management;Article 10;Detection;FAIL;Container image scan is disabled in subscription Azure subscription 1 (7e3283a3-d466-4e6f-95b1-543eec016e08).;/subscriptions/7e3283a3-d466-4e6f-95b1-543eec016e08/providers/Microsoft.Security/pricings/Containers;Containers;defender_container_images_scan_enabled;False;DORA;Digital Operational Resilience Act (Regulation (EU) 2022/2554)
azure;"The Digital Operational Resilience Act (DORA) is a European Union regulation (Regulation (EU) 2022/2554) that sets a uniform framework for the digital operational resilience of the EU financial sector. Mandatory since 17 January 2025, it applies to financial entities (banks, insurers, investment firms, payment institutions, etc.) and to ICT third-party service providers. DORA is structured around five pillars: ICT risk management, ICT-related incident reporting, digital operational resilience testing, ICT third-party risk management, and information sharing. This Prowler mapping covers the technical controls auditable from cloud configuration; the organisational, contractual and supervisory obligations defined in DORA must be addressed outside of Prowler.";7e3283a3-d466-4e6f-95b1-543eec016e08;global;2026-07-02 18:41:56.499720;DORA-Art13;Financial entities shall have in place capabilities and staff to gather information on vulnerabilities and cyber threats, perform post ICT-related incident reviews, and continuously feed lessons learnt back into the ICT risk assessment process. Findings aggregation and continuous insights drive this cycle.;ICT Risk Management;Article 13;Learning and evolving;FAIL;Container image scan is disabled in subscription Azure subscription 1 (7e3283a3-d466-4e6f-95b1-543eec016e08).;/subscriptions/7e3283a3-d466-4e6f-95b1-543eec016e08/providers/Microsoft.Security/pricings/Containers;Containers;defender_container_images_scan_enabled;False;DORA;Digital Operational Resilience Act (Regulation (EU) 2022/2554)
azure;"The Digital Operational Resilience Act (DORA) is a European Union regulation (Regulation (EU) 2022/2554) that sets a uniform framework for the digital operational resilience of the EU financial sector. Mandatory since 17 January 2025, it applies to financial entities (banks, insurers, investment firms, payment institutions, etc.) and to ICT third-party service providers. DORA is structured around five pillars: ICT risk management, ICT-related incident reporting, digital operational resilience testing, ICT third-party risk management, and information sharing. This Prowler mapping covers the technical controls auditable from cloud configuration; the organisational, contractual and supervisory obligations defined in DORA must be addressed outside of Prowler.";7e3283a3-d466-4e6f-95b1-543eec016e08;global;2026-07-02 18:41:56.499720;DORA-Art24;Financial entities shall establish, maintain and review a sound and comprehensive digital operational resilience testing programme, as an integral part of the ICT risk management framework. Continuous vulnerability discovery, configuration assessment and instance manageability are foundational.;Digital Operational Resilience Testing;Article 24;General requirements for the performance of digital operational resilience testing;FAIL;Container image scan is disabled in subscription Azure subscription 1 (7e3283a3-d466-4e6f-95b1-543eec016e08).;/subscriptions/7e3283a3-d466-4e6f-95b1-543eec016e08/providers/Microsoft.Security/pricings/Containers;Containers;defender_container_images_scan_enabled;False;DORA;Digital Operational Resilience Act (Regulation (EU) 2022/2554)
azure;"The Digital Operational Resilience Act (DORA) is a European Union regulation (Regulation (EU) 2022/2554) that sets a uniform framework for the digital operational resilience of the EU financial sector. Mandatory since 17 January 2025, it applies to financial entities (banks, insurers, investment firms, payment institutions, etc.) and to ICT third-party service providers. DORA is structured around five pillars: ICT risk management, ICT-related incident reporting, digital operational resilience testing, ICT third-party risk management, and information sharing. This Prowler mapping covers the technical controls auditable from cloud configuration; the organisational, contractual and supervisory obligations defined in DORA must be addressed outside of Prowler.";7e3283a3-d466-4e6f-95b1-543eec016e08;global;2026-07-02 18:41:56.499720;DORA-Art6;Financial entities shall have an ICT risk management framework that is sound, comprehensive and well-documented, enabling them to address ICT risk quickly, efficiently and comprehensively and to ensure a high level of digital operational resilience. This includes continuous configuration recording, security findings aggregation and an enterprise-wide visibility plane.;ICT Risk Management;Article 6;ICT risk management framework;FAIL;Defender plan Defender for App Services from subscription Azure subscription 1 (7e3283a3-d466-4e6f-95b1-543eec016e08) is set to OFF (pricing tier not standard).;/subscriptions/7e3283a3-d466-4e6f-95b1-543eec016e08/providers/Microsoft.Security/pricings/AppServices;Defender plan App Services;defender_ensure_defender_for_app_services_is_on;False;DORA;Digital Operational Resilience Act (Regulation (EU) 2022/2554)
azure;"The Digital Operational Resilience Act (DORA) is a European Union regulation (Regulation (EU) 2022/2554) that sets a uniform framework for the digital operational resilience of the EU financial sector. Mandatory since 17 January 2025, it applies to financial entities (banks, insurers, investment firms, payment institutions, etc.) and to ICT third-party service providers. DORA is structured around five pillars: ICT risk management, ICT-related incident reporting, digital operational resilience testing, ICT third-party risk management, and information sharing. This Prowler mapping covers the technical controls auditable from cloud configuration; the organisational, contractual and supervisory obligations defined in DORA must be addressed outside of Prowler.";7e3283a3-d466-4e6f-95b1-543eec016e08;global;2026-07-02 18:41:56.499720;DORA-Art6;Financial entities shall have an ICT risk management framework that is sound, comprehensive and well-documented, enabling them to address ICT risk quickly, efficiently and comprehensively and to ensure a high level of digital operational resilience. This includes continuous configuration recording, security findings aggregation and an enterprise-wide visibility plane.;ICT Risk Management;Article 6;ICT risk management framework;FAIL;Defender plan Defender for ARM from subscription Azure subscription 1 (7e3283a3-d466-4e6f-95b1-543eec016e08) is set to OFF (pricing tier not standard).;/subscriptions/7e3283a3-d466-4e6f-95b1-543eec016e08/providers/Microsoft.Security/pricings/Arm;Defender plan ARM;defender_ensure_defender_for_arm_is_on;False;DORA;Digital Operational Resilience Act (Regulation (EU) 2022/2554)
azure;"The Digital Operational Resilience Act (DORA) is a European Union regulation (Regulation (EU) 2022/2554) that sets a uniform framework for the digital operational resilience of the EU financial sector. Mandatory since 17 January 2025, it applies to financial entities (banks, insurers, investment firms, payment institutions, etc.) and to ICT third-party service providers. DORA is structured around five pillars: ICT risk management, ICT-related incident reporting, digital operational resilience testing, ICT third-party risk management, and information sharing. This Prowler mapping covers the technical controls auditable from cloud configuration; the organisational, contractual and supervisory obligations defined in DORA must be addressed outside of Prowler.";7e3283a3-d466-4e6f-95b1-543eec016e08;global;2026-07-02 18:41:56.499720;DORA-Art10;Financial entities shall have in place mechanisms to promptly detect anomalous activities, including ICT network performance issues and ICT-related incidents, and to identify potential single points of failure. Threat detection across compute, identity, storage and the API control plane is required for timely detection.;ICT Risk Management;Article 10;Detection;FAIL;Defender plan Defender for ARM from subscription Azure subscription 1 (7e3283a3-d466-4e6f-95b1-543eec016e08) is set to OFF (pricing tier not standard).;/subscriptions/7e3283a3-d466-4e6f-95b1-543eec016e08/providers/Microsoft.Security/pricings/Arm;Defender plan ARM;defender_ensure_defender_for_arm_is_on;False;DORA;Digital Operational Resilience Act (Regulation (EU) 2022/2554)
azure;"The Digital Operational Resilience Act (DORA) is a European Union regulation (Regulation (EU) 2022/2554) that sets a uniform framework for the digital operational resilience of the EU financial sector. Mandatory since 17 January 2025, it applies to financial entities (banks, insurers, investment firms, payment institutions, etc.) and to ICT third-party service providers. DORA is structured around five pillars: ICT risk management, ICT-related incident reporting, digital operational resilience testing, ICT third-party risk management, and information sharing. This Prowler mapping covers the technical controls auditable from cloud configuration; the organisational, contractual and supervisory obligations defined in DORA must be addressed outside of Prowler.";7e3283a3-d466-4e6f-95b1-543eec016e08;global;2026-07-02 18:41:56.499720;DORA-Art6;Financial entities shall have an ICT risk management framework that is sound, comprehensive and well-documented, enabling them to address ICT risk quickly, efficiently and comprehensively and to ensure a high level of digital operational resilience. This includes continuous configuration recording, security findings aggregation and an enterprise-wide visibility plane.;ICT Risk Management;Article 6;ICT risk management framework;FAIL;Defender plan Defender for Azure SQL DB Servers from subscription Azure subscription 1 (7e3283a3-d466-4e6f-95b1-543eec016e08) is set to OFF (pricing tier not standard).;/subscriptions/7e3283a3-d466-4e6f-95b1-543eec016e08/providers/Microsoft.Security/pricings/SqlServers;SqlServers;defender_ensure_defender_for_azure_sql_databases_is_on;False;DORA;Digital Operational Resilience Act (Regulation (EU) 2022/2554)
azure;"The Digital Operational Resilience Act (DORA) is a European Union regulation (Regulation (EU) 2022/2554) that sets a uniform framework for the digital operational resilience of the EU financial sector. Mandatory since 17 January 2025, it applies to financial entities (banks, insurers, investment firms, payment institutions, etc.) and to ICT third-party service providers. DORA is structured around five pillars: ICT risk management, ICT-related incident reporting, digital operational resilience testing, ICT third-party risk management, and information sharing. This Prowler mapping covers the technical controls auditable from cloud configuration; the organisational, contractual and supervisory obligations defined in DORA must be addressed outside of Prowler.";7e3283a3-d466-4e6f-95b1-543eec016e08;global;2026-07-02 18:41:56.499720;DORA-Art10;Financial entities shall have in place mechanisms to promptly detect anomalous activities, including ICT network performance issues and ICT-related incidents, and to identify potential single points of failure. Threat detection across compute, identity, storage and the API control plane is required for timely detection.;ICT Risk Management;Article 10;Detection;FAIL;Defender plan Defender for Azure SQL DB Servers from subscription Azure subscription 1 (7e3283a3-d466-4e6f-95b1-543eec016e08) is set to OFF (pricing tier not standard).;/subscriptions/7e3283a3-d466-4e6f-95b1-543eec016e08/providers/Microsoft.Security/pricings/SqlServers;SqlServers;defender_ensure_defender_for_azure_sql_databases_is_on;False;DORA;Digital Operational Resilience Act (Regulation (EU) 2022/2554)
azure;"The Digital Operational Resilience Act (DORA) is a European Union regulation (Regulation (EU) 2022/2554) that sets a uniform framework for the digital operational resilience of the EU financial sector. Mandatory since 17 January 2025, it applies to financial entities (banks, insurers, investment firms, payment institutions, etc.) and to ICT third-party service providers. DORA is structured around five pillars: ICT risk management, ICT-related incident reporting, digital operational resilience testing, ICT third-party risk management, and information sharing. This Prowler mapping covers the technical controls auditable from cloud configuration; the organisational, contractual and supervisory obligations defined in DORA must be addressed outside of Prowler.";7e3283a3-d466-4e6f-95b1-543eec016e08;global;2026-07-02 18:41:56.499720;DORA-Art6;Financial entities shall have an ICT risk management framework that is sound, comprehensive and well-documented, enabling them to address ICT risk quickly, efficiently and comprehensively and to ensure a high level of digital operational resilience. This includes continuous configuration recording, security findings aggregation and an enterprise-wide visibility plane.;ICT Risk Management;Article 6;ICT risk management framework;FAIL;Defender plan Defender for Containers from subscription Azure subscription 1 (7e3283a3-d466-4e6f-95b1-543eec016e08) is set to OFF (pricing tier not standard).;/subscriptions/7e3283a3-d466-4e6f-95b1-543eec016e08/providers/Microsoft.Security/pricings/Containers;Containers;defender_ensure_defender_for_containers_is_on;False;DORA;Digital Operational Resilience Act (Regulation (EU) 2022/2554)
azure;"The Digital Operational Resilience Act (DORA) is a European Union regulation (Regulation (EU) 2022/2554) that sets a uniform framework for the digital operational resilience of the EU financial sector. Mandatory since 17 January 2025, it applies to financial entities (banks, insurers, investment firms, payment institutions, etc.) and to ICT third-party service providers. DORA is structured around five pillars: ICT risk management, ICT-related incident reporting, digital operational resilience testing, ICT third-party risk management, and information sharing. This Prowler mapping covers the technical controls auditable from cloud configuration; the organisational, contractual and supervisory obligations defined in DORA must be addressed outside of Prowler.";7e3283a3-d466-4e6f-95b1-543eec016e08;global;2026-07-02 18:41:56.499720;DORA-Art10;Financial entities shall have in place mechanisms to promptly detect anomalous activities, including ICT network performance issues and ICT-related incidents, and to identify potential single points of failure. Threat detection across compute, identity, storage and the API control plane is required for timely detection.;ICT Risk Management;Article 10;Detection;FAIL;Defender plan Defender for Containers from subscription Azure subscription 1 (7e3283a3-d466-4e6f-95b1-543eec016e08) is set to OFF (pricing tier not standard).;/subscriptions/7e3283a3-d466-4e6f-95b1-543eec016e08/providers/Microsoft.Security/pricings/Containers;Containers;defender_ensure_defender_for_containers_is_on;False;DORA;Digital Operational Resilience Act (Regulation (EU) 2022/2554)
azure;"The Digital Operational Resilience Act (DORA) is a European Union regulation (Regulation (EU) 2022/2554) that sets a uniform framework for the digital operational resilience of the EU financial sector. Mandatory since 17 January 2025, it applies to financial entities (banks, insurers, investment firms, payment institutions, etc.) and to ICT third-party service providers. DORA is structured around five pillars: ICT risk management, ICT-related incident reporting, digital operational resilience testing, ICT third-party risk management, and information sharing. This Prowler mapping covers the technical controls auditable from cloud configuration; the organisational, contractual and supervisory obligations defined in DORA must be addressed outside of Prowler.";7e3283a3-d466-4e6f-95b1-543eec016e08;global;2026-07-02 18:41:56.499720;DORA-Art6;Financial entities shall have an ICT risk management framework that is sound, comprehensive and well-documented, enabling them to address ICT risk quickly, efficiently and comprehensively and to ensure a high level of digital operational resilience. This includes continuous configuration recording, security findings aggregation and an enterprise-wide visibility plane.;ICT Risk Management;Article 6;ICT risk management framework;FAIL;Defender plan Defender for Cosmos DB from subscription Azure subscription 1 (7e3283a3-d466-4e6f-95b1-543eec016e08) is set to OFF (pricing tier not standard).;/subscriptions/7e3283a3-d466-4e6f-95b1-543eec016e08/providers/Microsoft.Security/pricings/CosmosDbs;Defender plan Cosmos DB;defender_ensure_defender_for_cosmosdb_is_on;False;DORA;Digital Operational Resilience Act (Regulation (EU) 2022/2554)
azure;"The Digital Operational Resilience Act (DORA) is a European Union regulation (Regulation (EU) 2022/2554) that sets a uniform framework for the digital operational resilience of the EU financial sector. Mandatory since 17 January 2025, it applies to financial entities (banks, insurers, investment firms, payment institutions, etc.) and to ICT third-party service providers. DORA is structured around five pillars: ICT risk management, ICT-related incident reporting, digital operational resilience testing, ICT third-party risk management, and information sharing. This Prowler mapping covers the technical controls auditable from cloud configuration; the organisational, contractual and supervisory obligations defined in DORA must be addressed outside of Prowler.";7e3283a3-d466-4e6f-95b1-543eec016e08;global;2026-07-02 18:41:56.499720;DORA-Art6;Financial entities shall have an ICT risk management framework that is sound, comprehensive and well-documented, enabling them to address ICT risk quickly, efficiently and comprehensively and to ensure a high level of digital operational resilience. This includes continuous configuration recording, security findings aggregation and an enterprise-wide visibility plane.;ICT Risk Management;Article 6;ICT risk management framework;FAIL;Defender plan Defender for Databases from subscription Azure subscription 1 (7e3283a3-d466-4e6f-95b1-543eec016e08) is set to OFF (pricing tier not standard).;/subscriptions/7e3283a3-d466-4e6f-95b1-543eec016e08/providers/Microsoft.Security/pricings/SqlServers;SqlServers;defender_ensure_defender_for_databases_is_on;False;DORA;Digital Operational Resilience Act (Regulation (EU) 2022/2554)
azure;"The Digital Operational Resilience Act (DORA) is a European Union regulation (Regulation (EU) 2022/2554) that sets a uniform framework for the digital operational resilience of the EU financial sector. Mandatory since 17 January 2025, it applies to financial entities (banks, insurers, investment firms, payment institutions, etc.) and to ICT third-party service providers. DORA is structured around five pillars: ICT risk management, ICT-related incident reporting, digital operational resilience testing, ICT third-party risk management, and information sharing. This Prowler mapping covers the technical controls auditable from cloud configuration; the organisational, contractual and supervisory obligations defined in DORA must be addressed outside of Prowler.";7e3283a3-d466-4e6f-95b1-543eec016e08;global;2026-07-02 18:41:56.499720;DORA-Art6;Financial entities shall have an ICT risk management framework that is sound, comprehensive and well-documented, enabling them to address ICT risk quickly, efficiently and comprehensively and to ensure a high level of digital operational resilience. This includes continuous configuration recording, security findings aggregation and an enterprise-wide visibility plane.;ICT Risk Management;Article 6;ICT risk management framework;FAIL;Defender plan Defender for DNS from subscription Azure subscription 1 (7e3283a3-d466-4e6f-95b1-543eec016e08) is set to OFF (pricing tier not standard).;/subscriptions/7e3283a3-d466-4e6f-95b1-543eec016e08/providers/Microsoft.Security/pricings/Dns;Defender plan DNS;defender_ensure_defender_for_dns_is_on;False;DORA;Digital Operational Resilience Act (Regulation (EU) 2022/2554)
azure;"The Digital Operational Resilience Act (DORA) is a European Union regulation (Regulation (EU) 2022/2554) that sets a uniform framework for the digital operational resilience of the EU financial sector. Mandatory since 17 January 2025, it applies to financial entities (banks, insurers, investment firms, payment institutions, etc.) and to ICT third-party service providers. DORA is structured around five pillars: ICT risk management, ICT-related incident reporting, digital operational resilience testing, ICT third-party risk management, and information sharing. This Prowler mapping covers the technical controls auditable from cloud configuration; the organisational, contractual and supervisory obligations defined in DORA must be addressed outside of Prowler.";7e3283a3-d466-4e6f-95b1-543eec016e08;global;2026-07-02 18:41:56.499720;DORA-Art10;Financial entities shall have in place mechanisms to promptly detect anomalous activities, including ICT network performance issues and ICT-related incidents, and to identify potential single points of failure. Threat detection across compute, identity, storage and the API control plane is required for timely detection.;ICT Risk Management;Article 10;Detection;FAIL;Defender plan Defender for DNS from subscription Azure subscription 1 (7e3283a3-d466-4e6f-95b1-543eec016e08) is set to OFF (pricing tier not standard).;/subscriptions/7e3283a3-d466-4e6f-95b1-543eec016e08/providers/Microsoft.Security/pricings/Dns;Defender plan DNS;defender_ensure_defender_for_dns_is_on;False;DORA;Digital Operational Resilience Act (Regulation (EU) 2022/2554)
azure;"The Digital Operational Resilience Act (DORA) is a European Union regulation (Regulation (EU) 2022/2554) that sets a uniform framework for the digital operational resilience of the EU financial sector. Mandatory since 17 January 2025, it applies to financial entities (banks, insurers, investment firms, payment institutions, etc.) and to ICT third-party service providers. DORA is structured around five pillars: ICT risk management, ICT-related incident reporting, digital operational resilience testing, ICT third-party risk management, and information sharing. This Prowler mapping covers the technical controls auditable from cloud configuration; the organisational, contractual and supervisory obligations defined in DORA must be addressed outside of Prowler.";7e3283a3-d466-4e6f-95b1-543eec016e08;global;2026-07-02 18:41:56.499720;DORA-Art6;Financial entities shall have an ICT risk management framework that is sound, comprehensive and well-documented, enabling them to address ICT risk quickly, efficiently and comprehensively and to ensure a high level of digital operational resilience. This includes continuous configuration recording, security findings aggregation and an enterprise-wide visibility plane.;ICT Risk Management;Article 6;ICT risk management framework;FAIL;Defender plan Defender for KeyVaults from subscription Azure subscription 1 (7e3283a3-d466-4e6f-95b1-543eec016e08) is set to OFF (pricing tier not standard).;/subscriptions/7e3283a3-d466-4e6f-95b1-543eec016e08/providers/Microsoft.Security/pricings/KeyVaults;Defender plan KeyVaults;defender_ensure_defender_for_keyvault_is_on;False;DORA;Digital Operational Resilience Act (Regulation (EU) 2022/2554)
azure;"The Digital Operational Resilience Act (DORA) is a European Union regulation (Regulation (EU) 2022/2554) that sets a uniform framework for the digital operational resilience of the EU financial sector. Mandatory since 17 January 2025, it applies to financial entities (banks, insurers, investment firms, payment institutions, etc.) and to ICT third-party service providers. DORA is structured around five pillars: ICT risk management, ICT-related incident reporting, digital operational resilience testing, ICT third-party risk management, and information sharing. This Prowler mapping covers the technical controls auditable from cloud configuration; the organisational, contractual and supervisory obligations defined in DORA must be addressed outside of Prowler.";7e3283a3-d466-4e6f-95b1-543eec016e08;global;2026-07-02 18:41:56.499720;DORA-Art10;Financial entities shall have in place mechanisms to promptly detect anomalous activities, including ICT network performance issues and ICT-related incidents, and to identify potential single points of failure. Threat detection across compute, identity, storage and the API control plane is required for timely detection.;ICT Risk Management;Article 10;Detection;FAIL;Defender plan Defender for KeyVaults from subscription Azure subscription 1 (7e3283a3-d466-4e6f-95b1-543eec016e08) is set to OFF (pricing tier not standard).;/subscriptions/7e3283a3-d466-4e6f-95b1-543eec016e08/providers/Microsoft.Security/pricings/KeyVaults;Defender plan KeyVaults;defender_ensure_defender_for_keyvault_is_on;False;DORA;Digital Operational Resilience Act (Regulation (EU) 2022/2554)
azure;"The Digital Operational Resilience Act (DORA) is a European Union regulation (Regulation (EU) 2022/2554) that sets a uniform framework for the digital operational resilience of the EU financial sector. Mandatory since 17 January 2025, it applies to financial entities (banks, insurers, investment firms, payment institutions, etc.) and to ICT third-party service providers. DORA is structured around five pillars: ICT risk management, ICT-related incident reporting, digital operational resilience testing, ICT third-party risk management, and information sharing. This Prowler mapping covers the technical controls auditable from cloud configuration; the organisational, contractual and supervisory obligations defined in DORA must be addressed outside of Prowler.";7e3283a3-d466-4e6f-95b1-543eec016e08;global;2026-07-02 18:41:56.499720;DORA-Art6;Financial entities shall have an ICT risk management framework that is sound, comprehensive and well-documented, enabling them to address ICT risk quickly, efficiently and comprehensively and to ensure a high level of digital operational resilience. This includes continuous configuration recording, security findings aggregation and an enterprise-wide visibility plane.;ICT Risk Management;Article 6;ICT risk management framework;FAIL;Defender plan Defender for Open-Source Relational Databases from subscription Azure subscription 1 (7e3283a3-d466-4e6f-95b1-543eec016e08) is set to OFF (pricing tier not standard).;/subscriptions/7e3283a3-d466-4e6f-95b1-543eec016e08/providers/Microsoft.Security/pricings/OpenSourceRelationalDatabases;Defender plan Open-Source Relational Databases;defender_ensure_defender_for_os_relational_databases_is_on;False;DORA;Digital Operational Resilience Act (Regulation (EU) 2022/2554)
azure;"The Digital Operational Resilience Act (DORA) is a European Union regulation (Regulation (EU) 2022/2554) that sets a uniform framework for the digital operational resilience of the EU financial sector. Mandatory since 17 January 2025, it applies to financial entities (banks, insurers, investment firms, payment institutions, etc.) and to ICT third-party service providers. DORA is structured around five pillars: ICT risk management, ICT-related incident reporting, digital operational resilience testing, ICT third-party risk management, and information sharing. This Prowler mapping covers the technical controls auditable from cloud configuration; the organisational, contractual and supervisory obligations defined in DORA must be addressed outside of Prowler.";7e3283a3-d466-4e6f-95b1-543eec016e08;global;2026-07-02 18:41:56.499720;DORA-Art6;Financial entities shall have an ICT risk management framework that is sound, comprehensive and well-documented, enabling them to address ICT risk quickly, efficiently and comprehensively and to ensure a high level of digital operational resilience. This includes continuous configuration recording, security findings aggregation and an enterprise-wide visibility plane.;ICT Risk Management;Article 6;ICT risk management framework;FAIL;Defender plan Defender for Servers from subscription Azure subscription 1 (7e3283a3-d466-4e6f-95b1-543eec016e08) is set to OFF (pricing tier not standard).;/subscriptions/7e3283a3-d466-4e6f-95b1-543eec016e08/providers/Microsoft.Security/pricings/VirtualMachines;Defender plan Servers;defender_ensure_defender_for_server_is_on;False;DORA;Digital Operational Resilience Act (Regulation (EU) 2022/2554)
azure;"The Digital Operational Resilience Act (DORA) is a European Union regulation (Regulation (EU) 2022/2554) that sets a uniform framework for the digital operational resilience of the EU financial sector. Mandatory since 17 January 2025, it applies to financial entities (banks, insurers, investment firms, payment institutions, etc.) and to ICT third-party service providers. DORA is structured around five pillars: ICT risk management, ICT-related incident reporting, digital operational resilience testing, ICT third-party risk management, and information sharing. This Prowler mapping covers the technical controls auditable from cloud configuration; the organisational, contractual and supervisory obligations defined in DORA must be addressed outside of Prowler.";7e3283a3-d466-4e6f-95b1-543eec016e08;global;2026-07-02 18:41:56.499720;DORA-Art10;Financial entities shall have in place mechanisms to promptly detect anomalous activities, including ICT network performance issues and ICT-related incidents, and to identify potential single points of failure. Threat detection across compute, identity, storage and the API control plane is required for timely detection.;ICT Risk Management;Article 10;Detection;FAIL;Defender plan Defender for Servers from subscription Azure subscription 1 (7e3283a3-d466-4e6f-95b1-543eec016e08) is set to OFF (pricing tier not standard).;/subscriptions/7e3283a3-d466-4e6f-95b1-543eec016e08/providers/Microsoft.Security/pricings/VirtualMachines;Defender plan Servers;defender_ensure_defender_for_server_is_on;False;DORA;Digital Operational Resilience Act (Regulation (EU) 2022/2554)
azure;"The Digital Operational Resilience Act (DORA) is a European Union regulation (Regulation (EU) 2022/2554) that sets a uniform framework for the digital operational resilience of the EU financial sector. Mandatory since 17 January 2025, it applies to financial entities (banks, insurers, investment firms, payment institutions, etc.) and to ICT third-party service providers. DORA is structured around five pillars: ICT risk management, ICT-related incident reporting, digital operational resilience testing, ICT third-party risk management, and information sharing. This Prowler mapping covers the technical controls auditable from cloud configuration; the organisational, contractual and supervisory obligations defined in DORA must be addressed outside of Prowler.";7e3283a3-d466-4e6f-95b1-543eec016e08;global;2026-07-02 18:41:56.499720;DORA-Art18;Financial entities shall classify ICT-related incidents and shall determine their impact based on criteria such as the number of clients affected, duration, geographical spread, data losses, and criticality of the services affected. Severity-aware threat detection across the estate underpins this classification.;ICT-Related Incident Reporting;Article 18;Classification of ICT-related incidents and cyber threats;FAIL;Defender plan Defender for Servers from subscription Azure subscription 1 (7e3283a3-d466-4e6f-95b1-543eec016e08) is set to OFF (pricing tier not standard).;/subscriptions/7e3283a3-d466-4e6f-95b1-543eec016e08/providers/Microsoft.Security/pricings/VirtualMachines;Defender plan Servers;defender_ensure_defender_for_server_is_on;False;DORA;Digital Operational Resilience Act (Regulation (EU) 2022/2554)
azure;"The Digital Operational Resilience Act (DORA) is a European Union regulation (Regulation (EU) 2022/2554) that sets a uniform framework for the digital operational resilience of the EU financial sector. Mandatory since 17 January 2025, it applies to financial entities (banks, insurers, investment firms, payment institutions, etc.) and to ICT third-party service providers. DORA is structured around five pillars: ICT risk management, ICT-related incident reporting, digital operational resilience testing, ICT third-party risk management, and information sharing. This Prowler mapping covers the technical controls auditable from cloud configuration; the organisational, contractual and supervisory obligations defined in DORA must be addressed outside of Prowler.";7e3283a3-d466-4e6f-95b1-543eec016e08;global;2026-07-02 18:41:56.499720;DORA-Art45;Financial entities may exchange amongst themselves cyber threat information and intelligence, including indicators of compromise, tactics, techniques and procedures, cyber security alerts and configuration tools. Centralised threat detection, sensitive data discovery and trail-based intelligence enable participation in such information-sharing arrangements.;Information Sharing;Article 45;Information-sharing arrangements on cyber threat information and intelligence;FAIL;Defender plan Defender for Servers from subscription Azure subscription 1 (7e3283a3-d466-4e6f-95b1-543eec016e08) is set to OFF (pricing tier not standard).;/subscriptions/7e3283a3-d466-4e6f-95b1-543eec016e08/providers/Microsoft.Security/pricings/VirtualMachines;Defender plan Servers;defender_ensure_defender_for_server_is_on;False;DORA;Digital Operational Resilience Act (Regulation (EU) 2022/2554)
azure;"The Digital Operational Resilience Act (DORA) is a European Union regulation (Regulation (EU) 2022/2554) that sets a uniform framework for the digital operational resilience of the EU financial sector. Mandatory since 17 January 2025, it applies to financial entities (banks, insurers, investment firms, payment institutions, etc.) and to ICT third-party service providers. DORA is structured around five pillars: ICT risk management, ICT-related incident reporting, digital operational resilience testing, ICT third-party risk management, and information sharing. This Prowler mapping covers the technical controls auditable from cloud configuration; the organisational, contractual and supervisory obligations defined in DORA must be addressed outside of Prowler.";7e3283a3-d466-4e6f-95b1-543eec016e08;global;2026-07-02 18:41:56.499720;DORA-Art6;Financial entities shall have an ICT risk management framework that is sound, comprehensive and well-documented, enabling them to address ICT risk quickly, efficiently and comprehensively and to ensure a high level of digital operational resilience. This includes continuous configuration recording, security findings aggregation and an enterprise-wide visibility plane.;ICT Risk Management;Article 6;ICT risk management framework;FAIL;Defender plan Defender for SQL Server VMs from subscription Azure subscription 1 (7e3283a3-d466-4e6f-95b1-543eec016e08) is set to OFF (pricing tier not standard).;/subscriptions/7e3283a3-d466-4e6f-95b1-543eec016e08/providers/Microsoft.Security/pricings/SqlServerVirtualMachines;Defender plan SQL Server VMs;defender_ensure_defender_for_sql_servers_is_on;False;DORA;Digital Operational Resilience Act (Regulation (EU) 2022/2554)
azure;"The Digital Operational Resilience Act (DORA) is a European Union regulation (Regulation (EU) 2022/2554) that sets a uniform framework for the digital operational resilience of the EU financial sector. Mandatory since 17 January 2025, it applies to financial entities (banks, insurers, investment firms, payment institutions, etc.) and to ICT third-party service providers. DORA is structured around five pillars: ICT risk management, ICT-related incident reporting, digital operational resilience testing, ICT third-party risk management, and information sharing. This Prowler mapping covers the technical controls auditable from cloud configuration; the organisational, contractual and supervisory obligations defined in DORA must be addressed outside of Prowler.";7e3283a3-d466-4e6f-95b1-543eec016e08;global;2026-07-02 18:41:56.499720;DORA-Art10;Financial entities shall have in place mechanisms to promptly detect anomalous activities, including ICT network performance issues and ICT-related incidents, and to identify potential single points of failure. Threat detection across compute, identity, storage and the API control plane is required for timely detection.;ICT Risk Management;Article 10;Detection;FAIL;Defender plan Defender for SQL Server VMs from subscription Azure subscription 1 (7e3283a3-d466-4e6f-95b1-543eec016e08) is set to OFF (pricing tier not standard).;/subscriptions/7e3283a3-d466-4e6f-95b1-543eec016e08/providers/Microsoft.Security/pricings/SqlServerVirtualMachines;Defender plan SQL Server VMs;defender_ensure_defender_for_sql_servers_is_on;False;DORA;Digital Operational Resilience Act (Regulation (EU) 2022/2554)
azure;"The Digital Operational Resilience Act (DORA) is a European Union regulation (Regulation (EU) 2022/2554) that sets a uniform framework for the digital operational resilience of the EU financial sector. Mandatory since 17 January 2025, it applies to financial entities (banks, insurers, investment firms, payment institutions, etc.) and to ICT third-party service providers. DORA is structured around five pillars: ICT risk management, ICT-related incident reporting, digital operational resilience testing, ICT third-party risk management, and information sharing. This Prowler mapping covers the technical controls auditable from cloud configuration; the organisational, contractual and supervisory obligations defined in DORA must be addressed outside of Prowler.";7e3283a3-d466-4e6f-95b1-543eec016e08;global;2026-07-02 18:41:56.499720;DORA-Art6;Financial entities shall have an ICT risk management framework that is sound, comprehensive and well-documented, enabling them to address ICT risk quickly, efficiently and comprehensively and to ensure a high level of digital operational resilience. This includes continuous configuration recording, security findings aggregation and an enterprise-wide visibility plane.;ICT Risk Management;Article 6;ICT risk management framework;FAIL;Defender plan Defender for Storage Accounts from subscription Azure subscription 1 (7e3283a3-d466-4e6f-95b1-543eec016e08) is set to OFF (pricing tier not standard).;/subscriptions/7e3283a3-d466-4e6f-95b1-543eec016e08/providers/Microsoft.Security/pricings/StorageAccounts;Defender plan Storage Accounts;defender_ensure_defender_for_storage_is_on;False;DORA;Digital Operational Resilience Act (Regulation (EU) 2022/2554)
azure;"The Digital Operational Resilience Act (DORA) is a European Union regulation (Regulation (EU) 2022/2554) that sets a uniform framework for the digital operational resilience of the EU financial sector. Mandatory since 17 January 2025, it applies to financial entities (banks, insurers, investment firms, payment institutions, etc.) and to ICT third-party service providers. DORA is structured around five pillars: ICT risk management, ICT-related incident reporting, digital operational resilience testing, ICT third-party risk management, and information sharing. This Prowler mapping covers the technical controls auditable from cloud configuration; the organisational, contractual and supervisory obligations defined in DORA must be addressed outside of Prowler.";7e3283a3-d466-4e6f-95b1-543eec016e08;global;2026-07-02 18:41:56.499720;DORA-Art10;Financial entities shall have in place mechanisms to promptly detect anomalous activities, including ICT network performance issues and ICT-related incidents, and to identify potential single points of failure. Threat detection across compute, identity, storage and the API control plane is required for timely detection.;ICT Risk Management;Article 10;Detection;FAIL;Defender plan Defender for Storage Accounts from subscription Azure subscription 1 (7e3283a3-d466-4e6f-95b1-543eec016e08) is set to OFF (pricing tier not standard).;/subscriptions/7e3283a3-d466-4e6f-95b1-543eec016e08/providers/Microsoft.Security/pricings/StorageAccounts;Defender plan Storage Accounts;defender_ensure_defender_for_storage_is_on;False;DORA;Digital Operational Resilience Act (Regulation (EU) 2022/2554)
azure;"The Digital Operational Resilience Act (DORA) is a European Union regulation (Regulation (EU) 2022/2554) that sets a uniform framework for the digital operational resilience of the EU financial sector. Mandatory since 17 January 2025, it applies to financial entities (banks, insurers, investment firms, payment institutions, etc.) and to ICT third-party service providers. DORA is structured around five pillars: ICT risk management, ICT-related incident reporting, digital operational resilience testing, ICT third-party risk management, and information sharing. This Prowler mapping covers the technical controls auditable from cloud configuration; the organisational, contractual and supervisory obligations defined in DORA must be addressed outside of Prowler.";7e3283a3-d466-4e6f-95b1-543eec016e08;global;2026-07-02 18:41:56.499720;DORA-Art6;Financial entities shall have an ICT risk management framework that is sound, comprehensive and well-documented, enabling them to address ICT risk quickly, efficiently and comprehensively and to ensure a high level of digital operational resilience. This includes continuous configuration recording, security findings aggregation and an enterprise-wide visibility plane.;ICT Risk Management;Article 6;ICT risk management framework;PASS;Microsoft Defender for Cloud Apps is enabled for subscription Azure subscription 1 (7e3283a3-d466-4e6f-95b1-543eec016e08).;/subscriptions/7e3283a3-d466-4e6f-95b1-543eec016e08/providers/Microsoft.Security/settings/MCAS;MCAS;defender_ensure_mcas_is_enabled;False;DORA;Digital Operational Resilience Act (Regulation (EU) 2022/2554)
azure;"The Digital Operational Resilience Act (DORA) is a European Union regulation (Regulation (EU) 2022/2554) that sets a uniform framework for the digital operational resilience of the EU financial sector. Mandatory since 17 January 2025, it applies to financial entities (banks, insurers, investment firms, payment institutions, etc.) and to ICT third-party service providers. DORA is structured around five pillars: ICT risk management, ICT-related incident reporting, digital operational resilience testing, ICT third-party risk management, and information sharing. This Prowler mapping covers the technical controls auditable from cloud configuration; the organisational, contractual and supervisory obligations defined in DORA must be addressed outside of Prowler.";7e3283a3-d466-4e6f-95b1-543eec016e08;global;2026-07-02 18:41:56.499720;DORA-Art10;Financial entities shall have in place mechanisms to promptly detect anomalous activities, including ICT network performance issues and ICT-related incidents, and to identify potential single points of failure. Threat detection across compute, identity, storage and the API control plane is required for timely detection.;ICT Risk Management;Article 10;Detection;PASS;Microsoft Defender for Cloud Apps is enabled for subscription Azure subscription 1 (7e3283a3-d466-4e6f-95b1-543eec016e08).;/subscriptions/7e3283a3-d466-4e6f-95b1-543eec016e08/providers/Microsoft.Security/settings/MCAS;MCAS;defender_ensure_mcas_is_enabled;False;DORA;Digital Operational Resilience Act (Regulation (EU) 2022/2554)
azure;"The Digital Operational Resilience Act (DORA) is a European Union regulation (Regulation (EU) 2022/2554) that sets a uniform framework for the digital operational resilience of the EU financial sector. Mandatory since 17 January 2025, it applies to financial entities (banks, insurers, investment firms, payment institutions, etc.) and to ICT third-party service providers. DORA is structured around five pillars: ICT risk management, ICT-related incident reporting, digital operational resilience testing, ICT third-party risk management, and information sharing. This Prowler mapping covers the technical controls auditable from cloud configuration; the organisational, contractual and supervisory obligations defined in DORA must be addressed outside of Prowler.";7e3283a3-d466-4e6f-95b1-543eec016e08;global;2026-07-02 18:41:56.499720;DORA-Art18;Financial entities shall classify ICT-related incidents and shall determine their impact based on criteria such as the number of clients affected, duration, geographical spread, data losses, and criticality of the services affected. Severity-aware threat detection across the estate underpins this classification.;ICT-Related Incident Reporting;Article 18;Classification of ICT-related incidents and cyber threats;PASS;Microsoft Defender for Cloud Apps is enabled for subscription Azure subscription 1 (7e3283a3-d466-4e6f-95b1-543eec016e08).;/subscriptions/7e3283a3-d466-4e6f-95b1-543eec016e08/providers/Microsoft.Security/settings/MCAS;MCAS;defender_ensure_mcas_is_enabled;False;DORA;Digital Operational Resilience Act (Regulation (EU) 2022/2554)
azure;"The Digital Operational Resilience Act (DORA) is a European Union regulation (Regulation (EU) 2022/2554) that sets a uniform framework for the digital operational resilience of the EU financial sector. Mandatory since 17 January 2025, it applies to financial entities (banks, insurers, investment firms, payment institutions, etc.) and to ICT third-party service providers. DORA is structured around five pillars: ICT risk management, ICT-related incident reporting, digital operational resilience testing, ICT third-party risk management, and information sharing. This Prowler mapping covers the technical controls auditable from cloud configuration; the organisational, contractual and supervisory obligations defined in DORA must be addressed outside of Prowler.";7e3283a3-d466-4e6f-95b1-543eec016e08;global;2026-07-02 18:41:56.499720;DORA-Art45;Financial entities may exchange amongst themselves cyber threat information and intelligence, including indicators of compromise, tactics, techniques and procedures, cyber security alerts and configuration tools. Centralised threat detection, sensitive data discovery and trail-based intelligence enable participation in such information-sharing arrangements.;Information Sharing;Article 45;Information-sharing arrangements on cyber threat information and intelligence;PASS;Microsoft Defender for Cloud Apps is enabled for subscription Azure subscription 1 (7e3283a3-d466-4e6f-95b1-543eec016e08).;/subscriptions/7e3283a3-d466-4e6f-95b1-543eec016e08/providers/Microsoft.Security/settings/MCAS;MCAS;defender_ensure_mcas_is_enabled;False;DORA;Digital Operational Resilience Act (Regulation (EU) 2022/2554)
azure;"The Digital Operational Resilience Act (DORA) is a European Union regulation (Regulation (EU) 2022/2554) that sets a uniform framework for the digital operational resilience of the EU financial sector. Mandatory since 17 January 2025, it applies to financial entities (banks, insurers, investment firms, payment institutions, etc.) and to ICT third-party service providers. DORA is structured around five pillars: ICT risk management, ICT-related incident reporting, digital operational resilience testing, ICT third-party risk management, and information sharing. This Prowler mapping covers the technical controls auditable from cloud configuration; the organisational, contractual and supervisory obligations defined in DORA must be addressed outside of Prowler.";7e3283a3-d466-4e6f-95b1-543eec016e08;global;2026-07-02 18:41:56.499720;DORA-Art6;Financial entities shall have an ICT risk management framework that is sound, comprehensive and well-documented, enabling them to address ICT risk quickly, efficiently and comprehensively and to ensure a high level of digital operational resilience. This includes continuous configuration recording, security findings aggregation and an enterprise-wide visibility plane.;ICT Risk Management;Article 6;ICT risk management framework;PASS;Microsoft Defender for Endpoint integration is enabled for subscription Azure subscription 1 (7e3283a3-d466-4e6f-95b1-543eec016e08).;/subscriptions/7e3283a3-d466-4e6f-95b1-543eec016e08/providers/Microsoft.Security/settings/WDATP;WDATP;defender_ensure_wdatp_is_enabled;False;DORA;Digital Operational Resilience Act (Regulation (EU) 2022/2554)
azure;"The Digital Operational Resilience Act (DORA) is a European Union regulation (Regulation (EU) 2022/2554) that sets a uniform framework for the digital operational resilience of the EU financial sector. Mandatory since 17 January 2025, it applies to financial entities (banks, insurers, investment firms, payment institutions, etc.) and to ICT third-party service providers. DORA is structured around five pillars: ICT risk management, ICT-related incident reporting, digital operational resilience testing, ICT third-party risk management, and information sharing. This Prowler mapping covers the technical controls auditable from cloud configuration; the organisational, contractual and supervisory obligations defined in DORA must be addressed outside of Prowler.";7e3283a3-d466-4e6f-95b1-543eec016e08;global;2026-07-02 18:41:56.499720;DORA-Art10;Financial entities shall have in place mechanisms to promptly detect anomalous activities, including ICT network performance issues and ICT-related incidents, and to identify potential single points of failure. Threat detection across compute, identity, storage and the API control plane is required for timely detection.;ICT Risk Management;Article 10;Detection;PASS;Microsoft Defender for Endpoint integration is enabled for subscription Azure subscription 1 (7e3283a3-d466-4e6f-95b1-543eec016e08).;/subscriptions/7e3283a3-d466-4e6f-95b1-543eec016e08/providers/Microsoft.Security/settings/WDATP;WDATP;defender_ensure_wdatp_is_enabled;False;DORA;Digital Operational Resilience Act (Regulation (EU) 2022/2554)
azure;"The Digital Operational Resilience Act (DORA) is a European Union regulation (Regulation (EU) 2022/2554) that sets a uniform framework for the digital operational resilience of the EU financial sector. Mandatory since 17 January 2025, it applies to financial entities (banks, insurers, investment firms, payment institutions, etc.) and to ICT third-party service providers. DORA is structured around five pillars: ICT risk management, ICT-related incident reporting, digital operational resilience testing, ICT third-party risk management, and information sharing. This Prowler mapping covers the technical controls auditable from cloud configuration; the organisational, contractual and supervisory obligations defined in DORA must be addressed outside of Prowler.";7e3283a3-d466-4e6f-95b1-543eec016e08;global;2026-07-02 18:41:56.499720;DORA-Art18;Financial entities shall classify ICT-related incidents and shall determine their impact based on criteria such as the number of clients affected, duration, geographical spread, data losses, and criticality of the services affected. Severity-aware threat detection across the estate underpins this classification.;ICT-Related Incident Reporting;Article 18;Classification of ICT-related incidents and cyber threats;PASS;Microsoft Defender for Endpoint integration is enabled for subscription Azure subscription 1 (7e3283a3-d466-4e6f-95b1-543eec016e08).;/subscriptions/7e3283a3-d466-4e6f-95b1-543eec016e08/providers/Microsoft.Security/settings/WDATP;WDATP;defender_ensure_wdatp_is_enabled;False;DORA;Digital Operational Resilience Act (Regulation (EU) 2022/2554)
azure;"The Digital Operational Resilience Act (DORA) is a European Union regulation (Regulation (EU) 2022/2554) that sets a uniform framework for the digital operational resilience of the EU financial sector. Mandatory since 17 January 2025, it applies to financial entities (banks, insurers, investment firms, payment institutions, etc.) and to ICT third-party service providers. DORA is structured around five pillars: ICT risk management, ICT-related incident reporting, digital operational resilience testing, ICT third-party risk management, and information sharing. This Prowler mapping covers the technical controls auditable from cloud configuration; the organisational, contractual and supervisory obligations defined in DORA must be addressed outside of Prowler.";7e3283a3-d466-4e6f-95b1-543eec016e08;global;2026-07-02 18:41:56.499720;DORA-Art45;Financial entities may exchange amongst themselves cyber threat information and intelligence, including indicators of compromise, tactics, techniques and procedures, cyber security alerts and configuration tools. Centralised threat detection, sensitive data discovery and trail-based intelligence enable participation in such information-sharing arrangements.;Information Sharing;Article 45;Information-sharing arrangements on cyber threat information and intelligence;PASS;Microsoft Defender for Endpoint integration is enabled for subscription Azure subscription 1 (7e3283a3-d466-4e6f-95b1-543eec016e08).;/subscriptions/7e3283a3-d466-4e6f-95b1-543eec016e08/providers/Microsoft.Security/settings/WDATP;WDATP;defender_ensure_wdatp_is_enabled;False;DORA;Digital Operational Resilience Act (Regulation (EU) 2022/2554)
azure;"The Digital Operational Resilience Act (DORA) is a European Union regulation (Regulation (EU) 2022/2554) that sets a uniform framework for the digital operational resilience of the EU financial sector. Mandatory since 17 January 2025, it applies to financial entities (banks, insurers, investment firms, payment institutions, etc.) and to ICT third-party service providers. DORA is structured around five pillars: ICT risk management, ICT-related incident reporting, digital operational resilience testing, ICT third-party risk management, and information sharing. This Prowler mapping covers the technical controls auditable from cloud configuration; the organisational, contractual and supervisory obligations defined in DORA must be addressed outside of Prowler.";fd9388b0-2c00-4cf1-9e27-123b32fe4a92;global;2026-07-02 18:41:56.499720;DORA-Art5;Financial entities shall have a sound, comprehensive and well-documented ICT internal governance and control framework. Senior management is accountable for ICT risk and shall enforce strong identity, authentication and least-privilege policies for privileged identities, including the root account.;ICT Risk Management;Article 5;Governance and organisation;FAIL;Conditional Access Policy does not require MFA for Microsoft Admin Portals.;Conditional Access Policy;Conditional Access Policy;entra_conditional_access_policy_require_mfa_for_admin_portals;False;DORA;Digital Operational Resilience Act (Regulation (EU) 2022/2554)
azure;"The Digital Operational Resilience Act (DORA) is a European Union regulation (Regulation (EU) 2022/2554) that sets a uniform framework for the digital operational resilience of the EU financial sector. Mandatory since 17 January 2025, it applies to financial entities (banks, insurers, investment firms, payment institutions, etc.) and to ICT third-party service providers. DORA is structured around five pillars: ICT risk management, ICT-related incident reporting, digital operational resilience testing, ICT third-party risk management, and information sharing. This Prowler mapping covers the technical controls auditable from cloud configuration; the organisational, contractual and supervisory obligations defined in DORA must be addressed outside of Prowler.";fd9388b0-2c00-4cf1-9e27-123b32fe4a92;global;2026-07-02 18:41:56.499720;DORA-Art5;Financial entities shall have a sound, comprehensive and well-documented ICT internal governance and control framework. Senior management is accountable for ICT risk and shall enforce strong identity, authentication and least-privilege policies for privileged identities, including the root account.;ICT Risk Management;Article 5;Governance and organisation;FAIL;Conditional Access Policy does not require MFA for management API.;Conditional Access Policy;Conditional Access Policy;entra_conditional_access_policy_require_mfa_for_management_api;False;DORA;Digital Operational Resilience Act (Regulation (EU) 2022/2554)
azure;"The Digital Operational Resilience Act (DORA) is a European Union regulation (Regulation (EU) 2022/2554) that sets a uniform framework for the digital operational resilience of the EU financial sector. Mandatory since 17 January 2025, it applies to financial entities (banks, insurers, investment firms, payment institutions, etc.) and to ICT third-party service providers. DORA is structured around five pillars: ICT risk management, ICT-related incident reporting, digital operational resilience testing, ICT third-party risk management, and information sharing. This Prowler mapping covers the technical controls auditable from cloud configuration; the organisational, contractual and supervisory obligations defined in DORA must be addressed outside of Prowler.";fd9388b0-2c00-4cf1-9e27-123b32fe4a92;global;2026-07-02 18:41:56.499720;DORA-Art5;Financial entities shall have a sound, comprehensive and well-documented ICT internal governance and control framework. Senior management is accountable for ICT risk and shall enforce strong identity, authentication and least-privilege policies for privileged identities, including the root account.;ICT Risk Management;Article 5;Governance and organisation;PASS;There are 0 global administrators.;3882aa2b-35a5-4450-bcce-841318c97db2;Global Administrator;entra_global_admin_in_less_than_five_users;False;DORA;Digital Operational Resilience Act (Regulation (EU) 2022/2554)
azure;"The Digital Operational Resilience Act (DORA) is a European Union regulation (Regulation (EU) 2022/2554) that sets a uniform framework for the digital operational resilience of the EU financial sector. Mandatory since 17 January 2025, it applies to financial entities (banks, insurers, investment firms, payment institutions, etc.) and to ICT third-party service providers. DORA is structured around five pillars: ICT risk management, ICT-related incident reporting, digital operational resilience testing, ICT third-party risk management, and information sharing. This Prowler mapping covers the technical controls auditable from cloud configuration; the organisational, contractual and supervisory obligations defined in DORA must be addressed outside of Prowler.";fd9388b0-2c00-4cf1-9e27-123b32fe4a92;global;2026-07-02 18:41:56.499720;DORA-Art30;Contractual arrangements with ICT third-party service providers shall be set out in writing and include, at minimum, agreed service levels and clear allocation of rights and obligations. Privilege boundaries, least-privilege policies and absence of administrative wildcards are the technical guardrails that enforce these contractual constraints inside AWS.;ICT Third-Party Risk Management;Article 30;Key contractual provisions;PASS;There are 0 global administrators.;3882aa2b-35a5-4450-bcce-841318c97db2;Global Administrator;entra_global_admin_in_less_than_five_users;False;DORA;Digital Operational Resilience Act (Regulation (EU) 2022/2554)
azure;"The Digital Operational Resilience Act (DORA) is a European Union regulation (Regulation (EU) 2022/2554) that sets a uniform framework for the digital operational resilience of the EU financial sector. Mandatory since 17 January 2025, it applies to financial entities (banks, insurers, investment firms, payment institutions, etc.) and to ICT third-party service providers. DORA is structured around five pillars: ICT risk management, ICT-related incident reporting, digital operational resilience testing, ICT third-party risk management, and information sharing. This Prowler mapping covers the technical controls auditable from cloud configuration; the organisational, contractual and supervisory obligations defined in DORA must be addressed outside of Prowler.";fd9388b0-2c00-4cf1-9e27-123b32fe4a92;global;2026-07-02 18:41:56.499720;DORA-Art5;Financial entities shall have a sound, comprehensive and well-documented ICT internal governance and control framework. Senior management is accountable for ICT risk and shall enforce strong identity, authentication and least-privilege policies for privileged identities, including the root account.;ICT Risk Management;Article 5;Governance and organisation;FAIL;Non-privileged users are able to create security groups via the Access Panel and the Azure administration portal.;authorizationPolicy;Authorization Policy;entra_policy_default_users_cannot_create_security_groups;False;DORA;Digital Operational Resilience Act (Regulation (EU) 2022/2554)
azure;"The Digital Operational Resilience Act (DORA) is a European Union regulation (Regulation (EU) 2022/2554) that sets a uniform framework for the digital operational resilience of the EU financial sector. Mandatory since 17 January 2025, it applies to financial entities (banks, insurers, investment firms, payment institutions, etc.) and to ICT third-party service providers. DORA is structured around five pillars: ICT risk management, ICT-related incident reporting, digital operational resilience testing, ICT third-party risk management, and information sharing. This Prowler mapping covers the technical controls auditable from cloud configuration; the organisational, contractual and supervisory obligations defined in DORA must be addressed outside of Prowler.";fd9388b0-2c00-4cf1-9e27-123b32fe4a92;global;2026-07-02 18:41:56.499720;DORA-Art30;Contractual arrangements with ICT third-party service providers shall be set out in writing and include, at minimum, agreed service levels and clear allocation of rights and obligations. Privilege boundaries, least-privilege policies and absence of administrative wildcards are the technical guardrails that enforce these contractual constraints inside AWS.;ICT Third-Party Risk Management;Article 30;Key contractual provisions;FAIL;Non-privileged users are able to create security groups via the Access Panel and the Azure administration portal.;authorizationPolicy;Authorization Policy;entra_policy_default_users_cannot_create_security_groups;False;DORA;Digital Operational Resilience Act (Regulation (EU) 2022/2554)
azure;"The Digital Operational Resilience Act (DORA) is a European Union regulation (Regulation (EU) 2022/2554) that sets a uniform framework for the digital operational resilience of the EU financial sector. Mandatory since 17 January 2025, it applies to financial entities (banks, insurers, investment firms, payment institutions, etc.) and to ICT third-party service providers. DORA is structured around five pillars: ICT risk management, ICT-related incident reporting, digital operational resilience testing, ICT third-party risk management, and information sharing. This Prowler mapping covers the technical controls auditable from cloud configuration; the organisational, contractual and supervisory obligations defined in DORA must be addressed outside of Prowler.";fd9388b0-2c00-4cf1-9e27-123b32fe4a92;global;2026-07-02 18:41:56.499720;DORA-Art5;Financial entities shall have a sound, comprehensive and well-documented ICT internal governance and control framework. Senior management is accountable for ICT risk and shall enforce strong identity, authentication and least-privilege policies for privileged identities, including the root account.;ICT Risk Management;Article 5;Governance and organisation;FAIL;App creation is not disabled for non-admin users.;authorizationPolicy;Authorization Policy;entra_policy_ensure_default_user_cannot_create_apps;False;DORA;Digital Operational Resilience Act (Regulation (EU) 2022/2554)
azure;"The Digital Operational Resilience Act (DORA) is a European Union regulation (Regulation (EU) 2022/2554) that sets a uniform framework for the digital operational resilience of the EU financial sector. Mandatory since 17 January 2025, it applies to financial entities (banks, insurers, investment firms, payment institutions, etc.) and to ICT third-party service providers. DORA is structured around five pillars: ICT risk management, ICT-related incident reporting, digital operational resilience testing, ICT third-party risk management, and information sharing. This Prowler mapping covers the technical controls auditable from cloud configuration; the organisational, contractual and supervisory obligations defined in DORA must be addressed outside of Prowler.";fd9388b0-2c00-4cf1-9e27-123b32fe4a92;global;2026-07-02 18:41:56.499720;DORA-Art30;Contractual arrangements with ICT third-party service providers shall be set out in writing and include, at minimum, agreed service levels and clear allocation of rights and obligations. Privilege boundaries, least-privilege policies and absence of administrative wildcards are the technical guardrails that enforce these contractual constraints inside AWS.;ICT Third-Party Risk Management;Article 30;Key contractual provisions;FAIL;App creation is not disabled for non-admin users.;authorizationPolicy;Authorization Policy;entra_policy_ensure_default_user_cannot_create_apps;False;DORA;Digital Operational Resilience Act (Regulation (EU) 2022/2554)
azure;"The Digital Operational Resilience Act (DORA) is a European Union regulation (Regulation (EU) 2022/2554) that sets a uniform framework for the digital operational resilience of the EU financial sector. Mandatory since 17 January 2025, it applies to financial entities (banks, insurers, investment firms, payment institutions, etc.) and to ICT third-party service providers. DORA is structured around five pillars: ICT risk management, ICT-related incident reporting, digital operational resilience testing, ICT third-party risk management, and information sharing. This Prowler mapping covers the technical controls auditable from cloud configuration; the organisational, contractual and supervisory obligations defined in DORA must be addressed outside of Prowler.";fd9388b0-2c00-4cf1-9e27-123b32fe4a92;global;2026-07-02 18:41:56.499720;DORA-Art5;Financial entities shall have a sound, comprehensive and well-documented ICT internal governance and control framework. Senior management is accountable for ICT risk and shall enforce strong identity, authentication and least-privilege policies for privileged identities, including the root account.;ICT Risk Management;Article 5;Governance and organisation;FAIL;Tenants creation is not disabled for non-admin users.;authorizationPolicy;Authorization Policy;entra_policy_ensure_default_user_cannot_create_tenants;False;DORA;Digital Operational Resilience Act (Regulation (EU) 2022/2554)
azure;"The Digital Operational Resilience Act (DORA) is a European Union regulation (Regulation (EU) 2022/2554) that sets a uniform framework for the digital operational resilience of the EU financial sector. Mandatory since 17 January 2025, it applies to financial entities (banks, insurers, investment firms, payment institutions, etc.) and to ICT third-party service providers. DORA is structured around five pillars: ICT risk management, ICT-related incident reporting, digital operational resilience testing, ICT third-party risk management, and information sharing. This Prowler mapping covers the technical controls auditable from cloud configuration; the organisational, contractual and supervisory obligations defined in DORA must be addressed outside of Prowler.";fd9388b0-2c00-4cf1-9e27-123b32fe4a92;global;2026-07-02 18:41:56.499720;DORA-Art28;Financial entities shall manage ICT third-party risk as an integral component of ICT risk within their ICT risk management framework. Cross-account access, trust boundaries, organization-level controls and dependency visibility are critical to monitor third-party exposure on AWS.;ICT Third-Party Risk Management;Article 28;General principles (ICT third-party risk);FAIL;Guest invitations are not restricted to users with specific administrative roles only.;authorizationPolicy;Authorization Policy;entra_policy_guest_invite_only_for_admin_roles;False;DORA;Digital Operational Resilience Act (Regulation (EU) 2022/2554)
azure;"The Digital Operational Resilience Act (DORA) is a European Union regulation (Regulation (EU) 2022/2554) that sets a uniform framework for the digital operational resilience of the EU financial sector. Mandatory since 17 January 2025, it applies to financial entities (banks, insurers, investment firms, payment institutions, etc.) and to ICT third-party service providers. DORA is structured around five pillars: ICT risk management, ICT-related incident reporting, digital operational resilience testing, ICT third-party risk management, and information sharing. This Prowler mapping covers the technical controls auditable from cloud configuration; the organisational, contractual and supervisory obligations defined in DORA must be addressed outside of Prowler.";fd9388b0-2c00-4cf1-9e27-123b32fe4a92;global;2026-07-02 18:41:56.499720;DORA-Art28;Financial entities shall manage ICT third-party risk as an integral component of ICT risk within their ICT risk management framework. Cross-account access, trust boundaries, organization-level controls and dependency visibility are critical to monitor third-party exposure on AWS.;ICT Third-Party Risk Management;Article 28;General principles (ICT third-party risk);FAIL;Guest user access is not restricted to properties and memberships of their own directory objects;authorizationPolicy;Authorization Policy;entra_policy_guest_users_access_restrictions;False;DORA;Digital Operational Resilience Act (Regulation (EU) 2022/2554)
azure;"The Digital Operational Resilience Act (DORA) is a European Union regulation (Regulation (EU) 2022/2554) that sets a uniform framework for the digital operational resilience of the EU financial sector. Mandatory since 17 January 2025, it applies to financial entities (banks, insurers, investment firms, payment institutions, etc.) and to ICT third-party service providers. DORA is structured around five pillars: ICT risk management, ICT-related incident reporting, digital operational resilience testing, ICT third-party risk management, and information sharing. This Prowler mapping covers the technical controls auditable from cloud configuration; the organisational, contractual and supervisory obligations defined in DORA must be addressed outside of Prowler.";fd9388b0-2c00-4cf1-9e27-123b32fe4a92;global;2026-07-02 18:41:56.499720;DORA-Art28;Financial entities shall manage ICT third-party risk as an integral component of ICT risk within their ICT risk management framework. Cross-account access, trust boundaries, organization-level controls and dependency visibility are critical to monitor third-party exposure on AWS.;ICT Third-Party Risk Management;Article 28;General principles (ICT third-party risk);FAIL;Entra allows users to consent apps accessing company data on their behalf;authorizationPolicy;Authorization Policy;entra_policy_restricts_user_consent_for_apps;False;DORA;Digital Operational Resilience Act (Regulation (EU) 2022/2554)
azure;"The Digital Operational Resilience Act (DORA) is a European Union regulation (Regulation (EU) 2022/2554) that sets a uniform framework for the digital operational resilience of the EU financial sector. Mandatory since 17 January 2025, it applies to financial entities (banks, insurers, investment firms, payment institutions, etc.) and to ICT third-party service providers. DORA is structured around five pillars: ICT risk management, ICT-related incident reporting, digital operational resilience testing, ICT third-party risk management, and information sharing. This Prowler mapping covers the technical controls auditable from cloud configuration; the organisational, contractual and supervisory obligations defined in DORA must be addressed outside of Prowler.";fd9388b0-2c00-4cf1-9e27-123b32fe4a92;global;2026-07-02 18:41:56.499720;DORA-Art28;Financial entities shall manage ICT third-party risk as an integral component of ICT risk within their ICT risk management framework. Cross-account access, trust boundaries, organization-level controls and dependency visibility are critical to monitor third-party exposure on AWS.;ICT Third-Party Risk Management;Article 28;General principles (ICT third-party risk);PASS;Entra does not allow users to consent non-verified apps accessing company data on their behalf.;authorizationPolicy;Authorization Policy;entra_policy_user_consent_for_verified_apps;False;DORA;Digital Operational Resilience Act (Regulation (EU) 2022/2554)
azure;"The Digital Operational Resilience Act (DORA) is a European Union regulation (Regulation (EU) 2022/2554) that sets a uniform framework for the digital operational resilience of the EU financial sector. Mandatory since 17 January 2025, it applies to financial entities (banks, insurers, investment firms, payment institutions, etc.) and to ICT third-party service providers. DORA is structured around five pillars: ICT risk management, ICT-related incident reporting, digital operational resilience testing, ICT third-party risk management, and information sharing. This Prowler mapping covers the technical controls auditable from cloud configuration; the organisational, contractual and supervisory obligations defined in DORA must be addressed outside of Prowler.";fd9388b0-2c00-4cf1-9e27-123b32fe4a92;global;2026-07-02 18:41:56.499720;DORA-Art5;Financial entities shall have a sound, comprehensive and well-documented ICT internal governance and control framework. Senior management is accountable for ICT risk and shall enforce strong identity, authentication and least-privilege policies for privileged identities, including the root account.;ICT Risk Management;Article 5;Governance and organisation;FAIL;Users can create Microsoft 365 groups.;fd9388b0-2c00-4cf1-9e27-123b32fe4a92;vinayhereonhotmail.onmicrosoft.com;entra_users_cannot_create_microsoft_365_groups;False;DORA;Digital Operational Resilience Act (Regulation (EU) 2022/2554)
azure;"The Digital Operational Resilience Act (DORA) is a European Union regulation (Regulation (EU) 2022/2554) that sets a uniform framework for the digital operational resilience of the EU financial sector. Mandatory since 17 January 2025, it applies to financial entities (banks, insurers, investment firms, payment institutions, etc.) and to ICT third-party service providers. DORA is structured around five pillars: ICT risk management, ICT-related incident reporting, digital operational resilience testing, ICT third-party risk management, and information sharing. This Prowler mapping covers the technical controls auditable from cloud configuration; the organisational, contractual and supervisory obligations defined in DORA must be addressed outside of Prowler.";7e3283a3-d466-4e6f-95b1-543eec016e08;global;2026-07-02 18:41:56.499720;DORA-Art5;Financial entities shall have a sound, comprehensive and well-documented ICT internal governance and control framework. Senior management is accountable for ICT risk and shall enforce strong identity, authentication and least-privilege policies for privileged identities, including the root account.;ICT Risk Management;Article 5;Governance and organisation;PASS;Role assignment 543fb8a5-e4b6-42b7-a54c-ca83525e1311 in subscription Azure subscription 1 (7e3283a3-d466-4e6f-95b1-543eec016e08) does not grant User Access Administrator role.;/subscriptions/7e3283a3-d466-4e6f-95b1-543eec016e08/providers/Microsoft.Authorization/roleAssignments/543fb8a5-e4b6-42b7-a54c-ca83525e1311;543fb8a5-e4b6-42b7-a54c-ca83525e1311;iam_role_user_access_admin_restricted;False;DORA;Digital Operational Resilience Act (Regulation (EU) 2022/2554)
azure;"The Digital Operational Resilience Act (DORA) is a European Union regulation (Regulation (EU) 2022/2554) that sets a uniform framework for the digital operational resilience of the EU financial sector. Mandatory since 17 January 2025, it applies to financial entities (banks, insurers, investment firms, payment institutions, etc.) and to ICT third-party service providers. DORA is structured around five pillars: ICT risk management, ICT-related incident reporting, digital operational resilience testing, ICT third-party risk management, and information sharing. This Prowler mapping covers the technical controls auditable from cloud configuration; the organisational, contractual and supervisory obligations defined in DORA must be addressed outside of Prowler.";7e3283a3-d466-4e6f-95b1-543eec016e08;global;2026-07-02 18:41:56.499720;DORA-Art30;Contractual arrangements with ICT third-party service providers shall be set out in writing and include, at minimum, agreed service levels and clear allocation of rights and obligations. Privilege boundaries, least-privilege policies and absence of administrative wildcards are the technical guardrails that enforce these contractual constraints inside AWS.;ICT Third-Party Risk Management;Article 30;Key contractual provisions;PASS;Role assignment 543fb8a5-e4b6-42b7-a54c-ca83525e1311 in subscription Azure subscription 1 (7e3283a3-d466-4e6f-95b1-543eec016e08) does not grant User Access Administrator role.;/subscriptions/7e3283a3-d466-4e6f-95b1-543eec016e08/providers/Microsoft.Authorization/roleAssignments/543fb8a5-e4b6-42b7-a54c-ca83525e1311;543fb8a5-e4b6-42b7-a54c-ca83525e1311;iam_role_user_access_admin_restricted;False;DORA;Digital Operational Resilience Act (Regulation (EU) 2022/2554)
azure;"The Digital Operational Resilience Act (DORA) is a European Union regulation (Regulation (EU) 2022/2554) that sets a uniform framework for the digital operational resilience of the EU financial sector. Mandatory since 17 January 2025, it applies to financial entities (banks, insurers, investment firms, payment institutions, etc.) and to ICT third-party service providers. DORA is structured around five pillars: ICT risk management, ICT-related incident reporting, digital operational resilience testing, ICT third-party risk management, and information sharing. This Prowler mapping covers the technical controls auditable from cloud configuration; the organisational, contractual and supervisory obligations defined in DORA must be addressed outside of Prowler.";7e3283a3-d466-4e6f-95b1-543eec016e08;global;2026-07-02 18:41:56.499720;DORA-Art19;Financial entities shall report major ICT-related incidents to the relevant competent authority and may, on a voluntary basis, notify significant cyber threats. Detective metric filters, change-tracking alarms and reliable notification topics are needed to surface and route reportable events.;ICT-Related Incident Reporting;Article 19;Reporting of major ICT-related incidents and voluntary notification of significant cyber threats;FAIL;There is not an alert for creating Policy Assignments in subscription Azure subscription 1 (7e3283a3-d466-4e6f-95b1-543eec016e08).;/subscriptions/7e3283a3-d466-4e6f-95b1-543eec016e08;7e3283a3-d466-4e6f-95b1-543eec016e08;monitor_alert_create_policy_assignment;False;DORA;Digital Operational Resilience Act (Regulation (EU) 2022/2554)
azure;"The Digital Operational Resilience Act (DORA) is a European Union regulation (Regulation (EU) 2022/2554) that sets a uniform framework for the digital operational resilience of the EU financial sector. Mandatory since 17 January 2025, it applies to financial entities (banks, insurers, investment firms, payment institutions, etc.) and to ICT third-party service providers. DORA is structured around five pillars: ICT risk management, ICT-related incident reporting, digital operational resilience testing, ICT third-party risk management, and information sharing. This Prowler mapping covers the technical controls auditable from cloud configuration; the organisational, contractual and supervisory obligations defined in DORA must be addressed outside of Prowler.";7e3283a3-d466-4e6f-95b1-543eec016e08;global;2026-07-02 18:41:56.499720;DORA-Art19;Financial entities shall report major ICT-related incidents to the relevant competent authority and may, on a voluntary basis, notify significant cyber threats. Detective metric filters, change-tracking alarms and reliable notification topics are needed to surface and route reportable events.;ICT-Related Incident Reporting;Article 19;Reporting of major ICT-related incidents and voluntary notification of significant cyber threats;FAIL;There is not an alert for creating/updating Network Security Groups in subscription Azure subscription 1 (7e3283a3-d466-4e6f-95b1-543eec016e08).;/subscriptions/7e3283a3-d466-4e6f-95b1-543eec016e08;7e3283a3-d466-4e6f-95b1-543eec016e08;monitor_alert_create_update_nsg;False;DORA;Digital Operational Resilience Act (Regulation (EU) 2022/2554)
azure;"The Digital Operational Resilience Act (DORA) is a European Union regulation (Regulation (EU) 2022/2554) that sets a uniform framework for the digital operational resilience of the EU financial sector. Mandatory since 17 January 2025, it applies to financial entities (banks, insurers, investment firms, payment institutions, etc.) and to ICT third-party service providers. DORA is structured around five pillars: ICT risk management, ICT-related incident reporting, digital operational resilience testing, ICT third-party risk management, and information sharing. This Prowler mapping covers the technical controls auditable from cloud configuration; the organisational, contractual and supervisory obligations defined in DORA must be addressed outside of Prowler.";7e3283a3-d466-4e6f-95b1-543eec016e08;global;2026-07-02 18:41:56.499720;DORA-Art19;Financial entities shall report major ICT-related incidents to the relevant competent authority and may, on a voluntary basis, notify significant cyber threats. Detective metric filters, change-tracking alarms and reliable notification topics are needed to surface and route reportable events.;ICT-Related Incident Reporting;Article 19;Reporting of major ICT-related incidents and voluntary notification of significant cyber threats;FAIL;There is not an alert for creating/updating Public IP address rule in subscription Azure subscription 1 (7e3283a3-d466-4e6f-95b1-543eec016e08).;/subscriptions/7e3283a3-d466-4e6f-95b1-543eec016e08;7e3283a3-d466-4e6f-95b1-543eec016e08;monitor_alert_create_update_public_ip_address_rule;False;DORA;Digital Operational Resilience Act (Regulation (EU) 2022/2554)
azure;"The Digital Operational Resilience Act (DORA) is a European Union regulation (Regulation (EU) 2022/2554) that sets a uniform framework for the digital operational resilience of the EU financial sector. Mandatory since 17 January 2025, it applies to financial entities (banks, insurers, investment firms, payment institutions, etc.) and to ICT third-party service providers. DORA is structured around five pillars: ICT risk management, ICT-related incident reporting, digital operational resilience testing, ICT third-party risk management, and information sharing. This Prowler mapping covers the technical controls auditable from cloud configuration; the organisational, contractual and supervisory obligations defined in DORA must be addressed outside of Prowler.";7e3283a3-d466-4e6f-95b1-543eec016e08;global;2026-07-02 18:41:56.499720;DORA-Art11;Financial entities shall put in place a comprehensive ICT business continuity policy, including ICT response and recovery plans, that ensures the continuity of ICT-supported critical or important functions. Operational alarming, automated event routing and tested recovery actions are essential.;ICT Risk Management;Article 11;Response and recovery;FAIL;There is not an alert for creating/updating Security Solution in subscription Azure subscription 1 (7e3283a3-d466-4e6f-95b1-543eec016e08).;/subscriptions/7e3283a3-d466-4e6f-95b1-543eec016e08;7e3283a3-d466-4e6f-95b1-543eec016e08;monitor_alert_create_update_security_solution;False;DORA;Digital Operational Resilience Act (Regulation (EU) 2022/2554)
azure;"The Digital Operational Resilience Act (DORA) is a European Union regulation (Regulation (EU) 2022/2554) that sets a uniform framework for the digital operational resilience of the EU financial sector. Mandatory since 17 January 2025, it applies to financial entities (banks, insurers, investment firms, payment institutions, etc.) and to ICT third-party service providers. DORA is structured around five pillars: ICT risk management, ICT-related incident reporting, digital operational resilience testing, ICT third-party risk management, and information sharing. This Prowler mapping covers the technical controls auditable from cloud configuration; the organisational, contractual and supervisory obligations defined in DORA must be addressed outside of Prowler.";7e3283a3-d466-4e6f-95b1-543eec016e08;global;2026-07-02 18:41:56.499720;DORA-Art19;Financial entities shall report major ICT-related incidents to the relevant competent authority and may, on a voluntary basis, notify significant cyber threats. Detective metric filters, change-tracking alarms and reliable notification topics are needed to surface and route reportable events.;ICT-Related Incident Reporting;Article 19;Reporting of major ICT-related incidents and voluntary notification of significant cyber threats;FAIL;There is not an alert for creating/updating Security Solution in subscription Azure subscription 1 (7e3283a3-d466-4e6f-95b1-543eec016e08).;/subscriptions/7e3283a3-d466-4e6f-95b1-543eec016e08;7e3283a3-d466-4e6f-95b1-543eec016e08;monitor_alert_create_update_security_solution;False;DORA;Digital Operational Resilience Act (Regulation (EU) 2022/2554)
azure;"The Digital Operational Resilience Act (DORA) is a European Union regulation (Regulation (EU) 2022/2554) that sets a uniform framework for the digital operational resilience of the EU financial sector. Mandatory since 17 January 2025, it applies to financial entities (banks, insurers, investment firms, payment institutions, etc.) and to ICT third-party service providers. DORA is structured around five pillars: ICT risk management, ICT-related incident reporting, digital operational resilience testing, ICT third-party risk management, and information sharing. This Prowler mapping covers the technical controls auditable from cloud configuration; the organisational, contractual and supervisory obligations defined in DORA must be addressed outside of Prowler.";7e3283a3-d466-4e6f-95b1-543eec016e08;global;2026-07-02 18:41:56.499720;DORA-Art19;Financial entities shall report major ICT-related incidents to the relevant competent authority and may, on a voluntary basis, notify significant cyber threats. Detective metric filters, change-tracking alarms and reliable notification topics are needed to surface and route reportable events.;ICT-Related Incident Reporting;Article 19;Reporting of major ICT-related incidents and voluntary notification of significant cyber threats;FAIL;There is not an alert for creating/updating SQL Server firewall rule in subscription Azure subscription 1 (7e3283a3-d466-4e6f-95b1-543eec016e08).;/subscriptions/7e3283a3-d466-4e6f-95b1-543eec016e08;7e3283a3-d466-4e6f-95b1-543eec016e08;monitor_alert_create_update_sqlserver_fr;False;DORA;Digital Operational Resilience Act (Regulation (EU) 2022/2554)
azure;"The Digital Operational Resilience Act (DORA) is a European Union regulation (Regulation (EU) 2022/2554) that sets a uniform framework for the digital operational resilience of the EU financial sector. Mandatory since 17 January 2025, it applies to financial entities (banks, insurers, investment firms, payment institutions, etc.) and to ICT third-party service providers. DORA is structured around five pillars: ICT risk management, ICT-related incident reporting, digital operational resilience testing, ICT third-party risk management, and information sharing. This Prowler mapping covers the technical controls auditable from cloud configuration; the organisational, contractual and supervisory obligations defined in DORA must be addressed outside of Prowler.";7e3283a3-d466-4e6f-95b1-543eec016e08;global;2026-07-02 18:41:56.499720;DORA-Art19;Financial entities shall report major ICT-related incidents to the relevant competent authority and may, on a voluntary basis, notify significant cyber threats. Detective metric filters, change-tracking alarms and reliable notification topics are needed to surface and route reportable events.;ICT-Related Incident Reporting;Article 19;Reporting of major ICT-related incidents and voluntary notification of significant cyber threats;FAIL;There is not an alert for deleting Network Security Groups in subscription Azure subscription 1 (7e3283a3-d466-4e6f-95b1-543eec016e08).;/subscriptions/7e3283a3-d466-4e6f-95b1-543eec016e08;7e3283a3-d466-4e6f-95b1-543eec016e08;monitor_alert_delete_nsg;False;DORA;Digital Operational Resilience Act (Regulation (EU) 2022/2554)
azure;"The Digital Operational Resilience Act (DORA) is a European Union regulation (Regulation (EU) 2022/2554) that sets a uniform framework for the digital operational resilience of the EU financial sector. Mandatory since 17 January 2025, it applies to financial entities (banks, insurers, investment firms, payment institutions, etc.) and to ICT third-party service providers. DORA is structured around five pillars: ICT risk management, ICT-related incident reporting, digital operational resilience testing, ICT third-party risk management, and information sharing. This Prowler mapping covers the technical controls auditable from cloud configuration; the organisational, contractual and supervisory obligations defined in DORA must be addressed outside of Prowler.";7e3283a3-d466-4e6f-95b1-543eec016e08;global;2026-07-02 18:41:56.499720;DORA-Art19;Financial entities shall report major ICT-related incidents to the relevant competent authority and may, on a voluntary basis, notify significant cyber threats. Detective metric filters, change-tracking alarms and reliable notification topics are needed to surface and route reportable events.;ICT-Related Incident Reporting;Article 19;Reporting of major ICT-related incidents and voluntary notification of significant cyber threats;FAIL;There is not an alert for deleting policy assignment in subscription Azure subscription 1 (7e3283a3-d466-4e6f-95b1-543eec016e08).;/subscriptions/7e3283a3-d466-4e6f-95b1-543eec016e08;7e3283a3-d466-4e6f-95b1-543eec016e08;monitor_alert_delete_policy_assignment;False;DORA;Digital Operational Resilience Act (Regulation (EU) 2022/2554)
azure;"The Digital Operational Resilience Act (DORA) is a European Union regulation (Regulation (EU) 2022/2554) that sets a uniform framework for the digital operational resilience of the EU financial sector. Mandatory since 17 January 2025, it applies to financial entities (banks, insurers, investment firms, payment institutions, etc.) and to ICT third-party service providers. DORA is structured around five pillars: ICT risk management, ICT-related incident reporting, digital operational resilience testing, ICT third-party risk management, and information sharing. This Prowler mapping covers the technical controls auditable from cloud configuration; the organisational, contractual and supervisory obligations defined in DORA must be addressed outside of Prowler.";7e3283a3-d466-4e6f-95b1-543eec016e08;global;2026-07-02 18:41:56.499720;DORA-Art19;Financial entities shall report major ICT-related incidents to the relevant competent authority and may, on a voluntary basis, notify significant cyber threats. Detective metric filters, change-tracking alarms and reliable notification topics are needed to surface and route reportable events.;ICT-Related Incident Reporting;Article 19;Reporting of major ICT-related incidents and voluntary notification of significant cyber threats;FAIL;There is not an alert for deleting public IP address rule in subscription Azure subscription 1 (7e3283a3-d466-4e6f-95b1-543eec016e08).;/subscriptions/7e3283a3-d466-4e6f-95b1-543eec016e08;7e3283a3-d466-4e6f-95b1-543eec016e08;monitor_alert_delete_public_ip_address_rule;False;DORA;Digital Operational Resilience Act (Regulation (EU) 2022/2554)
azure;"The Digital Operational Resilience Act (DORA) is a European Union regulation (Regulation (EU) 2022/2554) that sets a uniform framework for the digital operational resilience of the EU financial sector. Mandatory since 17 January 2025, it applies to financial entities (banks, insurers, investment firms, payment institutions, etc.) and to ICT third-party service providers. DORA is structured around five pillars: ICT risk management, ICT-related incident reporting, digital operational resilience testing, ICT third-party risk management, and information sharing. This Prowler mapping covers the technical controls auditable from cloud configuration; the organisational, contractual and supervisory obligations defined in DORA must be addressed outside of Prowler.";7e3283a3-d466-4e6f-95b1-543eec016e08;global;2026-07-02 18:41:56.499720;DORA-Art11;Financial entities shall put in place a comprehensive ICT business continuity policy, including ICT response and recovery plans, that ensures the continuity of ICT-supported critical or important functions. Operational alarming, automated event routing and tested recovery actions are essential.;ICT Risk Management;Article 11;Response and recovery;FAIL;There is not an alert for deleting Security Solution in subscription Azure subscription 1 (7e3283a3-d466-4e6f-95b1-543eec016e08).;/subscriptions/7e3283a3-d466-4e6f-95b1-543eec016e08;7e3283a3-d466-4e6f-95b1-543eec016e08;monitor_alert_delete_security_solution;False;DORA;Digital Operational Resilience Act (Regulation (EU) 2022/2554)
azure;"The Digital Operational Resilience Act (DORA) is a European Union regulation (Regulation (EU) 2022/2554) that sets a uniform framework for the digital operational resilience of the EU financial sector. Mandatory since 17 January 2025, it applies to financial entities (banks, insurers, investment firms, payment institutions, etc.) and to ICT third-party service providers. DORA is structured around five pillars: ICT risk management, ICT-related incident reporting, digital operational resilience testing, ICT third-party risk management, and information sharing. This Prowler mapping covers the technical controls auditable from cloud configuration; the organisational, contractual and supervisory obligations defined in DORA must be addressed outside of Prowler.";7e3283a3-d466-4e6f-95b1-543eec016e08;global;2026-07-02 18:41:56.499720;DORA-Art19;Financial entities shall report major ICT-related incidents to the relevant competent authority and may, on a voluntary basis, notify significant cyber threats. Detective metric filters, change-tracking alarms and reliable notification topics are needed to surface and route reportable events.;ICT-Related Incident Reporting;Article 19;Reporting of major ICT-related incidents and voluntary notification of significant cyber threats;FAIL;There is not an alert for deleting Security Solution in subscription Azure subscription 1 (7e3283a3-d466-4e6f-95b1-543eec016e08).;/subscriptions/7e3283a3-d466-4e6f-95b1-543eec016e08;7e3283a3-d466-4e6f-95b1-543eec016e08;monitor_alert_delete_security_solution;False;DORA;Digital Operational Resilience Act (Regulation (EU) 2022/2554)
azure;"The Digital Operational Resilience Act (DORA) is a European Union regulation (Regulation (EU) 2022/2554) that sets a uniform framework for the digital operational resilience of the EU financial sector. Mandatory since 17 January 2025, it applies to financial entities (banks, insurers, investment firms, payment institutions, etc.) and to ICT third-party service providers. DORA is structured around five pillars: ICT risk management, ICT-related incident reporting, digital operational resilience testing, ICT third-party risk management, and information sharing. This Prowler mapping covers the technical controls auditable from cloud configuration; the organisational, contractual and supervisory obligations defined in DORA must be addressed outside of Prowler.";7e3283a3-d466-4e6f-95b1-543eec016e08;global;2026-07-02 18:41:56.499720;DORA-Art19;Financial entities shall report major ICT-related incidents to the relevant competent authority and may, on a voluntary basis, notify significant cyber threats. Detective metric filters, change-tracking alarms and reliable notification topics are needed to surface and route reportable events.;ICT-Related Incident Reporting;Article 19;Reporting of major ICT-related incidents and voluntary notification of significant cyber threats;FAIL;There is not an alert for deleting SQL Server firewall rule in subscription Azure subscription 1 (7e3283a3-d466-4e6f-95b1-543eec016e08).;/subscriptions/7e3283a3-d466-4e6f-95b1-543eec016e08;7e3283a3-d466-4e6f-95b1-543eec016e08;monitor_alert_delete_sqlserver_fr;False;DORA;Digital Operational Resilience Act (Regulation (EU) 2022/2554)
azure;"The Digital Operational Resilience Act (DORA) is a European Union regulation (Regulation (EU) 2022/2554) that sets a uniform framework for the digital operational resilience of the EU financial sector. Mandatory since 17 January 2025, it applies to financial entities (banks, insurers, investment firms, payment institutions, etc.) and to ICT third-party service providers. DORA is structured around five pillars: ICT risk management, ICT-related incident reporting, digital operational resilience testing, ICT third-party risk management, and information sharing. This Prowler mapping covers the technical controls auditable from cloud configuration; the organisational, contractual and supervisory obligations defined in DORA must be addressed outside of Prowler.";7e3283a3-d466-4e6f-95b1-543eec016e08;global;2026-07-02 18:41:56.499720;DORA-Art11;Financial entities shall put in place a comprehensive ICT business continuity policy, including ICT response and recovery plans, that ensures the continuity of ICT-supported critical or important functions. Operational alarming, automated event routing and tested recovery actions are essential.;ICT Risk Management;Article 11;Response and recovery;FAIL;There is no activity log alert for Service Health in subscription Azure subscription 1 (7e3283a3-d466-4e6f-95b1-543eec016e08).;/subscriptions/7e3283a3-d466-4e6f-95b1-543eec016e08;7e3283a3-d466-4e6f-95b1-543eec016e08;monitor_alert_service_health_exists;False;DORA;Digital Operational Resilience Act (Regulation (EU) 2022/2554)
azure;"The Digital Operational Resilience Act (DORA) is a European Union regulation (Regulation (EU) 2022/2554) that sets a uniform framework for the digital operational resilience of the EU financial sector. Mandatory since 17 January 2025, it applies to financial entities (banks, insurers, investment firms, payment institutions, etc.) and to ICT third-party service providers. DORA is structured around five pillars: ICT risk management, ICT-related incident reporting, digital operational resilience testing, ICT third-party risk management, and information sharing. This Prowler mapping covers the technical controls auditable from cloud configuration; the organisational, contractual and supervisory obligations defined in DORA must be addressed outside of Prowler.";7e3283a3-d466-4e6f-95b1-543eec016e08;global;2026-07-02 18:41:56.499720;DORA-Art14;As part of the ICT risk management framework, financial entities shall have in place crisis communication plans enabling a responsible disclosure of ICT-related incidents or major vulnerabilities to clients, counterparts and the public. Reliable, encrypted and access-controlled notification channels are required.;ICT Risk Management;Article 14;Communication;FAIL;There is no activity log alert for Service Health in subscription Azure subscription 1 (7e3283a3-d466-4e6f-95b1-543eec016e08).;/subscriptions/7e3283a3-d466-4e6f-95b1-543eec016e08;7e3283a3-d466-4e6f-95b1-543eec016e08;monitor_alert_service_health_exists;False;DORA;Digital Operational Resilience Act (Regulation (EU) 2022/2554)
azure;"The Digital Operational Resilience Act (DORA) is a European Union regulation (Regulation (EU) 2022/2554) that sets a uniform framework for the digital operational resilience of the EU financial sector. Mandatory since 17 January 2025, it applies to financial entities (banks, insurers, investment firms, payment institutions, etc.) and to ICT third-party service providers. DORA is structured around five pillars: ICT risk management, ICT-related incident reporting, digital operational resilience testing, ICT third-party risk management, and information sharing. This Prowler mapping covers the technical controls auditable from cloud configuration; the organisational, contractual and supervisory obligations defined in DORA must be addressed outside of Prowler.";7e3283a3-d466-4e6f-95b1-543eec016e08;global;2026-07-02 18:41:56.499720;DORA-Art19;Financial entities shall report major ICT-related incidents to the relevant competent authority and may, on a voluntary basis, notify significant cyber threats. Detective metric filters, change-tracking alarms and reliable notification topics are needed to surface and route reportable events.;ICT-Related Incident Reporting;Article 19;Reporting of major ICT-related incidents and voluntary notification of significant cyber threats;FAIL;There is no activity log alert for Service Health in subscription Azure subscription 1 (7e3283a3-d466-4e6f-95b1-543eec016e08).;/subscriptions/7e3283a3-d466-4e6f-95b1-543eec016e08;7e3283a3-d466-4e6f-95b1-543eec016e08;monitor_alert_service_health_exists;False;DORA;Digital Operational Resilience Act (Regulation (EU) 2022/2554)
azure;"The Digital Operational Resilience Act (DORA) is a European Union regulation (Regulation (EU) 2022/2554) that sets a uniform framework for the digital operational resilience of the EU financial sector. Mandatory since 17 January 2025, it applies to financial entities (banks, insurers, investment firms, payment institutions, etc.) and to ICT third-party service providers. DORA is structured around five pillars: ICT risk management, ICT-related incident reporting, digital operational resilience testing, ICT third-party risk management, and information sharing. This Prowler mapping covers the technical controls auditable from cloud configuration; the organisational, contractual and supervisory obligations defined in DORA must be addressed outside of Prowler.";7e3283a3-d466-4e6f-95b1-543eec016e08;global;2026-07-02 18:41:56.499720;DORA-Art17;Financial entities shall define, establish and implement an ICT-related incident management process to detect, manage and notify ICT-related incidents. Comprehensive trail logging, log integrity protection, retention and centralisation of ICT events are foundational requirements.;ICT-Related Incident Reporting;Article 17;ICT-related incident management process;FAIL;No diagnostic setting captures all appropriate categories (Administrative, Security, Alert, Policy) in subscription Azure subscription 1 (7e3283a3-d466-4e6f-95b1-543eec016e08).;/subscriptions/7e3283a3-d466-4e6f-95b1-543eec016e08;7e3283a3-d466-4e6f-95b1-543eec016e08;monitor_diagnostic_setting_with_appropriate_categories;False;DORA;Digital Operational Resilience Act (Regulation (EU) 2022/2554)
azure;"The Digital Operational Resilience Act (DORA) is a European Union regulation (Regulation (EU) 2022/2554) that sets a uniform framework for the digital operational resilience of the EU financial sector. Mandatory since 17 January 2025, it applies to financial entities (banks, insurers, investment firms, payment institutions, etc.) and to ICT third-party service providers. DORA is structured around five pillars: ICT risk management, ICT-related incident reporting, digital operational resilience testing, ICT third-party risk management, and information sharing. This Prowler mapping covers the technical controls auditable from cloud configuration; the organisational, contractual and supervisory obligations defined in DORA must be addressed outside of Prowler.";7e3283a3-d466-4e6f-95b1-543eec016e08;global;2026-07-02 18:41:56.499720;DORA-Art17;Financial entities shall define, establish and implement an ICT-related incident management process to detect, manage and notify ICT-related incidents. Comprehensive trail logging, log integrity protection, retention and centralisation of ICT events are foundational requirements.;ICT-Related Incident Reporting;Article 17;ICT-related incident management process;FAIL;No diagnostic settings found in subscription Azure subscription 1 (7e3283a3-d466-4e6f-95b1-543eec016e08).;/subscriptions/7e3283a3-d466-4e6f-95b1-543eec016e08;7e3283a3-d466-4e6f-95b1-543eec016e08;monitor_diagnostic_settings_exists;False;DORA;Digital Operational Resilience Act (Regulation (EU) 2022/2554)
azure;"The Digital Operational Resilience Act (DORA) is a European Union regulation (Regulation (EU) 2022/2554) that sets a uniform framework for the digital operational resilience of the EU financial sector. Mandatory since 17 January 2025, it applies to financial entities (banks, insurers, investment firms, payment institutions, etc.) and to ICT third-party service providers. DORA is structured around five pillars: ICT risk management, ICT-related incident reporting, digital operational resilience testing, ICT third-party risk management, and information sharing. This Prowler mapping covers the technical controls auditable from cloud configuration; the organisational, contractual and supervisory obligations defined in DORA must be addressed outside of Prowler.";7e3283a3-d466-4e6f-95b1-543eec016e08;global;2026-07-02 18:41:56.499720;DORA-Art9;Financial entities shall continuously monitor and control the security and functioning of ICT systems and tools and minimise the impact of ICT risk by deploying appropriate ICT security tools, policies and procedures. Encryption at rest and in transit, blocking of public exposure, network access controls, secret management and instance hardening are central to this article.;ICT Risk Management;Article 9;Protection and prevention;FAIL;Bastion Host from subscription Azure subscription 1 (7e3283a3-d466-4e6f-95b1-543eec016e08) does not exist;/subscriptions/7e3283a3-d466-4e6f-95b1-543eec016e08;7e3283a3-d466-4e6f-95b1-543eec016e08;network_bastion_host_exists;False;DORA;Digital Operational Resilience Act (Regulation (EU) 2022/2554)
azure;"The Digital Operational Resilience Act (DORA) is a European Union regulation (Regulation (EU) 2022/2554) that sets a uniform framework for the digital operational resilience of the EU financial sector. Mandatory since 17 January 2025, it applies to financial entities (banks, insurers, investment firms, payment institutions, etc.) and to ICT third-party service providers. DORA is structured around five pillars: ICT risk management, ICT-related incident reporting, digital operational resilience testing, ICT third-party risk management, and information sharing. This Prowler mapping covers the technical controls auditable from cloud configuration; the organisational, contractual and supervisory obligations defined in DORA must be addressed outside of Prowler.";7e3283a3-d466-4e6f-95b1-543eec016e08;eastus;2026-07-02 18:41:56.499720;DORA-Art17;Financial entities shall define, establish and implement an ICT-related incident management process to detect, manage and notify ICT-related incidents. Comprehensive trail logging, log integrity protection, retention and centralisation of ICT events are foundational requirements.;ICT-Related Incident Reporting;Article 17;ICT-related incident management process;FAIL;Network Watcher NetworkWatcher_eastus from subscription Azure subscription 1 (7e3283a3-d466-4e6f-95b1-543eec016e08) has no flow logs;/subscriptions/7e3283a3-d466-4e6f-95b1-543eec016e08/resourceGroups/NetworkWatcherRG/providers/Microsoft.Network/networkWatchers/NetworkWatcher_eastus;NetworkWatcher_eastus;network_flow_log_captured_sent;False;DORA;Digital Operational Resilience Act (Regulation (EU) 2022/2554)
azure;"The Digital Operational Resilience Act (DORA) is a European Union regulation (Regulation (EU) 2022/2554) that sets a uniform framework for the digital operational resilience of the EU financial sector. Mandatory since 17 January 2025, it applies to financial entities (banks, insurers, investment firms, payment institutions, etc.) and to ICT third-party service providers. DORA is structured around five pillars: ICT risk management, ICT-related incident reporting, digital operational resilience testing, ICT third-party risk management, and information sharing. This Prowler mapping covers the technical controls auditable from cloud configuration; the organisational, contractual and supervisory obligations defined in DORA must be addressed outside of Prowler.";7e3283a3-d466-4e6f-95b1-543eec016e08;centralus;2026-07-02 18:41:56.499720;DORA-Art17;Financial entities shall define, establish and implement an ICT-related incident management process to detect, manage and notify ICT-related incidents. Comprehensive trail logging, log integrity protection, retention and centralisation of ICT events are foundational requirements.;ICT-Related Incident Reporting;Article 17;ICT-related incident management process;FAIL;Network Watcher NetworkWatcher_centralus from subscription Azure subscription 1 (7e3283a3-d466-4e6f-95b1-543eec016e08) has no flow logs;/subscriptions/7e3283a3-d466-4e6f-95b1-543eec016e08/resourceGroups/NetworkWatcherRG/providers/Microsoft.Network/networkWatchers/NetworkWatcher_centralus;NetworkWatcher_centralus;network_flow_log_captured_sent;False;DORA;Digital Operational Resilience Act (Regulation (EU) 2022/2554)
azure;"The Digital Operational Resilience Act (DORA) is a European Union regulation (Regulation (EU) 2022/2554) that sets a uniform framework for the digital operational resilience of the EU financial sector. Mandatory since 17 January 2025, it applies to financial entities (banks, insurers, investment firms, payment institutions, etc.) and to ICT third-party service providers. DORA is structured around five pillars: ICT risk management, ICT-related incident reporting, digital operational resilience testing, ICT third-party risk management, and information sharing. This Prowler mapping covers the technical controls auditable from cloud configuration; the organisational, contractual and supervisory obligations defined in DORA must be addressed outside of Prowler.";7e3283a3-d466-4e6f-95b1-543eec016e08;eastus;2026-07-02 18:41:56.499720;DORA-Art17;Financial entities shall define, establish and implement an ICT-related incident management process to detect, manage and notify ICT-related incidents. Comprehensive trail logging, log integrity protection, retention and centralisation of ICT events are foundational requirements.;ICT-Related Incident Reporting;Article 17;ICT-related incident management process;FAIL;Network Watcher NetworkWatcher_eastus from subscription Azure subscription 1 (7e3283a3-d466-4e6f-95b1-543eec016e08) has no flow logs;/subscriptions/7e3283a3-d466-4e6f-95b1-543eec016e08/resourceGroups/NetworkWatcherRG/providers/Microsoft.Network/networkWatchers/NetworkWatcher_eastus;NetworkWatcher_eastus;network_flow_log_more_than_90_days;False;DORA;Digital Operational Resilience Act (Regulation (EU) 2022/2554)
azure;"The Digital Operational Resilience Act (DORA) is a European Union regulation (Regulation (EU) 2022/2554) that sets a uniform framework for the digital operational resilience of the EU financial sector. Mandatory since 17 January 2025, it applies to financial entities (banks, insurers, investment firms, payment institutions, etc.) and to ICT third-party service providers. DORA is structured around five pillars: ICT risk management, ICT-related incident reporting, digital operational resilience testing, ICT third-party risk management, and information sharing. This Prowler mapping covers the technical controls auditable from cloud configuration; the organisational, contractual and supervisory obligations defined in DORA must be addressed outside of Prowler.";7e3283a3-d466-4e6f-95b1-543eec016e08;centralus;2026-07-02 18:41:56.499720;DORA-Art17;Financial entities shall define, establish and implement an ICT-related incident management process to detect, manage and notify ICT-related incidents. Comprehensive trail logging, log integrity protection, retention and centralisation of ICT events are foundational requirements.;ICT-Related Incident Reporting;Article 17;ICT-related incident management process;FAIL;Network Watcher NetworkWatcher_centralus from subscription Azure subscription 1 (7e3283a3-d466-4e6f-95b1-543eec016e08) has no flow logs;/subscriptions/7e3283a3-d466-4e6f-95b1-543eec016e08/resourceGroups/NetworkWatcherRG/providers/Microsoft.Network/networkWatchers/NetworkWatcher_centralus;NetworkWatcher_centralus;network_flow_log_more_than_90_days;False;DORA;Digital Operational Resilience Act (Regulation (EU) 2022/2554)
azure;"The Digital Operational Resilience Act (DORA) is a European Union regulation (Regulation (EU) 2022/2554) that sets a uniform framework for the digital operational resilience of the EU financial sector. Mandatory since 17 January 2025, it applies to financial entities (banks, insurers, investment firms, payment institutions, etc.) and to ICT third-party service providers. DORA is structured around five pillars: ICT risk management, ICT-related incident reporting, digital operational resilience testing, ICT third-party risk management, and information sharing. This Prowler mapping covers the technical controls auditable from cloud configuration; the organisational, contractual and supervisory obligations defined in DORA must be addressed outside of Prowler.";7e3283a3-d466-4e6f-95b1-543eec016e08;centralus;2026-07-02 18:41:56.499720;DORA-Art9;Financial entities shall continuously monitor and control the security and functioning of ICT systems and tools and minimise the impact of ICT risk by deploying appropriate ICT security tools, policies and procedures. Encryption at rest and in transit, blocking of public exposure, network access controls, secret management and instance hardening are central to this article.;ICT Risk Management;Article 9;Protection and prevention;FAIL;Security Group nsg-web-cloudguardian-lab from subscription Azure subscription 1 (7e3283a3-d466-4e6f-95b1-543eec016e08) has HTTP internet access allowed.;/subscriptions/7e3283a3-d466-4e6f-95b1-543eec016e08/resourceGroups/rg-cloudguardian-lab/providers/Microsoft.Network/networkSecurityGroups/nsg-web-cloudguardian-lab;nsg-web-cloudguardian-lab;network_http_internet_access_restricted;False;DORA;Digital Operational Resilience Act (Regulation (EU) 2022/2554)
azure;"The Digital Operational Resilience Act (DORA) is a European Union regulation (Regulation (EU) 2022/2554) that sets a uniform framework for the digital operational resilience of the EU financial sector. Mandatory since 17 January 2025, it applies to financial entities (banks, insurers, investment firms, payment institutions, etc.) and to ICT third-party service providers. DORA is structured around five pillars: ICT risk management, ICT-related incident reporting, digital operational resilience testing, ICT third-party risk management, and information sharing. This Prowler mapping covers the technical controls auditable from cloud configuration; the organisational, contractual and supervisory obligations defined in DORA must be addressed outside of Prowler.";7e3283a3-d466-4e6f-95b1-543eec016e08;centralus;2026-07-02 18:41:56.499720;DORA-Art9;Financial entities shall continuously monitor and control the security and functioning of ICT systems and tools and minimise the impact of ICT risk by deploying appropriate ICT security tools, policies and procedures. Encryption at rest and in transit, blocking of public exposure, network access controls, secret management and instance hardening are central to this article.;ICT Risk Management;Article 9;Protection and prevention;PASS;Security Group nsg-web-cloudguardian-lab from subscription Azure subscription 1 (7e3283a3-d466-4e6f-95b1-543eec016e08) has RDP internet access restricted.;/subscriptions/7e3283a3-d466-4e6f-95b1-543eec016e08/resourceGroups/rg-cloudguardian-lab/providers/Microsoft.Network/networkSecurityGroups/nsg-web-cloudguardian-lab;nsg-web-cloudguardian-lab;network_rdp_internet_access_restricted;False;DORA;Digital Operational Resilience Act (Regulation (EU) 2022/2554)
azure;"The Digital Operational Resilience Act (DORA) is a European Union regulation (Regulation (EU) 2022/2554) that sets a uniform framework for the digital operational resilience of the EU financial sector. Mandatory since 17 January 2025, it applies to financial entities (banks, insurers, investment firms, payment institutions, etc.) and to ICT third-party service providers. DORA is structured around five pillars: ICT risk management, ICT-related incident reporting, digital operational resilience testing, ICT third-party risk management, and information sharing. This Prowler mapping covers the technical controls auditable from cloud configuration; the organisational, contractual and supervisory obligations defined in DORA must be addressed outside of Prowler.";7e3283a3-d466-4e6f-95b1-543eec016e08;centralus;2026-07-02 18:41:56.499720;DORA-Art9;Financial entities shall continuously monitor and control the security and functioning of ICT systems and tools and minimise the impact of ICT risk by deploying appropriate ICT security tools, policies and procedures. Encryption at rest and in transit, blocking of public exposure, network access controls, secret management and instance hardening are central to this article.;ICT Risk Management;Article 9;Protection and prevention;PASS;Security Group nsg-web-cloudguardian-lab from subscription Azure subscription 1 (7e3283a3-d466-4e6f-95b1-543eec016e08) has SSH internet access restricted.;/subscriptions/7e3283a3-d466-4e6f-95b1-543eec016e08/resourceGroups/rg-cloudguardian-lab/providers/Microsoft.Network/networkSecurityGroups/nsg-web-cloudguardian-lab;nsg-web-cloudguardian-lab;network_ssh_internet_access_restricted;False;DORA;Digital Operational Resilience Act (Regulation (EU) 2022/2554)
azure;"The Digital Operational Resilience Act (DORA) is a European Union regulation (Regulation (EU) 2022/2554) that sets a uniform framework for the digital operational resilience of the EU financial sector. Mandatory since 17 January 2025, it applies to financial entities (banks, insurers, investment firms, payment institutions, etc.) and to ICT third-party service providers. DORA is structured around five pillars: ICT risk management, ICT-related incident reporting, digital operational resilience testing, ICT third-party risk management, and information sharing. This Prowler mapping covers the technical controls auditable from cloud configuration; the organisational, contractual and supervisory obligations defined in DORA must be addressed outside of Prowler.";7e3283a3-d466-4e6f-95b1-543eec016e08;centralus;2026-07-02 18:41:56.499720;DORA-Art9;Financial entities shall continuously monitor and control the security and functioning of ICT systems and tools and minimise the impact of ICT risk by deploying appropriate ICT security tools, policies and procedures. Encryption at rest and in transit, blocking of public exposure, network access controls, secret management and instance hardening are central to this article.;ICT Risk Management;Article 9;Protection and prevention;PASS;Security Group nsg-web-cloudguardian-lab from subscription Azure subscription 1 (7e3283a3-d466-4e6f-95b1-543eec016e08) has UDP internet access restricted.;/subscriptions/7e3283a3-d466-4e6f-95b1-543eec016e08/resourceGroups/rg-cloudguardian-lab/providers/Microsoft.Network/networkSecurityGroups/nsg-web-cloudguardian-lab;nsg-web-cloudguardian-lab;network_udp_internet_access_restricted;False;DORA;Digital Operational Resilience Act (Regulation (EU) 2022/2554)
azure;"The Digital Operational Resilience Act (DORA) is a European Union regulation (Regulation (EU) 2022/2554) that sets a uniform framework for the digital operational resilience of the EU financial sector. Mandatory since 17 January 2025, it applies to financial entities (banks, insurers, investment firms, payment institutions, etc.) and to ICT third-party service providers. DORA is structured around five pillars: ICT risk management, ICT-related incident reporting, digital operational resilience testing, ICT third-party risk management, and information sharing. This Prowler mapping covers the technical controls auditable from cloud configuration; the organisational, contractual and supervisory obligations defined in DORA must be addressed outside of Prowler.";7e3283a3-d466-4e6f-95b1-543eec016e08;global;2026-07-02 18:41:56.499720;DORA-Art8;Financial entities shall identify, classify and adequately document all ICT supported business functions, roles and responsibilities, the information assets and ICT assets supporting them, and their interdependencies. They shall on a continuous basis identify all sources of ICT risk, in particular the risk exposure to and from other financial entities.;ICT Risk Management;Article 8;Identification;FAIL;Network Watcher is not enabled for the following locations in subscription 'Azure subscription 1 (7e3283a3-d466-4e6f-95b1-543eec016e08)': francecentral, jioindiacentral, koreasouth, westus3, westcentralus, swedencentral, israelcentral, uaecentral, westus2, francesouth, westeurope, austriaeast, southindia, eastus2, westindia, eastasia, newzealandnorth, japanwest, brazilsouth, ukwest, belgiumcentral, southafricawest, canadaeast, italynorth, jioindiawest, chilecentral, germanynorth, brazilsoutheast, switzerlandwest, canadacentral, switzerlandnorth, westus, northcentralus, australiacentral, australiacentral2, australiasoutheast, indonesiacentral, centralindia, uksouth, denmarkeast, mexicocentral, japaneast, koreacentral, malaysiawest, southafricanorth, norwaywest, southcentralus, polandcentral, qatarcentral, germanywestcentral, spaincentral, australiaeast, norwayeast, southeastasia, uaenorth, northeurope.;/subscriptions/7e3283a3-d466-4e6f-95b1-543eec016e08;7e3283a3-d466-4e6f-95b1-543eec016e08;network_watcher_enabled;False;DORA;Digital Operational Resilience Act (Regulation (EU) 2022/2554)
azure;"The Digital Operational Resilience Act (DORA) is a European Union regulation (Regulation (EU) 2022/2554) that sets a uniform framework for the digital operational resilience of the EU financial sector. Mandatory since 17 January 2025, it applies to financial entities (banks, insurers, investment firms, payment institutions, etc.) and to ICT third-party service providers. DORA is structured around five pillars: ICT risk management, ICT-related incident reporting, digital operational resilience testing, ICT third-party risk management, and information sharing. This Prowler mapping covers the technical controls auditable from cloud configuration; the organisational, contractual and supervisory obligations defined in DORA must be addressed outside of Prowler.";7e3283a3-d466-4e6f-95b1-543eec016e08;global;2026-07-02 18:41:56.499720;DORA-Art6;Financial entities shall have an ICT risk management framework that is sound, comprehensive and well-documented, enabling them to address ICT risk quickly, efficiently and comprehensively and to ensure a high level of digital operational resilience. This includes continuous configuration recording, security findings aggregation and an enterprise-wide visibility plane.;ICT Risk Management;Article 6;ICT risk management framework;PASS;Policy assigment '/subscriptions/7e3283a3-d466-4e6f-95b1-543eec016e08/providers/Microsoft.Authorization/policyAssignments/SecurityCenterBuiltIn' from subscription Azure subscription 1 (7e3283a3-d466-4e6f-95b1-543eec016e08) is configured with enforcement mode 'Default'.;/subscriptions/7e3283a3-d466-4e6f-95b1-543eec016e08/providers/Microsoft.Authorization/policyAssignments/SecurityCenterBuiltIn;SecurityCenterBuiltIn;policy_ensure_asc_enforcement_enabled;False;DORA;Digital Operational Resilience Act (Regulation (EU) 2022/2554)
azure;"The Digital Operational Resilience Act (DORA) is a European Union regulation (Regulation (EU) 2022/2554) that sets a uniform framework for the digital operational resilience of the EU financial sector. Mandatory since 17 January 2025, it applies to financial entities (banks, insurers, investment firms, payment institutions, etc.) and to ICT third-party service providers. DORA is structured around five pillars: ICT risk management, ICT-related incident reporting, digital operational resilience testing, ICT third-party risk management, and information sharing. This Prowler mapping covers the technical controls auditable from cloud configuration; the organisational, contractual and supervisory obligations defined in DORA must be addressed outside of Prowler.";7e3283a3-d466-4e6f-95b1-543eec016e08;centralus;2026-07-02 18:41:56.499720;DORA-Art17;Financial entities shall define, establish and implement an ICT-related incident management process to detect, manage and notify ICT-related incidents. Comprehensive trail logging, log integrity protection, retention and centralisation of ICT events are foundational requirements.;ICT-Related Incident Reporting;Article 17;ICT-related incident management process;FAIL;SQL Server sql-cloudguardian-lab-ocdhx from subscription Azure subscription 1 (7e3283a3-d466-4e6f-95b1-543eec016e08) does not have any auditing policy configured.;/subscriptions/7e3283a3-d466-4e6f-95b1-543eec016e08/resourceGroups/rg-cloudguardian-lab/providers/Microsoft.Sql/servers/sql-cloudguardian-lab-ocdhx;sql-cloudguardian-lab-ocdhx;sqlserver_auditing_enabled;False;DORA;Digital Operational Resilience Act (Regulation (EU) 2022/2554)
azure;"The Digital Operational Resilience Act (DORA) is a European Union regulation (Regulation (EU) 2022/2554) that sets a uniform framework for the digital operational resilience of the EU financial sector. Mandatory since 17 January 2025, it applies to financial entities (banks, insurers, investment firms, payment institutions, etc.) and to ICT third-party service providers. DORA is structured around five pillars: ICT risk management, ICT-related incident reporting, digital operational resilience testing, ICT third-party risk management, and information sharing. This Prowler mapping covers the technical controls auditable from cloud configuration; the organisational, contractual and supervisory obligations defined in DORA must be addressed outside of Prowler.";7e3283a3-d466-4e6f-95b1-543eec016e08;centralus;2026-07-02 18:41:56.499720;DORA-Art17;Financial entities shall define, establish and implement an ICT-related incident management process to detect, manage and notify ICT-related incidents. Comprehensive trail logging, log integrity protection, retention and centralisation of ICT events are foundational requirements.;ICT-Related Incident Reporting;Article 17;ICT-related incident management process;FAIL;SQL Server sql-cloudguardian-lab-ocdhx from subscription Azure subscription 1 (7e3283a3-d466-4e6f-95b1-543eec016e08) has auditing disabled.;/subscriptions/7e3283a3-d466-4e6f-95b1-543eec016e08/resourceGroups/rg-cloudguardian-lab/providers/Microsoft.Sql/servers/sql-cloudguardian-lab-ocdhx;sql-cloudguardian-lab-ocdhx;sqlserver_auditing_retention_90_days;False;DORA;Digital Operational Resilience Act (Regulation (EU) 2022/2554)
azure;"The Digital Operational Resilience Act (DORA) is a European Union regulation (Regulation (EU) 2022/2554) that sets a uniform framework for the digital operational resilience of the EU financial sector. Mandatory since 17 January 2025, it applies to financial entities (banks, insurers, investment firms, payment institutions, etc.) and to ICT third-party service providers. DORA is structured around five pillars: ICT risk management, ICT-related incident reporting, digital operational resilience testing, ICT third-party risk management, and information sharing. This Prowler mapping covers the technical controls auditable from cloud configuration; the organisational, contractual and supervisory obligations defined in DORA must be addressed outside of Prowler.";7e3283a3-d466-4e6f-95b1-543eec016e08;centralus;2026-07-02 18:41:56.499720;DORA-Art10;Financial entities shall have in place mechanisms to promptly detect anomalous activities, including ICT network performance issues and ICT-related incidents, and to identify potential single points of failure. Threat detection across compute, identity, storage and the API control plane is required for timely detection.;ICT Risk Management;Article 10;Detection;FAIL;SQL Server sql-cloudguardian-lab-ocdhx from subscription Azure subscription 1 (7e3283a3-d466-4e6f-95b1-543eec016e08) has microsoft defender disabled.;/subscriptions/7e3283a3-d466-4e6f-95b1-543eec016e08/resourceGroups/rg-cloudguardian-lab/providers/Microsoft.Sql/servers/sql-cloudguardian-lab-ocdhx;sql-cloudguardian-lab-ocdhx;sqlserver_microsoft_defender_enabled;False;DORA;Digital Operational Resilience Act (Regulation (EU) 2022/2554)
azure;"The Digital Operational Resilience Act (DORA) is a European Union regulation (Regulation (EU) 2022/2554) that sets a uniform framework for the digital operational resilience of the EU financial sector. Mandatory since 17 January 2025, it applies to financial entities (banks, insurers, investment firms, payment institutions, etc.) and to ICT third-party service providers. DORA is structured around five pillars: ICT risk management, ICT-related incident reporting, digital operational resilience testing, ICT third-party risk management, and information sharing. This Prowler mapping covers the technical controls auditable from cloud configuration; the organisational, contractual and supervisory obligations defined in DORA must be addressed outside of Prowler.";7e3283a3-d466-4e6f-95b1-543eec016e08;centralus;2026-07-02 18:41:56.499720;DORA-Art18;Financial entities shall classify ICT-related incidents and shall determine their impact based on criteria such as the number of clients affected, duration, geographical spread, data losses, and criticality of the services affected. Severity-aware threat detection across the estate underpins this classification.;ICT-Related Incident Reporting;Article 18;Classification of ICT-related incidents and cyber threats;FAIL;SQL Server sql-cloudguardian-lab-ocdhx from subscription Azure subscription 1 (7e3283a3-d466-4e6f-95b1-543eec016e08) has microsoft defender disabled.;/subscriptions/7e3283a3-d466-4e6f-95b1-543eec016e08/resourceGroups/rg-cloudguardian-lab/providers/Microsoft.Sql/servers/sql-cloudguardian-lab-ocdhx;sql-cloudguardian-lab-ocdhx;sqlserver_microsoft_defender_enabled;False;DORA;Digital Operational Resilience Act (Regulation (EU) 2022/2554)
azure;"The Digital Operational Resilience Act (DORA) is a European Union regulation (Regulation (EU) 2022/2554) that sets a uniform framework for the digital operational resilience of the EU financial sector. Mandatory since 17 January 2025, it applies to financial entities (banks, insurers, investment firms, payment institutions, etc.) and to ICT third-party service providers. DORA is structured around five pillars: ICT risk management, ICT-related incident reporting, digital operational resilience testing, ICT third-party risk management, and information sharing. This Prowler mapping covers the technical controls auditable from cloud configuration; the organisational, contractual and supervisory obligations defined in DORA must be addressed outside of Prowler.";7e3283a3-d466-4e6f-95b1-543eec016e08;centralus;2026-07-02 18:41:56.499720;DORA-Art45;Financial entities may exchange amongst themselves cyber threat information and intelligence, including indicators of compromise, tactics, techniques and procedures, cyber security alerts and configuration tools. Centralised threat detection, sensitive data discovery and trail-based intelligence enable participation in such information-sharing arrangements.;Information Sharing;Article 45;Information-sharing arrangements on cyber threat information and intelligence;FAIL;SQL Server sql-cloudguardian-lab-ocdhx from subscription Azure subscription 1 (7e3283a3-d466-4e6f-95b1-543eec016e08) has microsoft defender disabled.;/subscriptions/7e3283a3-d466-4e6f-95b1-543eec016e08/resourceGroups/rg-cloudguardian-lab/providers/Microsoft.Sql/servers/sql-cloudguardian-lab-ocdhx;sql-cloudguardian-lab-ocdhx;sqlserver_microsoft_defender_enabled;False;DORA;Digital Operational Resilience Act (Regulation (EU) 2022/2554)
azure;"The Digital Operational Resilience Act (DORA) is a European Union regulation (Regulation (EU) 2022/2554) that sets a uniform framework for the digital operational resilience of the EU financial sector. Mandatory since 17 January 2025, it applies to financial entities (banks, insurers, investment firms, payment institutions, etc.) and to ICT third-party service providers. DORA is structured around five pillars: ICT risk management, ICT-related incident reporting, digital operational resilience testing, ICT third-party risk management, and information sharing. This Prowler mapping covers the technical controls auditable from cloud configuration; the organisational, contractual and supervisory obligations defined in DORA must be addressed outside of Prowler.";7e3283a3-d466-4e6f-95b1-543eec016e08;centralus;2026-07-02 18:41:56.499720;DORA-Art7;Financial entities shall use and maintain updated ICT systems, protocols and tools that are appropriate to the magnitude of operations supporting ICT functions, technologically resilient, and adequately equipped to securely process data. Cryptographic primitives, certificate hygiene and network segmentation are core to this requirement.;ICT Risk Management;Article 7;ICT systems, protocols and tools;PASS;SQL Server sql-cloudguardian-lab-ocdhx from subscription Azure subscription 1 (7e3283a3-d466-4e6f-95b1-543eec016e08) is using version 1.2 as minimal accepted which is recommended.;/subscriptions/7e3283a3-d466-4e6f-95b1-543eec016e08/resourceGroups/rg-cloudguardian-lab/providers/Microsoft.Sql/servers/sql-cloudguardian-lab-ocdhx;sql-cloudguardian-lab-ocdhx;sqlserver_recommended_minimal_tls_version;False;DORA;Digital Operational Resilience Act (Regulation (EU) 2022/2554)
azure;"The Digital Operational Resilience Act (DORA) is a European Union regulation (Regulation (EU) 2022/2554) that sets a uniform framework for the digital operational resilience of the EU financial sector. Mandatory since 17 January 2025, it applies to financial entities (banks, insurers, investment firms, payment institutions, etc.) and to ICT third-party service providers. DORA is structured around five pillars: ICT risk management, ICT-related incident reporting, digital operational resilience testing, ICT third-party risk management, and information sharing. This Prowler mapping covers the technical controls auditable from cloud configuration; the organisational, contractual and supervisory obligations defined in DORA must be addressed outside of Prowler.";7e3283a3-d466-4e6f-95b1-543eec016e08;centralus;2026-07-02 18:41:56.499720;DORA-Art9;Financial entities shall continuously monitor and control the security and functioning of ICT systems and tools and minimise the impact of ICT risk by deploying appropriate ICT security tools, policies and procedures. Encryption at rest and in transit, blocking of public exposure, network access controls, secret management and instance hardening are central to this article.;ICT Risk Management;Article 9;Protection and prevention;FAIL;SQL Server sql-cloudguardian-lab-ocdhx from subscription Azure subscription 1 (7e3283a3-d466-4e6f-95b1-543eec016e08) has TDE disabled without CMK.;/subscriptions/7e3283a3-d466-4e6f-95b1-543eec016e08/resourceGroups/rg-cloudguardian-lab/providers/Microsoft.Sql/servers/sql-cloudguardian-lab-ocdhx;sql-cloudguardian-lab-ocdhx;sqlserver_tde_encrypted_with_cmk;False;DORA;Digital Operational Resilience Act (Regulation (EU) 2022/2554)
azure;"The Digital Operational Resilience Act (DORA) is a European Union regulation (Regulation (EU) 2022/2554) that sets a uniform framework for the digital operational resilience of the EU financial sector. Mandatory since 17 January 2025, it applies to financial entities (banks, insurers, investment firms, payment institutions, etc.) and to ICT third-party service providers. DORA is structured around five pillars: ICT risk management, ICT-related incident reporting, digital operational resilience testing, ICT third-party risk management, and information sharing. This Prowler mapping covers the technical controls auditable from cloud configuration; the organisational, contractual and supervisory obligations defined in DORA must be addressed outside of Prowler.";7e3283a3-d466-4e6f-95b1-543eec016e08;centralus;2026-07-02 18:41:56.499720;DORA-Art9;Financial entities shall continuously monitor and control the security and functioning of ICT systems and tools and minimise the impact of ICT risk by deploying appropriate ICT security tools, policies and procedures. Encryption at rest and in transit, blocking of public exposure, network access controls, secret management and instance hardening are central to this article.;ICT Risk Management;Article 9;Protection and prevention;PASS;Database sqldb-cloudguardian-lab from SQL Server sql-cloudguardian-lab-ocdhx from subscription Azure subscription 1 (7e3283a3-d466-4e6f-95b1-543eec016e08) has TDE enabled;/subscriptions/7e3283a3-d466-4e6f-95b1-543eec016e08/resourceGroups/rg-cloudguardian-lab/providers/Microsoft.Sql/servers/sql-cloudguardian-lab-ocdhx/databases/sqldb-cloudguardian-lab;sqldb-cloudguardian-lab;sqlserver_tde_encryption_enabled;False;DORA;Digital Operational Resilience Act (Regulation (EU) 2022/2554)
azure;"The Digital Operational Resilience Act (DORA) is a European Union regulation (Regulation (EU) 2022/2554) that sets a uniform framework for the digital operational resilience of the EU financial sector. Mandatory since 17 January 2025, it applies to financial entities (banks, insurers, investment firms, payment institutions, etc.) and to ICT third-party service providers. DORA is structured around five pillars: ICT risk management, ICT-related incident reporting, digital operational resilience testing, ICT third-party risk management, and information sharing. This Prowler mapping covers the technical controls auditable from cloud configuration; the organisational, contractual and supervisory obligations defined in DORA must be addressed outside of Prowler.";7e3283a3-d466-4e6f-95b1-543eec016e08;centralus;2026-07-02 18:41:56.499720;DORA-Art9;Financial entities shall continuously monitor and control the security and functioning of ICT systems and tools and minimise the impact of ICT risk by deploying appropriate ICT security tools, policies and procedures. Encryption at rest and in transit, blocking of public exposure, network access controls, secret management and instance hardening are central to this article.;ICT Risk Management;Article 9;Protection and prevention;PASS;SQL Server sql-cloudguardian-lab-ocdhx from subscription Azure subscription 1 (7e3283a3-d466-4e6f-95b1-543eec016e08) does not have firewall rules allowing 0.0.0.0-255.255.255.255.;/subscriptions/7e3283a3-d466-4e6f-95b1-543eec016e08/resourceGroups/rg-cloudguardian-lab/providers/Microsoft.Sql/servers/sql-cloudguardian-lab-ocdhx;sql-cloudguardian-lab-ocdhx;sqlserver_unrestricted_inbound_access;False;DORA;Digital Operational Resilience Act (Regulation (EU) 2022/2554)
azure;"The Digital Operational Resilience Act (DORA) is a European Union regulation (Regulation (EU) 2022/2554) that sets a uniform framework for the digital operational resilience of the EU financial sector. Mandatory since 17 January 2025, it applies to financial entities (banks, insurers, investment firms, payment institutions, etc.) and to ICT third-party service providers. DORA is structured around five pillars: ICT risk management, ICT-related incident reporting, digital operational resilience testing, ICT third-party risk management, and information sharing. This Prowler mapping covers the technical controls auditable from cloud configuration; the organisational, contractual and supervisory obligations defined in DORA must be addressed outside of Prowler.";7e3283a3-d466-4e6f-95b1-543eec016e08;centralus;2026-07-02 18:41:56.499720;DORA-Art25;Financial entities shall ensure that tests are undertaken on ICT tools and systems, on critical ICT systems supporting all critical or important functions, at least yearly. Vulnerability assessments, deprecated component detection and certificate hygiene must be tracked.;Digital Operational Resilience Testing;Article 25;Testing of ICT tools and systems;FAIL;SQL Server sql-cloudguardian-lab-ocdhx from subscription Azure subscription 1 (7e3283a3-d466-4e6f-95b1-543eec016e08) has vulnerability assessment disabled.;/subscriptions/7e3283a3-d466-4e6f-95b1-543eec016e08/resourceGroups/rg-cloudguardian-lab/providers/Microsoft.Sql/servers/sql-cloudguardian-lab-ocdhx;sql-cloudguardian-lab-ocdhx;sqlserver_va_emails_notifications_admins_enabled;False;DORA;Digital Operational Resilience Act (Regulation (EU) 2022/2554)
azure;"The Digital Operational Resilience Act (DORA) is a European Union regulation (Regulation (EU) 2022/2554) that sets a uniform framework for the digital operational resilience of the EU financial sector. Mandatory since 17 January 2025, it applies to financial entities (banks, insurers, investment firms, payment institutions, etc.) and to ICT third-party service providers. DORA is structured around five pillars: ICT risk management, ICT-related incident reporting, digital operational resilience testing, ICT third-party risk management, and information sharing. This Prowler mapping covers the technical controls auditable from cloud configuration; the organisational, contractual and supervisory obligations defined in DORA must be addressed outside of Prowler.";7e3283a3-d466-4e6f-95b1-543eec016e08;centralus;2026-07-02 18:41:56.499720;DORA-Art13;Financial entities shall have in place capabilities and staff to gather information on vulnerabilities and cyber threats, perform post ICT-related incident reviews, and continuously feed lessons learnt back into the ICT risk assessment process. Findings aggregation and continuous insights drive this cycle.;ICT Risk Management;Article 13;Learning and evolving;FAIL;SQL Server sql-cloudguardian-lab-ocdhx from subscription Azure subscription 1 (7e3283a3-d466-4e6f-95b1-543eec016e08) has vulnerability assessment disabled.;/subscriptions/7e3283a3-d466-4e6f-95b1-543eec016e08/resourceGroups/rg-cloudguardian-lab/providers/Microsoft.Sql/servers/sql-cloudguardian-lab-ocdhx;sql-cloudguardian-lab-ocdhx;sqlserver_va_periodic_recurring_scans_enabled;False;DORA;Digital Operational Resilience Act (Regulation (EU) 2022/2554)
azure;"The Digital Operational Resilience Act (DORA) is a European Union regulation (Regulation (EU) 2022/2554) that sets a uniform framework for the digital operational resilience of the EU financial sector. Mandatory since 17 January 2025, it applies to financial entities (banks, insurers, investment firms, payment institutions, etc.) and to ICT third-party service providers. DORA is structured around five pillars: ICT risk management, ICT-related incident reporting, digital operational resilience testing, ICT third-party risk management, and information sharing. This Prowler mapping covers the technical controls auditable from cloud configuration; the organisational, contractual and supervisory obligations defined in DORA must be addressed outside of Prowler.";7e3283a3-d466-4e6f-95b1-543eec016e08;centralus;2026-07-02 18:41:56.499720;DORA-Art24;Financial entities shall establish, maintain and review a sound and comprehensive digital operational resilience testing programme, as an integral part of the ICT risk management framework. Continuous vulnerability discovery, configuration assessment and instance manageability are foundational.;Digital Operational Resilience Testing;Article 24;General requirements for the performance of digital operational resilience testing;FAIL;SQL Server sql-cloudguardian-lab-ocdhx from subscription Azure subscription 1 (7e3283a3-d466-4e6f-95b1-543eec016e08) has vulnerability assessment disabled.;/subscriptions/7e3283a3-d466-4e6f-95b1-543eec016e08/resourceGroups/rg-cloudguardian-lab/providers/Microsoft.Sql/servers/sql-cloudguardian-lab-ocdhx;sql-cloudguardian-lab-ocdhx;sqlserver_va_periodic_recurring_scans_enabled;False;DORA;Digital Operational Resilience Act (Regulation (EU) 2022/2554)
azure;"The Digital Operational Resilience Act (DORA) is a European Union regulation (Regulation (EU) 2022/2554) that sets a uniform framework for the digital operational resilience of the EU financial sector. Mandatory since 17 January 2025, it applies to financial entities (banks, insurers, investment firms, payment institutions, etc.) and to ICT third-party service providers. DORA is structured around five pillars: ICT risk management, ICT-related incident reporting, digital operational resilience testing, ICT third-party risk management, and information sharing. This Prowler mapping covers the technical controls auditable from cloud configuration; the organisational, contractual and supervisory obligations defined in DORA must be addressed outside of Prowler.";7e3283a3-d466-4e6f-95b1-543eec016e08;centralus;2026-07-02 18:41:56.499720;DORA-Art25;Financial entities shall ensure that tests are undertaken on ICT tools and systems, on critical ICT systems supporting all critical or important functions, at least yearly. Vulnerability assessments, deprecated component detection and certificate hygiene must be tracked.;Digital Operational Resilience Testing;Article 25;Testing of ICT tools and systems;FAIL;SQL Server sql-cloudguardian-lab-ocdhx from subscription Azure subscription 1 (7e3283a3-d466-4e6f-95b1-543eec016e08) has vulnerability assessment disabled.;/subscriptions/7e3283a3-d466-4e6f-95b1-543eec016e08/resourceGroups/rg-cloudguardian-lab/providers/Microsoft.Sql/servers/sql-cloudguardian-lab-ocdhx;sql-cloudguardian-lab-ocdhx;sqlserver_va_periodic_recurring_scans_enabled;False;DORA;Digital Operational Resilience Act (Regulation (EU) 2022/2554)
azure;"The Digital Operational Resilience Act (DORA) is a European Union regulation (Regulation (EU) 2022/2554) that sets a uniform framework for the digital operational resilience of the EU financial sector. Mandatory since 17 January 2025, it applies to financial entities (banks, insurers, investment firms, payment institutions, etc.) and to ICT third-party service providers. DORA is structured around five pillars: ICT risk management, ICT-related incident reporting, digital operational resilience testing, ICT third-party risk management, and information sharing. This Prowler mapping covers the technical controls auditable from cloud configuration; the organisational, contractual and supervisory obligations defined in DORA must be addressed outside of Prowler.";7e3283a3-d466-4e6f-95b1-543eec016e08;centralus;2026-07-02 18:41:56.499720;DORA-Art13;Financial entities shall have in place capabilities and staff to gather information on vulnerabilities and cyber threats, perform post ICT-related incident reviews, and continuously feed lessons learnt back into the ICT risk assessment process. Findings aggregation and continuous insights drive this cycle.;ICT Risk Management;Article 13;Learning and evolving;FAIL;SQL Server sql-cloudguardian-lab-ocdhx from subscription Azure subscription 1 (7e3283a3-d466-4e6f-95b1-543eec016e08) has vulnerability assessment disabled.;/subscriptions/7e3283a3-d466-4e6f-95b1-543eec016e08/resourceGroups/rg-cloudguardian-lab/providers/Microsoft.Sql/servers/sql-cloudguardian-lab-ocdhx;sql-cloudguardian-lab-ocdhx;sqlserver_va_scan_reports_configured;False;DORA;Digital Operational Resilience Act (Regulation (EU) 2022/2554)
azure;"The Digital Operational Resilience Act (DORA) is a European Union regulation (Regulation (EU) 2022/2554) that sets a uniform framework for the digital operational resilience of the EU financial sector. Mandatory since 17 January 2025, it applies to financial entities (banks, insurers, investment firms, payment institutions, etc.) and to ICT third-party service providers. DORA is structured around five pillars: ICT risk management, ICT-related incident reporting, digital operational resilience testing, ICT third-party risk management, and information sharing. This Prowler mapping covers the technical controls auditable from cloud configuration; the organisational, contractual and supervisory obligations defined in DORA must be addressed outside of Prowler.";7e3283a3-d466-4e6f-95b1-543eec016e08;centralus;2026-07-02 18:41:56.499720;DORA-Art25;Financial entities shall ensure that tests are undertaken on ICT tools and systems, on critical ICT systems supporting all critical or important functions, at least yearly. Vulnerability assessments, deprecated component detection and certificate hygiene must be tracked.;Digital Operational Resilience Testing;Article 25;Testing of ICT tools and systems;FAIL;SQL Server sql-cloudguardian-lab-ocdhx from subscription Azure subscription 1 (7e3283a3-d466-4e6f-95b1-543eec016e08) has vulnerability assessment disabled.;/subscriptions/7e3283a3-d466-4e6f-95b1-543eec016e08/resourceGroups/rg-cloudguardian-lab/providers/Microsoft.Sql/servers/sql-cloudguardian-lab-ocdhx;sql-cloudguardian-lab-ocdhx;sqlserver_va_scan_reports_configured;False;DORA;Digital Operational Resilience Act (Regulation (EU) 2022/2554)
azure;"The Digital Operational Resilience Act (DORA) is a European Union regulation (Regulation (EU) 2022/2554) that sets a uniform framework for the digital operational resilience of the EU financial sector. Mandatory since 17 January 2025, it applies to financial entities (banks, insurers, investment firms, payment institutions, etc.) and to ICT third-party service providers. DORA is structured around five pillars: ICT risk management, ICT-related incident reporting, digital operational resilience testing, ICT third-party risk management, and information sharing. This Prowler mapping covers the technical controls auditable from cloud configuration; the organisational, contractual and supervisory obligations defined in DORA must be addressed outside of Prowler.";7e3283a3-d466-4e6f-95b1-543eec016e08;centralus;2026-07-02 18:41:56.499720;DORA-Art13;Financial entities shall have in place capabilities and staff to gather information on vulnerabilities and cyber threats, perform post ICT-related incident reviews, and continuously feed lessons learnt back into the ICT risk assessment process. Findings aggregation and continuous insights drive this cycle.;ICT Risk Management;Article 13;Learning and evolving;PASS;SQL Server sql-cloudguardian-lab-ocdhx from subscription Azure subscription 1 (7e3283a3-d466-4e6f-95b1-543eec016e08) has vulnerability assessment enabled.;/subscriptions/7e3283a3-d466-4e6f-95b1-543eec016e08/resourceGroups/rg-cloudguardian-lab/providers/Microsoft.Sql/servers/sql-cloudguardian-lab-ocdhx;sql-cloudguardian-lab-ocdhx;sqlserver_vulnerability_assessment_enabled;False;DORA;Digital Operational Resilience Act (Regulation (EU) 2022/2554)
azure;"The Digital Operational Resilience Act (DORA) is a European Union regulation (Regulation (EU) 2022/2554) that sets a uniform framework for the digital operational resilience of the EU financial sector. Mandatory since 17 January 2025, it applies to financial entities (banks, insurers, investment firms, payment institutions, etc.) and to ICT third-party service providers. DORA is structured around five pillars: ICT risk management, ICT-related incident reporting, digital operational resilience testing, ICT third-party risk management, and information sharing. This Prowler mapping covers the technical controls auditable from cloud configuration; the organisational, contractual and supervisory obligations defined in DORA must be addressed outside of Prowler.";7e3283a3-d466-4e6f-95b1-543eec016e08;centralus;2026-07-02 18:41:56.499720;DORA-Art24;Financial entities shall establish, maintain and review a sound and comprehensive digital operational resilience testing programme, as an integral part of the ICT risk management framework. Continuous vulnerability discovery, configuration assessment and instance manageability are foundational.;Digital Operational Resilience Testing;Article 24;General requirements for the performance of digital operational resilience testing;PASS;SQL Server sql-cloudguardian-lab-ocdhx from subscription Azure subscription 1 (7e3283a3-d466-4e6f-95b1-543eec016e08) has vulnerability assessment enabled.;/subscriptions/7e3283a3-d466-4e6f-95b1-543eec016e08/resourceGroups/rg-cloudguardian-lab/providers/Microsoft.Sql/servers/sql-cloudguardian-lab-ocdhx;sql-cloudguardian-lab-ocdhx;sqlserver_vulnerability_assessment_enabled;False;DORA;Digital Operational Resilience Act (Regulation (EU) 2022/2554)
azure;"The Digital Operational Resilience Act (DORA) is a European Union regulation (Regulation (EU) 2022/2554) that sets a uniform framework for the digital operational resilience of the EU financial sector. Mandatory since 17 January 2025, it applies to financial entities (banks, insurers, investment firms, payment institutions, etc.) and to ICT third-party service providers. DORA is structured around five pillars: ICT risk management, ICT-related incident reporting, digital operational resilience testing, ICT third-party risk management, and information sharing. This Prowler mapping covers the technical controls auditable from cloud configuration; the organisational, contractual and supervisory obligations defined in DORA must be addressed outside of Prowler.";7e3283a3-d466-4e6f-95b1-543eec016e08;centralus;2026-07-02 18:41:56.499720;DORA-Art25;Financial entities shall ensure that tests are undertaken on ICT tools and systems, on critical ICT systems supporting all critical or important functions, at least yearly. Vulnerability assessments, deprecated component detection and certificate hygiene must be tracked.;Digital Operational Resilience Testing;Article 25;Testing of ICT tools and systems;PASS;SQL Server sql-cloudguardian-lab-ocdhx from subscription Azure subscription 1 (7e3283a3-d466-4e6f-95b1-543eec016e08) has vulnerability assessment enabled.;/subscriptions/7e3283a3-d466-4e6f-95b1-543eec016e08/resourceGroups/rg-cloudguardian-lab/providers/Microsoft.Sql/servers/sql-cloudguardian-lab-ocdhx;sql-cloudguardian-lab-ocdhx;sqlserver_vulnerability_assessment_enabled;False;DORA;Digital Operational Resilience Act (Regulation (EU) 2022/2554)
azure;"The Digital Operational Resilience Act (DORA) is a European Union regulation (Regulation (EU) 2022/2554) that sets a uniform framework for the digital operational resilience of the EU financial sector. Mandatory since 17 January 2025, it applies to financial entities (banks, insurers, investment firms, payment institutions, etc.) and to ICT third-party service providers. DORA is structured around five pillars: ICT risk management, ICT-related incident reporting, digital operational resilience testing, ICT third-party risk management, and information sharing. This Prowler mapping covers the technical controls auditable from cloud configuration; the organisational, contractual and supervisory obligations defined in DORA must be addressed outside of Prowler.";7e3283a3-d466-4e6f-95b1-543eec016e08;centralus;2026-07-02 18:41:56.499720;DORA-Art9;Financial entities shall continuously monitor and control the security and functioning of ICT systems and tools and minimise the impact of ICT risk by deploying appropriate ICT security tools, policies and procedures. Encryption at rest and in transit, blocking of public exposure, network access controls, secret management and instance hardening are central to this article.;ICT Risk Management;Article 9;Protection and prevention;FAIL;Storage account stcloudguardianlabocdhx from subscription Azure subscription 1 (7e3283a3-d466-4e6f-95b1-543eec016e08) has shared key access enabled.;/subscriptions/7e3283a3-d466-4e6f-95b1-543eec016e08/resourceGroups/rg-cloudguardian-lab/providers/Microsoft.Storage/storageAccounts/stcloudguardianlabocdhx;stcloudguardianlabocdhx;storage_account_key_access_disabled;False;DORA;Digital Operational Resilience Act (Regulation (EU) 2022/2554)
azure;"The Digital Operational Resilience Act (DORA) is a European Union regulation (Regulation (EU) 2022/2554) that sets a uniform framework for the digital operational resilience of the EU financial sector. Mandatory since 17 January 2025, it applies to financial entities (banks, insurers, investment firms, payment institutions, etc.) and to ICT third-party service providers. DORA is structured around five pillars: ICT risk management, ICT-related incident reporting, digital operational resilience testing, ICT third-party risk management, and information sharing. This Prowler mapping covers the technical controls auditable from cloud configuration; the organisational, contractual and supervisory obligations defined in DORA must be addressed outside of Prowler.";7e3283a3-d466-4e6f-95b1-543eec016e08;centralus;2026-07-02 18:41:56.499720;DORA-Art9;Financial entities shall continuously monitor and control the security and functioning of ICT systems and tools and minimise the impact of ICT risk by deploying appropriate ICT security tools, policies and procedures. Encryption at rest and in transit, blocking of public exposure, network access controls, secret management and instance hardening are central to this article.;ICT Risk Management;Article 9;Protection and prevention;FAIL;Storage account stcloudguardianlabocdhx from subscription Azure subscription 1 (7e3283a3-d466-4e6f-95b1-543eec016e08) has public network access enabled.;/subscriptions/7e3283a3-d466-4e6f-95b1-543eec016e08/resourceGroups/rg-cloudguardian-lab/providers/Microsoft.Storage/storageAccounts/stcloudguardianlabocdhx;stcloudguardianlabocdhx;storage_account_public_network_access_disabled;False;DORA;Digital Operational Resilience Act (Regulation (EU) 2022/2554)
azure;"The Digital Operational Resilience Act (DORA) is a European Union regulation (Regulation (EU) 2022/2554) that sets a uniform framework for the digital operational resilience of the EU financial sector. Mandatory since 17 January 2025, it applies to financial entities (banks, insurers, investment firms, payment institutions, etc.) and to ICT third-party service providers. DORA is structured around five pillars: ICT risk management, ICT-related incident reporting, digital operational resilience testing, ICT third-party risk management, and information sharing. This Prowler mapping covers the technical controls auditable from cloud configuration; the organisational, contractual and supervisory obligations defined in DORA must be addressed outside of Prowler.";7e3283a3-d466-4e6f-95b1-543eec016e08;centralus;2026-07-02 18:41:56.499720;DORA-Art9;Financial entities shall continuously monitor and control the security and functioning of ICT systems and tools and minimise the impact of ICT risk by deploying appropriate ICT security tools, policies and procedures. Encryption at rest and in transit, blocking of public exposure, network access controls, secret management and instance hardening are central to this article.;ICT Risk Management;Article 9;Protection and prevention;FAIL;Storage account stcloudguardianlabocdhx from subscription Azure subscription 1 (7e3283a3-d466-4e6f-95b1-543eec016e08) has allow blob public access enabled.;/subscriptions/7e3283a3-d466-4e6f-95b1-543eec016e08/resourceGroups/rg-cloudguardian-lab/providers/Microsoft.Storage/storageAccounts/stcloudguardianlabocdhx;stcloudguardianlabocdhx;storage_blob_public_access_level_is_disabled;False;DORA;Digital Operational Resilience Act (Regulation (EU) 2022/2554)
azure;"The Digital Operational Resilience Act (DORA) is a European Union regulation (Regulation (EU) 2022/2554) that sets a uniform framework for the digital operational resilience of the EU financial sector. Mandatory since 17 January 2025, it applies to financial entities (banks, insurers, investment firms, payment institutions, etc.) and to ICT third-party service providers. DORA is structured around five pillars: ICT risk management, ICT-related incident reporting, digital operational resilience testing, ICT third-party risk management, and information sharing. This Prowler mapping covers the technical controls auditable from cloud configuration; the organisational, contractual and supervisory obligations defined in DORA must be addressed outside of Prowler.";7e3283a3-d466-4e6f-95b1-543eec016e08;centralus;2026-07-02 18:41:56.499720;DORA-Art12;Financial entities shall develop and document backup policies and procedures specifying the scope of data subject to backup and the minimum frequency of the backup, as well as restoration and recovery procedures and methods. Backups must be encrypted, retained, and resources must be designed for recoverability across availability zones and regions.;ICT Risk Management;Article 12;Backup policies and procedures, restoration and recovery procedures and methods;FAIL;Storage account stcloudguardianlabocdhx from subscription Azure subscription 1 (7e3283a3-d466-4e6f-95b1-543eec016e08) does not have blob versioning enabled.;/subscriptions/7e3283a3-d466-4e6f-95b1-543eec016e08/resourceGroups/rg-cloudguardian-lab/providers/Microsoft.Storage/storageAccounts/stcloudguardianlabocdhx;stcloudguardianlabocdhx;storage_blob_versioning_is_enabled;False;DORA;Digital Operational Resilience Act (Regulation (EU) 2022/2554)
azure;"The Digital Operational Resilience Act (DORA) is a European Union regulation (Regulation (EU) 2022/2554) that sets a uniform framework for the digital operational resilience of the EU financial sector. Mandatory since 17 January 2025, it applies to financial entities (banks, insurers, investment firms, payment institutions, etc.) and to ICT third-party service providers. DORA is structured around five pillars: ICT risk management, ICT-related incident reporting, digital operational resilience testing, ICT third-party risk management, and information sharing. This Prowler mapping covers the technical controls auditable from cloud configuration; the organisational, contractual and supervisory obligations defined in DORA must be addressed outside of Prowler.";7e3283a3-d466-4e6f-95b1-543eec016e08;centralus;2026-07-02 18:41:56.499720;DORA-Art28;Financial entities shall manage ICT third-party risk as an integral component of ICT risk within their ICT risk management framework. Cross-account access, trust boundaries, organization-level controls and dependency visibility are critical to monitor third-party exposure on AWS.;ICT Third-Party Risk Management;Article 28;General principles (ICT third-party risk);PASS;Storage account stcloudguardianlabocdhx from subscription Azure subscription 1 (7e3283a3-d466-4e6f-95b1-543eec016e08) has cross-tenant replication disabled.;/subscriptions/7e3283a3-d466-4e6f-95b1-543eec016e08/resourceGroups/rg-cloudguardian-lab/providers/Microsoft.Storage/storageAccounts/stcloudguardianlabocdhx;stcloudguardianlabocdhx;storage_cross_tenant_replication_disabled;False;DORA;Digital Operational Resilience Act (Regulation (EU) 2022/2554)
azure;"The Digital Operational Resilience Act (DORA) is a European Union regulation (Regulation (EU) 2022/2554) that sets a uniform framework for the digital operational resilience of the EU financial sector. Mandatory since 17 January 2025, it applies to financial entities (banks, insurers, investment firms, payment institutions, etc.) and to ICT third-party service providers. DORA is structured around five pillars: ICT risk management, ICT-related incident reporting, digital operational resilience testing, ICT third-party risk management, and information sharing. This Prowler mapping covers the technical controls auditable from cloud configuration; the organisational, contractual and supervisory obligations defined in DORA must be addressed outside of Prowler.";7e3283a3-d466-4e6f-95b1-543eec016e08;centralus;2026-07-02 18:41:56.499720;DORA-Art9;Financial entities shall continuously monitor and control the security and functioning of ICT systems and tools and minimise the impact of ICT risk by deploying appropriate ICT security tools, policies and procedures. Encryption at rest and in transit, blocking of public exposure, network access controls, secret management and instance hardening are central to this article.;ICT Risk Management;Article 9;Protection and prevention;PASS;Storage account stcloudguardianlabocdhx from subscription Azure subscription 1 (7e3283a3-d466-4e6f-95b1-543eec016e08) has network access rule set to Deny.;/subscriptions/7e3283a3-d466-4e6f-95b1-543eec016e08/resourceGroups/rg-cloudguardian-lab/providers/Microsoft.Storage/storageAccounts/stcloudguardianlabocdhx;stcloudguardianlabocdhx;storage_default_network_access_rule_is_denied;False;DORA;Digital Operational Resilience Act (Regulation (EU) 2022/2554)
azure;"The Digital Operational Resilience Act (DORA) is a European Union regulation (Regulation (EU) 2022/2554) that sets a uniform framework for the digital operational resilience of the EU financial sector. Mandatory since 17 January 2025, it applies to financial entities (banks, insurers, investment firms, payment institutions, etc.) and to ICT third-party service providers. DORA is structured around five pillars: ICT risk management, ICT-related incident reporting, digital operational resilience testing, ICT third-party risk management, and information sharing. This Prowler mapping covers the technical controls auditable from cloud configuration; the organisational, contractual and supervisory obligations defined in DORA must be addressed outside of Prowler.";7e3283a3-d466-4e6f-95b1-543eec016e08;centralus;2026-07-02 18:41:56.499720;DORA-Art9;Financial entities shall continuously monitor and control the security and functioning of ICT systems and tools and minimise the impact of ICT risk by deploying appropriate ICT security tools, policies and procedures. Encryption at rest and in transit, blocking of public exposure, network access controls, secret management and instance hardening are central to this article.;ICT Risk Management;Article 9;Protection and prevention;PASS;Default to Microsoft Entra authorization is enabled for storage account stcloudguardianlabocdhx from subscription Azure subscription 1 (7e3283a3-d466-4e6f-95b1-543eec016e08).;/subscriptions/7e3283a3-d466-4e6f-95b1-543eec016e08/resourceGroups/rg-cloudguardian-lab/providers/Microsoft.Storage/storageAccounts/stcloudguardianlabocdhx;stcloudguardianlabocdhx;storage_default_to_entra_authorization_enabled;False;DORA;Digital Operational Resilience Act (Regulation (EU) 2022/2554)
azure;"The Digital Operational Resilience Act (DORA) is a European Union regulation (Regulation (EU) 2022/2554) that sets a uniform framework for the digital operational resilience of the EU financial sector. Mandatory since 17 January 2025, it applies to financial entities (banks, insurers, investment firms, payment institutions, etc.) and to ICT third-party service providers. DORA is structured around five pillars: ICT risk management, ICT-related incident reporting, digital operational resilience testing, ICT third-party risk management, and information sharing. This Prowler mapping covers the technical controls auditable from cloud configuration; the organisational, contractual and supervisory obligations defined in DORA must be addressed outside of Prowler.";7e3283a3-d466-4e6f-95b1-543eec016e08;centralus;2026-07-02 18:41:56.499720;DORA-Art9;Financial entities shall continuously monitor and control the security and functioning of ICT systems and tools and minimise the impact of ICT risk by deploying appropriate ICT security tools, policies and procedures. Encryption at rest and in transit, blocking of public exposure, network access controls, secret management and instance hardening are central to this article.;ICT Risk Management;Article 9;Protection and prevention;FAIL;Storage account stcloudguardianlabocdhx from subscription Azure subscription 1 (7e3283a3-d466-4e6f-95b1-543eec016e08) does not encrypt with CMKs.;/subscriptions/7e3283a3-d466-4e6f-95b1-543eec016e08/resourceGroups/rg-cloudguardian-lab/providers/Microsoft.Storage/storageAccounts/stcloudguardianlabocdhx;stcloudguardianlabocdhx;storage_ensure_encryption_with_customer_managed_keys;False;DORA;Digital Operational Resilience Act (Regulation (EU) 2022/2554)
azure;"The Digital Operational Resilience Act (DORA) is a European Union regulation (Regulation (EU) 2022/2554) that sets a uniform framework for the digital operational resilience of the EU financial sector. Mandatory since 17 January 2025, it applies to financial entities (banks, insurers, investment firms, payment institutions, etc.) and to ICT third-party service providers. DORA is structured around five pillars: ICT risk management, ICT-related incident reporting, digital operational resilience testing, ICT third-party risk management, and information sharing. This Prowler mapping covers the technical controls auditable from cloud configuration; the organisational, contractual and supervisory obligations defined in DORA must be addressed outside of Prowler.";7e3283a3-d466-4e6f-95b1-543eec016e08;centralus;2026-07-02 18:41:56.499720;DORA-Art12;Financial entities shall develop and document backup policies and procedures specifying the scope of data subject to backup and the minimum frequency of the backup, as well as restoration and recovery procedures and methods. Backups must be encrypted, retained, and resources must be designed for recoverability across availability zones and regions.;ICT Risk Management;Article 12;Backup policies and procedures, restoration and recovery procedures and methods;PASS;File share soft delete is enabled for storage account stcloudguardianlabocdhx from subscription Azure subscription 1 (7e3283a3-d466-4e6f-95b1-543eec016e08) with a retention period of 7 days.;/subscriptions/7e3283a3-d466-4e6f-95b1-543eec016e08/resourceGroups/rg-cloudguardian-lab/providers/Microsoft.Storage/storageAccounts/stcloudguardianlabocdhx/fileServices/default;stcloudguardianlabocdhx;storage_ensure_file_shares_soft_delete_is_enabled;False;DORA;Digital Operational Resilience Act (Regulation (EU) 2022/2554)
azure;"The Digital Operational Resilience Act (DORA) is a European Union regulation (Regulation (EU) 2022/2554) that sets a uniform framework for the digital operational resilience of the EU financial sector. Mandatory since 17 January 2025, it applies to financial entities (banks, insurers, investment firms, payment institutions, etc.) and to ICT third-party service providers. DORA is structured around five pillars: ICT risk management, ICT-related incident reporting, digital operational resilience testing, ICT third-party risk management, and information sharing. This Prowler mapping covers the technical controls auditable from cloud configuration; the organisational, contractual and supervisory obligations defined in DORA must be addressed outside of Prowler.";7e3283a3-d466-4e6f-95b1-543eec016e08;centralus;2026-07-02 18:41:56.499720;DORA-Art7;Financial entities shall use and maintain updated ICT systems, protocols and tools that are appropriate to the magnitude of operations supporting ICT functions, technologically resilient, and adequately equipped to securely process data. Cryptographic primitives, certificate hygiene and network segmentation are core to this requirement.;ICT Risk Management;Article 7;ICT systems, protocols and tools;PASS;Storage account stcloudguardianlabocdhx from subscription Azure subscription 1 (7e3283a3-d466-4e6f-95b1-543eec016e08) has TLS version set to 1.2.;/subscriptions/7e3283a3-d466-4e6f-95b1-543eec016e08/resourceGroups/rg-cloudguardian-lab/providers/Microsoft.Storage/storageAccounts/stcloudguardianlabocdhx;stcloudguardianlabocdhx;storage_ensure_minimum_tls_version_12;False;DORA;Digital Operational Resilience Act (Regulation (EU) 2022/2554)
azure;"The Digital Operational Resilience Act (DORA) is a European Union regulation (Regulation (EU) 2022/2554) that sets a uniform framework for the digital operational resilience of the EU financial sector. Mandatory since 17 January 2025, it applies to financial entities (banks, insurers, investment firms, payment institutions, etc.) and to ICT third-party service providers. DORA is structured around five pillars: ICT risk management, ICT-related incident reporting, digital operational resilience testing, ICT third-party risk management, and information sharing. This Prowler mapping covers the technical controls auditable from cloud configuration; the organisational, contractual and supervisory obligations defined in DORA must be addressed outside of Prowler.";7e3283a3-d466-4e6f-95b1-543eec016e08;centralus;2026-07-02 18:41:56.499720;DORA-Art9;Financial entities shall continuously monitor and control the security and functioning of ICT systems and tools and minimise the impact of ICT risk by deploying appropriate ICT security tools, policies and procedures. Encryption at rest and in transit, blocking of public exposure, network access controls, secret management and instance hardening are central to this article.;ICT Risk Management;Article 9;Protection and prevention;FAIL;Storage account stcloudguardianlabocdhx from subscription Azure subscription 1 (7e3283a3-d466-4e6f-95b1-543eec016e08) does not have private endpoint connections.;/subscriptions/7e3283a3-d466-4e6f-95b1-543eec016e08/resourceGroups/rg-cloudguardian-lab/providers/Microsoft.Storage/storageAccounts/stcloudguardianlabocdhx;stcloudguardianlabocdhx;storage_ensure_private_endpoints_in_storage_accounts;False;DORA;Digital Operational Resilience Act (Regulation (EU) 2022/2554)
azure;"The Digital Operational Resilience Act (DORA) is a European Union regulation (Regulation (EU) 2022/2554) that sets a uniform framework for the digital operational resilience of the EU financial sector. Mandatory since 17 January 2025, it applies to financial entities (banks, insurers, investment firms, payment institutions, etc.) and to ICT third-party service providers. DORA is structured around five pillars: ICT risk management, ICT-related incident reporting, digital operational resilience testing, ICT third-party risk management, and information sharing. This Prowler mapping covers the technical controls auditable from cloud configuration; the organisational, contractual and supervisory obligations defined in DORA must be addressed outside of Prowler.";7e3283a3-d466-4e6f-95b1-543eec016e08;centralus;2026-07-02 18:41:56.499720;DORA-Art12;Financial entities shall develop and document backup policies and procedures specifying the scope of data subject to backup and the minimum frequency of the backup, as well as restoration and recovery procedures and methods. Backups must be encrypted, retained, and resources must be designed for recoverability across availability zones and regions.;ICT Risk Management;Article 12;Backup policies and procedures, restoration and recovery procedures and methods;FAIL;Storage account stcloudguardianlabocdhx from subscription Azure subscription 1 (7e3283a3-d466-4e6f-95b1-543eec016e08) has soft delete disabled.;/subscriptions/7e3283a3-d466-4e6f-95b1-543eec016e08/resourceGroups/rg-cloudguardian-lab/providers/Microsoft.Storage/storageAccounts/stcloudguardianlabocdhx;stcloudguardianlabocdhx;storage_ensure_soft_delete_is_enabled;False;DORA;Digital Operational Resilience Act (Regulation (EU) 2022/2554)
azure;"The Digital Operational Resilience Act (DORA) is a European Union regulation (Regulation (EU) 2022/2554) that sets a uniform framework for the digital operational resilience of the EU financial sector. Mandatory since 17 January 2025, it applies to financial entities (banks, insurers, investment firms, payment institutions, etc.) and to ICT third-party service providers. DORA is structured around five pillars: ICT risk management, ICT-related incident reporting, digital operational resilience testing, ICT third-party risk management, and information sharing. This Prowler mapping covers the technical controls auditable from cloud configuration; the organisational, contractual and supervisory obligations defined in DORA must be addressed outside of Prowler.";7e3283a3-d466-4e6f-95b1-543eec016e08;centralus;2026-07-02 18:41:56.499720;DORA-Art12;Financial entities shall develop and document backup policies and procedures specifying the scope of data subject to backup and the minimum frequency of the backup, as well as restoration and recovery procedures and methods. Backups must be encrypted, retained, and resources must be designed for recoverability across availability zones and regions.;ICT Risk Management;Article 12;Backup policies and procedures, restoration and recovery procedures and methods;FAIL;Storage account stcloudguardianlabocdhx from subscription Azure subscription 1 (7e3283a3-d466-4e6f-95b1-543eec016e08) does not have Geo-redundant storage enabled, it has Standard_LRS instead.;/subscriptions/7e3283a3-d466-4e6f-95b1-543eec016e08/resourceGroups/rg-cloudguardian-lab/providers/Microsoft.Storage/storageAccounts/stcloudguardianlabocdhx;stcloudguardianlabocdhx;storage_geo_redundant_enabled;False;DORA;Digital Operational Resilience Act (Regulation (EU) 2022/2554)
azure;"The Digital Operational Resilience Act (DORA) is a European Union regulation (Regulation (EU) 2022/2554) that sets a uniform framework for the digital operational resilience of the EU financial sector. Mandatory since 17 January 2025, it applies to financial entities (banks, insurers, investment firms, payment institutions, etc.) and to ICT third-party service providers. DORA is structured around five pillars: ICT risk management, ICT-related incident reporting, digital operational resilience testing, ICT third-party risk management, and information sharing. This Prowler mapping covers the technical controls auditable from cloud configuration; the organisational, contractual and supervisory obligations defined in DORA must be addressed outside of Prowler.";7e3283a3-d466-4e6f-95b1-543eec016e08;centralus;2026-07-02 18:41:56.499720;DORA-Art9;Financial entities shall continuously monitor and control the security and functioning of ICT systems and tools and minimise the impact of ICT risk by deploying appropriate ICT security tools, policies and procedures. Encryption at rest and in transit, blocking of public exposure, network access controls, secret management and instance hardening are central to this article.;ICT Risk Management;Article 9;Protection and prevention;FAIL;Storage account stcloudguardianlabocdhx from subscription Azure subscription 1 (7e3283a3-d466-4e6f-95b1-543eec016e08) has infrastructure encryption disabled.;/subscriptions/7e3283a3-d466-4e6f-95b1-543eec016e08/resourceGroups/rg-cloudguardian-lab/providers/Microsoft.Storage/storageAccounts/stcloudguardianlabocdhx;stcloudguardianlabocdhx;storage_infrastructure_encryption_is_enabled;False;DORA;Digital Operational Resilience Act (Regulation (EU) 2022/2554)
azure;"The Digital Operational Resilience Act (DORA) is a European Union regulation (Regulation (EU) 2022/2554) that sets a uniform framework for the digital operational resilience of the EU financial sector. Mandatory since 17 January 2025, it applies to financial entities (banks, insurers, investment firms, payment institutions, etc.) and to ICT third-party service providers. DORA is structured around five pillars: ICT risk management, ICT-related incident reporting, digital operational resilience testing, ICT third-party risk management, and information sharing. This Prowler mapping covers the technical controls auditable from cloud configuration; the organisational, contractual and supervisory obligations defined in DORA must be addressed outside of Prowler.";7e3283a3-d466-4e6f-95b1-543eec016e08;centralus;2026-07-02 18:41:56.499720;DORA-Art7;Financial entities shall use and maintain updated ICT systems, protocols and tools that are appropriate to the magnitude of operations supporting ICT functions, technologically resilient, and adequately equipped to securely process data. Cryptographic primitives, certificate hygiene and network segmentation are core to this requirement.;ICT Risk Management;Article 7;ICT systems, protocols and tools;FAIL;Storage account stcloudguardianlabocdhx from subscription Azure subscription 1 (7e3283a3-d466-4e6f-95b1-543eec016e08) has no key expiration period set.;/subscriptions/7e3283a3-d466-4e6f-95b1-543eec016e08/resourceGroups/rg-cloudguardian-lab/providers/Microsoft.Storage/storageAccounts/stcloudguardianlabocdhx;stcloudguardianlabocdhx;storage_key_rotation_90_days;False;DORA;Digital Operational Resilience Act (Regulation (EU) 2022/2554)
azure;"The Digital Operational Resilience Act (DORA) is a European Union regulation (Regulation (EU) 2022/2554) that sets a uniform framework for the digital operational resilience of the EU financial sector. Mandatory since 17 January 2025, it applies to financial entities (banks, insurers, investment firms, payment institutions, etc.) and to ICT third-party service providers. DORA is structured around five pillars: ICT risk management, ICT-related incident reporting, digital operational resilience testing, ICT third-party risk management, and information sharing. This Prowler mapping covers the technical controls auditable from cloud configuration; the organisational, contractual and supervisory obligations defined in DORA must be addressed outside of Prowler.";7e3283a3-d466-4e6f-95b1-543eec016e08;centralus;2026-07-02 18:41:56.499720;DORA-Art7;Financial entities shall use and maintain updated ICT systems, protocols and tools that are appropriate to the magnitude of operations supporting ICT functions, technologically resilient, and adequately equipped to securely process data. Cryptographic primitives, certificate hygiene and network segmentation are core to this requirement.;ICT Risk Management;Article 7;ICT systems, protocols and tools;PASS;Storage account stcloudguardianlabocdhx from subscription Azure subscription 1 (7e3283a3-d466-4e6f-95b1-543eec016e08) has secure transfer required enabled.;/subscriptions/7e3283a3-d466-4e6f-95b1-543eec016e08/resourceGroups/rg-cloudguardian-lab/providers/Microsoft.Storage/storageAccounts/stcloudguardianlabocdhx;stcloudguardianlabocdhx;storage_secure_transfer_required_is_enabled;False;DORA;Digital Operational Resilience Act (Regulation (EU) 2022/2554)
azure;"The Digital Operational Resilience Act (DORA) is a European Union regulation (Regulation (EU) 2022/2554) that sets a uniform framework for the digital operational resilience of the EU financial sector. Mandatory since 17 January 2025, it applies to financial entities (banks, insurers, investment firms, payment institutions, etc.) and to ICT third-party service providers. DORA is structured around five pillars: ICT risk management, ICT-related incident reporting, digital operational resilience testing, ICT third-party risk management, and information sharing. This Prowler mapping covers the technical controls auditable from cloud configuration; the organisational, contractual and supervisory obligations defined in DORA must be addressed outside of Prowler.";7e3283a3-d466-4e6f-95b1-543eec016e08;global;2026-07-02 18:41:56.499720;DORA-Art7;Financial entities shall use and maintain updated ICT systems, protocols and tools that are appropriate to the magnitude of operations supporting ICT functions, technologically resilient, and adequately equipped to securely process data. Cryptographic primitives, certificate hygiene and network segmentation are core to this requirement.;ICT Risk Management;Article 7;ICT systems, protocols and tools;FAIL;Storage account stcloudguardianlabocdhx from subscription Azure subscription 1 (7e3283a3-d466-4e6f-95b1-543eec016e08) does not have SMB channel encryption enabled for file shares.;/subscriptions/7e3283a3-d466-4e6f-95b1-543eec016e08/resourceGroups/rg-cloudguardian-lab/providers/Microsoft.Storage/storageAccounts/stcloudguardianlabocdhx/fileServices/default;stcloudguardianlabocdhx;storage_smb_channel_encryption_with_secure_algorithm;False;DORA;Digital Operational Resilience Act (Regulation (EU) 2022/2554)
azure;"The Digital Operational Resilience Act (DORA) is a European Union regulation (Regulation (EU) 2022/2554) that sets a uniform framework for the digital operational resilience of the EU financial sector. Mandatory since 17 January 2025, it applies to financial entities (banks, insurers, investment firms, payment institutions, etc.) and to ICT third-party service providers. DORA is structured around five pillars: ICT risk management, ICT-related incident reporting, digital operational resilience testing, ICT third-party risk management, and information sharing. This Prowler mapping covers the technical controls auditable from cloud configuration; the organisational, contractual and supervisory obligations defined in DORA must be addressed outside of Prowler.";7e3283a3-d466-4e6f-95b1-543eec016e08;centralus;2026-07-02 18:41:56.499720;DORA-Art11;Financial entities shall put in place a comprehensive ICT business continuity policy, including ICT response and recovery plans, that ensures the continuity of ICT-supported critical or important functions. Operational alarming, automated event routing and tested recovery actions are essential.;ICT Risk Management;Article 11;Response and recovery;FAIL;VM vm-web-cloudguardian-lab in subscription Azure subscription 1 (7e3283a3-d466-4e6f-95b1-543eec016e08) is not protected by Azure Backup.;/subscriptions/7e3283a3-d466-4e6f-95b1-543eec016e08/resourceGroups/RG-CLOUDGUARDIAN-LAB/providers/Microsoft.Compute/virtualMachines/vm-web-cloudguardian-lab;vm-web-cloudguardian-lab;vm_backup_enabled;False;DORA;Digital Operational Resilience Act (Regulation (EU) 2022/2554)
azure;"The Digital Operational Resilience Act (DORA) is a European Union regulation (Regulation (EU) 2022/2554) that sets a uniform framework for the digital operational resilience of the EU financial sector. Mandatory since 17 January 2025, it applies to financial entities (banks, insurers, investment firms, payment institutions, etc.) and to ICT third-party service providers. DORA is structured around five pillars: ICT risk management, ICT-related incident reporting, digital operational resilience testing, ICT third-party risk management, and information sharing. This Prowler mapping covers the technical controls auditable from cloud configuration; the organisational, contractual and supervisory obligations defined in DORA must be addressed outside of Prowler.";7e3283a3-d466-4e6f-95b1-543eec016e08;centralus;2026-07-02 18:41:56.499720;DORA-Art12;Financial entities shall develop and document backup policies and procedures specifying the scope of data subject to backup and the minimum frequency of the backup, as well as restoration and recovery procedures and methods. Backups must be encrypted, retained, and resources must be designed for recoverability across availability zones and regions.;ICT Risk Management;Article 12;Backup policies and procedures, restoration and recovery procedures and methods;FAIL;VM vm-web-cloudguardian-lab in subscription Azure subscription 1 (7e3283a3-d466-4e6f-95b1-543eec016e08) is not protected by Azure Backup.;/subscriptions/7e3283a3-d466-4e6f-95b1-543eec016e08/resourceGroups/RG-CLOUDGUARDIAN-LAB/providers/Microsoft.Compute/virtualMachines/vm-web-cloudguardian-lab;vm-web-cloudguardian-lab;vm_backup_enabled;False;DORA;Digital Operational Resilience Act (Regulation (EU) 2022/2554)
azure;"The Digital Operational Resilience Act (DORA) is a European Union regulation (Regulation (EU) 2022/2554) that sets a uniform framework for the digital operational resilience of the EU financial sector. Mandatory since 17 January 2025, it applies to financial entities (banks, insurers, investment firms, payment institutions, etc.) and to ICT third-party service providers. DORA is structured around five pillars: ICT risk management, ICT-related incident reporting, digital operational resilience testing, ICT third-party risk management, and information sharing. This Prowler mapping covers the technical controls auditable from cloud configuration; the organisational, contractual and supervisory obligations defined in DORA must be addressed outside of Prowler.";7e3283a3-d466-4e6f-95b1-543eec016e08;centralus;2026-07-02 18:41:56.499720;DORA-Art24;Financial entities shall establish, maintain and review a sound and comprehensive digital operational resilience testing programme, as an integral part of the ICT risk management framework. Continuous vulnerability discovery, configuration assessment and instance manageability are foundational.;Digital Operational Resilience Testing;Article 24;General requirements for the performance of digital operational resilience testing;FAIL;VM vm-web-cloudguardian-lab is using Standard_D2s_v3 which is not a desired SKU size in subscription Azure subscription 1 (7e3283a3-d466-4e6f-95b1-543eec016e08).;/subscriptions/7e3283a3-d466-4e6f-95b1-543eec016e08/resourceGroups/RG-CLOUDGUARDIAN-LAB/providers/Microsoft.Compute/virtualMachines/vm-web-cloudguardian-lab;vm-web-cloudguardian-lab;vm_desired_sku_size;False;DORA;Digital Operational Resilience Act (Regulation (EU) 2022/2554)
azure;"The Digital Operational Resilience Act (DORA) is a European Union regulation (Regulation (EU) 2022/2554) that sets a uniform framework for the digital operational resilience of the EU financial sector. Mandatory since 17 January 2025, it applies to financial entities (banks, insurers, investment firms, payment institutions, etc.) and to ICT third-party service providers. DORA is structured around five pillars: ICT risk management, ICT-related incident reporting, digital operational resilience testing, ICT third-party risk management, and information sharing. This Prowler mapping covers the technical controls auditable from cloud configuration; the organisational, contractual and supervisory obligations defined in DORA must be addressed outside of Prowler.";7e3283a3-d466-4e6f-95b1-543eec016e08;centralus;2026-07-02 18:41:56.499720;DORA-Art9;Financial entities shall continuously monitor and control the security and functioning of ICT systems and tools and minimise the impact of ICT risk by deploying appropriate ICT security tools, policies and procedures. Encryption at rest and in transit, blocking of public exposure, network access controls, secret management and instance hardening are central to this article.;ICT Risk Management;Article 9;Protection and prevention;FAIL;Disk '17440e9b-cf4f-4eb1-8a71-96ffc1b94ff4' is not encrypted with a customer-managed key in subscription Azure subscription 1 (7e3283a3-d466-4e6f-95b1-543eec016e08).;/subscriptions/7e3283a3-d466-4e6f-95b1-543eec016e08/resourceGroups/RG-CLOUDGUARDIAN-LAB/providers/Microsoft.Compute/disks/vm-web-cloudguardian-lab_disk1_17440e9bcf4f4eb18a7196ffc1b94ff4;vm-web-cloudguardian-lab_disk1_17440e9bcf4f4eb18a7196ffc1b94ff4;vm_ensure_attached_disks_encrypted_with_cmk;False;DORA;Digital Operational Resilience Act (Regulation (EU) 2022/2554)
azure;"The Digital Operational Resilience Act (DORA) is a European Union regulation (Regulation (EU) 2022/2554) that sets a uniform framework for the digital operational resilience of the EU financial sector. Mandatory since 17 January 2025, it applies to financial entities (banks, insurers, investment firms, payment institutions, etc.) and to ICT third-party service providers. DORA is structured around five pillars: ICT risk management, ICT-related incident reporting, digital operational resilience testing, ICT third-party risk management, and information sharing. This Prowler mapping covers the technical controls auditable from cloud configuration; the organisational, contractual and supervisory obligations defined in DORA must be addressed outside of Prowler.";7e3283a3-d466-4e6f-95b1-543eec016e08;centralus;2026-07-02 18:41:56.499720;DORA-Art24;Financial entities shall establish, maintain and review a sound and comprehensive digital operational resilience testing programme, as an integral part of the ICT risk management framework. Continuous vulnerability discovery, configuration assessment and instance manageability are foundational.;Digital Operational Resilience Testing;Article 24;General requirements for the performance of digital operational resilience testing;FAIL;VM vm-web-cloudguardian-lab in subscription Azure subscription 1 (7e3283a3-d466-4e6f-95b1-543eec016e08) is not using an approved machine image.;/subscriptions/7e3283a3-d466-4e6f-95b1-543eec016e08/resourceGroups/RG-CLOUDGUARDIAN-LAB/providers/Microsoft.Compute/virtualMachines/vm-web-cloudguardian-lab;vm-web-cloudguardian-lab;vm_ensure_using_approved_images;False;DORA;Digital Operational Resilience Act (Regulation (EU) 2022/2554)
azure;"The Digital Operational Resilience Act (DORA) is a European Union regulation (Regulation (EU) 2022/2554) that sets a uniform framework for the digital operational resilience of the EU financial sector. Mandatory since 17 January 2025, it applies to financial entities (banks, insurers, investment firms, payment institutions, etc.) and to ICT third-party service providers. DORA is structured around five pillars: ICT risk management, ICT-related incident reporting, digital operational resilience testing, ICT third-party risk management, and information sharing. This Prowler mapping covers the technical controls auditable from cloud configuration; the organisational, contractual and supervisory obligations defined in DORA must be addressed outside of Prowler.";7e3283a3-d466-4e6f-95b1-543eec016e08;centralus;2026-07-02 18:41:56.499720;DORA-Art9;Financial entities shall continuously monitor and control the security and functioning of ICT systems and tools and minimise the impact of ICT risk by deploying appropriate ICT security tools, policies and procedures. Encryption at rest and in transit, blocking of public exposure, network access controls, secret management and instance hardening are central to this article.;ICT Risk Management;Article 9;Protection and prevention;PASS;VM vm-web-cloudguardian-lab is using managed disks in subscription Azure subscription 1 (7e3283a3-d466-4e6f-95b1-543eec016e08);/subscriptions/7e3283a3-d466-4e6f-95b1-543eec016e08/resourceGroups/RG-CLOUDGUARDIAN-LAB/providers/Microsoft.Compute/virtualMachines/vm-web-cloudguardian-lab;vm-web-cloudguardian-lab;vm_ensure_using_managed_disks;False;DORA;Digital Operational Resilience Act (Regulation (EU) 2022/2554)
azure;"The Digital Operational Resilience Act (DORA) is a European Union regulation (Regulation (EU) 2022/2554) that sets a uniform framework for the digital operational resilience of the EU financial sector. Mandatory since 17 January 2025, it applies to financial entities (banks, insurers, investment firms, payment institutions, etc.) and to ICT third-party service providers. DORA is structured around five pillars: ICT risk management, ICT-related incident reporting, digital operational resilience testing, ICT third-party risk management, and information sharing. This Prowler mapping covers the technical controls auditable from cloud configuration; the organisational, contractual and supervisory obligations defined in DORA must be addressed outside of Prowler.";7e3283a3-d466-4e6f-95b1-543eec016e08;centralus;2026-07-02 18:41:56.499720;DORA-Art12;Financial entities shall develop and document backup policies and procedures specifying the scope of data subject to backup and the minimum frequency of the backup, as well as restoration and recovery procedures and methods. Backups must be encrypted, retained, and resources must be designed for recoverability across availability zones and regions.;ICT Risk Management;Article 12;Backup policies and procedures, restoration and recovery procedures and methods;PASS;VM vm-web-cloudguardian-lab is using managed disks in subscription Azure subscription 1 (7e3283a3-d466-4e6f-95b1-543eec016e08);/subscriptions/7e3283a3-d466-4e6f-95b1-543eec016e08/resourceGroups/RG-CLOUDGUARDIAN-LAB/providers/Microsoft.Compute/virtualMachines/vm-web-cloudguardian-lab;vm-web-cloudguardian-lab;vm_ensure_using_managed_disks;False;DORA;Digital Operational Resilience Act (Regulation (EU) 2022/2554)
azure;"The Digital Operational Resilience Act (DORA) is a European Union regulation (Regulation (EU) 2022/2554) that sets a uniform framework for the digital operational resilience of the EU financial sector. Mandatory since 17 January 2025, it applies to financial entities (banks, insurers, investment firms, payment institutions, etc.) and to ICT third-party service providers. DORA is structured around five pillars: ICT risk management, ICT-related incident reporting, digital operational resilience testing, ICT third-party risk management, and information sharing. This Prowler mapping covers the technical controls auditable from cloud configuration; the organisational, contractual and supervisory obligations defined in DORA must be addressed outside of Prowler.";7e3283a3-d466-4e6f-95b1-543eec016e08;centralus;2026-07-02 18:41:56.499720;DORA-Art9;Financial entities shall continuously monitor and control the security and functioning of ICT systems and tools and minimise the impact of ICT risk by deploying appropriate ICT security tools, policies and procedures. Encryption at rest and in transit, blocking of public exposure, network access controls, secret management and instance hardening are central to this article.;ICT Risk Management;Article 9;Protection and prevention;FAIL;VM vm-web-cloudguardian-lab in subscription Azure subscription 1 (7e3283a3-d466-4e6f-95b1-543eec016e08) does not have JIT (Just-in-Time) access enabled.;/subscriptions/7e3283a3-d466-4e6f-95b1-543eec016e08/resourceGroups/RG-CLOUDGUARDIAN-LAB/providers/Microsoft.Compute/virtualMachines/vm-web-cloudguardian-lab;vm-web-cloudguardian-lab;vm_jit_access_enabled;False;DORA;Digital Operational Resilience Act (Regulation (EU) 2022/2554)
azure;"The Digital Operational Resilience Act (DORA) is a European Union regulation (Regulation (EU) 2022/2554) that sets a uniform framework for the digital operational resilience of the EU financial sector. Mandatory since 17 January 2025, it applies to financial entities (banks, insurers, investment firms, payment institutions, etc.) and to ICT third-party service providers. DORA is structured around five pillars: ICT risk management, ICT-related incident reporting, digital operational resilience testing, ICT third-party risk management, and information sharing. This Prowler mapping covers the technical controls auditable from cloud configuration; the organisational, contractual and supervisory obligations defined in DORA must be addressed outside of Prowler.";7e3283a3-d466-4e6f-95b1-543eec016e08;centralus;2026-07-02 18:41:56.499720;DORA-Art9;Financial entities shall continuously monitor and control the security and functioning of ICT systems and tools and minimise the impact of ICT risk by deploying appropriate ICT security tools, policies and procedures. Encryption at rest and in transit, blocking of public exposure, network access controls, secret management and instance hardening are central to this article.;ICT Risk Management;Article 9;Protection and prevention;PASS;VM vm-web-cloudguardian-lab in subscription Azure subscription 1 (7e3283a3-d466-4e6f-95b1-543eec016e08) has password authentication disabled (SSH key authentication enforced).;/subscriptions/7e3283a3-d466-4e6f-95b1-543eec016e08/resourceGroups/RG-CLOUDGUARDIAN-LAB/providers/Microsoft.Compute/virtualMachines/vm-web-cloudguardian-lab;vm-web-cloudguardian-lab;vm_linux_enforce_ssh_authentication;False;DORA;Digital Operational Resilience Act (Regulation (EU) 2022/2554)
azure;"The Digital Operational Resilience Act (DORA) is a European Union regulation (Regulation (EU) 2022/2554) that sets a uniform framework for the digital operational resilience of the EU financial sector. Mandatory since 17 January 2025, it applies to financial entities (banks, insurers, investment firms, payment institutions, etc.) and to ICT third-party service providers. DORA is structured around five pillars: ICT risk management, ICT-related incident reporting, digital operational resilience testing, ICT third-party risk management, and information sharing. This Prowler mapping covers the technical controls auditable from cloud configuration; the organisational, contractual and supervisory obligations defined in DORA must be addressed outside of Prowler.";7e3283a3-d466-4e6f-95b1-543eec016e08;centralus;2026-07-02 18:41:56.499720;DORA-Art9;Financial entities shall continuously monitor and control the security and functioning of ICT systems and tools and minimise the impact of ICT risk by deploying appropriate ICT security tools, policies and procedures. Encryption at rest and in transit, blocking of public exposure, network access controls, secret management and instance hardening are central to this article.;ICT Risk Management;Article 9;Protection and prevention;FAIL;VM vm-web-cloudguardian-lab has trusted launch disabled in subscription Azure subscription 1 (7e3283a3-d466-4e6f-95b1-543eec016e08);/subscriptions/7e3283a3-d466-4e6f-95b1-543eec016e08/resourceGroups/RG-CLOUDGUARDIAN-LAB/providers/Microsoft.Compute/virtualMachines/vm-web-cloudguardian-lab;vm-web-cloudguardian-lab;vm_trusted_launch_enabled;False;DORA;Digital Operational Resilience Act (Regulation (EU) 2022/2554)
