PROVIDER;DESCRIPTION;ACCOUNTID;REGION;ASSESSMENTDATE;REQUIREMENTS_ID;REQUIREMENTS_DESCRIPTION;REQUIREMENTS_ATTRIBUTES_SECTION;REQUIREMENTS_ATTRIBUTES_SUBSECTION;REQUIREMENTS_ATTRIBUTES_SUBGROUP;REQUIREMENTS_ATTRIBUTES_SERVICE;REQUIREMENTS_ATTRIBUTES_TYPE;STATUS;STATUSEXTENDED;RESOURCEID;CHECKID;MUTED;RESOURCENAME;FRAMEWORK;NAME;REQUIREMENTS_ATTRIBUTES_COMMENT
aws;GxP refers to the regulations and guidelines that are applicable to life sciences organizations that make food and medical products. Medical products that fall under this include medicines, medical devices, and medical software applications. The overall intent of GxP requirements is to ensure that food and medical products are safe for consumers. It's also to ensure the integrity of data that's used to make product-related safety decisions.;735291151388;ap-northeast-1;2026-07-10 18:08:16.187152;11.10-e;Persons who use closed systems to create, modify, maintain, or transmit electronic records shall employ procedures and controls designed to ensure the authenticity, integrity, and, when appropriate, the confidentiality of electronic records, and to ensure that the signer cannot readily repudiate the signed record as not genuine. Such procedures and controls shall include the following: (e) Use of secure, computer-generated, time-stamped audit trails to independently record the date and time of operator entries and actions that create, modify, or delete electronic records. Record changes shall not obscure previously recorded information. Such audit trail documentation shall be retained for a period at least as long as that required for the subject electronic records and shall be available for agency review and copying.;11.10 Controls for closed systems;;;aws;;FAIL;No CloudTrail trails enabled with logging were found.;arn:aws:cloudtrail:ap-northeast-1:735291151388:trail;cloudtrail_multi_region_enabled;False;735291151388;GxP-21-CFR-Part-11;GxP (Good Practices) 21 CFR Part 11;
aws;GxP refers to the regulations and guidelines that are applicable to life sciences organizations that make food and medical products. Medical products that fall under this include medicines, medical devices, and medical software applications. The overall intent of GxP requirements is to ensure that food and medical products are safe for consumers. It's also to ensure the integrity of data that's used to make product-related safety decisions.;735291151388;ap-northeast-1;2026-07-10 18:08:16.187152;11.10-k;Persons who use closed systems to create, modify, maintain, or transmit electronic records shall employ procedures and controls designed to ensure the authenticity, integrity, and, when appropriate, the confidentiality of electronic records, and to ensure that the signer cannot readily repudiate the signed record as not genuine. Such procedures and controls shall include the following: (k) Use of appropriate controls over systems documentation including: (1) Adequate controls over the distribution of, access to, and use of documentation for system operation and maintenance. (2) Revision and change control procedures to maintain an audit trail that documents time-sequenced development and modification of systems documentation.;11.10 Controls for closed systems;;;aws;;FAIL;No CloudTrail trails enabled with logging were found.;arn:aws:cloudtrail:ap-northeast-1:735291151388:trail;cloudtrail_multi_region_enabled;False;735291151388;GxP-21-CFR-Part-11;GxP (Good Practices) 21 CFR Part 11;
aws;GxP refers to the regulations and guidelines that are applicable to life sciences organizations that make food and medical products. Medical products that fall under this include medicines, medical devices, and medical software applications. The overall intent of GxP requirements is to ensure that food and medical products are safe for consumers. It's also to ensure the integrity of data that's used to make product-related safety decisions.;735291151388;ap-northeast-1;2026-07-10 18:08:16.187152;11.300-d;Persons who use electronic signatures based upon use of identification codes in combination with passwords shall employ controls to ensure their security and integrity. Such controls shall include: (d) Use of transaction safeguards to prevent unauthorized use of passwords and/or identification codes, and to detect and report in an immediate and urgent manner any attempts at their unauthorized use to the system security unit, and, as appropriate, to organizational management.;11.300 Controls for identification codes/passwords;;;aws;;FAIL;No CloudTrail trails enabled with logging were found.;arn:aws:cloudtrail:ap-northeast-1:735291151388:trail;cloudtrail_multi_region_enabled;False;735291151388;GxP-21-CFR-Part-11;GxP (Good Practices) 21 CFR Part 11;
aws;GxP refers to the regulations and guidelines that are applicable to life sciences organizations that make food and medical products. Medical products that fall under this include medicines, medical devices, and medical software applications. The overall intent of GxP requirements is to ensure that food and medical products are safe for consumers. It's also to ensure the integrity of data that's used to make product-related safety decisions.;735291151388;ap-northeast-2;2026-07-10 18:08:16.187152;11.10-e;Persons who use closed systems to create, modify, maintain, or transmit electronic records shall employ procedures and controls designed to ensure the authenticity, integrity, and, when appropriate, the confidentiality of electronic records, and to ensure that the signer cannot readily repudiate the signed record as not genuine. Such procedures and controls shall include the following: (e) Use of secure, computer-generated, time-stamped audit trails to independently record the date and time of operator entries and actions that create, modify, or delete electronic records. Record changes shall not obscure previously recorded information. Such audit trail documentation shall be retained for a period at least as long as that required for the subject electronic records and shall be available for agency review and copying.;11.10 Controls for closed systems;;;aws;;FAIL;No CloudTrail trails enabled with logging were found.;arn:aws:cloudtrail:ap-northeast-2:735291151388:trail;cloudtrail_multi_region_enabled;False;735291151388;GxP-21-CFR-Part-11;GxP (Good Practices) 21 CFR Part 11;
aws;GxP refers to the regulations and guidelines that are applicable to life sciences organizations that make food and medical products. Medical products that fall under this include medicines, medical devices, and medical software applications. The overall intent of GxP requirements is to ensure that food and medical products are safe for consumers. It's also to ensure the integrity of data that's used to make product-related safety decisions.;735291151388;ap-northeast-2;2026-07-10 18:08:16.187152;11.10-k;Persons who use closed systems to create, modify, maintain, or transmit electronic records shall employ procedures and controls designed to ensure the authenticity, integrity, and, when appropriate, the confidentiality of electronic records, and to ensure that the signer cannot readily repudiate the signed record as not genuine. Such procedures and controls shall include the following: (k) Use of appropriate controls over systems documentation including: (1) Adequate controls over the distribution of, access to, and use of documentation for system operation and maintenance. (2) Revision and change control procedures to maintain an audit trail that documents time-sequenced development and modification of systems documentation.;11.10 Controls for closed systems;;;aws;;FAIL;No CloudTrail trails enabled with logging were found.;arn:aws:cloudtrail:ap-northeast-2:735291151388:trail;cloudtrail_multi_region_enabled;False;735291151388;GxP-21-CFR-Part-11;GxP (Good Practices) 21 CFR Part 11;
aws;GxP refers to the regulations and guidelines that are applicable to life sciences organizations that make food and medical products. Medical products that fall under this include medicines, medical devices, and medical software applications. The overall intent of GxP requirements is to ensure that food and medical products are safe for consumers. It's also to ensure the integrity of data that's used to make product-related safety decisions.;735291151388;ap-northeast-2;2026-07-10 18:08:16.187152;11.300-d;Persons who use electronic signatures based upon use of identification codes in combination with passwords shall employ controls to ensure their security and integrity. Such controls shall include: (d) Use of transaction safeguards to prevent unauthorized use of passwords and/or identification codes, and to detect and report in an immediate and urgent manner any attempts at their unauthorized use to the system security unit, and, as appropriate, to organizational management.;11.300 Controls for identification codes/passwords;;;aws;;FAIL;No CloudTrail trails enabled with logging were found.;arn:aws:cloudtrail:ap-northeast-2:735291151388:trail;cloudtrail_multi_region_enabled;False;735291151388;GxP-21-CFR-Part-11;GxP (Good Practices) 21 CFR Part 11;
aws;GxP refers to the regulations and guidelines that are applicable to life sciences organizations that make food and medical products. Medical products that fall under this include medicines, medical devices, and medical software applications. The overall intent of GxP requirements is to ensure that food and medical products are safe for consumers. It's also to ensure the integrity of data that's used to make product-related safety decisions.;735291151388;ap-northeast-3;2026-07-10 18:08:16.187152;11.10-e;Persons who use closed systems to create, modify, maintain, or transmit electronic records shall employ procedures and controls designed to ensure the authenticity, integrity, and, when appropriate, the confidentiality of electronic records, and to ensure that the signer cannot readily repudiate the signed record as not genuine. Such procedures and controls shall include the following: (e) Use of secure, computer-generated, time-stamped audit trails to independently record the date and time of operator entries and actions that create, modify, or delete electronic records. Record changes shall not obscure previously recorded information. Such audit trail documentation shall be retained for a period at least as long as that required for the subject electronic records and shall be available for agency review and copying.;11.10 Controls for closed systems;;;aws;;FAIL;No CloudTrail trails enabled with logging were found.;arn:aws:cloudtrail:ap-northeast-3:735291151388:trail;cloudtrail_multi_region_enabled;False;735291151388;GxP-21-CFR-Part-11;GxP (Good Practices) 21 CFR Part 11;
aws;GxP refers to the regulations and guidelines that are applicable to life sciences organizations that make food and medical products. Medical products that fall under this include medicines, medical devices, and medical software applications. The overall intent of GxP requirements is to ensure that food and medical products are safe for consumers. It's also to ensure the integrity of data that's used to make product-related safety decisions.;735291151388;ap-northeast-3;2026-07-10 18:08:16.187152;11.10-k;Persons who use closed systems to create, modify, maintain, or transmit electronic records shall employ procedures and controls designed to ensure the authenticity, integrity, and, when appropriate, the confidentiality of electronic records, and to ensure that the signer cannot readily repudiate the signed record as not genuine. Such procedures and controls shall include the following: (k) Use of appropriate controls over systems documentation including: (1) Adequate controls over the distribution of, access to, and use of documentation for system operation and maintenance. (2) Revision and change control procedures to maintain an audit trail that documents time-sequenced development and modification of systems documentation.;11.10 Controls for closed systems;;;aws;;FAIL;No CloudTrail trails enabled with logging were found.;arn:aws:cloudtrail:ap-northeast-3:735291151388:trail;cloudtrail_multi_region_enabled;False;735291151388;GxP-21-CFR-Part-11;GxP (Good Practices) 21 CFR Part 11;
aws;GxP refers to the regulations and guidelines that are applicable to life sciences organizations that make food and medical products. Medical products that fall under this include medicines, medical devices, and medical software applications. The overall intent of GxP requirements is to ensure that food and medical products are safe for consumers. It's also to ensure the integrity of data that's used to make product-related safety decisions.;735291151388;ap-northeast-3;2026-07-10 18:08:16.187152;11.300-d;Persons who use electronic signatures based upon use of identification codes in combination with passwords shall employ controls to ensure their security and integrity. Such controls shall include: (d) Use of transaction safeguards to prevent unauthorized use of passwords and/or identification codes, and to detect and report in an immediate and urgent manner any attempts at their unauthorized use to the system security unit, and, as appropriate, to organizational management.;11.300 Controls for identification codes/passwords;;;aws;;FAIL;No CloudTrail trails enabled with logging were found.;arn:aws:cloudtrail:ap-northeast-3:735291151388:trail;cloudtrail_multi_region_enabled;False;735291151388;GxP-21-CFR-Part-11;GxP (Good Practices) 21 CFR Part 11;
aws;GxP refers to the regulations and guidelines that are applicable to life sciences organizations that make food and medical products. Medical products that fall under this include medicines, medical devices, and medical software applications. The overall intent of GxP requirements is to ensure that food and medical products are safe for consumers. It's also to ensure the integrity of data that's used to make product-related safety decisions.;735291151388;ap-south-1;2026-07-10 18:08:16.187152;11.10-e;Persons who use closed systems to create, modify, maintain, or transmit electronic records shall employ procedures and controls designed to ensure the authenticity, integrity, and, when appropriate, the confidentiality of electronic records, and to ensure that the signer cannot readily repudiate the signed record as not genuine. Such procedures and controls shall include the following: (e) Use of secure, computer-generated, time-stamped audit trails to independently record the date and time of operator entries and actions that create, modify, or delete electronic records. Record changes shall not obscure previously recorded information. Such audit trail documentation shall be retained for a period at least as long as that required for the subject electronic records and shall be available for agency review and copying.;11.10 Controls for closed systems;;;aws;;FAIL;No CloudTrail trails enabled with logging were found.;arn:aws:cloudtrail:ap-south-1:735291151388:trail;cloudtrail_multi_region_enabled;False;735291151388;GxP-21-CFR-Part-11;GxP (Good Practices) 21 CFR Part 11;
aws;GxP refers to the regulations and guidelines that are applicable to life sciences organizations that make food and medical products. Medical products that fall under this include medicines, medical devices, and medical software applications. The overall intent of GxP requirements is to ensure that food and medical products are safe for consumers. It's also to ensure the integrity of data that's used to make product-related safety decisions.;735291151388;ap-south-1;2026-07-10 18:08:16.187152;11.10-k;Persons who use closed systems to create, modify, maintain, or transmit electronic records shall employ procedures and controls designed to ensure the authenticity, integrity, and, when appropriate, the confidentiality of electronic records, and to ensure that the signer cannot readily repudiate the signed record as not genuine. Such procedures and controls shall include the following: (k) Use of appropriate controls over systems documentation including: (1) Adequate controls over the distribution of, access to, and use of documentation for system operation and maintenance. (2) Revision and change control procedures to maintain an audit trail that documents time-sequenced development and modification of systems documentation.;11.10 Controls for closed systems;;;aws;;FAIL;No CloudTrail trails enabled with logging were found.;arn:aws:cloudtrail:ap-south-1:735291151388:trail;cloudtrail_multi_region_enabled;False;735291151388;GxP-21-CFR-Part-11;GxP (Good Practices) 21 CFR Part 11;
aws;GxP refers to the regulations and guidelines that are applicable to life sciences organizations that make food and medical products. Medical products that fall under this include medicines, medical devices, and medical software applications. The overall intent of GxP requirements is to ensure that food and medical products are safe for consumers. It's also to ensure the integrity of data that's used to make product-related safety decisions.;735291151388;ap-south-1;2026-07-10 18:08:16.187152;11.300-d;Persons who use electronic signatures based upon use of identification codes in combination with passwords shall employ controls to ensure their security and integrity. Such controls shall include: (d) Use of transaction safeguards to prevent unauthorized use of passwords and/or identification codes, and to detect and report in an immediate and urgent manner any attempts at their unauthorized use to the system security unit, and, as appropriate, to organizational management.;11.300 Controls for identification codes/passwords;;;aws;;FAIL;No CloudTrail trails enabled with logging were found.;arn:aws:cloudtrail:ap-south-1:735291151388:trail;cloudtrail_multi_region_enabled;False;735291151388;GxP-21-CFR-Part-11;GxP (Good Practices) 21 CFR Part 11;
aws;GxP refers to the regulations and guidelines that are applicable to life sciences organizations that make food and medical products. Medical products that fall under this include medicines, medical devices, and medical software applications. The overall intent of GxP requirements is to ensure that food and medical products are safe for consumers. It's also to ensure the integrity of data that's used to make product-related safety decisions.;735291151388;ap-southeast-1;2026-07-10 18:08:16.187152;11.10-e;Persons who use closed systems to create, modify, maintain, or transmit electronic records shall employ procedures and controls designed to ensure the authenticity, integrity, and, when appropriate, the confidentiality of electronic records, and to ensure that the signer cannot readily repudiate the signed record as not genuine. Such procedures and controls shall include the following: (e) Use of secure, computer-generated, time-stamped audit trails to independently record the date and time of operator entries and actions that create, modify, or delete electronic records. Record changes shall not obscure previously recorded information. Such audit trail documentation shall be retained for a period at least as long as that required for the subject electronic records and shall be available for agency review and copying.;11.10 Controls for closed systems;;;aws;;FAIL;No CloudTrail trails enabled with logging were found.;arn:aws:cloudtrail:ap-southeast-1:735291151388:trail;cloudtrail_multi_region_enabled;False;735291151388;GxP-21-CFR-Part-11;GxP (Good Practices) 21 CFR Part 11;
aws;GxP refers to the regulations and guidelines that are applicable to life sciences organizations that make food and medical products. Medical products that fall under this include medicines, medical devices, and medical software applications. The overall intent of GxP requirements is to ensure that food and medical products are safe for consumers. It's also to ensure the integrity of data that's used to make product-related safety decisions.;735291151388;ap-southeast-1;2026-07-10 18:08:16.187152;11.10-k;Persons who use closed systems to create, modify, maintain, or transmit electronic records shall employ procedures and controls designed to ensure the authenticity, integrity, and, when appropriate, the confidentiality of electronic records, and to ensure that the signer cannot readily repudiate the signed record as not genuine. Such procedures and controls shall include the following: (k) Use of appropriate controls over systems documentation including: (1) Adequate controls over the distribution of, access to, and use of documentation for system operation and maintenance. (2) Revision and change control procedures to maintain an audit trail that documents time-sequenced development and modification of systems documentation.;11.10 Controls for closed systems;;;aws;;FAIL;No CloudTrail trails enabled with logging were found.;arn:aws:cloudtrail:ap-southeast-1:735291151388:trail;cloudtrail_multi_region_enabled;False;735291151388;GxP-21-CFR-Part-11;GxP (Good Practices) 21 CFR Part 11;
aws;GxP refers to the regulations and guidelines that are applicable to life sciences organizations that make food and medical products. Medical products that fall under this include medicines, medical devices, and medical software applications. The overall intent of GxP requirements is to ensure that food and medical products are safe for consumers. It's also to ensure the integrity of data that's used to make product-related safety decisions.;735291151388;ap-southeast-1;2026-07-10 18:08:16.187152;11.300-d;Persons who use electronic signatures based upon use of identification codes in combination with passwords shall employ controls to ensure their security and integrity. Such controls shall include: (d) Use of transaction safeguards to prevent unauthorized use of passwords and/or identification codes, and to detect and report in an immediate and urgent manner any attempts at their unauthorized use to the system security unit, and, as appropriate, to organizational management.;11.300 Controls for identification codes/passwords;;;aws;;FAIL;No CloudTrail trails enabled with logging were found.;arn:aws:cloudtrail:ap-southeast-1:735291151388:trail;cloudtrail_multi_region_enabled;False;735291151388;GxP-21-CFR-Part-11;GxP (Good Practices) 21 CFR Part 11;
aws;GxP refers to the regulations and guidelines that are applicable to life sciences organizations that make food and medical products. Medical products that fall under this include medicines, medical devices, and medical software applications. The overall intent of GxP requirements is to ensure that food and medical products are safe for consumers. It's also to ensure the integrity of data that's used to make product-related safety decisions.;735291151388;ap-southeast-2;2026-07-10 18:08:16.187152;11.10-e;Persons who use closed systems to create, modify, maintain, or transmit electronic records shall employ procedures and controls designed to ensure the authenticity, integrity, and, when appropriate, the confidentiality of electronic records, and to ensure that the signer cannot readily repudiate the signed record as not genuine. Such procedures and controls shall include the following: (e) Use of secure, computer-generated, time-stamped audit trails to independently record the date and time of operator entries and actions that create, modify, or delete electronic records. Record changes shall not obscure previously recorded information. Such audit trail documentation shall be retained for a period at least as long as that required for the subject electronic records and shall be available for agency review and copying.;11.10 Controls for closed systems;;;aws;;FAIL;No CloudTrail trails enabled with logging were found.;arn:aws:cloudtrail:ap-southeast-2:735291151388:trail;cloudtrail_multi_region_enabled;False;735291151388;GxP-21-CFR-Part-11;GxP (Good Practices) 21 CFR Part 11;
aws;GxP refers to the regulations and guidelines that are applicable to life sciences organizations that make food and medical products. Medical products that fall under this include medicines, medical devices, and medical software applications. The overall intent of GxP requirements is to ensure that food and medical products are safe for consumers. It's also to ensure the integrity of data that's used to make product-related safety decisions.;735291151388;ap-southeast-2;2026-07-10 18:08:16.187152;11.10-k;Persons who use closed systems to create, modify, maintain, or transmit electronic records shall employ procedures and controls designed to ensure the authenticity, integrity, and, when appropriate, the confidentiality of electronic records, and to ensure that the signer cannot readily repudiate the signed record as not genuine. Such procedures and controls shall include the following: (k) Use of appropriate controls over systems documentation including: (1) Adequate controls over the distribution of, access to, and use of documentation for system operation and maintenance. (2) Revision and change control procedures to maintain an audit trail that documents time-sequenced development and modification of systems documentation.;11.10 Controls for closed systems;;;aws;;FAIL;No CloudTrail trails enabled with logging were found.;arn:aws:cloudtrail:ap-southeast-2:735291151388:trail;cloudtrail_multi_region_enabled;False;735291151388;GxP-21-CFR-Part-11;GxP (Good Practices) 21 CFR Part 11;
aws;GxP refers to the regulations and guidelines that are applicable to life sciences organizations that make food and medical products. Medical products that fall under this include medicines, medical devices, and medical software applications. The overall intent of GxP requirements is to ensure that food and medical products are safe for consumers. It's also to ensure the integrity of data that's used to make product-related safety decisions.;735291151388;ap-southeast-2;2026-07-10 18:08:16.187152;11.300-d;Persons who use electronic signatures based upon use of identification codes in combination with passwords shall employ controls to ensure their security and integrity. Such controls shall include: (d) Use of transaction safeguards to prevent unauthorized use of passwords and/or identification codes, and to detect and report in an immediate and urgent manner any attempts at their unauthorized use to the system security unit, and, as appropriate, to organizational management.;11.300 Controls for identification codes/passwords;;;aws;;FAIL;No CloudTrail trails enabled with logging were found.;arn:aws:cloudtrail:ap-southeast-2:735291151388:trail;cloudtrail_multi_region_enabled;False;735291151388;GxP-21-CFR-Part-11;GxP (Good Practices) 21 CFR Part 11;
aws;GxP refers to the regulations and guidelines that are applicable to life sciences organizations that make food and medical products. Medical products that fall under this include medicines, medical devices, and medical software applications. The overall intent of GxP requirements is to ensure that food and medical products are safe for consumers. It's also to ensure the integrity of data that's used to make product-related safety decisions.;735291151388;ca-central-1;2026-07-10 18:08:16.187152;11.10-e;Persons who use closed systems to create, modify, maintain, or transmit electronic records shall employ procedures and controls designed to ensure the authenticity, integrity, and, when appropriate, the confidentiality of electronic records, and to ensure that the signer cannot readily repudiate the signed record as not genuine. Such procedures and controls shall include the following: (e) Use of secure, computer-generated, time-stamped audit trails to independently record the date and time of operator entries and actions that create, modify, or delete electronic records. Record changes shall not obscure previously recorded information. Such audit trail documentation shall be retained for a period at least as long as that required for the subject electronic records and shall be available for agency review and copying.;11.10 Controls for closed systems;;;aws;;FAIL;No CloudTrail trails enabled with logging were found.;arn:aws:cloudtrail:ca-central-1:735291151388:trail;cloudtrail_multi_region_enabled;False;735291151388;GxP-21-CFR-Part-11;GxP (Good Practices) 21 CFR Part 11;
aws;GxP refers to the regulations and guidelines that are applicable to life sciences organizations that make food and medical products. Medical products that fall under this include medicines, medical devices, and medical software applications. The overall intent of GxP requirements is to ensure that food and medical products are safe for consumers. It's also to ensure the integrity of data that's used to make product-related safety decisions.;735291151388;ca-central-1;2026-07-10 18:08:16.187152;11.10-k;Persons who use closed systems to create, modify, maintain, or transmit electronic records shall employ procedures and controls designed to ensure the authenticity, integrity, and, when appropriate, the confidentiality of electronic records, and to ensure that the signer cannot readily repudiate the signed record as not genuine. Such procedures and controls shall include the following: (k) Use of appropriate controls over systems documentation including: (1) Adequate controls over the distribution of, access to, and use of documentation for system operation and maintenance. (2) Revision and change control procedures to maintain an audit trail that documents time-sequenced development and modification of systems documentation.;11.10 Controls for closed systems;;;aws;;FAIL;No CloudTrail trails enabled with logging were found.;arn:aws:cloudtrail:ca-central-1:735291151388:trail;cloudtrail_multi_region_enabled;False;735291151388;GxP-21-CFR-Part-11;GxP (Good Practices) 21 CFR Part 11;
aws;GxP refers to the regulations and guidelines that are applicable to life sciences organizations that make food and medical products. Medical products that fall under this include medicines, medical devices, and medical software applications. The overall intent of GxP requirements is to ensure that food and medical products are safe for consumers. It's also to ensure the integrity of data that's used to make product-related safety decisions.;735291151388;ca-central-1;2026-07-10 18:08:16.187152;11.300-d;Persons who use electronic signatures based upon use of identification codes in combination with passwords shall employ controls to ensure their security and integrity. Such controls shall include: (d) Use of transaction safeguards to prevent unauthorized use of passwords and/or identification codes, and to detect and report in an immediate and urgent manner any attempts at their unauthorized use to the system security unit, and, as appropriate, to organizational management.;11.300 Controls for identification codes/passwords;;;aws;;FAIL;No CloudTrail trails enabled with logging were found.;arn:aws:cloudtrail:ca-central-1:735291151388:trail;cloudtrail_multi_region_enabled;False;735291151388;GxP-21-CFR-Part-11;GxP (Good Practices) 21 CFR Part 11;
aws;GxP refers to the regulations and guidelines that are applicable to life sciences organizations that make food and medical products. Medical products that fall under this include medicines, medical devices, and medical software applications. The overall intent of GxP requirements is to ensure that food and medical products are safe for consumers. It's also to ensure the integrity of data that's used to make product-related safety decisions.;735291151388;eu-central-1;2026-07-10 18:08:16.187152;11.10-e;Persons who use closed systems to create, modify, maintain, or transmit electronic records shall employ procedures and controls designed to ensure the authenticity, integrity, and, when appropriate, the confidentiality of electronic records, and to ensure that the signer cannot readily repudiate the signed record as not genuine. Such procedures and controls shall include the following: (e) Use of secure, computer-generated, time-stamped audit trails to independently record the date and time of operator entries and actions that create, modify, or delete electronic records. Record changes shall not obscure previously recorded information. Such audit trail documentation shall be retained for a period at least as long as that required for the subject electronic records and shall be available for agency review and copying.;11.10 Controls for closed systems;;;aws;;FAIL;No CloudTrail trails enabled with logging were found.;arn:aws:cloudtrail:eu-central-1:735291151388:trail;cloudtrail_multi_region_enabled;False;735291151388;GxP-21-CFR-Part-11;GxP (Good Practices) 21 CFR Part 11;
aws;GxP refers to the regulations and guidelines that are applicable to life sciences organizations that make food and medical products. Medical products that fall under this include medicines, medical devices, and medical software applications. The overall intent of GxP requirements is to ensure that food and medical products are safe for consumers. It's also to ensure the integrity of data that's used to make product-related safety decisions.;735291151388;eu-central-1;2026-07-10 18:08:16.187152;11.10-k;Persons who use closed systems to create, modify, maintain, or transmit electronic records shall employ procedures and controls designed to ensure the authenticity, integrity, and, when appropriate, the confidentiality of electronic records, and to ensure that the signer cannot readily repudiate the signed record as not genuine. Such procedures and controls shall include the following: (k) Use of appropriate controls over systems documentation including: (1) Adequate controls over the distribution of, access to, and use of documentation for system operation and maintenance. (2) Revision and change control procedures to maintain an audit trail that documents time-sequenced development and modification of systems documentation.;11.10 Controls for closed systems;;;aws;;FAIL;No CloudTrail trails enabled with logging were found.;arn:aws:cloudtrail:eu-central-1:735291151388:trail;cloudtrail_multi_region_enabled;False;735291151388;GxP-21-CFR-Part-11;GxP (Good Practices) 21 CFR Part 11;
aws;GxP refers to the regulations and guidelines that are applicable to life sciences organizations that make food and medical products. Medical products that fall under this include medicines, medical devices, and medical software applications. The overall intent of GxP requirements is to ensure that food and medical products are safe for consumers. It's also to ensure the integrity of data that's used to make product-related safety decisions.;735291151388;eu-central-1;2026-07-10 18:08:16.187152;11.300-d;Persons who use electronic signatures based upon use of identification codes in combination with passwords shall employ controls to ensure their security and integrity. Such controls shall include: (d) Use of transaction safeguards to prevent unauthorized use of passwords and/or identification codes, and to detect and report in an immediate and urgent manner any attempts at their unauthorized use to the system security unit, and, as appropriate, to organizational management.;11.300 Controls for identification codes/passwords;;;aws;;FAIL;No CloudTrail trails enabled with logging were found.;arn:aws:cloudtrail:eu-central-1:735291151388:trail;cloudtrail_multi_region_enabled;False;735291151388;GxP-21-CFR-Part-11;GxP (Good Practices) 21 CFR Part 11;
aws;GxP refers to the regulations and guidelines that are applicable to life sciences organizations that make food and medical products. Medical products that fall under this include medicines, medical devices, and medical software applications. The overall intent of GxP requirements is to ensure that food and medical products are safe for consumers. It's also to ensure the integrity of data that's used to make product-related safety decisions.;735291151388;eu-north-1;2026-07-10 18:08:16.187152;11.10-e;Persons who use closed systems to create, modify, maintain, or transmit electronic records shall employ procedures and controls designed to ensure the authenticity, integrity, and, when appropriate, the confidentiality of electronic records, and to ensure that the signer cannot readily repudiate the signed record as not genuine. Such procedures and controls shall include the following: (e) Use of secure, computer-generated, time-stamped audit trails to independently record the date and time of operator entries and actions that create, modify, or delete electronic records. Record changes shall not obscure previously recorded information. Such audit trail documentation shall be retained for a period at least as long as that required for the subject electronic records and shall be available for agency review and copying.;11.10 Controls for closed systems;;;aws;;FAIL;No CloudTrail trails enabled with logging were found.;arn:aws:cloudtrail:eu-north-1:735291151388:trail;cloudtrail_multi_region_enabled;False;735291151388;GxP-21-CFR-Part-11;GxP (Good Practices) 21 CFR Part 11;
aws;GxP refers to the regulations and guidelines that are applicable to life sciences organizations that make food and medical products. Medical products that fall under this include medicines, medical devices, and medical software applications. The overall intent of GxP requirements is to ensure that food and medical products are safe for consumers. It's also to ensure the integrity of data that's used to make product-related safety decisions.;735291151388;eu-north-1;2026-07-10 18:08:16.187152;11.10-k;Persons who use closed systems to create, modify, maintain, or transmit electronic records shall employ procedures and controls designed to ensure the authenticity, integrity, and, when appropriate, the confidentiality of electronic records, and to ensure that the signer cannot readily repudiate the signed record as not genuine. Such procedures and controls shall include the following: (k) Use of appropriate controls over systems documentation including: (1) Adequate controls over the distribution of, access to, and use of documentation for system operation and maintenance. (2) Revision and change control procedures to maintain an audit trail that documents time-sequenced development and modification of systems documentation.;11.10 Controls for closed systems;;;aws;;FAIL;No CloudTrail trails enabled with logging were found.;arn:aws:cloudtrail:eu-north-1:735291151388:trail;cloudtrail_multi_region_enabled;False;735291151388;GxP-21-CFR-Part-11;GxP (Good Practices) 21 CFR Part 11;
aws;GxP refers to the regulations and guidelines that are applicable to life sciences organizations that make food and medical products. Medical products that fall under this include medicines, medical devices, and medical software applications. The overall intent of GxP requirements is to ensure that food and medical products are safe for consumers. It's also to ensure the integrity of data that's used to make product-related safety decisions.;735291151388;eu-north-1;2026-07-10 18:08:16.187152;11.300-d;Persons who use electronic signatures based upon use of identification codes in combination with passwords shall employ controls to ensure their security and integrity. Such controls shall include: (d) Use of transaction safeguards to prevent unauthorized use of passwords and/or identification codes, and to detect and report in an immediate and urgent manner any attempts at their unauthorized use to the system security unit, and, as appropriate, to organizational management.;11.300 Controls for identification codes/passwords;;;aws;;FAIL;No CloudTrail trails enabled with logging were found.;arn:aws:cloudtrail:eu-north-1:735291151388:trail;cloudtrail_multi_region_enabled;False;735291151388;GxP-21-CFR-Part-11;GxP (Good Practices) 21 CFR Part 11;
aws;GxP refers to the regulations and guidelines that are applicable to life sciences organizations that make food and medical products. Medical products that fall under this include medicines, medical devices, and medical software applications. The overall intent of GxP requirements is to ensure that food and medical products are safe for consumers. It's also to ensure the integrity of data that's used to make product-related safety decisions.;735291151388;eu-west-1;2026-07-10 18:08:16.187152;11.10-e;Persons who use closed systems to create, modify, maintain, or transmit electronic records shall employ procedures and controls designed to ensure the authenticity, integrity, and, when appropriate, the confidentiality of electronic records, and to ensure that the signer cannot readily repudiate the signed record as not genuine. Such procedures and controls shall include the following: (e) Use of secure, computer-generated, time-stamped audit trails to independently record the date and time of operator entries and actions that create, modify, or delete electronic records. Record changes shall not obscure previously recorded information. Such audit trail documentation shall be retained for a period at least as long as that required for the subject electronic records and shall be available for agency review and copying.;11.10 Controls for closed systems;;;aws;;FAIL;No CloudTrail trails enabled with logging were found.;arn:aws:cloudtrail:eu-west-1:735291151388:trail;cloudtrail_multi_region_enabled;False;735291151388;GxP-21-CFR-Part-11;GxP (Good Practices) 21 CFR Part 11;
aws;GxP refers to the regulations and guidelines that are applicable to life sciences organizations that make food and medical products. Medical products that fall under this include medicines, medical devices, and medical software applications. The overall intent of GxP requirements is to ensure that food and medical products are safe for consumers. It's also to ensure the integrity of data that's used to make product-related safety decisions.;735291151388;eu-west-1;2026-07-10 18:08:16.187152;11.10-k;Persons who use closed systems to create, modify, maintain, or transmit electronic records shall employ procedures and controls designed to ensure the authenticity, integrity, and, when appropriate, the confidentiality of electronic records, and to ensure that the signer cannot readily repudiate the signed record as not genuine. Such procedures and controls shall include the following: (k) Use of appropriate controls over systems documentation including: (1) Adequate controls over the distribution of, access to, and use of documentation for system operation and maintenance. (2) Revision and change control procedures to maintain an audit trail that documents time-sequenced development and modification of systems documentation.;11.10 Controls for closed systems;;;aws;;FAIL;No CloudTrail trails enabled with logging were found.;arn:aws:cloudtrail:eu-west-1:735291151388:trail;cloudtrail_multi_region_enabled;False;735291151388;GxP-21-CFR-Part-11;GxP (Good Practices) 21 CFR Part 11;
aws;GxP refers to the regulations and guidelines that are applicable to life sciences organizations that make food and medical products. Medical products that fall under this include medicines, medical devices, and medical software applications. The overall intent of GxP requirements is to ensure that food and medical products are safe for consumers. It's also to ensure the integrity of data that's used to make product-related safety decisions.;735291151388;eu-west-1;2026-07-10 18:08:16.187152;11.300-d;Persons who use electronic signatures based upon use of identification codes in combination with passwords shall employ controls to ensure their security and integrity. Such controls shall include: (d) Use of transaction safeguards to prevent unauthorized use of passwords and/or identification codes, and to detect and report in an immediate and urgent manner any attempts at their unauthorized use to the system security unit, and, as appropriate, to organizational management.;11.300 Controls for identification codes/passwords;;;aws;;FAIL;No CloudTrail trails enabled with logging were found.;arn:aws:cloudtrail:eu-west-1:735291151388:trail;cloudtrail_multi_region_enabled;False;735291151388;GxP-21-CFR-Part-11;GxP (Good Practices) 21 CFR Part 11;
aws;GxP refers to the regulations and guidelines that are applicable to life sciences organizations that make food and medical products. Medical products that fall under this include medicines, medical devices, and medical software applications. The overall intent of GxP requirements is to ensure that food and medical products are safe for consumers. It's also to ensure the integrity of data that's used to make product-related safety decisions.;735291151388;eu-west-2;2026-07-10 18:08:16.187152;11.10-e;Persons who use closed systems to create, modify, maintain, or transmit electronic records shall employ procedures and controls designed to ensure the authenticity, integrity, and, when appropriate, the confidentiality of electronic records, and to ensure that the signer cannot readily repudiate the signed record as not genuine. Such procedures and controls shall include the following: (e) Use of secure, computer-generated, time-stamped audit trails to independently record the date and time of operator entries and actions that create, modify, or delete electronic records. Record changes shall not obscure previously recorded information. Such audit trail documentation shall be retained for a period at least as long as that required for the subject electronic records and shall be available for agency review and copying.;11.10 Controls for closed systems;;;aws;;FAIL;No CloudTrail trails enabled with logging were found.;arn:aws:cloudtrail:eu-west-2:735291151388:trail;cloudtrail_multi_region_enabled;False;735291151388;GxP-21-CFR-Part-11;GxP (Good Practices) 21 CFR Part 11;
aws;GxP refers to the regulations and guidelines that are applicable to life sciences organizations that make food and medical products. Medical products that fall under this include medicines, medical devices, and medical software applications. The overall intent of GxP requirements is to ensure that food and medical products are safe for consumers. It's also to ensure the integrity of data that's used to make product-related safety decisions.;735291151388;eu-west-2;2026-07-10 18:08:16.187152;11.10-k;Persons who use closed systems to create, modify, maintain, or transmit electronic records shall employ procedures and controls designed to ensure the authenticity, integrity, and, when appropriate, the confidentiality of electronic records, and to ensure that the signer cannot readily repudiate the signed record as not genuine. Such procedures and controls shall include the following: (k) Use of appropriate controls over systems documentation including: (1) Adequate controls over the distribution of, access to, and use of documentation for system operation and maintenance. (2) Revision and change control procedures to maintain an audit trail that documents time-sequenced development and modification of systems documentation.;11.10 Controls for closed systems;;;aws;;FAIL;No CloudTrail trails enabled with logging were found.;arn:aws:cloudtrail:eu-west-2:735291151388:trail;cloudtrail_multi_region_enabled;False;735291151388;GxP-21-CFR-Part-11;GxP (Good Practices) 21 CFR Part 11;
aws;GxP refers to the regulations and guidelines that are applicable to life sciences organizations that make food and medical products. Medical products that fall under this include medicines, medical devices, and medical software applications. The overall intent of GxP requirements is to ensure that food and medical products are safe for consumers. It's also to ensure the integrity of data that's used to make product-related safety decisions.;735291151388;eu-west-2;2026-07-10 18:08:16.187152;11.300-d;Persons who use electronic signatures based upon use of identification codes in combination with passwords shall employ controls to ensure their security and integrity. Such controls shall include: (d) Use of transaction safeguards to prevent unauthorized use of passwords and/or identification codes, and to detect and report in an immediate and urgent manner any attempts at their unauthorized use to the system security unit, and, as appropriate, to organizational management.;11.300 Controls for identification codes/passwords;;;aws;;FAIL;No CloudTrail trails enabled with logging were found.;arn:aws:cloudtrail:eu-west-2:735291151388:trail;cloudtrail_multi_region_enabled;False;735291151388;GxP-21-CFR-Part-11;GxP (Good Practices) 21 CFR Part 11;
aws;GxP refers to the regulations and guidelines that are applicable to life sciences organizations that make food and medical products. Medical products that fall under this include medicines, medical devices, and medical software applications. The overall intent of GxP requirements is to ensure that food and medical products are safe for consumers. It's also to ensure the integrity of data that's used to make product-related safety decisions.;735291151388;eu-west-3;2026-07-10 18:08:16.187152;11.10-e;Persons who use closed systems to create, modify, maintain, or transmit electronic records shall employ procedures and controls designed to ensure the authenticity, integrity, and, when appropriate, the confidentiality of electronic records, and to ensure that the signer cannot readily repudiate the signed record as not genuine. Such procedures and controls shall include the following: (e) Use of secure, computer-generated, time-stamped audit trails to independently record the date and time of operator entries and actions that create, modify, or delete electronic records. Record changes shall not obscure previously recorded information. Such audit trail documentation shall be retained for a period at least as long as that required for the subject electronic records and shall be available for agency review and copying.;11.10 Controls for closed systems;;;aws;;FAIL;No CloudTrail trails enabled with logging were found.;arn:aws:cloudtrail:eu-west-3:735291151388:trail;cloudtrail_multi_region_enabled;False;735291151388;GxP-21-CFR-Part-11;GxP (Good Practices) 21 CFR Part 11;
aws;GxP refers to the regulations and guidelines that are applicable to life sciences organizations that make food and medical products. Medical products that fall under this include medicines, medical devices, and medical software applications. The overall intent of GxP requirements is to ensure that food and medical products are safe for consumers. It's also to ensure the integrity of data that's used to make product-related safety decisions.;735291151388;eu-west-3;2026-07-10 18:08:16.187152;11.10-k;Persons who use closed systems to create, modify, maintain, or transmit electronic records shall employ procedures and controls designed to ensure the authenticity, integrity, and, when appropriate, the confidentiality of electronic records, and to ensure that the signer cannot readily repudiate the signed record as not genuine. Such procedures and controls shall include the following: (k) Use of appropriate controls over systems documentation including: (1) Adequate controls over the distribution of, access to, and use of documentation for system operation and maintenance. (2) Revision and change control procedures to maintain an audit trail that documents time-sequenced development and modification of systems documentation.;11.10 Controls for closed systems;;;aws;;FAIL;No CloudTrail trails enabled with logging were found.;arn:aws:cloudtrail:eu-west-3:735291151388:trail;cloudtrail_multi_region_enabled;False;735291151388;GxP-21-CFR-Part-11;GxP (Good Practices) 21 CFR Part 11;
aws;GxP refers to the regulations and guidelines that are applicable to life sciences organizations that make food and medical products. Medical products that fall under this include medicines, medical devices, and medical software applications. The overall intent of GxP requirements is to ensure that food and medical products are safe for consumers. It's also to ensure the integrity of data that's used to make product-related safety decisions.;735291151388;eu-west-3;2026-07-10 18:08:16.187152;11.300-d;Persons who use electronic signatures based upon use of identification codes in combination with passwords shall employ controls to ensure their security and integrity. Such controls shall include: (d) Use of transaction safeguards to prevent unauthorized use of passwords and/or identification codes, and to detect and report in an immediate and urgent manner any attempts at their unauthorized use to the system security unit, and, as appropriate, to organizational management.;11.300 Controls for identification codes/passwords;;;aws;;FAIL;No CloudTrail trails enabled with logging were found.;arn:aws:cloudtrail:eu-west-3:735291151388:trail;cloudtrail_multi_region_enabled;False;735291151388;GxP-21-CFR-Part-11;GxP (Good Practices) 21 CFR Part 11;
aws;GxP refers to the regulations and guidelines that are applicable to life sciences organizations that make food and medical products. Medical products that fall under this include medicines, medical devices, and medical software applications. The overall intent of GxP requirements is to ensure that food and medical products are safe for consumers. It's also to ensure the integrity of data that's used to make product-related safety decisions.;735291151388;sa-east-1;2026-07-10 18:08:16.187152;11.10-e;Persons who use closed systems to create, modify, maintain, or transmit electronic records shall employ procedures and controls designed to ensure the authenticity, integrity, and, when appropriate, the confidentiality of electronic records, and to ensure that the signer cannot readily repudiate the signed record as not genuine. Such procedures and controls shall include the following: (e) Use of secure, computer-generated, time-stamped audit trails to independently record the date and time of operator entries and actions that create, modify, or delete electronic records. Record changes shall not obscure previously recorded information. Such audit trail documentation shall be retained for a period at least as long as that required for the subject electronic records and shall be available for agency review and copying.;11.10 Controls for closed systems;;;aws;;FAIL;No CloudTrail trails enabled with logging were found.;arn:aws:cloudtrail:sa-east-1:735291151388:trail;cloudtrail_multi_region_enabled;False;735291151388;GxP-21-CFR-Part-11;GxP (Good Practices) 21 CFR Part 11;
aws;GxP refers to the regulations and guidelines that are applicable to life sciences organizations that make food and medical products. Medical products that fall under this include medicines, medical devices, and medical software applications. The overall intent of GxP requirements is to ensure that food and medical products are safe for consumers. It's also to ensure the integrity of data that's used to make product-related safety decisions.;735291151388;sa-east-1;2026-07-10 18:08:16.187152;11.10-k;Persons who use closed systems to create, modify, maintain, or transmit electronic records shall employ procedures and controls designed to ensure the authenticity, integrity, and, when appropriate, the confidentiality of electronic records, and to ensure that the signer cannot readily repudiate the signed record as not genuine. Such procedures and controls shall include the following: (k) Use of appropriate controls over systems documentation including: (1) Adequate controls over the distribution of, access to, and use of documentation for system operation and maintenance. (2) Revision and change control procedures to maintain an audit trail that documents time-sequenced development and modification of systems documentation.;11.10 Controls for closed systems;;;aws;;FAIL;No CloudTrail trails enabled with logging were found.;arn:aws:cloudtrail:sa-east-1:735291151388:trail;cloudtrail_multi_region_enabled;False;735291151388;GxP-21-CFR-Part-11;GxP (Good Practices) 21 CFR Part 11;
aws;GxP refers to the regulations and guidelines that are applicable to life sciences organizations that make food and medical products. Medical products that fall under this include medicines, medical devices, and medical software applications. The overall intent of GxP requirements is to ensure that food and medical products are safe for consumers. It's also to ensure the integrity of data that's used to make product-related safety decisions.;735291151388;sa-east-1;2026-07-10 18:08:16.187152;11.300-d;Persons who use electronic signatures based upon use of identification codes in combination with passwords shall employ controls to ensure their security and integrity. Such controls shall include: (d) Use of transaction safeguards to prevent unauthorized use of passwords and/or identification codes, and to detect and report in an immediate and urgent manner any attempts at their unauthorized use to the system security unit, and, as appropriate, to organizational management.;11.300 Controls for identification codes/passwords;;;aws;;FAIL;No CloudTrail trails enabled with logging were found.;arn:aws:cloudtrail:sa-east-1:735291151388:trail;cloudtrail_multi_region_enabled;False;735291151388;GxP-21-CFR-Part-11;GxP (Good Practices) 21 CFR Part 11;
aws;GxP refers to the regulations and guidelines that are applicable to life sciences organizations that make food and medical products. Medical products that fall under this include medicines, medical devices, and medical software applications. The overall intent of GxP requirements is to ensure that food and medical products are safe for consumers. It's also to ensure the integrity of data that's used to make product-related safety decisions.;735291151388;us-east-1;2026-07-10 18:08:16.187152;11.10-e;Persons who use closed systems to create, modify, maintain, or transmit electronic records shall employ procedures and controls designed to ensure the authenticity, integrity, and, when appropriate, the confidentiality of electronic records, and to ensure that the signer cannot readily repudiate the signed record as not genuine. Such procedures and controls shall include the following: (e) Use of secure, computer-generated, time-stamped audit trails to independently record the date and time of operator entries and actions that create, modify, or delete electronic records. Record changes shall not obscure previously recorded information. Such audit trail documentation shall be retained for a period at least as long as that required for the subject electronic records and shall be available for agency review and copying.;11.10 Controls for closed systems;;;aws;;FAIL;No CloudTrail trails enabled with logging were found.;arn:aws:cloudtrail:us-east-1:735291151388:trail;cloudtrail_multi_region_enabled;False;735291151388;GxP-21-CFR-Part-11;GxP (Good Practices) 21 CFR Part 11;
aws;GxP refers to the regulations and guidelines that are applicable to life sciences organizations that make food and medical products. Medical products that fall under this include medicines, medical devices, and medical software applications. The overall intent of GxP requirements is to ensure that food and medical products are safe for consumers. It's also to ensure the integrity of data that's used to make product-related safety decisions.;735291151388;us-east-1;2026-07-10 18:08:16.187152;11.10-k;Persons who use closed systems to create, modify, maintain, or transmit electronic records shall employ procedures and controls designed to ensure the authenticity, integrity, and, when appropriate, the confidentiality of electronic records, and to ensure that the signer cannot readily repudiate the signed record as not genuine. Such procedures and controls shall include the following: (k) Use of appropriate controls over systems documentation including: (1) Adequate controls over the distribution of, access to, and use of documentation for system operation and maintenance. (2) Revision and change control procedures to maintain an audit trail that documents time-sequenced development and modification of systems documentation.;11.10 Controls for closed systems;;;aws;;FAIL;No CloudTrail trails enabled with logging were found.;arn:aws:cloudtrail:us-east-1:735291151388:trail;cloudtrail_multi_region_enabled;False;735291151388;GxP-21-CFR-Part-11;GxP (Good Practices) 21 CFR Part 11;
aws;GxP refers to the regulations and guidelines that are applicable to life sciences organizations that make food and medical products. Medical products that fall under this include medicines, medical devices, and medical software applications. The overall intent of GxP requirements is to ensure that food and medical products are safe for consumers. It's also to ensure the integrity of data that's used to make product-related safety decisions.;735291151388;us-east-1;2026-07-10 18:08:16.187152;11.300-d;Persons who use electronic signatures based upon use of identification codes in combination with passwords shall employ controls to ensure their security and integrity. Such controls shall include: (d) Use of transaction safeguards to prevent unauthorized use of passwords and/or identification codes, and to detect and report in an immediate and urgent manner any attempts at their unauthorized use to the system security unit, and, as appropriate, to organizational management.;11.300 Controls for identification codes/passwords;;;aws;;FAIL;No CloudTrail trails enabled with logging were found.;arn:aws:cloudtrail:us-east-1:735291151388:trail;cloudtrail_multi_region_enabled;False;735291151388;GxP-21-CFR-Part-11;GxP (Good Practices) 21 CFR Part 11;
aws;GxP refers to the regulations and guidelines that are applicable to life sciences organizations that make food and medical products. Medical products that fall under this include medicines, medical devices, and medical software applications. The overall intent of GxP requirements is to ensure that food and medical products are safe for consumers. It's also to ensure the integrity of data that's used to make product-related safety decisions.;735291151388;us-east-2;2026-07-10 18:08:16.187152;11.10-e;Persons who use closed systems to create, modify, maintain, or transmit electronic records shall employ procedures and controls designed to ensure the authenticity, integrity, and, when appropriate, the confidentiality of electronic records, and to ensure that the signer cannot readily repudiate the signed record as not genuine. Such procedures and controls shall include the following: (e) Use of secure, computer-generated, time-stamped audit trails to independently record the date and time of operator entries and actions that create, modify, or delete electronic records. Record changes shall not obscure previously recorded information. Such audit trail documentation shall be retained for a period at least as long as that required for the subject electronic records and shall be available for agency review and copying.;11.10 Controls for closed systems;;;aws;;FAIL;No CloudTrail trails enabled with logging were found.;arn:aws:cloudtrail:us-east-2:735291151388:trail;cloudtrail_multi_region_enabled;False;735291151388;GxP-21-CFR-Part-11;GxP (Good Practices) 21 CFR Part 11;
aws;GxP refers to the regulations and guidelines that are applicable to life sciences organizations that make food and medical products. Medical products that fall under this include medicines, medical devices, and medical software applications. The overall intent of GxP requirements is to ensure that food and medical products are safe for consumers. It's also to ensure the integrity of data that's used to make product-related safety decisions.;735291151388;us-east-2;2026-07-10 18:08:16.187152;11.10-k;Persons who use closed systems to create, modify, maintain, or transmit electronic records shall employ procedures and controls designed to ensure the authenticity, integrity, and, when appropriate, the confidentiality of electronic records, and to ensure that the signer cannot readily repudiate the signed record as not genuine. Such procedures and controls shall include the following: (k) Use of appropriate controls over systems documentation including: (1) Adequate controls over the distribution of, access to, and use of documentation for system operation and maintenance. (2) Revision and change control procedures to maintain an audit trail that documents time-sequenced development and modification of systems documentation.;11.10 Controls for closed systems;;;aws;;FAIL;No CloudTrail trails enabled with logging were found.;arn:aws:cloudtrail:us-east-2:735291151388:trail;cloudtrail_multi_region_enabled;False;735291151388;GxP-21-CFR-Part-11;GxP (Good Practices) 21 CFR Part 11;
aws;GxP refers to the regulations and guidelines that are applicable to life sciences organizations that make food and medical products. Medical products that fall under this include medicines, medical devices, and medical software applications. The overall intent of GxP requirements is to ensure that food and medical products are safe for consumers. It's also to ensure the integrity of data that's used to make product-related safety decisions.;735291151388;us-east-2;2026-07-10 18:08:16.187152;11.300-d;Persons who use electronic signatures based upon use of identification codes in combination with passwords shall employ controls to ensure their security and integrity. Such controls shall include: (d) Use of transaction safeguards to prevent unauthorized use of passwords and/or identification codes, and to detect and report in an immediate and urgent manner any attempts at their unauthorized use to the system security unit, and, as appropriate, to organizational management.;11.300 Controls for identification codes/passwords;;;aws;;FAIL;No CloudTrail trails enabled with logging were found.;arn:aws:cloudtrail:us-east-2:735291151388:trail;cloudtrail_multi_region_enabled;False;735291151388;GxP-21-CFR-Part-11;GxP (Good Practices) 21 CFR Part 11;
aws;GxP refers to the regulations and guidelines that are applicable to life sciences organizations that make food and medical products. Medical products that fall under this include medicines, medical devices, and medical software applications. The overall intent of GxP requirements is to ensure that food and medical products are safe for consumers. It's also to ensure the integrity of data that's used to make product-related safety decisions.;735291151388;us-west-1;2026-07-10 18:08:16.187152;11.10-e;Persons who use closed systems to create, modify, maintain, or transmit electronic records shall employ procedures and controls designed to ensure the authenticity, integrity, and, when appropriate, the confidentiality of electronic records, and to ensure that the signer cannot readily repudiate the signed record as not genuine. Such procedures and controls shall include the following: (e) Use of secure, computer-generated, time-stamped audit trails to independently record the date and time of operator entries and actions that create, modify, or delete electronic records. Record changes shall not obscure previously recorded information. Such audit trail documentation shall be retained for a period at least as long as that required for the subject electronic records and shall be available for agency review and copying.;11.10 Controls for closed systems;;;aws;;FAIL;No CloudTrail trails enabled with logging were found.;arn:aws:cloudtrail:us-west-1:735291151388:trail;cloudtrail_multi_region_enabled;False;735291151388;GxP-21-CFR-Part-11;GxP (Good Practices) 21 CFR Part 11;
aws;GxP refers to the regulations and guidelines that are applicable to life sciences organizations that make food and medical products. Medical products that fall under this include medicines, medical devices, and medical software applications. The overall intent of GxP requirements is to ensure that food and medical products are safe for consumers. It's also to ensure the integrity of data that's used to make product-related safety decisions.;735291151388;us-west-1;2026-07-10 18:08:16.187152;11.10-k;Persons who use closed systems to create, modify, maintain, or transmit electronic records shall employ procedures and controls designed to ensure the authenticity, integrity, and, when appropriate, the confidentiality of electronic records, and to ensure that the signer cannot readily repudiate the signed record as not genuine. Such procedures and controls shall include the following: (k) Use of appropriate controls over systems documentation including: (1) Adequate controls over the distribution of, access to, and use of documentation for system operation and maintenance. (2) Revision and change control procedures to maintain an audit trail that documents time-sequenced development and modification of systems documentation.;11.10 Controls for closed systems;;;aws;;FAIL;No CloudTrail trails enabled with logging were found.;arn:aws:cloudtrail:us-west-1:735291151388:trail;cloudtrail_multi_region_enabled;False;735291151388;GxP-21-CFR-Part-11;GxP (Good Practices) 21 CFR Part 11;
aws;GxP refers to the regulations and guidelines that are applicable to life sciences organizations that make food and medical products. Medical products that fall under this include medicines, medical devices, and medical software applications. The overall intent of GxP requirements is to ensure that food and medical products are safe for consumers. It's also to ensure the integrity of data that's used to make product-related safety decisions.;735291151388;us-west-1;2026-07-10 18:08:16.187152;11.300-d;Persons who use electronic signatures based upon use of identification codes in combination with passwords shall employ controls to ensure their security and integrity. Such controls shall include: (d) Use of transaction safeguards to prevent unauthorized use of passwords and/or identification codes, and to detect and report in an immediate and urgent manner any attempts at their unauthorized use to the system security unit, and, as appropriate, to organizational management.;11.300 Controls for identification codes/passwords;;;aws;;FAIL;No CloudTrail trails enabled with logging were found.;arn:aws:cloudtrail:us-west-1:735291151388:trail;cloudtrail_multi_region_enabled;False;735291151388;GxP-21-CFR-Part-11;GxP (Good Practices) 21 CFR Part 11;
aws;GxP refers to the regulations and guidelines that are applicable to life sciences organizations that make food and medical products. Medical products that fall under this include medicines, medical devices, and medical software applications. The overall intent of GxP requirements is to ensure that food and medical products are safe for consumers. It's also to ensure the integrity of data that's used to make product-related safety decisions.;735291151388;us-west-2;2026-07-10 18:08:16.187152;11.10-e;Persons who use closed systems to create, modify, maintain, or transmit electronic records shall employ procedures and controls designed to ensure the authenticity, integrity, and, when appropriate, the confidentiality of electronic records, and to ensure that the signer cannot readily repudiate the signed record as not genuine. Such procedures and controls shall include the following: (e) Use of secure, computer-generated, time-stamped audit trails to independently record the date and time of operator entries and actions that create, modify, or delete electronic records. Record changes shall not obscure previously recorded information. Such audit trail documentation shall be retained for a period at least as long as that required for the subject electronic records and shall be available for agency review and copying.;11.10 Controls for closed systems;;;aws;;FAIL;No CloudTrail trails enabled with logging were found.;arn:aws:cloudtrail:us-west-2:735291151388:trail;cloudtrail_multi_region_enabled;False;735291151388;GxP-21-CFR-Part-11;GxP (Good Practices) 21 CFR Part 11;
aws;GxP refers to the regulations and guidelines that are applicable to life sciences organizations that make food and medical products. Medical products that fall under this include medicines, medical devices, and medical software applications. The overall intent of GxP requirements is to ensure that food and medical products are safe for consumers. It's also to ensure the integrity of data that's used to make product-related safety decisions.;735291151388;us-west-2;2026-07-10 18:08:16.187152;11.10-k;Persons who use closed systems to create, modify, maintain, or transmit electronic records shall employ procedures and controls designed to ensure the authenticity, integrity, and, when appropriate, the confidentiality of electronic records, and to ensure that the signer cannot readily repudiate the signed record as not genuine. Such procedures and controls shall include the following: (k) Use of appropriate controls over systems documentation including: (1) Adequate controls over the distribution of, access to, and use of documentation for system operation and maintenance. (2) Revision and change control procedures to maintain an audit trail that documents time-sequenced development and modification of systems documentation.;11.10 Controls for closed systems;;;aws;;FAIL;No CloudTrail trails enabled with logging were found.;arn:aws:cloudtrail:us-west-2:735291151388:trail;cloudtrail_multi_region_enabled;False;735291151388;GxP-21-CFR-Part-11;GxP (Good Practices) 21 CFR Part 11;
aws;GxP refers to the regulations and guidelines that are applicable to life sciences organizations that make food and medical products. Medical products that fall under this include medicines, medical devices, and medical software applications. The overall intent of GxP requirements is to ensure that food and medical products are safe for consumers. It's also to ensure the integrity of data that's used to make product-related safety decisions.;735291151388;us-west-2;2026-07-10 18:08:16.187152;11.300-d;Persons who use electronic signatures based upon use of identification codes in combination with passwords shall employ controls to ensure their security and integrity. Such controls shall include: (d) Use of transaction safeguards to prevent unauthorized use of passwords and/or identification codes, and to detect and report in an immediate and urgent manner any attempts at their unauthorized use to the system security unit, and, as appropriate, to organizational management.;11.300 Controls for identification codes/passwords;;;aws;;FAIL;No CloudTrail trails enabled with logging were found.;arn:aws:cloudtrail:us-west-2:735291151388:trail;cloudtrail_multi_region_enabled;False;735291151388;GxP-21-CFR-Part-11;GxP (Good Practices) 21 CFR Part 11;
aws;GxP refers to the regulations and guidelines that are applicable to life sciences organizations that make food and medical products. Medical products that fall under this include medicines, medical devices, and medical software applications. The overall intent of GxP requirements is to ensure that food and medical products are safe for consumers. It's also to ensure the integrity of data that's used to make product-related safety decisions.;735291151388;ap-south-1;2026-07-10 18:08:16.187152;11.10-e;Persons who use closed systems to create, modify, maintain, or transmit electronic records shall employ procedures and controls designed to ensure the authenticity, integrity, and, when appropriate, the confidentiality of electronic records, and to ensure that the signer cannot readily repudiate the signed record as not genuine. Such procedures and controls shall include the following: (e) Use of secure, computer-generated, time-stamped audit trails to independently record the date and time of operator entries and actions that create, modify, or delete electronic records. Record changes shall not obscure previously recorded information. Such audit trail documentation shall be retained for a period at least as long as that required for the subject electronic records and shall be available for agency review and copying.;11.10 Controls for closed systems;;;aws;;FAIL;No CloudTrail trails have a data event to record all S3 object-level API operations.;arn:aws:cloudtrail:ap-south-1:735291151388:trail;cloudtrail_s3_dataevents_read_enabled;False;735291151388;GxP-21-CFR-Part-11;GxP (Good Practices) 21 CFR Part 11;
aws;GxP refers to the regulations and guidelines that are applicable to life sciences organizations that make food and medical products. Medical products that fall under this include medicines, medical devices, and medical software applications. The overall intent of GxP requirements is to ensure that food and medical products are safe for consumers. It's also to ensure the integrity of data that's used to make product-related safety decisions.;735291151388;ap-south-1;2026-07-10 18:08:16.187152;11.10-k;Persons who use closed systems to create, modify, maintain, or transmit electronic records shall employ procedures and controls designed to ensure the authenticity, integrity, and, when appropriate, the confidentiality of electronic records, and to ensure that the signer cannot readily repudiate the signed record as not genuine. Such procedures and controls shall include the following: (k) Use of appropriate controls over systems documentation including: (1) Adequate controls over the distribution of, access to, and use of documentation for system operation and maintenance. (2) Revision and change control procedures to maintain an audit trail that documents time-sequenced development and modification of systems documentation.;11.10 Controls for closed systems;;;aws;;FAIL;No CloudTrail trails have a data event to record all S3 object-level API operations.;arn:aws:cloudtrail:ap-south-1:735291151388:trail;cloudtrail_s3_dataevents_read_enabled;False;735291151388;GxP-21-CFR-Part-11;GxP (Good Practices) 21 CFR Part 11;
aws;GxP refers to the regulations and guidelines that are applicable to life sciences organizations that make food and medical products. Medical products that fall under this include medicines, medical devices, and medical software applications. The overall intent of GxP requirements is to ensure that food and medical products are safe for consumers. It's also to ensure the integrity of data that's used to make product-related safety decisions.;735291151388;ap-south-1;2026-07-10 18:08:16.187152;11.10-e;Persons who use closed systems to create, modify, maintain, or transmit electronic records shall employ procedures and controls designed to ensure the authenticity, integrity, and, when appropriate, the confidentiality of electronic records, and to ensure that the signer cannot readily repudiate the signed record as not genuine. Such procedures and controls shall include the following: (e) Use of secure, computer-generated, time-stamped audit trails to independently record the date and time of operator entries and actions that create, modify, or delete electronic records. Record changes shall not obscure previously recorded information. Such audit trail documentation shall be retained for a period at least as long as that required for the subject electronic records and shall be available for agency review and copying.;11.10 Controls for closed systems;;;aws;;FAIL;No CloudTrail trails have a data event to record all S3 object-level API operations.;arn:aws:cloudtrail:ap-south-1:735291151388:trail;cloudtrail_s3_dataevents_write_enabled;False;735291151388;GxP-21-CFR-Part-11;GxP (Good Practices) 21 CFR Part 11;
aws;GxP refers to the regulations and guidelines that are applicable to life sciences organizations that make food and medical products. Medical products that fall under this include medicines, medical devices, and medical software applications. The overall intent of GxP requirements is to ensure that food and medical products are safe for consumers. It's also to ensure the integrity of data that's used to make product-related safety decisions.;735291151388;ap-south-1;2026-07-10 18:08:16.187152;11.10-k;Persons who use closed systems to create, modify, maintain, or transmit electronic records shall employ procedures and controls designed to ensure the authenticity, integrity, and, when appropriate, the confidentiality of electronic records, and to ensure that the signer cannot readily repudiate the signed record as not genuine. Such procedures and controls shall include the following: (k) Use of appropriate controls over systems documentation including: (1) Adequate controls over the distribution of, access to, and use of documentation for system operation and maintenance. (2) Revision and change control procedures to maintain an audit trail that documents time-sequenced development and modification of systems documentation.;11.10 Controls for closed systems;;;aws;;FAIL;No CloudTrail trails have a data event to record all S3 object-level API operations.;arn:aws:cloudtrail:ap-south-1:735291151388:trail;cloudtrail_s3_dataevents_write_enabled;False;735291151388;GxP-21-CFR-Part-11;GxP (Good Practices) 21 CFR Part 11;
aws;GxP refers to the regulations and guidelines that are applicable to life sciences organizations that make food and medical products. Medical products that fall under this include medicines, medical devices, and medical software applications. The overall intent of GxP requirements is to ensure that food and medical products are safe for consumers. It's also to ensure the integrity of data that's used to make product-related safety decisions.;735291151388;ap-south-1;2026-07-10 18:08:16.187152;11.10-g;Persons who use closed systems to create, modify, maintain, or transmit electronic records shall employ procedures and controls designed to ensure the authenticity, integrity, and, when appropriate, the confidentiality of electronic records, and to ensure that the signer cannot readily repudiate the signed record as not genuine. Such procedures and controls shall include the following: (g) Use of authority checks to ensure that only authorized individuals can use the system, electronically sign a record, access the operation or computer system input or output device, alter a record, or perform the operation at hand.;11.10 Controls for closed systems;;;aws;;FAIL;EBS Default Encryption is not activated.;arn:aws:ec2:ap-south-1:735291151388:volume;ec2_ebs_default_encryption;False;735291151388;GxP-21-CFR-Part-11;GxP (Good Practices) 21 CFR Part 11;
aws;GxP refers to the regulations and guidelines that are applicable to life sciences organizations that make food and medical products. Medical products that fall under this include medicines, medical devices, and medical software applications. The overall intent of GxP requirements is to ensure that food and medical products are safe for consumers. It's also to ensure the integrity of data that's used to make product-related safety decisions.;735291151388;ap-south-1;2026-07-10 18:08:16.187152;11.30;Persons who use open systems to create, modify, maintain, or transmit electronic records shall employ procedures and controls designed to ensure the authenticity, integrity, and, as appropriate, the confidentiality of electronic records from the point of their creation to the point of their receipt. Such procedures and controls shall include those identified in 11.10, as appropriate, and additional measures such as document encryption and use of appropriate digital signature standards to ensure, as necessary under the circumstances, record authenticity, integrity, and confidentiality.;11.30 Controls for open systems;;;aws;;FAIL;EBS Default Encryption is not activated.;arn:aws:ec2:ap-south-1:735291151388:volume;ec2_ebs_default_encryption;False;735291151388;GxP-21-CFR-Part-11;GxP (Good Practices) 21 CFR Part 11;
aws;GxP refers to the regulations and guidelines that are applicable to life sciences organizations that make food and medical products. Medical products that fall under this include medicines, medical devices, and medical software applications. The overall intent of GxP requirements is to ensure that food and medical products are safe for consumers. It's also to ensure the integrity of data that's used to make product-related safety decisions.;735291151388;ap-south-1;2026-07-10 18:08:16.187152;11.10-g;Persons who use closed systems to create, modify, maintain, or transmit electronic records shall employ procedures and controls designed to ensure the authenticity, integrity, and, when appropriate, the confidentiality of electronic records, and to ensure that the signer cannot readily repudiate the signed record as not genuine. Such procedures and controls shall include the following: (g) Use of authority checks to ensure that only authorized individuals can use the system, electronically sign a record, access the operation or computer system input or output device, alter a record, or perform the operation at hand.;11.10 Controls for closed systems;;;aws;;FAIL;EBS Snapshot vol-022955d77ae658dd5 is unencrypted.;arn:aws:ec2:ap-south-1:735291151388:volume/vol-022955d77ae658dd5;ec2_ebs_volume_encryption;False;vol-022955d77ae658dd5;GxP-21-CFR-Part-11;GxP (Good Practices) 21 CFR Part 11;
aws;GxP refers to the regulations and guidelines that are applicable to life sciences organizations that make food and medical products. Medical products that fall under this include medicines, medical devices, and medical software applications. The overall intent of GxP requirements is to ensure that food and medical products are safe for consumers. It's also to ensure the integrity of data that's used to make product-related safety decisions.;735291151388;ap-south-1;2026-07-10 18:08:16.187152;11.30;Persons who use open systems to create, modify, maintain, or transmit electronic records shall employ procedures and controls designed to ensure the authenticity, integrity, and, as appropriate, the confidentiality of electronic records from the point of their creation to the point of their receipt. Such procedures and controls shall include those identified in 11.10, as appropriate, and additional measures such as document encryption and use of appropriate digital signature standards to ensure, as necessary under the circumstances, record authenticity, integrity, and confidentiality.;11.30 Controls for open systems;;;aws;;FAIL;EBS Snapshot vol-022955d77ae658dd5 is unencrypted.;arn:aws:ec2:ap-south-1:735291151388:volume/vol-022955d77ae658dd5;ec2_ebs_volume_encryption;False;vol-022955d77ae658dd5;GxP-21-CFR-Part-11;GxP (Good Practices) 21 CFR Part 11;
aws;GxP refers to the regulations and guidelines that are applicable to life sciences organizations that make food and medical products. Medical products that fall under this include medicines, medical devices, and medical software applications. The overall intent of GxP requirements is to ensure that food and medical products are safe for consumers. It's also to ensure the integrity of data that's used to make product-related safety decisions.;735291151388;ap-south-1;2026-07-10 18:08:16.187152;11.10-d;Persons who use closed systems to create, modify, maintain, or transmit electronic records shall employ procedures and controls designed to ensure the authenticity, integrity, and, when appropriate, the confidentiality of electronic records, and to ensure that the signer cannot readily repudiate the signed record as not genuine. Such procedures and controls shall include the following: (d) Limiting system access to authorized individuals.;11.10 Controls for closed systems;;;aws;;PASS;EC2 Instance i-0c7395c282641f31e has IMDSv2 enabled and required.;arn:aws:ec2:ap-south-1:735291151388:instance/i-0c7395c282641f31e;ec2_instance_imdsv2_enabled;False;i-0c7395c282641f31e;GxP-21-CFR-Part-11;GxP (Good Practices) 21 CFR Part 11;
aws;GxP refers to the regulations and guidelines that are applicable to life sciences organizations that make food and medical products. Medical products that fall under this include medicines, medical devices, and medical software applications. The overall intent of GxP requirements is to ensure that food and medical products are safe for consumers. It's also to ensure the integrity of data that's used to make product-related safety decisions.;735291151388;ap-south-1;2026-07-10 18:08:16.187152;11.10-g;Persons who use closed systems to create, modify, maintain, or transmit electronic records shall employ procedures and controls designed to ensure the authenticity, integrity, and, when appropriate, the confidentiality of electronic records, and to ensure that the signer cannot readily repudiate the signed record as not genuine. Such procedures and controls shall include the following: (g) Use of authority checks to ensure that only authorized individuals can use the system, electronically sign a record, access the operation or computer system input or output device, alter a record, or perform the operation at hand.;11.10 Controls for closed systems;;;aws;;PASS;EC2 Instance i-0c7395c282641f31e has IMDSv2 enabled and required.;arn:aws:ec2:ap-south-1:735291151388:instance/i-0c7395c282641f31e;ec2_instance_imdsv2_enabled;False;i-0c7395c282641f31e;GxP-21-CFR-Part-11;GxP (Good Practices) 21 CFR Part 11;
aws;GxP refers to the regulations and guidelines that are applicable to life sciences organizations that make food and medical products. Medical products that fall under this include medicines, medical devices, and medical software applications. The overall intent of GxP requirements is to ensure that food and medical products are safe for consumers. It's also to ensure the integrity of data that's used to make product-related safety decisions.;735291151388;ap-south-1;2026-07-10 18:08:16.187152;11.10-a;Persons who use closed systems to create, modify, maintain, or transmit electronic records shall employ procedures and controls designed to ensure the authenticity, integrity, and, when appropriate, the confidentiality of electronic records, and to ensure that the signer cannot readily repudiate the signed record as not genuine. Such procedures and controls shall include the following: (a) Validation of systems to ensure accuracy, reliability, consistent intended performance, and the ability to discern invalid or altered records.;11.10 Controls for closed systems;;;aws;;FAIL;EC2 Instance i-0c7395c282641f31e is not managed by Systems Manager.;arn:aws:ec2:ap-south-1:735291151388:instance/i-0c7395c282641f31e;ec2_instance_managed_by_ssm;False;i-0c7395c282641f31e;GxP-21-CFR-Part-11;GxP (Good Practices) 21 CFR Part 11;
aws;GxP refers to the regulations and guidelines that are applicable to life sciences organizations that make food and medical products. Medical products that fall under this include medicines, medical devices, and medical software applications. The overall intent of GxP requirements is to ensure that food and medical products are safe for consumers. It's also to ensure the integrity of data that's used to make product-related safety decisions.;735291151388;ap-south-1;2026-07-10 18:08:16.187152;11.10-h;Persons who use closed systems to create, modify, maintain, or transmit electronic records shall employ procedures and controls designed to ensure the authenticity, integrity, and, when appropriate, the confidentiality of electronic records, and to ensure that the signer cannot readily repudiate the signed record as not genuine. Such procedures and controls shall include the following: (h) Use of device (e.g., terminal) checks to determine, as appropriate, the validity of the source of data input or operational instruction.;11.10 Controls for closed systems;;;aws;;FAIL;EC2 Instance i-0c7395c282641f31e is not managed by Systems Manager.;arn:aws:ec2:ap-south-1:735291151388:instance/i-0c7395c282641f31e;ec2_instance_managed_by_ssm;False;i-0c7395c282641f31e;GxP-21-CFR-Part-11;GxP (Good Practices) 21 CFR Part 11;
aws;GxP refers to the regulations and guidelines that are applicable to life sciences organizations that make food and medical products. Medical products that fall under this include medicines, medical devices, and medical software applications. The overall intent of GxP requirements is to ensure that food and medical products are safe for consumers. It's also to ensure the integrity of data that's used to make product-related safety decisions.;735291151388;ap-south-1;2026-07-10 18:08:16.187152;11.10-a;Persons who use closed systems to create, modify, maintain, or transmit electronic records shall employ procedures and controls designed to ensure the authenticity, integrity, and, when appropriate, the confidentiality of electronic records, and to ensure that the signer cannot readily repudiate the signed record as not genuine. Such procedures and controls shall include the following: (a) Validation of systems to ensure accuracy, reliability, consistent intended performance, and the ability to discern invalid or altered records.;11.10 Controls for closed systems;;;aws;;PASS;EC2 Instance i-0c7395c282641f31e is not older than 180 days (0 days).;arn:aws:ec2:ap-south-1:735291151388:instance/i-0c7395c282641f31e;ec2_instance_older_than_specific_days;False;i-0c7395c282641f31e;GxP-21-CFR-Part-11;GxP (Good Practices) 21 CFR Part 11;
aws;GxP refers to the regulations and guidelines that are applicable to life sciences organizations that make food and medical products. Medical products that fall under this include medicines, medical devices, and medical software applications. The overall intent of GxP requirements is to ensure that food and medical products are safe for consumers. It's also to ensure the integrity of data that's used to make product-related safety decisions.;735291151388;ap-south-1;2026-07-10 18:08:16.187152;11.10-d;Persons who use closed systems to create, modify, maintain, or transmit electronic records shall employ procedures and controls designed to ensure the authenticity, integrity, and, when appropriate, the confidentiality of electronic records, and to ensure that the signer cannot readily repudiate the signed record as not genuine. Such procedures and controls shall include the following: (d) Limiting system access to authorized individuals.;11.10 Controls for closed systems;;;aws;;PASS;EC2 Instance i-0c7395c282641f31e associated with Instance Profile Role arn:aws:iam::735291151388:instance-profile/cloudguardian-web-profile.;arn:aws:ec2:ap-south-1:735291151388:instance/i-0c7395c282641f31e;ec2_instance_profile_attached;False;i-0c7395c282641f31e;GxP-21-CFR-Part-11;GxP (Good Practices) 21 CFR Part 11;
aws;GxP refers to the regulations and guidelines that are applicable to life sciences organizations that make food and medical products. Medical products that fall under this include medicines, medical devices, and medical software applications. The overall intent of GxP requirements is to ensure that food and medical products are safe for consumers. It's also to ensure the integrity of data that's used to make product-related safety decisions.;735291151388;ap-south-1;2026-07-10 18:08:16.187152;11.10-g;Persons who use closed systems to create, modify, maintain, or transmit electronic records shall employ procedures and controls designed to ensure the authenticity, integrity, and, when appropriate, the confidentiality of electronic records, and to ensure that the signer cannot readily repudiate the signed record as not genuine. Such procedures and controls shall include the following: (g) Use of authority checks to ensure that only authorized individuals can use the system, electronically sign a record, access the operation or computer system input or output device, alter a record, or perform the operation at hand.;11.10 Controls for closed systems;;;aws;;PASS;EC2 Instance i-0c7395c282641f31e associated with Instance Profile Role arn:aws:iam::735291151388:instance-profile/cloudguardian-web-profile.;arn:aws:ec2:ap-south-1:735291151388:instance/i-0c7395c282641f31e;ec2_instance_profile_attached;False;i-0c7395c282641f31e;GxP-21-CFR-Part-11;GxP (Good Practices) 21 CFR Part 11;
aws;GxP refers to the regulations and guidelines that are applicable to life sciences organizations that make food and medical products. Medical products that fall under this include medicines, medical devices, and medical software applications. The overall intent of GxP requirements is to ensure that food and medical products are safe for consumers. It's also to ensure the integrity of data that's used to make product-related safety decisions.;735291151388;ap-south-1;2026-07-10 18:08:16.187152;11.10-d;Persons who use closed systems to create, modify, maintain, or transmit electronic records shall employ procedures and controls designed to ensure the authenticity, integrity, and, when appropriate, the confidentiality of electronic records, and to ensure that the signer cannot readily repudiate the signed record as not genuine. Such procedures and controls shall include the following: (d) Limiting system access to authorized individuals.;11.10 Controls for closed systems;;;aws;;FAIL;EC2 Instance i-0c7395c282641f31e has a Public IP: 35.154.255.133 (ec2-35-154-255-133.ap-south-1.compute.amazonaws.com).;arn:aws:ec2:ap-south-1:735291151388:instance/i-0c7395c282641f31e;ec2_instance_public_ip;False;i-0c7395c282641f31e;GxP-21-CFR-Part-11;GxP (Good Practices) 21 CFR Part 11;
aws;GxP refers to the regulations and guidelines that are applicable to life sciences organizations that make food and medical products. Medical products that fall under this include medicines, medical devices, and medical software applications. The overall intent of GxP requirements is to ensure that food and medical products are safe for consumers. It's also to ensure the integrity of data that's used to make product-related safety decisions.;735291151388;ap-south-1;2026-07-10 18:08:16.187152;11.10-g;Persons who use closed systems to create, modify, maintain, or transmit electronic records shall employ procedures and controls designed to ensure the authenticity, integrity, and, when appropriate, the confidentiality of electronic records, and to ensure that the signer cannot readily repudiate the signed record as not genuine. Such procedures and controls shall include the following: (g) Use of authority checks to ensure that only authorized individuals can use the system, electronically sign a record, access the operation or computer system input or output device, alter a record, or perform the operation at hand.;11.10 Controls for closed systems;;;aws;;FAIL;EC2 Instance i-0c7395c282641f31e has a Public IP: 35.154.255.133 (ec2-35-154-255-133.ap-south-1.compute.amazonaws.com).;arn:aws:ec2:ap-south-1:735291151388:instance/i-0c7395c282641f31e;ec2_instance_public_ip;False;i-0c7395c282641f31e;GxP-21-CFR-Part-11;GxP (Good Practices) 21 CFR Part 11;
aws;GxP refers to the regulations and guidelines that are applicable to life sciences organizations that make food and medical products. Medical products that fall under this include medicines, medical devices, and medical software applications. The overall intent of GxP requirements is to ensure that food and medical products are safe for consumers. It's also to ensure the integrity of data that's used to make product-related safety decisions.;735291151388;ap-south-1;2026-07-10 18:08:16.187152;11.10-d;Persons who use closed systems to create, modify, maintain, or transmit electronic records shall employ procedures and controls designed to ensure the authenticity, integrity, and, when appropriate, the confidentiality of electronic records, and to ensure that the signer cannot readily repudiate the signed record as not genuine. Such procedures and controls shall include the following: (d) Limiting system access to authorized individuals.;11.10 Controls for closed systems;;;aws;;FAIL;Network ACL acl-055a0136ea4bc4585 has every port open to the Internet.;arn:aws:ec2:ap-south-1:735291151388:network-acl/acl-055a0136ea4bc4585;ec2_networkacl_allow_ingress_any_port;False;acl-055a0136ea4bc4585;GxP-21-CFR-Part-11;GxP (Good Practices) 21 CFR Part 11;
aws;GxP refers to the regulations and guidelines that are applicable to life sciences organizations that make food and medical products. Medical products that fall under this include medicines, medical devices, and medical software applications. The overall intent of GxP requirements is to ensure that food and medical products are safe for consumers. It's also to ensure the integrity of data that's used to make product-related safety decisions.;735291151388;ap-south-1;2026-07-10 18:08:16.187152;11.10-g;Persons who use closed systems to create, modify, maintain, or transmit electronic records shall employ procedures and controls designed to ensure the authenticity, integrity, and, when appropriate, the confidentiality of electronic records, and to ensure that the signer cannot readily repudiate the signed record as not genuine. Such procedures and controls shall include the following: (g) Use of authority checks to ensure that only authorized individuals can use the system, electronically sign a record, access the operation or computer system input or output device, alter a record, or perform the operation at hand.;11.10 Controls for closed systems;;;aws;;FAIL;Network ACL acl-055a0136ea4bc4585 has every port open to the Internet.;arn:aws:ec2:ap-south-1:735291151388:network-acl/acl-055a0136ea4bc4585;ec2_networkacl_allow_ingress_any_port;False;acl-055a0136ea4bc4585;GxP-21-CFR-Part-11;GxP (Good Practices) 21 CFR Part 11;
aws;GxP refers to the regulations and guidelines that are applicable to life sciences organizations that make food and medical products. Medical products that fall under this include medicines, medical devices, and medical software applications. The overall intent of GxP requirements is to ensure that food and medical products are safe for consumers. It's also to ensure the integrity of data that's used to make product-related safety decisions.;735291151388;ap-south-1;2026-07-10 18:08:16.187152;11.10-k;Persons who use closed systems to create, modify, maintain, or transmit electronic records shall employ procedures and controls designed to ensure the authenticity, integrity, and, when appropriate, the confidentiality of electronic records, and to ensure that the signer cannot readily repudiate the signed record as not genuine. Such procedures and controls shall include the following: (k) Use of appropriate controls over systems documentation including: (1) Adequate controls over the distribution of, access to, and use of documentation for system operation and maintenance. (2) Revision and change control procedures to maintain an audit trail that documents time-sequenced development and modification of systems documentation.;11.10 Controls for closed systems;;;aws;;FAIL;Network ACL acl-055a0136ea4bc4585 has every port open to the Internet.;arn:aws:ec2:ap-south-1:735291151388:network-acl/acl-055a0136ea4bc4585;ec2_networkacl_allow_ingress_any_port;False;acl-055a0136ea4bc4585;GxP-21-CFR-Part-11;GxP (Good Practices) 21 CFR Part 11;
aws;GxP refers to the regulations and guidelines that are applicable to life sciences organizations that make food and medical products. Medical products that fall under this include medicines, medical devices, and medical software applications. The overall intent of GxP requirements is to ensure that food and medical products are safe for consumers. It's also to ensure the integrity of data that's used to make product-related safety decisions.;735291151388;ap-south-1;2026-07-10 18:08:16.187152;11.10-d;Persons who use closed systems to create, modify, maintain, or transmit electronic records shall employ procedures and controls designed to ensure the authenticity, integrity, and, when appropriate, the confidentiality of electronic records, and to ensure that the signer cannot readily repudiate the signed record as not genuine. Such procedures and controls shall include the following: (d) Limiting system access to authorized individuals.;11.10 Controls for closed systems;;;aws;;FAIL;Network ACL acl-0db7c7715aa3918aa has every port open to the Internet.;arn:aws:ec2:ap-south-1:735291151388:network-acl/acl-0db7c7715aa3918aa;ec2_networkacl_allow_ingress_any_port;False;acl-0db7c7715aa3918aa;GxP-21-CFR-Part-11;GxP (Good Practices) 21 CFR Part 11;
aws;GxP refers to the regulations and guidelines that are applicable to life sciences organizations that make food and medical products. Medical products that fall under this include medicines, medical devices, and medical software applications. The overall intent of GxP requirements is to ensure that food and medical products are safe for consumers. It's also to ensure the integrity of data that's used to make product-related safety decisions.;735291151388;ap-south-1;2026-07-10 18:08:16.187152;11.10-g;Persons who use closed systems to create, modify, maintain, or transmit electronic records shall employ procedures and controls designed to ensure the authenticity, integrity, and, when appropriate, the confidentiality of electronic records, and to ensure that the signer cannot readily repudiate the signed record as not genuine. Such procedures and controls shall include the following: (g) Use of authority checks to ensure that only authorized individuals can use the system, electronically sign a record, access the operation or computer system input or output device, alter a record, or perform the operation at hand.;11.10 Controls for closed systems;;;aws;;FAIL;Network ACL acl-0db7c7715aa3918aa has every port open to the Internet.;arn:aws:ec2:ap-south-1:735291151388:network-acl/acl-0db7c7715aa3918aa;ec2_networkacl_allow_ingress_any_port;False;acl-0db7c7715aa3918aa;GxP-21-CFR-Part-11;GxP (Good Practices) 21 CFR Part 11;
aws;GxP refers to the regulations and guidelines that are applicable to life sciences organizations that make food and medical products. Medical products that fall under this include medicines, medical devices, and medical software applications. The overall intent of GxP requirements is to ensure that food and medical products are safe for consumers. It's also to ensure the integrity of data that's used to make product-related safety decisions.;735291151388;ap-south-1;2026-07-10 18:08:16.187152;11.10-k;Persons who use closed systems to create, modify, maintain, or transmit electronic records shall employ procedures and controls designed to ensure the authenticity, integrity, and, when appropriate, the confidentiality of electronic records, and to ensure that the signer cannot readily repudiate the signed record as not genuine. Such procedures and controls shall include the following: (k) Use of appropriate controls over systems documentation including: (1) Adequate controls over the distribution of, access to, and use of documentation for system operation and maintenance. (2) Revision and change control procedures to maintain an audit trail that documents time-sequenced development and modification of systems documentation.;11.10 Controls for closed systems;;;aws;;FAIL;Network ACL acl-0db7c7715aa3918aa has every port open to the Internet.;arn:aws:ec2:ap-south-1:735291151388:network-acl/acl-0db7c7715aa3918aa;ec2_networkacl_allow_ingress_any_port;False;acl-0db7c7715aa3918aa;GxP-21-CFR-Part-11;GxP (Good Practices) 21 CFR Part 11;
aws;GxP refers to the regulations and guidelines that are applicable to life sciences organizations that make food and medical products. Medical products that fall under this include medicines, medical devices, and medical software applications. The overall intent of GxP requirements is to ensure that food and medical products are safe for consumers. It's also to ensure the integrity of data that's used to make product-related safety decisions.;735291151388;ap-south-1;2026-07-10 18:08:16.187152;11.10-d;Persons who use closed systems to create, modify, maintain, or transmit electronic records shall employ procedures and controls designed to ensure the authenticity, integrity, and, when appropriate, the confidentiality of electronic records, and to ensure that the signer cannot readily repudiate the signed record as not genuine. Such procedures and controls shall include the following: (d) Limiting system access to authorized individuals.;11.10 Controls for closed systems;;;aws;;PASS;Security group cloudguardian-rds-sg (sg-0be0be5f1a7d28519) does not have SSH port 22 open to the Internet.;arn:aws:ec2:ap-south-1:735291151388:security-group/sg-0be0be5f1a7d28519;ec2_securitygroup_allow_ingress_from_internet_to_tcp_port_22;False;sg-0be0be5f1a7d28519;GxP-21-CFR-Part-11;GxP (Good Practices) 21 CFR Part 11;
aws;GxP refers to the regulations and guidelines that are applicable to life sciences organizations that make food and medical products. Medical products that fall under this include medicines, medical devices, and medical software applications. The overall intent of GxP requirements is to ensure that food and medical products are safe for consumers. It's also to ensure the integrity of data that's used to make product-related safety decisions.;735291151388;ap-south-1;2026-07-10 18:08:16.187152;11.10-g;Persons who use closed systems to create, modify, maintain, or transmit electronic records shall employ procedures and controls designed to ensure the authenticity, integrity, and, when appropriate, the confidentiality of electronic records, and to ensure that the signer cannot readily repudiate the signed record as not genuine. Such procedures and controls shall include the following: (g) Use of authority checks to ensure that only authorized individuals can use the system, electronically sign a record, access the operation or computer system input or output device, alter a record, or perform the operation at hand.;11.10 Controls for closed systems;;;aws;;PASS;Security group cloudguardian-rds-sg (sg-0be0be5f1a7d28519) does not have SSH port 22 open to the Internet.;arn:aws:ec2:ap-south-1:735291151388:security-group/sg-0be0be5f1a7d28519;ec2_securitygroup_allow_ingress_from_internet_to_tcp_port_22;False;sg-0be0be5f1a7d28519;GxP-21-CFR-Part-11;GxP (Good Practices) 21 CFR Part 11;
aws;GxP refers to the regulations and guidelines that are applicable to life sciences organizations that make food and medical products. Medical products that fall under this include medicines, medical devices, and medical software applications. The overall intent of GxP requirements is to ensure that food and medical products are safe for consumers. It's also to ensure the integrity of data that's used to make product-related safety decisions.;735291151388;ap-south-1;2026-07-10 18:08:16.187152;11.10-d;Persons who use closed systems to create, modify, maintain, or transmit electronic records shall employ procedures and controls designed to ensure the authenticity, integrity, and, when appropriate, the confidentiality of electronic records, and to ensure that the signer cannot readily repudiate the signed record as not genuine. Such procedures and controls shall include the following: (d) Limiting system access to authorized individuals.;11.10 Controls for closed systems;;;aws;;PASS;Security group cloudguardian-web-sg (sg-0fdba0a657788f1d7) does not have SSH port 22 open to the Internet.;arn:aws:ec2:ap-south-1:735291151388:security-group/sg-0fdba0a657788f1d7;ec2_securitygroup_allow_ingress_from_internet_to_tcp_port_22;False;sg-0fdba0a657788f1d7;GxP-21-CFR-Part-11;GxP (Good Practices) 21 CFR Part 11;
aws;GxP refers to the regulations and guidelines that are applicable to life sciences organizations that make food and medical products. Medical products that fall under this include medicines, medical devices, and medical software applications. The overall intent of GxP requirements is to ensure that food and medical products are safe for consumers. It's also to ensure the integrity of data that's used to make product-related safety decisions.;735291151388;ap-south-1;2026-07-10 18:08:16.187152;11.10-g;Persons who use closed systems to create, modify, maintain, or transmit electronic records shall employ procedures and controls designed to ensure the authenticity, integrity, and, when appropriate, the confidentiality of electronic records, and to ensure that the signer cannot readily repudiate the signed record as not genuine. Such procedures and controls shall include the following: (g) Use of authority checks to ensure that only authorized individuals can use the system, electronically sign a record, access the operation or computer system input or output device, alter a record, or perform the operation at hand.;11.10 Controls for closed systems;;;aws;;PASS;Security group cloudguardian-web-sg (sg-0fdba0a657788f1d7) does not have SSH port 22 open to the Internet.;arn:aws:ec2:ap-south-1:735291151388:security-group/sg-0fdba0a657788f1d7;ec2_securitygroup_allow_ingress_from_internet_to_tcp_port_22;False;sg-0fdba0a657788f1d7;GxP-21-CFR-Part-11;GxP (Good Practices) 21 CFR Part 11;
aws;GxP refers to the regulations and guidelines that are applicable to life sciences organizations that make food and medical products. Medical products that fall under this include medicines, medical devices, and medical software applications. The overall intent of GxP requirements is to ensure that food and medical products are safe for consumers. It's also to ensure the integrity of data that's used to make product-related safety decisions.;735291151388;ap-south-1;2026-07-10 18:08:16.187152;11.10-d;Persons who use closed systems to create, modify, maintain, or transmit electronic records shall employ procedures and controls designed to ensure the authenticity, integrity, and, when appropriate, the confidentiality of electronic records, and to ensure that the signer cannot readily repudiate the signed record as not genuine. Such procedures and controls shall include the following: (d) Limiting system access to authorized individuals.;11.10 Controls for closed systems;;;aws;;PASS;AWS policy AmazonRDSServiceRolePolicy is attached but does not allow '*:*' administrative privileges.;arn:aws:iam::aws:policy/aws-service-role/AmazonRDSServiceRolePolicy;iam_aws_attached_policy_no_administrative_privileges;False;AmazonRDSServiceRolePolicy;GxP-21-CFR-Part-11;GxP (Good Practices) 21 CFR Part 11;
aws;GxP refers to the regulations and guidelines that are applicable to life sciences organizations that make food and medical products. Medical products that fall under this include medicines, medical devices, and medical software applications. The overall intent of GxP requirements is to ensure that food and medical products are safe for consumers. It's also to ensure the integrity of data that's used to make product-related safety decisions.;735291151388;ap-south-1;2026-07-10 18:08:16.187152;11.10-g;Persons who use closed systems to create, modify, maintain, or transmit electronic records shall employ procedures and controls designed to ensure the authenticity, integrity, and, when appropriate, the confidentiality of electronic records, and to ensure that the signer cannot readily repudiate the signed record as not genuine. Such procedures and controls shall include the following: (g) Use of authority checks to ensure that only authorized individuals can use the system, electronically sign a record, access the operation or computer system input or output device, alter a record, or perform the operation at hand.;11.10 Controls for closed systems;;;aws;;PASS;AWS policy AmazonRDSServiceRolePolicy is attached but does not allow '*:*' administrative privileges.;arn:aws:iam::aws:policy/aws-service-role/AmazonRDSServiceRolePolicy;iam_aws_attached_policy_no_administrative_privileges;False;AmazonRDSServiceRolePolicy;GxP-21-CFR-Part-11;GxP (Good Practices) 21 CFR Part 11;
aws;GxP refers to the regulations and guidelines that are applicable to life sciences organizations that make food and medical products. Medical products that fall under this include medicines, medical devices, and medical software applications. The overall intent of GxP requirements is to ensure that food and medical products are safe for consumers. It's also to ensure the integrity of data that's used to make product-related safety decisions.;735291151388;ap-south-1;2026-07-10 18:08:16.187152;11.10-d;Persons who use closed systems to create, modify, maintain, or transmit electronic records shall employ procedures and controls designed to ensure the authenticity, integrity, and, when appropriate, the confidentiality of electronic records, and to ensure that the signer cannot readily repudiate the signed record as not genuine. Such procedures and controls shall include the following: (d) Limiting system access to authorized individuals.;11.10 Controls for closed systems;;;aws;;PASS;AWS policy AWSTrustedAdvisorServiceRolePolicy is attached but does not allow '*:*' administrative privileges.;arn:aws:iam::aws:policy/aws-service-role/AWSTrustedAdvisorServiceRolePolicy;iam_aws_attached_policy_no_administrative_privileges;False;AWSTrustedAdvisorServiceRolePolicy;GxP-21-CFR-Part-11;GxP (Good Practices) 21 CFR Part 11;
aws;GxP refers to the regulations and guidelines that are applicable to life sciences organizations that make food and medical products. Medical products that fall under this include medicines, medical devices, and medical software applications. The overall intent of GxP requirements is to ensure that food and medical products are safe for consumers. It's also to ensure the integrity of data that's used to make product-related safety decisions.;735291151388;ap-south-1;2026-07-10 18:08:16.187152;11.10-g;Persons who use closed systems to create, modify, maintain, or transmit electronic records shall employ procedures and controls designed to ensure the authenticity, integrity, and, when appropriate, the confidentiality of electronic records, and to ensure that the signer cannot readily repudiate the signed record as not genuine. Such procedures and controls shall include the following: (g) Use of authority checks to ensure that only authorized individuals can use the system, electronically sign a record, access the operation or computer system input or output device, alter a record, or perform the operation at hand.;11.10 Controls for closed systems;;;aws;;PASS;AWS policy AWSTrustedAdvisorServiceRolePolicy is attached but does not allow '*:*' administrative privileges.;arn:aws:iam::aws:policy/aws-service-role/AWSTrustedAdvisorServiceRolePolicy;iam_aws_attached_policy_no_administrative_privileges;False;AWSTrustedAdvisorServiceRolePolicy;GxP-21-CFR-Part-11;GxP (Good Practices) 21 CFR Part 11;
aws;GxP refers to the regulations and guidelines that are applicable to life sciences organizations that make food and medical products. Medical products that fall under this include medicines, medical devices, and medical software applications. The overall intent of GxP requirements is to ensure that food and medical products are safe for consumers. It's also to ensure the integrity of data that's used to make product-related safety decisions.;735291151388;ap-south-1;2026-07-10 18:08:16.187152;11.10-d;Persons who use closed systems to create, modify, maintain, or transmit electronic records shall employ procedures and controls designed to ensure the authenticity, integrity, and, when appropriate, the confidentiality of electronic records, and to ensure that the signer cannot readily repudiate the signed record as not genuine. Such procedures and controls shall include the following: (d) Limiting system access to authorized individuals.;11.10 Controls for closed systems;;;aws;;FAIL;AWS policy AdministratorAccess is attached and allows '*:*' administrative privileges.;arn:aws:iam::aws:policy/AdministratorAccess;iam_aws_attached_policy_no_administrative_privileges;False;AdministratorAccess;GxP-21-CFR-Part-11;GxP (Good Practices) 21 CFR Part 11;
aws;GxP refers to the regulations and guidelines that are applicable to life sciences organizations that make food and medical products. Medical products that fall under this include medicines, medical devices, and medical software applications. The overall intent of GxP requirements is to ensure that food and medical products are safe for consumers. It's also to ensure the integrity of data that's used to make product-related safety decisions.;735291151388;ap-south-1;2026-07-10 18:08:16.187152;11.10-g;Persons who use closed systems to create, modify, maintain, or transmit electronic records shall employ procedures and controls designed to ensure the authenticity, integrity, and, when appropriate, the confidentiality of electronic records, and to ensure that the signer cannot readily repudiate the signed record as not genuine. Such procedures and controls shall include the following: (g) Use of authority checks to ensure that only authorized individuals can use the system, electronically sign a record, access the operation or computer system input or output device, alter a record, or perform the operation at hand.;11.10 Controls for closed systems;;;aws;;FAIL;AWS policy AdministratorAccess is attached and allows '*:*' administrative privileges.;arn:aws:iam::aws:policy/AdministratorAccess;iam_aws_attached_policy_no_administrative_privileges;False;AdministratorAccess;GxP-21-CFR-Part-11;GxP (Good Practices) 21 CFR Part 11;
aws;GxP refers to the regulations and guidelines that are applicable to life sciences organizations that make food and medical products. Medical products that fall under this include medicines, medical devices, and medical software applications. The overall intent of GxP requirements is to ensure that food and medical products are safe for consumers. It's also to ensure the integrity of data that's used to make product-related safety decisions.;735291151388;ap-south-1;2026-07-10 18:08:16.187152;11.10-d;Persons who use closed systems to create, modify, maintain, or transmit electronic records shall employ procedures and controls designed to ensure the authenticity, integrity, and, when appropriate, the confidentiality of electronic records, and to ensure that the signer cannot readily repudiate the signed record as not genuine. Such procedures and controls shall include the following: (d) Limiting system access to authorized individuals.;11.10 Controls for closed systems;;;aws;;PASS;AWS policy AWSSupportServiceRolePolicy is attached but does not allow '*:*' administrative privileges.;arn:aws:iam::aws:policy/aws-service-role/AWSSupportServiceRolePolicy;iam_aws_attached_policy_no_administrative_privileges;False;AWSSupportServiceRolePolicy;GxP-21-CFR-Part-11;GxP (Good Practices) 21 CFR Part 11;
aws;GxP refers to the regulations and guidelines that are applicable to life sciences organizations that make food and medical products. Medical products that fall under this include medicines, medical devices, and medical software applications. The overall intent of GxP requirements is to ensure that food and medical products are safe for consumers. It's also to ensure the integrity of data that's used to make product-related safety decisions.;735291151388;ap-south-1;2026-07-10 18:08:16.187152;11.10-g;Persons who use closed systems to create, modify, maintain, or transmit electronic records shall employ procedures and controls designed to ensure the authenticity, integrity, and, when appropriate, the confidentiality of electronic records, and to ensure that the signer cannot readily repudiate the signed record as not genuine. Such procedures and controls shall include the following: (g) Use of authority checks to ensure that only authorized individuals can use the system, electronically sign a record, access the operation or computer system input or output device, alter a record, or perform the operation at hand.;11.10 Controls for closed systems;;;aws;;PASS;AWS policy AWSSupportServiceRolePolicy is attached but does not allow '*:*' administrative privileges.;arn:aws:iam::aws:policy/aws-service-role/AWSSupportServiceRolePolicy;iam_aws_attached_policy_no_administrative_privileges;False;AWSSupportServiceRolePolicy;GxP-21-CFR-Part-11;GxP (Good Practices) 21 CFR Part 11;
aws;GxP refers to the regulations and guidelines that are applicable to life sciences organizations that make food and medical products. Medical products that fall under this include medicines, medical devices, and medical software applications. The overall intent of GxP requirements is to ensure that food and medical products are safe for consumers. It's also to ensure the integrity of data that's used to make product-related safety decisions.;735291151388;ap-south-1;2026-07-10 18:08:16.187152;11.10-d;Persons who use closed systems to create, modify, maintain, or transmit electronic records shall employ procedures and controls designed to ensure the authenticity, integrity, and, when appropriate, the confidentiality of electronic records, and to ensure that the signer cannot readily repudiate the signed record as not genuine. Such procedures and controls shall include the following: (d) Limiting system access to authorized individuals.;11.10 Controls for closed systems;;;aws;;PASS;AWS policy AWSResourceExplorerServiceRolePolicy is attached but does not allow '*:*' administrative privileges.;arn:aws:iam::aws:policy/aws-service-role/AWSResourceExplorerServiceRolePolicy;iam_aws_attached_policy_no_administrative_privileges;False;AWSResourceExplorerServiceRolePolicy;GxP-21-CFR-Part-11;GxP (Good Practices) 21 CFR Part 11;
aws;GxP refers to the regulations and guidelines that are applicable to life sciences organizations that make food and medical products. Medical products that fall under this include medicines, medical devices, and medical software applications. The overall intent of GxP requirements is to ensure that food and medical products are safe for consumers. It's also to ensure the integrity of data that's used to make product-related safety decisions.;735291151388;ap-south-1;2026-07-10 18:08:16.187152;11.10-g;Persons who use closed systems to create, modify, maintain, or transmit electronic records shall employ procedures and controls designed to ensure the authenticity, integrity, and, when appropriate, the confidentiality of electronic records, and to ensure that the signer cannot readily repudiate the signed record as not genuine. Such procedures and controls shall include the following: (g) Use of authority checks to ensure that only authorized individuals can use the system, electronically sign a record, access the operation or computer system input or output device, alter a record, or perform the operation at hand.;11.10 Controls for closed systems;;;aws;;PASS;AWS policy AWSResourceExplorerServiceRolePolicy is attached but does not allow '*:*' administrative privileges.;arn:aws:iam::aws:policy/aws-service-role/AWSResourceExplorerServiceRolePolicy;iam_aws_attached_policy_no_administrative_privileges;False;AWSResourceExplorerServiceRolePolicy;GxP-21-CFR-Part-11;GxP (Good Practices) 21 CFR Part 11;
aws;GxP refers to the regulations and guidelines that are applicable to life sciences organizations that make food and medical products. Medical products that fall under this include medicines, medical devices, and medical software applications. The overall intent of GxP requirements is to ensure that food and medical products are safe for consumers. It's also to ensure the integrity of data that's used to make product-related safety decisions.;735291151388;ap-south-1;2026-07-10 18:08:16.187152;11.10-d;Persons who use closed systems to create, modify, maintain, or transmit electronic records shall employ procedures and controls designed to ensure the authenticity, integrity, and, when appropriate, the confidentiality of electronic records, and to ensure that the signer cannot readily repudiate the signed record as not genuine. Such procedures and controls shall include the following: (d) Limiting system access to authorized individuals.;11.10 Controls for closed systems;;;aws;;PASS;Inline policy cloudguardian-s3-read-only attached to role cloudguardian-web-role does not allow '*:*' administrative privileges.;arn:aws:iam::735291151388:role/cloudguardian-web-role;iam_inline_policy_no_administrative_privileges;False;cloudguardian-web-role/cloudguardian-s3-read-only;GxP-21-CFR-Part-11;GxP (Good Practices) 21 CFR Part 11;
aws;GxP refers to the regulations and guidelines that are applicable to life sciences organizations that make food and medical products. Medical products that fall under this include medicines, medical devices, and medical software applications. The overall intent of GxP requirements is to ensure that food and medical products are safe for consumers. It's also to ensure the integrity of data that's used to make product-related safety decisions.;735291151388;ap-south-1;2026-07-10 18:08:16.187152;11.10-g;Persons who use closed systems to create, modify, maintain, or transmit electronic records shall employ procedures and controls designed to ensure the authenticity, integrity, and, when appropriate, the confidentiality of electronic records, and to ensure that the signer cannot readily repudiate the signed record as not genuine. Such procedures and controls shall include the following: (g) Use of authority checks to ensure that only authorized individuals can use the system, electronically sign a record, access the operation or computer system input or output device, alter a record, or perform the operation at hand.;11.10 Controls for closed systems;;;aws;;PASS;Inline policy cloudguardian-s3-read-only attached to role cloudguardian-web-role does not allow '*:*' administrative privileges.;arn:aws:iam::735291151388:role/cloudguardian-web-role;iam_inline_policy_no_administrative_privileges;False;cloudguardian-web-role/cloudguardian-s3-read-only;GxP-21-CFR-Part-11;GxP (Good Practices) 21 CFR Part 11;
aws;GxP refers to the regulations and guidelines that are applicable to life sciences organizations that make food and medical products. Medical products that fall under this include medicines, medical devices, and medical software applications. The overall intent of GxP requirements is to ensure that food and medical products are safe for consumers. It's also to ensure the integrity of data that's used to make product-related safety decisions.;735291151388;ap-south-1;2026-07-10 18:08:16.187152;11.10-d;Persons who use closed systems to create, modify, maintain, or transmit electronic records shall employ procedures and controls designed to ensure the authenticity, integrity, and, when appropriate, the confidentiality of electronic records, and to ensure that the signer cannot readily repudiate the signed record as not genuine. Such procedures and controls shall include the following: (d) Limiting system access to authorized individuals.;11.10 Controls for closed systems;;;aws;;PASS;Root account does not have access keys.;arn:aws:iam::735291151388:root;iam_no_root_access_key;False;<root_account>;GxP-21-CFR-Part-11;GxP (Good Practices) 21 CFR Part 11;
aws;GxP refers to the regulations and guidelines that are applicable to life sciences organizations that make food and medical products. Medical products that fall under this include medicines, medical devices, and medical software applications. The overall intent of GxP requirements is to ensure that food and medical products are safe for consumers. It's also to ensure the integrity of data that's used to make product-related safety decisions.;735291151388;ap-south-1;2026-07-10 18:08:16.187152;11.10-g;Persons who use closed systems to create, modify, maintain, or transmit electronic records shall employ procedures and controls designed to ensure the authenticity, integrity, and, when appropriate, the confidentiality of electronic records, and to ensure that the signer cannot readily repudiate the signed record as not genuine. Such procedures and controls shall include the following: (g) Use of authority checks to ensure that only authorized individuals can use the system, electronically sign a record, access the operation or computer system input or output device, alter a record, or perform the operation at hand.;11.10 Controls for closed systems;;;aws;;PASS;Root account does not have access keys.;arn:aws:iam::735291151388:root;iam_no_root_access_key;False;<root_account>;GxP-21-CFR-Part-11;GxP (Good Practices) 21 CFR Part 11;
aws;GxP refers to the regulations and guidelines that are applicable to life sciences organizations that make food and medical products. Medical products that fall under this include medicines, medical devices, and medical software applications. The overall intent of GxP requirements is to ensure that food and medical products are safe for consumers. It's also to ensure the integrity of data that's used to make product-related safety decisions.;735291151388;ap-south-1;2026-07-10 18:08:16.187152;11.200;"(a) Electronic signatures that are not based upon biometrics shall: (1) Employ at least two distinct identification components such as an identification code and password. (i) When an individual executes a series of signings during a single, continuous period of controlled system access, the first signing shall be executed using all electronic signature components; subsequent signings shall be executed using at least one electronic signature component that is only executable by, and designed to be used only by, the individual. (ii) When an individual executes one or more signings not performed during a single, continuous period of controlled system access, each signing shall be executed using all of the electronic signature components. (2) Be used only by their genuine owners; and (3) Be administered and executed to ensure that attempted use of an individual's electronic signature by anyone other than its genuine owner requires collaboration of two or more individuals.";11.200 Electronic signature components and controls;;;aws;;PASS;Root account does not have access keys.;arn:aws:iam::735291151388:root;iam_no_root_access_key;False;<root_account>;GxP-21-CFR-Part-11;GxP (Good Practices) 21 CFR Part 11;
aws;GxP refers to the regulations and guidelines that are applicable to life sciences organizations that make food and medical products. Medical products that fall under this include medicines, medical devices, and medical software applications. The overall intent of GxP requirements is to ensure that food and medical products are safe for consumers. It's also to ensure the integrity of data that's used to make product-related safety decisions.;735291151388;ap-south-1;2026-07-10 18:08:16.187152;11.10-d;Persons who use closed systems to create, modify, maintain, or transmit electronic records shall employ procedures and controls designed to ensure the authenticity, integrity, and, when appropriate, the confidentiality of electronic records, and to ensure that the signer cannot readily repudiate the signed record as not genuine. Such procedures and controls shall include the following: (d) Limiting system access to authorized individuals.;11.10 Controls for closed systems;;;aws;;FAIL;IAM password policy does not require at least one lowercase letter.;arn:aws:iam:ap-south-1:735291151388:password-policy;iam_password_policy_lowercase;False;735291151388;GxP-21-CFR-Part-11;GxP (Good Practices) 21 CFR Part 11;
aws;GxP refers to the regulations and guidelines that are applicable to life sciences organizations that make food and medical products. Medical products that fall under this include medicines, medical devices, and medical software applications. The overall intent of GxP requirements is to ensure that food and medical products are safe for consumers. It's also to ensure the integrity of data that's used to make product-related safety decisions.;735291151388;ap-south-1;2026-07-10 18:08:16.187152;11.10-g;Persons who use closed systems to create, modify, maintain, or transmit electronic records shall employ procedures and controls designed to ensure the authenticity, integrity, and, when appropriate, the confidentiality of electronic records, and to ensure that the signer cannot readily repudiate the signed record as not genuine. Such procedures and controls shall include the following: (g) Use of authority checks to ensure that only authorized individuals can use the system, electronically sign a record, access the operation or computer system input or output device, alter a record, or perform the operation at hand.;11.10 Controls for closed systems;;;aws;;FAIL;IAM password policy does not require at least one lowercase letter.;arn:aws:iam:ap-south-1:735291151388:password-policy;iam_password_policy_lowercase;False;735291151388;GxP-21-CFR-Part-11;GxP (Good Practices) 21 CFR Part 11;
aws;GxP refers to the regulations and guidelines that are applicable to life sciences organizations that make food and medical products. Medical products that fall under this include medicines, medical devices, and medical software applications. The overall intent of GxP requirements is to ensure that food and medical products are safe for consumers. It's also to ensure the integrity of data that's used to make product-related safety decisions.;735291151388;ap-south-1;2026-07-10 18:08:16.187152;11.200;"(a) Electronic signatures that are not based upon biometrics shall: (1) Employ at least two distinct identification components such as an identification code and password. (i) When an individual executes a series of signings during a single, continuous period of controlled system access, the first signing shall be executed using all electronic signature components; subsequent signings shall be executed using at least one electronic signature component that is only executable by, and designed to be used only by, the individual. (ii) When an individual executes one or more signings not performed during a single, continuous period of controlled system access, each signing shall be executed using all of the electronic signature components. (2) Be used only by their genuine owners; and (3) Be administered and executed to ensure that attempted use of an individual's electronic signature by anyone other than its genuine owner requires collaboration of two or more individuals.";11.200 Electronic signature components and controls;;;aws;;FAIL;IAM password policy does not require at least one lowercase letter.;arn:aws:iam:ap-south-1:735291151388:password-policy;iam_password_policy_lowercase;False;735291151388;GxP-21-CFR-Part-11;GxP (Good Practices) 21 CFR Part 11;
aws;GxP refers to the regulations and guidelines that are applicable to life sciences organizations that make food and medical products. Medical products that fall under this include medicines, medical devices, and medical software applications. The overall intent of GxP requirements is to ensure that food and medical products are safe for consumers. It's also to ensure the integrity of data that's used to make product-related safety decisions.;735291151388;ap-south-1;2026-07-10 18:08:16.187152;11.300-b;Persons who use electronic signatures based upon use of identification codes in combination with passwords shall employ controls to ensure their security and integrity. Such controls shall include: (b) Ensuring that identification code and password issuances are periodically checked, recalled, or revised (e.g., to cover such events as password aging).;11.300 Controls for identification codes/passwords;;;aws;;FAIL;IAM password policy does not require at least one lowercase letter.;arn:aws:iam:ap-south-1:735291151388:password-policy;iam_password_policy_lowercase;False;735291151388;GxP-21-CFR-Part-11;GxP (Good Practices) 21 CFR Part 11;
aws;GxP refers to the regulations and guidelines that are applicable to life sciences organizations that make food and medical products. Medical products that fall under this include medicines, medical devices, and medical software applications. The overall intent of GxP requirements is to ensure that food and medical products are safe for consumers. It's also to ensure the integrity of data that's used to make product-related safety decisions.;735291151388;ap-south-1;2026-07-10 18:08:16.187152;11.10-d;Persons who use closed systems to create, modify, maintain, or transmit electronic records shall employ procedures and controls designed to ensure the authenticity, integrity, and, when appropriate, the confidentiality of electronic records, and to ensure that the signer cannot readily repudiate the signed record as not genuine. Such procedures and controls shall include the following: (d) Limiting system access to authorized individuals.;11.10 Controls for closed systems;;;aws;;FAIL;IAM password policy does not require minimum length of 14 characters.;arn:aws:iam:ap-south-1:735291151388:password-policy;iam_password_policy_minimum_length_14;False;735291151388;GxP-21-CFR-Part-11;GxP (Good Practices) 21 CFR Part 11;
aws;GxP refers to the regulations and guidelines that are applicable to life sciences organizations that make food and medical products. Medical products that fall under this include medicines, medical devices, and medical software applications. The overall intent of GxP requirements is to ensure that food and medical products are safe for consumers. It's also to ensure the integrity of data that's used to make product-related safety decisions.;735291151388;ap-south-1;2026-07-10 18:08:16.187152;11.10-g;Persons who use closed systems to create, modify, maintain, or transmit electronic records shall employ procedures and controls designed to ensure the authenticity, integrity, and, when appropriate, the confidentiality of electronic records, and to ensure that the signer cannot readily repudiate the signed record as not genuine. Such procedures and controls shall include the following: (g) Use of authority checks to ensure that only authorized individuals can use the system, electronically sign a record, access the operation or computer system input or output device, alter a record, or perform the operation at hand.;11.10 Controls for closed systems;;;aws;;FAIL;IAM password policy does not require minimum length of 14 characters.;arn:aws:iam:ap-south-1:735291151388:password-policy;iam_password_policy_minimum_length_14;False;735291151388;GxP-21-CFR-Part-11;GxP (Good Practices) 21 CFR Part 11;
aws;GxP refers to the regulations and guidelines that are applicable to life sciences organizations that make food and medical products. Medical products that fall under this include medicines, medical devices, and medical software applications. The overall intent of GxP requirements is to ensure that food and medical products are safe for consumers. It's also to ensure the integrity of data that's used to make product-related safety decisions.;735291151388;ap-south-1;2026-07-10 18:08:16.187152;11.200;"(a) Electronic signatures that are not based upon biometrics shall: (1) Employ at least two distinct identification components such as an identification code and password. (i) When an individual executes a series of signings during a single, continuous period of controlled system access, the first signing shall be executed using all electronic signature components; subsequent signings shall be executed using at least one electronic signature component that is only executable by, and designed to be used only by, the individual. (ii) When an individual executes one or more signings not performed during a single, continuous period of controlled system access, each signing shall be executed using all of the electronic signature components. (2) Be used only by their genuine owners; and (3) Be administered and executed to ensure that attempted use of an individual's electronic signature by anyone other than its genuine owner requires collaboration of two or more individuals.";11.200 Electronic signature components and controls;;;aws;;FAIL;IAM password policy does not require minimum length of 14 characters.;arn:aws:iam:ap-south-1:735291151388:password-policy;iam_password_policy_minimum_length_14;False;735291151388;GxP-21-CFR-Part-11;GxP (Good Practices) 21 CFR Part 11;
aws;GxP refers to the regulations and guidelines that are applicable to life sciences organizations that make food and medical products. Medical products that fall under this include medicines, medical devices, and medical software applications. The overall intent of GxP requirements is to ensure that food and medical products are safe for consumers. It's also to ensure the integrity of data that's used to make product-related safety decisions.;735291151388;ap-south-1;2026-07-10 18:08:16.187152;11.300-b;Persons who use electronic signatures based upon use of identification codes in combination with passwords shall employ controls to ensure their security and integrity. Such controls shall include: (b) Ensuring that identification code and password issuances are periodically checked, recalled, or revised (e.g., to cover such events as password aging).;11.300 Controls for identification codes/passwords;;;aws;;FAIL;IAM password policy does not require minimum length of 14 characters.;arn:aws:iam:ap-south-1:735291151388:password-policy;iam_password_policy_minimum_length_14;False;735291151388;GxP-21-CFR-Part-11;GxP (Good Practices) 21 CFR Part 11;
aws;GxP refers to the regulations and guidelines that are applicable to life sciences organizations that make food and medical products. Medical products that fall under this include medicines, medical devices, and medical software applications. The overall intent of GxP requirements is to ensure that food and medical products are safe for consumers. It's also to ensure the integrity of data that's used to make product-related safety decisions.;735291151388;ap-south-1;2026-07-10 18:08:16.187152;11.10-d;Persons who use closed systems to create, modify, maintain, or transmit electronic records shall employ procedures and controls designed to ensure the authenticity, integrity, and, when appropriate, the confidentiality of electronic records, and to ensure that the signer cannot readily repudiate the signed record as not genuine. Such procedures and controls shall include the following: (d) Limiting system access to authorized individuals.;11.10 Controls for closed systems;;;aws;;FAIL;IAM password policy does not require at least one number.;arn:aws:iam:ap-south-1:735291151388:password-policy;iam_password_policy_number;False;735291151388;GxP-21-CFR-Part-11;GxP (Good Practices) 21 CFR Part 11;
aws;GxP refers to the regulations and guidelines that are applicable to life sciences organizations that make food and medical products. Medical products that fall under this include medicines, medical devices, and medical software applications. The overall intent of GxP requirements is to ensure that food and medical products are safe for consumers. It's also to ensure the integrity of data that's used to make product-related safety decisions.;735291151388;ap-south-1;2026-07-10 18:08:16.187152;11.10-g;Persons who use closed systems to create, modify, maintain, or transmit electronic records shall employ procedures and controls designed to ensure the authenticity, integrity, and, when appropriate, the confidentiality of electronic records, and to ensure that the signer cannot readily repudiate the signed record as not genuine. Such procedures and controls shall include the following: (g) Use of authority checks to ensure that only authorized individuals can use the system, electronically sign a record, access the operation or computer system input or output device, alter a record, or perform the operation at hand.;11.10 Controls for closed systems;;;aws;;FAIL;IAM password policy does not require at least one number.;arn:aws:iam:ap-south-1:735291151388:password-policy;iam_password_policy_number;False;735291151388;GxP-21-CFR-Part-11;GxP (Good Practices) 21 CFR Part 11;
aws;GxP refers to the regulations and guidelines that are applicable to life sciences organizations that make food and medical products. Medical products that fall under this include medicines, medical devices, and medical software applications. The overall intent of GxP requirements is to ensure that food and medical products are safe for consumers. It's also to ensure the integrity of data that's used to make product-related safety decisions.;735291151388;ap-south-1;2026-07-10 18:08:16.187152;11.200;"(a) Electronic signatures that are not based upon biometrics shall: (1) Employ at least two distinct identification components such as an identification code and password. (i) When an individual executes a series of signings during a single, continuous period of controlled system access, the first signing shall be executed using all electronic signature components; subsequent signings shall be executed using at least one electronic signature component that is only executable by, and designed to be used only by, the individual. (ii) When an individual executes one or more signings not performed during a single, continuous period of controlled system access, each signing shall be executed using all of the electronic signature components. (2) Be used only by their genuine owners; and (3) Be administered and executed to ensure that attempted use of an individual's electronic signature by anyone other than its genuine owner requires collaboration of two or more individuals.";11.200 Electronic signature components and controls;;;aws;;FAIL;IAM password policy does not require at least one number.;arn:aws:iam:ap-south-1:735291151388:password-policy;iam_password_policy_number;False;735291151388;GxP-21-CFR-Part-11;GxP (Good Practices) 21 CFR Part 11;
aws;GxP refers to the regulations and guidelines that are applicable to life sciences organizations that make food and medical products. Medical products that fall under this include medicines, medical devices, and medical software applications. The overall intent of GxP requirements is to ensure that food and medical products are safe for consumers. It's also to ensure the integrity of data that's used to make product-related safety decisions.;735291151388;ap-south-1;2026-07-10 18:08:16.187152;11.300-b;Persons who use electronic signatures based upon use of identification codes in combination with passwords shall employ controls to ensure their security and integrity. Such controls shall include: (b) Ensuring that identification code and password issuances are periodically checked, recalled, or revised (e.g., to cover such events as password aging).;11.300 Controls for identification codes/passwords;;;aws;;FAIL;IAM password policy does not require at least one number.;arn:aws:iam:ap-south-1:735291151388:password-policy;iam_password_policy_number;False;735291151388;GxP-21-CFR-Part-11;GxP (Good Practices) 21 CFR Part 11;
aws;GxP refers to the regulations and guidelines that are applicable to life sciences organizations that make food and medical products. Medical products that fall under this include medicines, medical devices, and medical software applications. The overall intent of GxP requirements is to ensure that food and medical products are safe for consumers. It's also to ensure the integrity of data that's used to make product-related safety decisions.;735291151388;ap-south-1;2026-07-10 18:08:16.187152;11.10-d;Persons who use closed systems to create, modify, maintain, or transmit electronic records shall employ procedures and controls designed to ensure the authenticity, integrity, and, when appropriate, the confidentiality of electronic records, and to ensure that the signer cannot readily repudiate the signed record as not genuine. Such procedures and controls shall include the following: (d) Limiting system access to authorized individuals.;11.10 Controls for closed systems;;;aws;;FAIL;IAM password policy does not require at least one symbol.;arn:aws:iam:ap-south-1:735291151388:password-policy;iam_password_policy_symbol;False;735291151388;GxP-21-CFR-Part-11;GxP (Good Practices) 21 CFR Part 11;
aws;GxP refers to the regulations and guidelines that are applicable to life sciences organizations that make food and medical products. Medical products that fall under this include medicines, medical devices, and medical software applications. The overall intent of GxP requirements is to ensure that food and medical products are safe for consumers. It's also to ensure the integrity of data that's used to make product-related safety decisions.;735291151388;ap-south-1;2026-07-10 18:08:16.187152;11.10-g;Persons who use closed systems to create, modify, maintain, or transmit electronic records shall employ procedures and controls designed to ensure the authenticity, integrity, and, when appropriate, the confidentiality of electronic records, and to ensure that the signer cannot readily repudiate the signed record as not genuine. Such procedures and controls shall include the following: (g) Use of authority checks to ensure that only authorized individuals can use the system, electronically sign a record, access the operation or computer system input or output device, alter a record, or perform the operation at hand.;11.10 Controls for closed systems;;;aws;;FAIL;IAM password policy does not require at least one symbol.;arn:aws:iam:ap-south-1:735291151388:password-policy;iam_password_policy_symbol;False;735291151388;GxP-21-CFR-Part-11;GxP (Good Practices) 21 CFR Part 11;
aws;GxP refers to the regulations and guidelines that are applicable to life sciences organizations that make food and medical products. Medical products that fall under this include medicines, medical devices, and medical software applications. The overall intent of GxP requirements is to ensure that food and medical products are safe for consumers. It's also to ensure the integrity of data that's used to make product-related safety decisions.;735291151388;ap-south-1;2026-07-10 18:08:16.187152;11.200;"(a) Electronic signatures that are not based upon biometrics shall: (1) Employ at least two distinct identification components such as an identification code and password. (i) When an individual executes a series of signings during a single, continuous period of controlled system access, the first signing shall be executed using all electronic signature components; subsequent signings shall be executed using at least one electronic signature component that is only executable by, and designed to be used only by, the individual. (ii) When an individual executes one or more signings not performed during a single, continuous period of controlled system access, each signing shall be executed using all of the electronic signature components. (2) Be used only by their genuine owners; and (3) Be administered and executed to ensure that attempted use of an individual's electronic signature by anyone other than its genuine owner requires collaboration of two or more individuals.";11.200 Electronic signature components and controls;;;aws;;FAIL;IAM password policy does not require at least one symbol.;arn:aws:iam:ap-south-1:735291151388:password-policy;iam_password_policy_symbol;False;735291151388;GxP-21-CFR-Part-11;GxP (Good Practices) 21 CFR Part 11;
aws;GxP refers to the regulations and guidelines that are applicable to life sciences organizations that make food and medical products. Medical products that fall under this include medicines, medical devices, and medical software applications. The overall intent of GxP requirements is to ensure that food and medical products are safe for consumers. It's also to ensure the integrity of data that's used to make product-related safety decisions.;735291151388;ap-south-1;2026-07-10 18:08:16.187152;11.300-b;Persons who use electronic signatures based upon use of identification codes in combination with passwords shall employ controls to ensure their security and integrity. Such controls shall include: (b) Ensuring that identification code and password issuances are periodically checked, recalled, or revised (e.g., to cover such events as password aging).;11.300 Controls for identification codes/passwords;;;aws;;FAIL;IAM password policy does not require at least one symbol.;arn:aws:iam:ap-south-1:735291151388:password-policy;iam_password_policy_symbol;False;735291151388;GxP-21-CFR-Part-11;GxP (Good Practices) 21 CFR Part 11;
aws;GxP refers to the regulations and guidelines that are applicable to life sciences organizations that make food and medical products. Medical products that fall under this include medicines, medical devices, and medical software applications. The overall intent of GxP requirements is to ensure that food and medical products are safe for consumers. It's also to ensure the integrity of data that's used to make product-related safety decisions.;735291151388;ap-south-1;2026-07-10 18:08:16.187152;11.10-d;Persons who use closed systems to create, modify, maintain, or transmit electronic records shall employ procedures and controls designed to ensure the authenticity, integrity, and, when appropriate, the confidentiality of electronic records, and to ensure that the signer cannot readily repudiate the signed record as not genuine. Such procedures and controls shall include the following: (d) Limiting system access to authorized individuals.;11.10 Controls for closed systems;;;aws;;FAIL;IAM password policy does not require at least one uppercase letter.;arn:aws:iam:ap-south-1:735291151388:password-policy;iam_password_policy_uppercase;False;735291151388;GxP-21-CFR-Part-11;GxP (Good Practices) 21 CFR Part 11;
aws;GxP refers to the regulations and guidelines that are applicable to life sciences organizations that make food and medical products. Medical products that fall under this include medicines, medical devices, and medical software applications. The overall intent of GxP requirements is to ensure that food and medical products are safe for consumers. It's also to ensure the integrity of data that's used to make product-related safety decisions.;735291151388;ap-south-1;2026-07-10 18:08:16.187152;11.10-g;Persons who use closed systems to create, modify, maintain, or transmit electronic records shall employ procedures and controls designed to ensure the authenticity, integrity, and, when appropriate, the confidentiality of electronic records, and to ensure that the signer cannot readily repudiate the signed record as not genuine. Such procedures and controls shall include the following: (g) Use of authority checks to ensure that only authorized individuals can use the system, electronically sign a record, access the operation or computer system input or output device, alter a record, or perform the operation at hand.;11.10 Controls for closed systems;;;aws;;FAIL;IAM password policy does not require at least one uppercase letter.;arn:aws:iam:ap-south-1:735291151388:password-policy;iam_password_policy_uppercase;False;735291151388;GxP-21-CFR-Part-11;GxP (Good Practices) 21 CFR Part 11;
aws;GxP refers to the regulations and guidelines that are applicable to life sciences organizations that make food and medical products. Medical products that fall under this include medicines, medical devices, and medical software applications. The overall intent of GxP requirements is to ensure that food and medical products are safe for consumers. It's also to ensure the integrity of data that's used to make product-related safety decisions.;735291151388;ap-south-1;2026-07-10 18:08:16.187152;11.200;"(a) Electronic signatures that are not based upon biometrics shall: (1) Employ at least two distinct identification components such as an identification code and password. (i) When an individual executes a series of signings during a single, continuous period of controlled system access, the first signing shall be executed using all electronic signature components; subsequent signings shall be executed using at least one electronic signature component that is only executable by, and designed to be used only by, the individual. (ii) When an individual executes one or more signings not performed during a single, continuous period of controlled system access, each signing shall be executed using all of the electronic signature components. (2) Be used only by their genuine owners; and (3) Be administered and executed to ensure that attempted use of an individual's electronic signature by anyone other than its genuine owner requires collaboration of two or more individuals.";11.200 Electronic signature components and controls;;;aws;;FAIL;IAM password policy does not require at least one uppercase letter.;arn:aws:iam:ap-south-1:735291151388:password-policy;iam_password_policy_uppercase;False;735291151388;GxP-21-CFR-Part-11;GxP (Good Practices) 21 CFR Part 11;
aws;GxP refers to the regulations and guidelines that are applicable to life sciences organizations that make food and medical products. Medical products that fall under this include medicines, medical devices, and medical software applications. The overall intent of GxP requirements is to ensure that food and medical products are safe for consumers. It's also to ensure the integrity of data that's used to make product-related safety decisions.;735291151388;ap-south-1;2026-07-10 18:08:16.187152;11.300-b;Persons who use electronic signatures based upon use of identification codes in combination with passwords shall employ controls to ensure their security and integrity. Such controls shall include: (b) Ensuring that identification code and password issuances are periodically checked, recalled, or revised (e.g., to cover such events as password aging).;11.300 Controls for identification codes/passwords;;;aws;;FAIL;IAM password policy does not require at least one uppercase letter.;arn:aws:iam:ap-south-1:735291151388:password-policy;iam_password_policy_uppercase;False;735291151388;GxP-21-CFR-Part-11;GxP (Good Practices) 21 CFR Part 11;
aws;GxP refers to the regulations and guidelines that are applicable to life sciences organizations that make food and medical products. Medical products that fall under this include medicines, medical devices, and medical software applications. The overall intent of GxP requirements is to ensure that food and medical products are safe for consumers. It's also to ensure the integrity of data that's used to make product-related safety decisions.;735291151388;ap-south-1;2026-07-10 18:08:16.187152;11.10-d;Persons who use closed systems to create, modify, maintain, or transmit electronic records shall employ procedures and controls designed to ensure the authenticity, integrity, and, when appropriate, the confidentiality of electronic records, and to ensure that the signer cannot readily repudiate the signed record as not genuine. Such procedures and controls shall include the following: (d) Limiting system access to authorized individuals.;11.10 Controls for closed systems;;;aws;;PASS;User Alex has no inline or attached policies.;arn:aws:iam::735291151388:user/Alex;iam_policy_attached_only_to_group_or_roles;False;Alex;GxP-21-CFR-Part-11;GxP (Good Practices) 21 CFR Part 11;
aws;GxP refers to the regulations and guidelines that are applicable to life sciences organizations that make food and medical products. Medical products that fall under this include medicines, medical devices, and medical software applications. The overall intent of GxP requirements is to ensure that food and medical products are safe for consumers. It's also to ensure the integrity of data that's used to make product-related safety decisions.;735291151388;ap-south-1;2026-07-10 18:08:16.187152;11.10-g;Persons who use closed systems to create, modify, maintain, or transmit electronic records shall employ procedures and controls designed to ensure the authenticity, integrity, and, when appropriate, the confidentiality of electronic records, and to ensure that the signer cannot readily repudiate the signed record as not genuine. Such procedures and controls shall include the following: (g) Use of authority checks to ensure that only authorized individuals can use the system, electronically sign a record, access the operation or computer system input or output device, alter a record, or perform the operation at hand.;11.10 Controls for closed systems;;;aws;;PASS;User Alex has no inline or attached policies.;arn:aws:iam::735291151388:user/Alex;iam_policy_attached_only_to_group_or_roles;False;Alex;GxP-21-CFR-Part-11;GxP (Good Practices) 21 CFR Part 11;
aws;GxP refers to the regulations and guidelines that are applicable to life sciences organizations that make food and medical products. Medical products that fall under this include medicines, medical devices, and medical software applications. The overall intent of GxP requirements is to ensure that food and medical products are safe for consumers. It's also to ensure the integrity of data that's used to make product-related safety decisions.;735291151388;ap-south-1;2026-07-10 18:08:16.187152;11.10-d;Persons who use closed systems to create, modify, maintain, or transmit electronic records shall employ procedures and controls designed to ensure the authenticity, integrity, and, when appropriate, the confidentiality of electronic records, and to ensure that the signer cannot readily repudiate the signed record as not genuine. Such procedures and controls shall include the following: (d) Limiting system access to authorized individuals.;11.10 Controls for closed systems;;;aws;;PASS;Root account has a hardware MFA device enabled.;arn:aws:iam::735291151388:mfa;iam_root_hardware_mfa_enabled;False;<root_account>;GxP-21-CFR-Part-11;GxP (Good Practices) 21 CFR Part 11;
aws;GxP refers to the regulations and guidelines that are applicable to life sciences organizations that make food and medical products. Medical products that fall under this include medicines, medical devices, and medical software applications. The overall intent of GxP requirements is to ensure that food and medical products are safe for consumers. It's also to ensure the integrity of data that's used to make product-related safety decisions.;735291151388;ap-south-1;2026-07-10 18:08:16.187152;11.10-g;Persons who use closed systems to create, modify, maintain, or transmit electronic records shall employ procedures and controls designed to ensure the authenticity, integrity, and, when appropriate, the confidentiality of electronic records, and to ensure that the signer cannot readily repudiate the signed record as not genuine. Such procedures and controls shall include the following: (g) Use of authority checks to ensure that only authorized individuals can use the system, electronically sign a record, access the operation or computer system input or output device, alter a record, or perform the operation at hand.;11.10 Controls for closed systems;;;aws;;PASS;Root account has a hardware MFA device enabled.;arn:aws:iam::735291151388:mfa;iam_root_hardware_mfa_enabled;False;<root_account>;GxP-21-CFR-Part-11;GxP (Good Practices) 21 CFR Part 11;
aws;GxP refers to the regulations and guidelines that are applicable to life sciences organizations that make food and medical products. Medical products that fall under this include medicines, medical devices, and medical software applications. The overall intent of GxP requirements is to ensure that food and medical products are safe for consumers. It's also to ensure the integrity of data that's used to make product-related safety decisions.;735291151388;ap-south-1;2026-07-10 18:08:16.187152;11.200;"(a) Electronic signatures that are not based upon biometrics shall: (1) Employ at least two distinct identification components such as an identification code and password. (i) When an individual executes a series of signings during a single, continuous period of controlled system access, the first signing shall be executed using all electronic signature components; subsequent signings shall be executed using at least one electronic signature component that is only executable by, and designed to be used only by, the individual. (ii) When an individual executes one or more signings not performed during a single, continuous period of controlled system access, each signing shall be executed using all of the electronic signature components. (2) Be used only by their genuine owners; and (3) Be administered and executed to ensure that attempted use of an individual's electronic signature by anyone other than its genuine owner requires collaboration of two or more individuals.";11.200 Electronic signature components and controls;;;aws;;PASS;Root account has a hardware MFA device enabled.;arn:aws:iam::735291151388:mfa;iam_root_hardware_mfa_enabled;False;<root_account>;GxP-21-CFR-Part-11;GxP (Good Practices) 21 CFR Part 11;
aws;GxP refers to the regulations and guidelines that are applicable to life sciences organizations that make food and medical products. Medical products that fall under this include medicines, medical devices, and medical software applications. The overall intent of GxP requirements is to ensure that food and medical products are safe for consumers. It's also to ensure the integrity of data that's used to make product-related safety decisions.;735291151388;ap-south-1;2026-07-10 18:08:16.187152;11.10-d;Persons who use closed systems to create, modify, maintain, or transmit electronic records shall employ procedures and controls designed to ensure the authenticity, integrity, and, when appropriate, the confidentiality of electronic records, and to ensure that the signer cannot readily repudiate the signed record as not genuine. Such procedures and controls shall include the following: (d) Limiting system access to authorized individuals.;11.10 Controls for closed systems;;;aws;;PASS;MFA is enabled for root account.;arn:aws:iam::735291151388:root;iam_root_mfa_enabled;False;<root_account>;GxP-21-CFR-Part-11;GxP (Good Practices) 21 CFR Part 11;
aws;GxP refers to the regulations and guidelines that are applicable to life sciences organizations that make food and medical products. Medical products that fall under this include medicines, medical devices, and medical software applications. The overall intent of GxP requirements is to ensure that food and medical products are safe for consumers. It's also to ensure the integrity of data that's used to make product-related safety decisions.;735291151388;ap-south-1;2026-07-10 18:08:16.187152;11.10-g;Persons who use closed systems to create, modify, maintain, or transmit electronic records shall employ procedures and controls designed to ensure the authenticity, integrity, and, when appropriate, the confidentiality of electronic records, and to ensure that the signer cannot readily repudiate the signed record as not genuine. Such procedures and controls shall include the following: (g) Use of authority checks to ensure that only authorized individuals can use the system, electronically sign a record, access the operation or computer system input or output device, alter a record, or perform the operation at hand.;11.10 Controls for closed systems;;;aws;;PASS;MFA is enabled for root account.;arn:aws:iam::735291151388:root;iam_root_mfa_enabled;False;<root_account>;GxP-21-CFR-Part-11;GxP (Good Practices) 21 CFR Part 11;
aws;GxP refers to the regulations and guidelines that are applicable to life sciences organizations that make food and medical products. Medical products that fall under this include medicines, medical devices, and medical software applications. The overall intent of GxP requirements is to ensure that food and medical products are safe for consumers. It's also to ensure the integrity of data that's used to make product-related safety decisions.;735291151388;ap-south-1;2026-07-10 18:08:16.187152;11.200;"(a) Electronic signatures that are not based upon biometrics shall: (1) Employ at least two distinct identification components such as an identification code and password. (i) When an individual executes a series of signings during a single, continuous period of controlled system access, the first signing shall be executed using all electronic signature components; subsequent signings shall be executed using at least one electronic signature component that is only executable by, and designed to be used only by, the individual. (ii) When an individual executes one or more signings not performed during a single, continuous period of controlled system access, each signing shall be executed using all of the electronic signature components. (2) Be used only by their genuine owners; and (3) Be administered and executed to ensure that attempted use of an individual's electronic signature by anyone other than its genuine owner requires collaboration of two or more individuals.";11.200 Electronic signature components and controls;;;aws;;PASS;MFA is enabled for root account.;arn:aws:iam::735291151388:root;iam_root_mfa_enabled;False;<root_account>;GxP-21-CFR-Part-11;GxP (Good Practices) 21 CFR Part 11;
aws;GxP refers to the regulations and guidelines that are applicable to life sciences organizations that make food and medical products. Medical products that fall under this include medicines, medical devices, and medical software applications. The overall intent of GxP requirements is to ensure that food and medical products are safe for consumers. It's also to ensure the integrity of data that's used to make product-related safety decisions.;735291151388;ap-south-1;2026-07-10 18:08:16.187152;11.10-d;Persons who use closed systems to create, modify, maintain, or transmit electronic records shall employ procedures and controls designed to ensure the authenticity, integrity, and, when appropriate, the confidentiality of electronic records, and to ensure that the signer cannot readily repudiate the signed record as not genuine. Such procedures and controls shall include the following: (d) Limiting system access to authorized individuals.;11.10 Controls for closed systems;;;aws;;PASS;User <root_account> does not have access keys.;arn:aws:iam::735291151388:root;iam_rotate_access_key_90_days;False;<root_account>;GxP-21-CFR-Part-11;GxP (Good Practices) 21 CFR Part 11;
aws;GxP refers to the regulations and guidelines that are applicable to life sciences organizations that make food and medical products. Medical products that fall under this include medicines, medical devices, and medical software applications. The overall intent of GxP requirements is to ensure that food and medical products are safe for consumers. It's also to ensure the integrity of data that's used to make product-related safety decisions.;735291151388;ap-south-1;2026-07-10 18:08:16.187152;11.10-g;Persons who use closed systems to create, modify, maintain, or transmit electronic records shall employ procedures and controls designed to ensure the authenticity, integrity, and, when appropriate, the confidentiality of electronic records, and to ensure that the signer cannot readily repudiate the signed record as not genuine. Such procedures and controls shall include the following: (g) Use of authority checks to ensure that only authorized individuals can use the system, electronically sign a record, access the operation or computer system input or output device, alter a record, or perform the operation at hand.;11.10 Controls for closed systems;;;aws;;PASS;User <root_account> does not have access keys.;arn:aws:iam::735291151388:root;iam_rotate_access_key_90_days;False;<root_account>;GxP-21-CFR-Part-11;GxP (Good Practices) 21 CFR Part 11;
aws;GxP refers to the regulations and guidelines that are applicable to life sciences organizations that make food and medical products. Medical products that fall under this include medicines, medical devices, and medical software applications. The overall intent of GxP requirements is to ensure that food and medical products are safe for consumers. It's also to ensure the integrity of data that's used to make product-related safety decisions.;735291151388;ap-south-1;2026-07-10 18:08:16.187152;11.200;"(a) Electronic signatures that are not based upon biometrics shall: (1) Employ at least two distinct identification components such as an identification code and password. (i) When an individual executes a series of signings during a single, continuous period of controlled system access, the first signing shall be executed using all electronic signature components; subsequent signings shall be executed using at least one electronic signature component that is only executable by, and designed to be used only by, the individual. (ii) When an individual executes one or more signings not performed during a single, continuous period of controlled system access, each signing shall be executed using all of the electronic signature components. (2) Be used only by their genuine owners; and (3) Be administered and executed to ensure that attempted use of an individual's electronic signature by anyone other than its genuine owner requires collaboration of two or more individuals.";11.200 Electronic signature components and controls;;;aws;;PASS;User <root_account> does not have access keys.;arn:aws:iam::735291151388:root;iam_rotate_access_key_90_days;False;<root_account>;GxP-21-CFR-Part-11;GxP (Good Practices) 21 CFR Part 11;
aws;GxP refers to the regulations and guidelines that are applicable to life sciences organizations that make food and medical products. Medical products that fall under this include medicines, medical devices, and medical software applications. The overall intent of GxP requirements is to ensure that food and medical products are safe for consumers. It's also to ensure the integrity of data that's used to make product-related safety decisions.;735291151388;ap-south-1;2026-07-10 18:08:16.187152;11.300-b;Persons who use electronic signatures based upon use of identification codes in combination with passwords shall employ controls to ensure their security and integrity. Such controls shall include: (b) Ensuring that identification code and password issuances are periodically checked, recalled, or revised (e.g., to cover such events as password aging).;11.300 Controls for identification codes/passwords;;;aws;;PASS;User <root_account> does not have access keys.;arn:aws:iam::735291151388:root;iam_rotate_access_key_90_days;False;<root_account>;GxP-21-CFR-Part-11;GxP (Good Practices) 21 CFR Part 11;
aws;GxP refers to the regulations and guidelines that are applicable to life sciences organizations that make food and medical products. Medical products that fall under this include medicines, medical devices, and medical software applications. The overall intent of GxP requirements is to ensure that food and medical products are safe for consumers. It's also to ensure the integrity of data that's used to make product-related safety decisions.;735291151388;ap-south-1;2026-07-10 18:08:16.187152;11.10-d;Persons who use closed systems to create, modify, maintain, or transmit electronic records shall employ procedures and controls designed to ensure the authenticity, integrity, and, when appropriate, the confidentiality of electronic records, and to ensure that the signer cannot readily repudiate the signed record as not genuine. Such procedures and controls shall include the following: (d) Limiting system access to authorized individuals.;11.10 Controls for closed systems;;;aws;;PASS;User Alex does not have access keys older than 90 days.;arn:aws:iam::735291151388:user/Alex;iam_rotate_access_key_90_days;False;Alex;GxP-21-CFR-Part-11;GxP (Good Practices) 21 CFR Part 11;
aws;GxP refers to the regulations and guidelines that are applicable to life sciences organizations that make food and medical products. Medical products that fall under this include medicines, medical devices, and medical software applications. The overall intent of GxP requirements is to ensure that food and medical products are safe for consumers. It's also to ensure the integrity of data that's used to make product-related safety decisions.;735291151388;ap-south-1;2026-07-10 18:08:16.187152;11.10-g;Persons who use closed systems to create, modify, maintain, or transmit electronic records shall employ procedures and controls designed to ensure the authenticity, integrity, and, when appropriate, the confidentiality of electronic records, and to ensure that the signer cannot readily repudiate the signed record as not genuine. Such procedures and controls shall include the following: (g) Use of authority checks to ensure that only authorized individuals can use the system, electronically sign a record, access the operation or computer system input or output device, alter a record, or perform the operation at hand.;11.10 Controls for closed systems;;;aws;;PASS;User Alex does not have access keys older than 90 days.;arn:aws:iam::735291151388:user/Alex;iam_rotate_access_key_90_days;False;Alex;GxP-21-CFR-Part-11;GxP (Good Practices) 21 CFR Part 11;
aws;GxP refers to the regulations and guidelines that are applicable to life sciences organizations that make food and medical products. Medical products that fall under this include medicines, medical devices, and medical software applications. The overall intent of GxP requirements is to ensure that food and medical products are safe for consumers. It's also to ensure the integrity of data that's used to make product-related safety decisions.;735291151388;ap-south-1;2026-07-10 18:08:16.187152;11.200;"(a) Electronic signatures that are not based upon biometrics shall: (1) Employ at least two distinct identification components such as an identification code and password. (i) When an individual executes a series of signings during a single, continuous period of controlled system access, the first signing shall be executed using all electronic signature components; subsequent signings shall be executed using at least one electronic signature component that is only executable by, and designed to be used only by, the individual. (ii) When an individual executes one or more signings not performed during a single, continuous period of controlled system access, each signing shall be executed using all of the electronic signature components. (2) Be used only by their genuine owners; and (3) Be administered and executed to ensure that attempted use of an individual's electronic signature by anyone other than its genuine owner requires collaboration of two or more individuals.";11.200 Electronic signature components and controls;;;aws;;PASS;User Alex does not have access keys older than 90 days.;arn:aws:iam::735291151388:user/Alex;iam_rotate_access_key_90_days;False;Alex;GxP-21-CFR-Part-11;GxP (Good Practices) 21 CFR Part 11;
aws;GxP refers to the regulations and guidelines that are applicable to life sciences organizations that make food and medical products. Medical products that fall under this include medicines, medical devices, and medical software applications. The overall intent of GxP requirements is to ensure that food and medical products are safe for consumers. It's also to ensure the integrity of data that's used to make product-related safety decisions.;735291151388;ap-south-1;2026-07-10 18:08:16.187152;11.300-b;Persons who use electronic signatures based upon use of identification codes in combination with passwords shall employ controls to ensure their security and integrity. Such controls shall include: (b) Ensuring that identification code and password issuances are periodically checked, recalled, or revised (e.g., to cover such events as password aging).;11.300 Controls for identification codes/passwords;;;aws;;PASS;User Alex does not have access keys older than 90 days.;arn:aws:iam::735291151388:user/Alex;iam_rotate_access_key_90_days;False;Alex;GxP-21-CFR-Part-11;GxP (Good Practices) 21 CFR Part 11;
aws;GxP refers to the regulations and guidelines that are applicable to life sciences organizations that make food and medical products. Medical products that fall under this include medicines, medical devices, and medical software applications. The overall intent of GxP requirements is to ensure that food and medical products are safe for consumers. It's also to ensure the integrity of data that's used to make product-related safety decisions.;735291151388;ap-south-1;2026-07-10 18:08:16.187152;11.10-d;Persons who use closed systems to create, modify, maintain, or transmit electronic records shall employ procedures and controls designed to ensure the authenticity, integrity, and, when appropriate, the confidentiality of electronic records, and to ensure that the signer cannot readily repudiate the signed record as not genuine. Such procedures and controls shall include the following: (d) Limiting system access to authorized individuals.;11.10 Controls for closed systems;;;aws;;PASS;User <root_account> does not have access keys.;arn:aws:iam::735291151388:root;iam_user_accesskey_unused;False;<root_account>;GxP-21-CFR-Part-11;GxP (Good Practices) 21 CFR Part 11;
aws;GxP refers to the regulations and guidelines that are applicable to life sciences organizations that make food and medical products. Medical products that fall under this include medicines, medical devices, and medical software applications. The overall intent of GxP requirements is to ensure that food and medical products are safe for consumers. It's also to ensure the integrity of data that's used to make product-related safety decisions.;735291151388;ap-south-1;2026-07-10 18:08:16.187152;11.10-g;Persons who use closed systems to create, modify, maintain, or transmit electronic records shall employ procedures and controls designed to ensure the authenticity, integrity, and, when appropriate, the confidentiality of electronic records, and to ensure that the signer cannot readily repudiate the signed record as not genuine. Such procedures and controls shall include the following: (g) Use of authority checks to ensure that only authorized individuals can use the system, electronically sign a record, access the operation or computer system input or output device, alter a record, or perform the operation at hand.;11.10 Controls for closed systems;;;aws;;PASS;User <root_account> does not have access keys.;arn:aws:iam::735291151388:root;iam_user_accesskey_unused;False;<root_account>;GxP-21-CFR-Part-11;GxP (Good Practices) 21 CFR Part 11;
aws;GxP refers to the regulations and guidelines that are applicable to life sciences organizations that make food and medical products. Medical products that fall under this include medicines, medical devices, and medical software applications. The overall intent of GxP requirements is to ensure that food and medical products are safe for consumers. It's also to ensure the integrity of data that's used to make product-related safety decisions.;735291151388;ap-south-1;2026-07-10 18:08:16.187152;11.300-b;Persons who use electronic signatures based upon use of identification codes in combination with passwords shall employ controls to ensure their security and integrity. Such controls shall include: (b) Ensuring that identification code and password issuances are periodically checked, recalled, or revised (e.g., to cover such events as password aging).;11.300 Controls for identification codes/passwords;;;aws;;PASS;User <root_account> does not have access keys.;arn:aws:iam::735291151388:root;iam_user_accesskey_unused;False;<root_account>;GxP-21-CFR-Part-11;GxP (Good Practices) 21 CFR Part 11;
aws;GxP refers to the regulations and guidelines that are applicable to life sciences organizations that make food and medical products. Medical products that fall under this include medicines, medical devices, and medical software applications. The overall intent of GxP requirements is to ensure that food and medical products are safe for consumers. It's also to ensure the integrity of data that's used to make product-related safety decisions.;735291151388;ap-south-1;2026-07-10 18:08:16.187152;11.10-d;Persons who use closed systems to create, modify, maintain, or transmit electronic records shall employ procedures and controls designed to ensure the authenticity, integrity, and, when appropriate, the confidentiality of electronic records, and to ensure that the signer cannot readily repudiate the signed record as not genuine. Such procedures and controls shall include the following: (d) Limiting system access to authorized individuals.;11.10 Controls for closed systems;;;aws;;PASS;User Alex does not have unused access keys for 45 days.;arn:aws:iam::735291151388:user/Alex;iam_user_accesskey_unused;False;Alex;GxP-21-CFR-Part-11;GxP (Good Practices) 21 CFR Part 11;
aws;GxP refers to the regulations and guidelines that are applicable to life sciences organizations that make food and medical products. Medical products that fall under this include medicines, medical devices, and medical software applications. The overall intent of GxP requirements is to ensure that food and medical products are safe for consumers. It's also to ensure the integrity of data that's used to make product-related safety decisions.;735291151388;ap-south-1;2026-07-10 18:08:16.187152;11.10-g;Persons who use closed systems to create, modify, maintain, or transmit electronic records shall employ procedures and controls designed to ensure the authenticity, integrity, and, when appropriate, the confidentiality of electronic records, and to ensure that the signer cannot readily repudiate the signed record as not genuine. Such procedures and controls shall include the following: (g) Use of authority checks to ensure that only authorized individuals can use the system, electronically sign a record, access the operation or computer system input or output device, alter a record, or perform the operation at hand.;11.10 Controls for closed systems;;;aws;;PASS;User Alex does not have unused access keys for 45 days.;arn:aws:iam::735291151388:user/Alex;iam_user_accesskey_unused;False;Alex;GxP-21-CFR-Part-11;GxP (Good Practices) 21 CFR Part 11;
aws;GxP refers to the regulations and guidelines that are applicable to life sciences organizations that make food and medical products. Medical products that fall under this include medicines, medical devices, and medical software applications. The overall intent of GxP requirements is to ensure that food and medical products are safe for consumers. It's also to ensure the integrity of data that's used to make product-related safety decisions.;735291151388;ap-south-1;2026-07-10 18:08:16.187152;11.300-b;Persons who use electronic signatures based upon use of identification codes in combination with passwords shall employ controls to ensure their security and integrity. Such controls shall include: (b) Ensuring that identification code and password issuances are periodically checked, recalled, or revised (e.g., to cover such events as password aging).;11.300 Controls for identification codes/passwords;;;aws;;PASS;User Alex does not have unused access keys for 45 days.;arn:aws:iam::735291151388:user/Alex;iam_user_accesskey_unused;False;Alex;GxP-21-CFR-Part-11;GxP (Good Practices) 21 CFR Part 11;
aws;GxP refers to the regulations and guidelines that are applicable to life sciences organizations that make food and medical products. Medical products that fall under this include medicines, medical devices, and medical software applications. The overall intent of GxP requirements is to ensure that food and medical products are safe for consumers. It's also to ensure the integrity of data that's used to make product-related safety decisions.;735291151388;ap-south-1;2026-07-10 18:08:16.187152;11.10-d;Persons who use closed systems to create, modify, maintain, or transmit electronic records shall employ procedures and controls designed to ensure the authenticity, integrity, and, when appropriate, the confidentiality of electronic records, and to ensure that the signer cannot readily repudiate the signed record as not genuine. Such procedures and controls shall include the following: (d) Limiting system access to authorized individuals.;11.10 Controls for closed systems;;;aws;;PASS;User Alex does not have console access enabled or is unused.;arn:aws:iam::735291151388:user/Alex;iam_user_console_access_unused;False;Alex;GxP-21-CFR-Part-11;GxP (Good Practices) 21 CFR Part 11;
aws;GxP refers to the regulations and guidelines that are applicable to life sciences organizations that make food and medical products. Medical products that fall under this include medicines, medical devices, and medical software applications. The overall intent of GxP requirements is to ensure that food and medical products are safe for consumers. It's also to ensure the integrity of data that's used to make product-related safety decisions.;735291151388;ap-south-1;2026-07-10 18:08:16.187152;11.10-g;Persons who use closed systems to create, modify, maintain, or transmit electronic records shall employ procedures and controls designed to ensure the authenticity, integrity, and, when appropriate, the confidentiality of electronic records, and to ensure that the signer cannot readily repudiate the signed record as not genuine. Such procedures and controls shall include the following: (g) Use of authority checks to ensure that only authorized individuals can use the system, electronically sign a record, access the operation or computer system input or output device, alter a record, or perform the operation at hand.;11.10 Controls for closed systems;;;aws;;PASS;User Alex does not have console access enabled or is unused.;arn:aws:iam::735291151388:user/Alex;iam_user_console_access_unused;False;Alex;GxP-21-CFR-Part-11;GxP (Good Practices) 21 CFR Part 11;
aws;GxP refers to the regulations and guidelines that are applicable to life sciences organizations that make food and medical products. Medical products that fall under this include medicines, medical devices, and medical software applications. The overall intent of GxP requirements is to ensure that food and medical products are safe for consumers. It's also to ensure the integrity of data that's used to make product-related safety decisions.;735291151388;ap-south-1;2026-07-10 18:08:16.187152;11.300-b;Persons who use electronic signatures based upon use of identification codes in combination with passwords shall employ controls to ensure their security and integrity. Such controls shall include: (b) Ensuring that identification code and password issuances are periodically checked, recalled, or revised (e.g., to cover such events as password aging).;11.300 Controls for identification codes/passwords;;;aws;;PASS;User Alex does not have console access enabled or is unused.;arn:aws:iam::735291151388:user/Alex;iam_user_console_access_unused;False;Alex;GxP-21-CFR-Part-11;GxP (Good Practices) 21 CFR Part 11;
aws;GxP refers to the regulations and guidelines that are applicable to life sciences organizations that make food and medical products. Medical products that fall under this include medicines, medical devices, and medical software applications. The overall intent of GxP requirements is to ensure that food and medical products are safe for consumers. It's also to ensure the integrity of data that's used to make product-related safety decisions.;735291151388;ap-south-1;2026-07-10 18:08:16.187152;11.10-d;Persons who use closed systems to create, modify, maintain, or transmit electronic records shall employ procedures and controls designed to ensure the authenticity, integrity, and, when appropriate, the confidentiality of electronic records, and to ensure that the signer cannot readily repudiate the signed record as not genuine. Such procedures and controls shall include the following: (d) Limiting system access to authorized individuals.;11.10 Controls for closed systems;;;aws;;PASS;User Alex does not have Console Password enabled.;arn:aws:iam::735291151388:user/Alex;iam_user_mfa_enabled_console_access;False;Alex;GxP-21-CFR-Part-11;GxP (Good Practices) 21 CFR Part 11;
aws;GxP refers to the regulations and guidelines that are applicable to life sciences organizations that make food and medical products. Medical products that fall under this include medicines, medical devices, and medical software applications. The overall intent of GxP requirements is to ensure that food and medical products are safe for consumers. It's also to ensure the integrity of data that's used to make product-related safety decisions.;735291151388;ap-south-1;2026-07-10 18:08:16.187152;11.10-g;Persons who use closed systems to create, modify, maintain, or transmit electronic records shall employ procedures and controls designed to ensure the authenticity, integrity, and, when appropriate, the confidentiality of electronic records, and to ensure that the signer cannot readily repudiate the signed record as not genuine. Such procedures and controls shall include the following: (g) Use of authority checks to ensure that only authorized individuals can use the system, electronically sign a record, access the operation or computer system input or output device, alter a record, or perform the operation at hand.;11.10 Controls for closed systems;;;aws;;PASS;User Alex does not have Console Password enabled.;arn:aws:iam::735291151388:user/Alex;iam_user_mfa_enabled_console_access;False;Alex;GxP-21-CFR-Part-11;GxP (Good Practices) 21 CFR Part 11;
aws;GxP refers to the regulations and guidelines that are applicable to life sciences organizations that make food and medical products. Medical products that fall under this include medicines, medical devices, and medical software applications. The overall intent of GxP requirements is to ensure that food and medical products are safe for consumers. It's also to ensure the integrity of data that's used to make product-related safety decisions.;735291151388;ap-south-1;2026-07-10 18:08:16.187152;11.200;"(a) Electronic signatures that are not based upon biometrics shall: (1) Employ at least two distinct identification components such as an identification code and password. (i) When an individual executes a series of signings during a single, continuous period of controlled system access, the first signing shall be executed using all electronic signature components; subsequent signings shall be executed using at least one electronic signature component that is only executable by, and designed to be used only by, the individual. (ii) When an individual executes one or more signings not performed during a single, continuous period of controlled system access, each signing shall be executed using all of the electronic signature components. (2) Be used only by their genuine owners; and (3) Be administered and executed to ensure that attempted use of an individual's electronic signature by anyone other than its genuine owner requires collaboration of two or more individuals.";11.200 Electronic signature components and controls;;;aws;;PASS;User Alex does not have Console Password enabled.;arn:aws:iam::735291151388:user/Alex;iam_user_mfa_enabled_console_access;False;Alex;GxP-21-CFR-Part-11;GxP (Good Practices) 21 CFR Part 11;
aws;GxP refers to the regulations and guidelines that are applicable to life sciences organizations that make food and medical products. Medical products that fall under this include medicines, medical devices, and medical software applications. The overall intent of GxP requirements is to ensure that food and medical products are safe for consumers. It's also to ensure the integrity of data that's used to make product-related safety decisions.;735291151388;ap-south-1;2026-07-10 18:08:16.187152;11.10-a;Persons who use closed systems to create, modify, maintain, or transmit electronic records shall employ procedures and controls designed to ensure the authenticity, integrity, and, when appropriate, the confidentiality of electronic records, and to ensure that the signer cannot readily repudiate the signed record as not genuine. Such procedures and controls shall include the following: (a) Validation of systems to ensure accuracy, reliability, consistent intended performance, and the ability to discern invalid or altered records.;11.10 Controls for closed systems;;;aws;;FAIL;RDS Instance cloudguardian-db does not have backup enabled.;arn:aws:rds:ap-south-1:735291151388:db:cloudguardian-db;rds_instance_backup_enabled;False;cloudguardian-db;GxP-21-CFR-Part-11;GxP (Good Practices) 21 CFR Part 11;
aws;GxP refers to the regulations and guidelines that are applicable to life sciences organizations that make food and medical products. Medical products that fall under this include medicines, medical devices, and medical software applications. The overall intent of GxP requirements is to ensure that food and medical products are safe for consumers. It's also to ensure the integrity of data that's used to make product-related safety decisions.;735291151388;ap-south-1;2026-07-10 18:08:16.187152;11.10-a;Persons who use closed systems to create, modify, maintain, or transmit electronic records shall employ procedures and controls designed to ensure the authenticity, integrity, and, when appropriate, the confidentiality of electronic records, and to ensure that the signer cannot readily repudiate the signed record as not genuine. Such procedures and controls shall include the following: (a) Validation of systems to ensure accuracy, reliability, consistent intended performance, and the ability to discern invalid or altered records.;11.10 Controls for closed systems;;;aws;;FAIL;RDS Instance cloudguardian-db deletion protection is not enabled.;arn:aws:rds:ap-south-1:735291151388:db:cloudguardian-db;rds_instance_deletion_protection;False;cloudguardian-db;GxP-21-CFR-Part-11;GxP (Good Practices) 21 CFR Part 11;
aws;GxP refers to the regulations and guidelines that are applicable to life sciences organizations that make food and medical products. Medical products that fall under this include medicines, medical devices, and medical software applications. The overall intent of GxP requirements is to ensure that food and medical products are safe for consumers. It's also to ensure the integrity of data that's used to make product-related safety decisions.;735291151388;ap-south-1;2026-07-10 18:08:16.187152;11.10-e;Persons who use closed systems to create, modify, maintain, or transmit electronic records shall employ procedures and controls designed to ensure the authenticity, integrity, and, when appropriate, the confidentiality of electronic records, and to ensure that the signer cannot readily repudiate the signed record as not genuine. Such procedures and controls shall include the following: (e) Use of secure, computer-generated, time-stamped audit trails to independently record the date and time of operator entries and actions that create, modify, or delete electronic records. Record changes shall not obscure previously recorded information. Such audit trail documentation shall be retained for a period at least as long as that required for the subject electronic records and shall be available for agency review and copying.;11.10 Controls for closed systems;;;aws;;FAIL;RDS Instance cloudguardian-db does not have CloudWatch Logs enabled.;arn:aws:rds:ap-south-1:735291151388:db:cloudguardian-db;rds_instance_integration_cloudwatch_logs;False;cloudguardian-db;GxP-21-CFR-Part-11;GxP (Good Practices) 21 CFR Part 11;
aws;GxP refers to the regulations and guidelines that are applicable to life sciences organizations that make food and medical products. Medical products that fall under this include medicines, medical devices, and medical software applications. The overall intent of GxP requirements is to ensure that food and medical products are safe for consumers. It's also to ensure the integrity of data that's used to make product-related safety decisions.;735291151388;ap-south-1;2026-07-10 18:08:16.187152;11.10-k;Persons who use closed systems to create, modify, maintain, or transmit electronic records shall employ procedures and controls designed to ensure the authenticity, integrity, and, when appropriate, the confidentiality of electronic records, and to ensure that the signer cannot readily repudiate the signed record as not genuine. Such procedures and controls shall include the following: (k) Use of appropriate controls over systems documentation including: (1) Adequate controls over the distribution of, access to, and use of documentation for system operation and maintenance. (2) Revision and change control procedures to maintain an audit trail that documents time-sequenced development and modification of systems documentation.;11.10 Controls for closed systems;;;aws;;FAIL;RDS Instance cloudguardian-db does not have CloudWatch Logs enabled.;arn:aws:rds:ap-south-1:735291151388:db:cloudguardian-db;rds_instance_integration_cloudwatch_logs;False;cloudguardian-db;GxP-21-CFR-Part-11;GxP (Good Practices) 21 CFR Part 11;
aws;GxP refers to the regulations and guidelines that are applicable to life sciences organizations that make food and medical products. Medical products that fall under this include medicines, medical devices, and medical software applications. The overall intent of GxP requirements is to ensure that food and medical products are safe for consumers. It's also to ensure the integrity of data that's used to make product-related safety decisions.;735291151388;ap-south-1;2026-07-10 18:08:16.187152;11.10-a;Persons who use closed systems to create, modify, maintain, or transmit electronic records shall employ procedures and controls designed to ensure the authenticity, integrity, and, when appropriate, the confidentiality of electronic records, and to ensure that the signer cannot readily repudiate the signed record as not genuine. Such procedures and controls shall include the following: (a) Validation of systems to ensure accuracy, reliability, consistent intended performance, and the ability to discern invalid or altered records.;11.10 Controls for closed systems;;;aws;;FAIL;RDS Instance cloudguardian-db does not have multi-AZ enabled.;arn:aws:rds:ap-south-1:735291151388:db:cloudguardian-db;rds_instance_multi_az;False;cloudguardian-db;GxP-21-CFR-Part-11;GxP (Good Practices) 21 CFR Part 11;
aws;GxP refers to the regulations and guidelines that are applicable to life sciences organizations that make food and medical products. Medical products that fall under this include medicines, medical devices, and medical software applications. The overall intent of GxP requirements is to ensure that food and medical products are safe for consumers. It's also to ensure the integrity of data that's used to make product-related safety decisions.;735291151388;ap-south-1;2026-07-10 18:08:16.187152;11.10-d;Persons who use closed systems to create, modify, maintain, or transmit electronic records shall employ procedures and controls designed to ensure the authenticity, integrity, and, when appropriate, the confidentiality of electronic records, and to ensure that the signer cannot readily repudiate the signed record as not genuine. Such procedures and controls shall include the following: (d) Limiting system access to authorized individuals.;11.10 Controls for closed systems;;;aws;;PASS;RDS Instance cloudguardian-db is not publicly accessible.;arn:aws:rds:ap-south-1:735291151388:db:cloudguardian-db;rds_instance_no_public_access;False;cloudguardian-db;GxP-21-CFR-Part-11;GxP (Good Practices) 21 CFR Part 11;
aws;GxP refers to the regulations and guidelines that are applicable to life sciences organizations that make food and medical products. Medical products that fall under this include medicines, medical devices, and medical software applications. The overall intent of GxP requirements is to ensure that food and medical products are safe for consumers. It's also to ensure the integrity of data that's used to make product-related safety decisions.;735291151388;ap-south-1;2026-07-10 18:08:16.187152;11.10-g;Persons who use closed systems to create, modify, maintain, or transmit electronic records shall employ procedures and controls designed to ensure the authenticity, integrity, and, when appropriate, the confidentiality of electronic records, and to ensure that the signer cannot readily repudiate the signed record as not genuine. Such procedures and controls shall include the following: (g) Use of authority checks to ensure that only authorized individuals can use the system, electronically sign a record, access the operation or computer system input or output device, alter a record, or perform the operation at hand.;11.10 Controls for closed systems;;;aws;;PASS;RDS Instance cloudguardian-db is not publicly accessible.;arn:aws:rds:ap-south-1:735291151388:db:cloudguardian-db;rds_instance_no_public_access;False;cloudguardian-db;GxP-21-CFR-Part-11;GxP (Good Practices) 21 CFR Part 11;
aws;GxP refers to the regulations and guidelines that are applicable to life sciences organizations that make food and medical products. Medical products that fall under this include medicines, medical devices, and medical software applications. The overall intent of GxP requirements is to ensure that food and medical products are safe for consumers. It's also to ensure the integrity of data that's used to make product-related safety decisions.;735291151388;ap-south-1;2026-07-10 18:08:16.187152;11.10-k;Persons who use closed systems to create, modify, maintain, or transmit electronic records shall employ procedures and controls designed to ensure the authenticity, integrity, and, when appropriate, the confidentiality of electronic records, and to ensure that the signer cannot readily repudiate the signed record as not genuine. Such procedures and controls shall include the following: (k) Use of appropriate controls over systems documentation including: (1) Adequate controls over the distribution of, access to, and use of documentation for system operation and maintenance. (2) Revision and change control procedures to maintain an audit trail that documents time-sequenced development and modification of systems documentation.;11.10 Controls for closed systems;;;aws;;PASS;RDS Instance cloudguardian-db is not publicly accessible.;arn:aws:rds:ap-south-1:735291151388:db:cloudguardian-db;rds_instance_no_public_access;False;cloudguardian-db;GxP-21-CFR-Part-11;GxP (Good Practices) 21 CFR Part 11;
aws;GxP refers to the regulations and guidelines that are applicable to life sciences organizations that make food and medical products. Medical products that fall under this include medicines, medical devices, and medical software applications. The overall intent of GxP requirements is to ensure that food and medical products are safe for consumers. It's also to ensure the integrity of data that's used to make product-related safety decisions.;735291151388;ap-south-1;2026-07-10 18:08:16.187152;11.10-c;Persons who use closed systems to create, modify, maintain, or transmit electronic records shall employ procedures and controls designed to ensure the authenticity, integrity, and, when appropriate, the confidentiality of electronic records, and to ensure that the signer cannot readily repudiate the signed record as not genuine. Such procedures and controls shall include the following: (c) Protection of records to enable their accurate and ready retrieval throughout the records retention period.;11.10 Controls for closed systems;;;aws;;PASS;RDS Instance cloudguardian-db is encrypted.;arn:aws:rds:ap-south-1:735291151388:db:cloudguardian-db;rds_instance_storage_encrypted;False;cloudguardian-db;GxP-21-CFR-Part-11;GxP (Good Practices) 21 CFR Part 11;
aws;GxP refers to the regulations and guidelines that are applicable to life sciences organizations that make food and medical products. Medical products that fall under this include medicines, medical devices, and medical software applications. The overall intent of GxP requirements is to ensure that food and medical products are safe for consumers. It's also to ensure the integrity of data that's used to make product-related safety decisions.;735291151388;ap-south-1;2026-07-10 18:08:16.187152;11.30;Persons who use open systems to create, modify, maintain, or transmit electronic records shall employ procedures and controls designed to ensure the authenticity, integrity, and, as appropriate, the confidentiality of electronic records from the point of their creation to the point of their receipt. Such procedures and controls shall include those identified in 11.10, as appropriate, and additional measures such as document encryption and use of appropriate digital signature standards to ensure, as necessary under the circumstances, record authenticity, integrity, and confidentiality.;11.30 Controls for open systems;;;aws;;PASS;RDS Instance cloudguardian-db is encrypted.;arn:aws:rds:ap-south-1:735291151388:db:cloudguardian-db;rds_instance_storage_encrypted;False;cloudguardian-db;GxP-21-CFR-Part-11;GxP (Good Practices) 21 CFR Part 11;
aws;GxP refers to the regulations and guidelines that are applicable to life sciences organizations that make food and medical products. Medical products that fall under this include medicines, medical devices, and medical software applications. The overall intent of GxP requirements is to ensure that food and medical products are safe for consumers. It's also to ensure the integrity of data that's used to make product-related safety decisions.;735291151388;ap-south-1;2026-07-10 18:08:16.187152;11.10-d;Persons who use closed systems to create, modify, maintain, or transmit electronic records shall employ procedures and controls designed to ensure the authenticity, integrity, and, when appropriate, the confidentiality of electronic records, and to ensure that the signer cannot readily repudiate the signed record as not genuine. Such procedures and controls shall include the following: (d) Limiting system access to authorized individuals.;11.10 Controls for closed systems;;;aws;;FAIL;Block Public Access is not configured for the account 735291151388.;arn:aws:s3:ap-south-1:735291151388:account;s3_account_level_public_access_blocks;False;735291151388;GxP-21-CFR-Part-11;GxP (Good Practices) 21 CFR Part 11;
aws;GxP refers to the regulations and guidelines that are applicable to life sciences organizations that make food and medical products. Medical products that fall under this include medicines, medical devices, and medical software applications. The overall intent of GxP requirements is to ensure that food and medical products are safe for consumers. It's also to ensure the integrity of data that's used to make product-related safety decisions.;735291151388;ap-south-1;2026-07-10 18:08:16.187152;11.10-g;Persons who use closed systems to create, modify, maintain, or transmit electronic records shall employ procedures and controls designed to ensure the authenticity, integrity, and, when appropriate, the confidentiality of electronic records, and to ensure that the signer cannot readily repudiate the signed record as not genuine. Such procedures and controls shall include the following: (g) Use of authority checks to ensure that only authorized individuals can use the system, electronically sign a record, access the operation or computer system input or output device, alter a record, or perform the operation at hand.;11.10 Controls for closed systems;;;aws;;FAIL;Block Public Access is not configured for the account 735291151388.;arn:aws:s3:ap-south-1:735291151388:account;s3_account_level_public_access_blocks;False;735291151388;GxP-21-CFR-Part-11;GxP (Good Practices) 21 CFR Part 11;
aws;GxP refers to the regulations and guidelines that are applicable to life sciences organizations that make food and medical products. Medical products that fall under this include medicines, medical devices, and medical software applications. The overall intent of GxP requirements is to ensure that food and medical products are safe for consumers. It's also to ensure the integrity of data that's used to make product-related safety decisions.;735291151388;ap-south-1;2026-07-10 18:08:16.187152;11.10-c;Persons who use closed systems to create, modify, maintain, or transmit electronic records shall employ procedures and controls designed to ensure the authenticity, integrity, and, when appropriate, the confidentiality of electronic records, and to ensure that the signer cannot readily repudiate the signed record as not genuine. Such procedures and controls shall include the following: (c) Protection of records to enable their accurate and ready retrieval throughout the records retention period.;11.10 Controls for closed systems;;;aws;;PASS;S3 Bucket cloudguardian-data-c8f4e2a3 has Server Side Encryption with AES256.;arn:aws:s3:::cloudguardian-data-c8f4e2a3;s3_bucket_default_encryption;False;cloudguardian-data-c8f4e2a3;GxP-21-CFR-Part-11;GxP (Good Practices) 21 CFR Part 11;
aws;GxP refers to the regulations and guidelines that are applicable to life sciences organizations that make food and medical products. Medical products that fall under this include medicines, medical devices, and medical software applications. The overall intent of GxP requirements is to ensure that food and medical products are safe for consumers. It's also to ensure the integrity of data that's used to make product-related safety decisions.;735291151388;ap-south-1;2026-07-10 18:08:16.187152;11.30;Persons who use open systems to create, modify, maintain, or transmit electronic records shall employ procedures and controls designed to ensure the authenticity, integrity, and, as appropriate, the confidentiality of electronic records from the point of their creation to the point of their receipt. Such procedures and controls shall include those identified in 11.10, as appropriate, and additional measures such as document encryption and use of appropriate digital signature standards to ensure, as necessary under the circumstances, record authenticity, integrity, and confidentiality.;11.30 Controls for open systems;;;aws;;PASS;S3 Bucket cloudguardian-data-c8f4e2a3 has Server Side Encryption with AES256.;arn:aws:s3:::cloudguardian-data-c8f4e2a3;s3_bucket_default_encryption;False;cloudguardian-data-c8f4e2a3;GxP-21-CFR-Part-11;GxP (Good Practices) 21 CFR Part 11;
aws;GxP refers to the regulations and guidelines that are applicable to life sciences organizations that make food and medical products. Medical products that fall under this include medicines, medical devices, and medical software applications. The overall intent of GxP requirements is to ensure that food and medical products are safe for consumers. It's also to ensure the integrity of data that's used to make product-related safety decisions.;735291151388;ap-south-1;2026-07-10 18:08:16.187152;11.10-a;Persons who use closed systems to create, modify, maintain, or transmit electronic records shall employ procedures and controls designed to ensure the authenticity, integrity, and, when appropriate, the confidentiality of electronic records, and to ensure that the signer cannot readily repudiate the signed record as not genuine. Such procedures and controls shall include the following: (a) Validation of systems to ensure accuracy, reliability, consistent intended performance, and the ability to discern invalid or altered records.;11.10 Controls for closed systems;;;aws;;PASS;S3 Bucket cloudguardian-data-c8f4e2a3 has versioning enabled.;arn:aws:s3:::cloudguardian-data-c8f4e2a3;s3_bucket_object_versioning;False;cloudguardian-data-c8f4e2a3;GxP-21-CFR-Part-11;GxP (Good Practices) 21 CFR Part 11;
aws;GxP refers to the regulations and guidelines that are applicable to life sciences organizations that make food and medical products. Medical products that fall under this include medicines, medical devices, and medical software applications. The overall intent of GxP requirements is to ensure that food and medical products are safe for consumers. It's also to ensure the integrity of data that's used to make product-related safety decisions.;735291151388;ap-south-1;2026-07-10 18:08:16.187152;11.10-c;Persons who use closed systems to create, modify, maintain, or transmit electronic records shall employ procedures and controls designed to ensure the authenticity, integrity, and, when appropriate, the confidentiality of electronic records, and to ensure that the signer cannot readily repudiate the signed record as not genuine. Such procedures and controls shall include the following: (c) Protection of records to enable their accurate and ready retrieval throughout the records retention period.;11.10 Controls for closed systems;;;aws;;PASS;S3 Bucket cloudguardian-data-c8f4e2a3 has versioning enabled.;arn:aws:s3:::cloudguardian-data-c8f4e2a3;s3_bucket_object_versioning;False;cloudguardian-data-c8f4e2a3;GxP-21-CFR-Part-11;GxP (Good Practices) 21 CFR Part 11;
aws;GxP refers to the regulations and guidelines that are applicable to life sciences organizations that make food and medical products. Medical products that fall under this include medicines, medical devices, and medical software applications. The overall intent of GxP requirements is to ensure that food and medical products are safe for consumers. It's also to ensure the integrity of data that's used to make product-related safety decisions.;735291151388;ap-south-1;2026-07-10 18:08:16.187152;11.10-c;Persons who use closed systems to create, modify, maintain, or transmit electronic records shall employ procedures and controls designed to ensure the authenticity, integrity, and, when appropriate, the confidentiality of electronic records, and to ensure that the signer cannot readily repudiate the signed record as not genuine. Such procedures and controls shall include the following: (c) Protection of records to enable their accurate and ready retrieval throughout the records retention period.;11.10 Controls for closed systems;;;aws;;PASS;S3 Bucket cloudguardian-data-c8f4e2a3 does not have a bucket policy.;arn:aws:s3:::cloudguardian-data-c8f4e2a3;s3_bucket_policy_public_write_access;False;cloudguardian-data-c8f4e2a3;GxP-21-CFR-Part-11;GxP (Good Practices) 21 CFR Part 11;
aws;GxP refers to the regulations and guidelines that are applicable to life sciences organizations that make food and medical products. Medical products that fall under this include medicines, medical devices, and medical software applications. The overall intent of GxP requirements is to ensure that food and medical products are safe for consumers. It's also to ensure the integrity of data that's used to make product-related safety decisions.;735291151388;ap-south-1;2026-07-10 18:08:16.187152;11.10-d;Persons who use closed systems to create, modify, maintain, or transmit electronic records shall employ procedures and controls designed to ensure the authenticity, integrity, and, when appropriate, the confidentiality of electronic records, and to ensure that the signer cannot readily repudiate the signed record as not genuine. Such procedures and controls shall include the following: (d) Limiting system access to authorized individuals.;11.10 Controls for closed systems;;;aws;;PASS;S3 Bucket cloudguardian-data-c8f4e2a3 does not have a bucket policy.;arn:aws:s3:::cloudguardian-data-c8f4e2a3;s3_bucket_policy_public_write_access;False;cloudguardian-data-c8f4e2a3;GxP-21-CFR-Part-11;GxP (Good Practices) 21 CFR Part 11;
aws;GxP refers to the regulations and guidelines that are applicable to life sciences organizations that make food and medical products. Medical products that fall under this include medicines, medical devices, and medical software applications. The overall intent of GxP requirements is to ensure that food and medical products are safe for consumers. It's also to ensure the integrity of data that's used to make product-related safety decisions.;735291151388;ap-south-1;2026-07-10 18:08:16.187152;11.10-g;Persons who use closed systems to create, modify, maintain, or transmit electronic records shall employ procedures and controls designed to ensure the authenticity, integrity, and, when appropriate, the confidentiality of electronic records, and to ensure that the signer cannot readily repudiate the signed record as not genuine. Such procedures and controls shall include the following: (g) Use of authority checks to ensure that only authorized individuals can use the system, electronically sign a record, access the operation or computer system input or output device, alter a record, or perform the operation at hand.;11.10 Controls for closed systems;;;aws;;PASS;S3 Bucket cloudguardian-data-c8f4e2a3 does not have a bucket policy.;arn:aws:s3:::cloudguardian-data-c8f4e2a3;s3_bucket_policy_public_write_access;False;cloudguardian-data-c8f4e2a3;GxP-21-CFR-Part-11;GxP (Good Practices) 21 CFR Part 11;
aws;GxP refers to the regulations and guidelines that are applicable to life sciences organizations that make food and medical products. Medical products that fall under this include medicines, medical devices, and medical software applications. The overall intent of GxP requirements is to ensure that food and medical products are safe for consumers. It's also to ensure the integrity of data that's used to make product-related safety decisions.;735291151388;ap-south-1;2026-07-10 18:08:16.187152;11.10-k;Persons who use closed systems to create, modify, maintain, or transmit electronic records shall employ procedures and controls designed to ensure the authenticity, integrity, and, when appropriate, the confidentiality of electronic records, and to ensure that the signer cannot readily repudiate the signed record as not genuine. Such procedures and controls shall include the following: (k) Use of appropriate controls over systems documentation including: (1) Adequate controls over the distribution of, access to, and use of documentation for system operation and maintenance. (2) Revision and change control procedures to maintain an audit trail that documents time-sequenced development and modification of systems documentation.;11.10 Controls for closed systems;;;aws;;PASS;S3 Bucket cloudguardian-data-c8f4e2a3 does not have a bucket policy.;arn:aws:s3:::cloudguardian-data-c8f4e2a3;s3_bucket_policy_public_write_access;False;cloudguardian-data-c8f4e2a3;GxP-21-CFR-Part-11;GxP (Good Practices) 21 CFR Part 11;
aws;GxP refers to the regulations and guidelines that are applicable to life sciences organizations that make food and medical products. Medical products that fall under this include medicines, medical devices, and medical software applications. The overall intent of GxP requirements is to ensure that food and medical products are safe for consumers. It's also to ensure the integrity of data that's used to make product-related safety decisions.;735291151388;ap-south-1;2026-07-10 18:08:16.187152;11.10-c;Persons who use closed systems to create, modify, maintain, or transmit electronic records shall employ procedures and controls designed to ensure the authenticity, integrity, and, when appropriate, the confidentiality of electronic records, and to ensure that the signer cannot readily repudiate the signed record as not genuine. Such procedures and controls shall include the following: (c) Protection of records to enable their accurate and ready retrieval throughout the records retention period.;11.10 Controls for closed systems;;;aws;;PASS;S3 Bucket cloudguardian-data-c8f4e2a3 is not public.;arn:aws:s3:::cloudguardian-data-c8f4e2a3;s3_bucket_public_access;False;cloudguardian-data-c8f4e2a3;GxP-21-CFR-Part-11;GxP (Good Practices) 21 CFR Part 11;
aws;GxP refers to the regulations and guidelines that are applicable to life sciences organizations that make food and medical products. Medical products that fall under this include medicines, medical devices, and medical software applications. The overall intent of GxP requirements is to ensure that food and medical products are safe for consumers. It's also to ensure the integrity of data that's used to make product-related safety decisions.;735291151388;ap-south-1;2026-07-10 18:08:16.187152;11.10-d;Persons who use closed systems to create, modify, maintain, or transmit electronic records shall employ procedures and controls designed to ensure the authenticity, integrity, and, when appropriate, the confidentiality of electronic records, and to ensure that the signer cannot readily repudiate the signed record as not genuine. Such procedures and controls shall include the following: (d) Limiting system access to authorized individuals.;11.10 Controls for closed systems;;;aws;;PASS;S3 Bucket cloudguardian-data-c8f4e2a3 is not public.;arn:aws:s3:::cloudguardian-data-c8f4e2a3;s3_bucket_public_access;False;cloudguardian-data-c8f4e2a3;GxP-21-CFR-Part-11;GxP (Good Practices) 21 CFR Part 11;
aws;GxP refers to the regulations and guidelines that are applicable to life sciences organizations that make food and medical products. Medical products that fall under this include medicines, medical devices, and medical software applications. The overall intent of GxP requirements is to ensure that food and medical products are safe for consumers. It's also to ensure the integrity of data that's used to make product-related safety decisions.;735291151388;ap-south-1;2026-07-10 18:08:16.187152;11.10-g;Persons who use closed systems to create, modify, maintain, or transmit electronic records shall employ procedures and controls designed to ensure the authenticity, integrity, and, when appropriate, the confidentiality of electronic records, and to ensure that the signer cannot readily repudiate the signed record as not genuine. Such procedures and controls shall include the following: (g) Use of authority checks to ensure that only authorized individuals can use the system, electronically sign a record, access the operation or computer system input or output device, alter a record, or perform the operation at hand.;11.10 Controls for closed systems;;;aws;;PASS;S3 Bucket cloudguardian-data-c8f4e2a3 is not public.;arn:aws:s3:::cloudguardian-data-c8f4e2a3;s3_bucket_public_access;False;cloudguardian-data-c8f4e2a3;GxP-21-CFR-Part-11;GxP (Good Practices) 21 CFR Part 11;
aws;GxP refers to the regulations and guidelines that are applicable to life sciences organizations that make food and medical products. Medical products that fall under this include medicines, medical devices, and medical software applications. The overall intent of GxP requirements is to ensure that food and medical products are safe for consumers. It's also to ensure the integrity of data that's used to make product-related safety decisions.;735291151388;ap-south-1;2026-07-10 18:08:16.187152;11.10-k;Persons who use closed systems to create, modify, maintain, or transmit electronic records shall employ procedures and controls designed to ensure the authenticity, integrity, and, when appropriate, the confidentiality of electronic records, and to ensure that the signer cannot readily repudiate the signed record as not genuine. Such procedures and controls shall include the following: (k) Use of appropriate controls over systems documentation including: (1) Adequate controls over the distribution of, access to, and use of documentation for system operation and maintenance. (2) Revision and change control procedures to maintain an audit trail that documents time-sequenced development and modification of systems documentation.;11.10 Controls for closed systems;;;aws;;PASS;S3 Bucket cloudguardian-data-c8f4e2a3 is not public.;arn:aws:s3:::cloudguardian-data-c8f4e2a3;s3_bucket_public_access;False;cloudguardian-data-c8f4e2a3;GxP-21-CFR-Part-11;GxP (Good Practices) 21 CFR Part 11;
aws;GxP refers to the regulations and guidelines that are applicable to life sciences organizations that make food and medical products. Medical products that fall under this include medicines, medical devices, and medical software applications. The overall intent of GxP requirements is to ensure that food and medical products are safe for consumers. It's also to ensure the integrity of data that's used to make product-related safety decisions.;735291151388;ap-south-1;2026-07-10 18:08:16.187152;11.10-c;Persons who use closed systems to create, modify, maintain, or transmit electronic records shall employ procedures and controls designed to ensure the authenticity, integrity, and, when appropriate, the confidentiality of electronic records, and to ensure that the signer cannot readily repudiate the signed record as not genuine. Such procedures and controls shall include the following: (c) Protection of records to enable their accurate and ready retrieval throughout the records retention period.;11.10 Controls for closed systems;;;aws;;FAIL;S3 Bucket cloudguardian-data-c8f4e2a3 does not have a bucket policy, thus it allows HTTP requests.;arn:aws:s3:::cloudguardian-data-c8f4e2a3;s3_bucket_secure_transport_policy;False;cloudguardian-data-c8f4e2a3;GxP-21-CFR-Part-11;GxP (Good Practices) 21 CFR Part 11;
aws;GxP refers to the regulations and guidelines that are applicable to life sciences organizations that make food and medical products. Medical products that fall under this include medicines, medical devices, and medical software applications. The overall intent of GxP requirements is to ensure that food and medical products are safe for consumers. It's also to ensure the integrity of data that's used to make product-related safety decisions.;735291151388;ap-south-1;2026-07-10 18:08:16.187152;11.30;Persons who use open systems to create, modify, maintain, or transmit electronic records shall employ procedures and controls designed to ensure the authenticity, integrity, and, as appropriate, the confidentiality of electronic records from the point of their creation to the point of their receipt. Such procedures and controls shall include those identified in 11.10, as appropriate, and additional measures such as document encryption and use of appropriate digital signature standards to ensure, as necessary under the circumstances, record authenticity, integrity, and confidentiality.;11.30 Controls for open systems;;;aws;;FAIL;S3 Bucket cloudguardian-data-c8f4e2a3 does not have a bucket policy, thus it allows HTTP requests.;arn:aws:s3:::cloudguardian-data-c8f4e2a3;s3_bucket_secure_transport_policy;False;cloudguardian-data-c8f4e2a3;GxP-21-CFR-Part-11;GxP (Good Practices) 21 CFR Part 11;
aws;GxP refers to the regulations and guidelines that are applicable to life sciences organizations that make food and medical products. Medical products that fall under this include medicines, medical devices, and medical software applications. The overall intent of GxP requirements is to ensure that food and medical products are safe for consumers. It's also to ensure the integrity of data that's used to make product-related safety decisions.;735291151388;ap-south-1;2026-07-10 18:08:16.187152;11.10-e;Persons who use closed systems to create, modify, maintain, or transmit electronic records shall employ procedures and controls designed to ensure the authenticity, integrity, and, when appropriate, the confidentiality of electronic records, and to ensure that the signer cannot readily repudiate the signed record as not genuine. Such procedures and controls shall include the following: (e) Use of secure, computer-generated, time-stamped audit trails to independently record the date and time of operator entries and actions that create, modify, or delete electronic records. Record changes shall not obscure previously recorded information. Such audit trail documentation shall be retained for a period at least as long as that required for the subject electronic records and shall be available for agency review and copying.;11.10 Controls for closed systems;;;aws;;FAIL;S3 Bucket cloudguardian-data-c8f4e2a3 has server access logging disabled.;arn:aws:s3:::cloudguardian-data-c8f4e2a3;s3_bucket_server_access_logging_enabled;False;cloudguardian-data-c8f4e2a3;GxP-21-CFR-Part-11;GxP (Good Practices) 21 CFR Part 11;
aws;GxP refers to the regulations and guidelines that are applicable to life sciences organizations that make food and medical products. Medical products that fall under this include medicines, medical devices, and medical software applications. The overall intent of GxP requirements is to ensure that food and medical products are safe for consumers. It's also to ensure the integrity of data that's used to make product-related safety decisions.;735291151388;ap-south-1;2026-07-10 18:08:16.187152;11.10-k;Persons who use closed systems to create, modify, maintain, or transmit electronic records shall employ procedures and controls designed to ensure the authenticity, integrity, and, when appropriate, the confidentiality of electronic records, and to ensure that the signer cannot readily repudiate the signed record as not genuine. Such procedures and controls shall include the following: (k) Use of appropriate controls over systems documentation including: (1) Adequate controls over the distribution of, access to, and use of documentation for system operation and maintenance. (2) Revision and change control procedures to maintain an audit trail that documents time-sequenced development and modification of systems documentation.;11.10 Controls for closed systems;;;aws;;FAIL;S3 Bucket cloudguardian-data-c8f4e2a3 has server access logging disabled.;arn:aws:s3:::cloudguardian-data-c8f4e2a3;s3_bucket_server_access_logging_enabled;False;cloudguardian-data-c8f4e2a3;GxP-21-CFR-Part-11;GxP (Good Practices) 21 CFR Part 11;
aws;GxP refers to the regulations and guidelines that are applicable to life sciences organizations that make food and medical products. Medical products that fall under this include medicines, medical devices, and medical software applications. The overall intent of GxP requirements is to ensure that food and medical products are safe for consumers. It's also to ensure the integrity of data that's used to make product-related safety decisions.;735291151388;ap-south-1;2026-07-10 18:08:16.187152;11.10-e;Persons who use closed systems to create, modify, maintain, or transmit electronic records shall employ procedures and controls designed to ensure the authenticity, integrity, and, when appropriate, the confidentiality of electronic records, and to ensure that the signer cannot readily repudiate the signed record as not genuine. Such procedures and controls shall include the following: (e) Use of secure, computer-generated, time-stamped audit trails to independently record the date and time of operator entries and actions that create, modify, or delete electronic records. Record changes shall not obscure previously recorded information. Such audit trail documentation shall be retained for a period at least as long as that required for the subject electronic records and shall be available for agency review and copying.;11.10 Controls for closed systems;;;aws;;FAIL;VPC cloudguardian-vpc Flow logs are disabled.;arn:aws:ec2:ap-south-1:735291151388:vpc/vpc-056acc9b951114346;vpc_flow_logs_enabled;False;vpc-056acc9b951114346;GxP-21-CFR-Part-11;GxP (Good Practices) 21 CFR Part 11;
