PROVIDER;DESCRIPTION;ACCOUNTID;REGION;ASSESSMENTDATE;REQUIREMENTS_ID;REQUIREMENTS_DESCRIPTION;REQUIREMENTS_ATTRIBUTES_SECTION;REQUIREMENTS_ATTRIBUTES_SUBSECTION;REQUIREMENTS_ATTRIBUTES_SUBGROUP;REQUIREMENTS_ATTRIBUTES_SERVICE;REQUIREMENTS_ATTRIBUTES_TYPE;STATUS;STATUSEXTENDED;RESOURCEID;CHECKID;MUTED;RESOURCENAME;FRAMEWORK;NAME;REQUIREMENTS_ATTRIBUTES_COMMENT
aws;The NIST Cybersecurity Framework (CSF) 2.0 offers a taxonomy of high-level cybersecurity outcomes that can be used by any organization regardless of its size, sector, or maturity to better understand, assess, prioritize, and communicate its cybersecurity efforts. The framework's core functions are organized into six key areas: Govern (new), Identify, Protect, Detect, Respond, and Recover. Together, these functions provide a comprehensive lifecycle approach to managing cybersecurity risk.;735291151388;ap-northeast-1;2026-07-10 18:08:16.187152;po_3;Legal and regulatory requirements regarding cybersecurity, including privacy and civil liberties obligations, are understood and managed.;Govern (GV);Policies, Processes, and Procedures (GV.PO);;aws;;FAIL;IAM Access Analyzer in account 735291151388 is not enabled.;arn:aws:accessanalyzer:ap-northeast-1:735291151388:analyzer/unknown;accessanalyzer_enabled;False;analyzer/unknown;NIST-CSF;National Institute of Standards and Technology (NIST) Cybersecurity Framework (CSF) v2.0;
aws;The NIST Cybersecurity Framework (CSF) 2.0 offers a taxonomy of high-level cybersecurity outcomes that can be used by any organization regardless of its size, sector, or maturity to better understand, assess, prioritize, and communicate its cybersecurity efforts. The framework's core functions are organized into six key areas: Govern (new), Identify, Protect, Detect, Respond, and Recover. Together, these functions provide a comprehensive lifecycle approach to managing cybersecurity risk.;735291151388;ap-northeast-1;2026-07-10 18:08:16.187152;po_4;Governance and risk management processes address cybersecurity risks.;Govern (GV);Policies, Processes, and Procedures (GV.PO);;aws;;FAIL;IAM Access Analyzer in account 735291151388 is not enabled.;arn:aws:accessanalyzer:ap-northeast-1:735291151388:analyzer/unknown;accessanalyzer_enabled;False;analyzer/unknown;NIST-CSF;National Institute of Standards and Technology (NIST) Cybersecurity Framework (CSF) v2.0;
aws;The NIST Cybersecurity Framework (CSF) 2.0 offers a taxonomy of high-level cybersecurity outcomes that can be used by any organization regardless of its size, sector, or maturity to better understand, assess, prioritize, and communicate its cybersecurity efforts. The framework's core functions are organized into six key areas: Govern (new), Identify, Protect, Detect, Respond, and Recover. Together, these functions provide a comprehensive lifecycle approach to managing cybersecurity risk.;735291151388;ap-northeast-1;2026-07-10 18:08:16.187152;ov_2;Cybersecurity risk management performance is measured and reported.;Govern (GV);Oversight (GV.OV);;aws;;FAIL;IAM Access Analyzer in account 735291151388 is not enabled.;arn:aws:accessanalyzer:ap-northeast-1:735291151388:analyzer/unknown;accessanalyzer_enabled;False;analyzer/unknown;NIST-CSF;National Institute of Standards and Technology (NIST) Cybersecurity Framework (CSF) v2.0;
aws;The NIST Cybersecurity Framework (CSF) 2.0 offers a taxonomy of high-level cybersecurity outcomes that can be used by any organization regardless of its size, sector, or maturity to better understand, assess, prioritize, and communicate its cybersecurity efforts. The framework's core functions are organized into six key areas: Govern (new), Identify, Protect, Detect, Respond, and Recover. Together, these functions provide a comprehensive lifecycle approach to managing cybersecurity risk.;735291151388;ap-northeast-1;2026-07-10 18:08:16.187152;ov_3;Cybersecurity risk management strategy and practices are reviewed and adjusted to adapt to changes in the threat landscape, technologies, or mission, business, or system environments.;Govern (GV);Oversight (GV.OV);;aws;;FAIL;IAM Access Analyzer in account 735291151388 is not enabled.;arn:aws:accessanalyzer:ap-northeast-1:735291151388:analyzer/unknown;accessanalyzer_enabled;False;analyzer/unknown;NIST-CSF;National Institute of Standards and Technology (NIST) Cybersecurity Framework (CSF) v2.0;
aws;The NIST Cybersecurity Framework (CSF) 2.0 offers a taxonomy of high-level cybersecurity outcomes that can be used by any organization regardless of its size, sector, or maturity to better understand, assess, prioritize, and communicate its cybersecurity efforts. The framework's core functions are organized into six key areas: Govern (new), Identify, Protect, Detect, Respond, and Recover. Together, these functions provide a comprehensive lifecycle approach to managing cybersecurity risk.;735291151388;ap-northeast-1;2026-07-10 18:08:16.187152;ac_1;Identities and credentials are issued, managed, verified, revoked, and audited for authorized devices, users and processes.;Protect (PR);Identity Management and Access Control (PR.AC);;aws;;FAIL;IAM Access Analyzer in account 735291151388 is not enabled.;arn:aws:accessanalyzer:ap-northeast-1:735291151388:analyzer/unknown;accessanalyzer_enabled;False;analyzer/unknown;NIST-CSF;National Institute of Standards and Technology (NIST) Cybersecurity Framework (CSF) v2.0;
aws;The NIST Cybersecurity Framework (CSF) 2.0 offers a taxonomy of high-level cybersecurity outcomes that can be used by any organization regardless of its size, sector, or maturity to better understand, assess, prioritize, and communicate its cybersecurity efforts. The framework's core functions are organized into six key areas: Govern (new), Identify, Protect, Detect, Respond, and Recover. Together, these functions provide a comprehensive lifecycle approach to managing cybersecurity risk.;735291151388;ap-northeast-1;2026-07-10 18:08:16.187152;ac_6;Identities are proofed and bound to credentials and asserted in interactions.;Protect (PR);Identity Management and Access Control (PR.AC);;aws;;FAIL;IAM Access Analyzer in account 735291151388 is not enabled.;arn:aws:accessanalyzer:ap-northeast-1:735291151388:analyzer/unknown;accessanalyzer_enabled;False;analyzer/unknown;NIST-CSF;National Institute of Standards and Technology (NIST) Cybersecurity Framework (CSF) v2.0;
aws;The NIST Cybersecurity Framework (CSF) 2.0 offers a taxonomy of high-level cybersecurity outcomes that can be used by any organization regardless of its size, sector, or maturity to better understand, assess, prioritize, and communicate its cybersecurity efforts. The framework's core functions are organized into six key areas: Govern (new), Identify, Protect, Detect, Respond, and Recover. Together, these functions provide a comprehensive lifecycle approach to managing cybersecurity risk.;735291151388;ap-southeast-1;2026-07-10 18:08:16.187152;po_3;Legal and regulatory requirements regarding cybersecurity, including privacy and civil liberties obligations, are understood and managed.;Govern (GV);Policies, Processes, and Procedures (GV.PO);;aws;;FAIL;IAM Access Analyzer in account 735291151388 is not enabled.;arn:aws:accessanalyzer:ap-southeast-1:735291151388:analyzer/unknown;accessanalyzer_enabled;False;analyzer/unknown;NIST-CSF;National Institute of Standards and Technology (NIST) Cybersecurity Framework (CSF) v2.0;
aws;The NIST Cybersecurity Framework (CSF) 2.0 offers a taxonomy of high-level cybersecurity outcomes that can be used by any organization regardless of its size, sector, or maturity to better understand, assess, prioritize, and communicate its cybersecurity efforts. The framework's core functions are organized into six key areas: Govern (new), Identify, Protect, Detect, Respond, and Recover. Together, these functions provide a comprehensive lifecycle approach to managing cybersecurity risk.;735291151388;ap-southeast-1;2026-07-10 18:08:16.187152;po_4;Governance and risk management processes address cybersecurity risks.;Govern (GV);Policies, Processes, and Procedures (GV.PO);;aws;;FAIL;IAM Access Analyzer in account 735291151388 is not enabled.;arn:aws:accessanalyzer:ap-southeast-1:735291151388:analyzer/unknown;accessanalyzer_enabled;False;analyzer/unknown;NIST-CSF;National Institute of Standards and Technology (NIST) Cybersecurity Framework (CSF) v2.0;
aws;The NIST Cybersecurity Framework (CSF) 2.0 offers a taxonomy of high-level cybersecurity outcomes that can be used by any organization regardless of its size, sector, or maturity to better understand, assess, prioritize, and communicate its cybersecurity efforts. The framework's core functions are organized into six key areas: Govern (new), Identify, Protect, Detect, Respond, and Recover. Together, these functions provide a comprehensive lifecycle approach to managing cybersecurity risk.;735291151388;ap-southeast-1;2026-07-10 18:08:16.187152;ov_2;Cybersecurity risk management performance is measured and reported.;Govern (GV);Oversight (GV.OV);;aws;;FAIL;IAM Access Analyzer in account 735291151388 is not enabled.;arn:aws:accessanalyzer:ap-southeast-1:735291151388:analyzer/unknown;accessanalyzer_enabled;False;analyzer/unknown;NIST-CSF;National Institute of Standards and Technology (NIST) Cybersecurity Framework (CSF) v2.0;
aws;The NIST Cybersecurity Framework (CSF) 2.0 offers a taxonomy of high-level cybersecurity outcomes that can be used by any organization regardless of its size, sector, or maturity to better understand, assess, prioritize, and communicate its cybersecurity efforts. The framework's core functions are organized into six key areas: Govern (new), Identify, Protect, Detect, Respond, and Recover. Together, these functions provide a comprehensive lifecycle approach to managing cybersecurity risk.;735291151388;ap-southeast-1;2026-07-10 18:08:16.187152;ov_3;Cybersecurity risk management strategy and practices are reviewed and adjusted to adapt to changes in the threat landscape, technologies, or mission, business, or system environments.;Govern (GV);Oversight (GV.OV);;aws;;FAIL;IAM Access Analyzer in account 735291151388 is not enabled.;arn:aws:accessanalyzer:ap-southeast-1:735291151388:analyzer/unknown;accessanalyzer_enabled;False;analyzer/unknown;NIST-CSF;National Institute of Standards and Technology (NIST) Cybersecurity Framework (CSF) v2.0;
aws;The NIST Cybersecurity Framework (CSF) 2.0 offers a taxonomy of high-level cybersecurity outcomes that can be used by any organization regardless of its size, sector, or maturity to better understand, assess, prioritize, and communicate its cybersecurity efforts. The framework's core functions are organized into six key areas: Govern (new), Identify, Protect, Detect, Respond, and Recover. Together, these functions provide a comprehensive lifecycle approach to managing cybersecurity risk.;735291151388;ap-southeast-1;2026-07-10 18:08:16.187152;ac_1;Identities and credentials are issued, managed, verified, revoked, and audited for authorized devices, users and processes.;Protect (PR);Identity Management and Access Control (PR.AC);;aws;;FAIL;IAM Access Analyzer in account 735291151388 is not enabled.;arn:aws:accessanalyzer:ap-southeast-1:735291151388:analyzer/unknown;accessanalyzer_enabled;False;analyzer/unknown;NIST-CSF;National Institute of Standards and Technology (NIST) Cybersecurity Framework (CSF) v2.0;
aws;The NIST Cybersecurity Framework (CSF) 2.0 offers a taxonomy of high-level cybersecurity outcomes that can be used by any organization regardless of its size, sector, or maturity to better understand, assess, prioritize, and communicate its cybersecurity efforts. The framework's core functions are organized into six key areas: Govern (new), Identify, Protect, Detect, Respond, and Recover. Together, these functions provide a comprehensive lifecycle approach to managing cybersecurity risk.;735291151388;ap-southeast-1;2026-07-10 18:08:16.187152;ac_6;Identities are proofed and bound to credentials and asserted in interactions.;Protect (PR);Identity Management and Access Control (PR.AC);;aws;;FAIL;IAM Access Analyzer in account 735291151388 is not enabled.;arn:aws:accessanalyzer:ap-southeast-1:735291151388:analyzer/unknown;accessanalyzer_enabled;False;analyzer/unknown;NIST-CSF;National Institute of Standards and Technology (NIST) Cybersecurity Framework (CSF) v2.0;
aws;The NIST Cybersecurity Framework (CSF) 2.0 offers a taxonomy of high-level cybersecurity outcomes that can be used by any organization regardless of its size, sector, or maturity to better understand, assess, prioritize, and communicate its cybersecurity efforts. The framework's core functions are organized into six key areas: Govern (new), Identify, Protect, Detect, Respond, and Recover. Together, these functions provide a comprehensive lifecycle approach to managing cybersecurity risk.;735291151388;ca-central-1;2026-07-10 18:08:16.187152;po_3;Legal and regulatory requirements regarding cybersecurity, including privacy and civil liberties obligations, are understood and managed.;Govern (GV);Policies, Processes, and Procedures (GV.PO);;aws;;FAIL;IAM Access Analyzer in account 735291151388 is not enabled.;arn:aws:accessanalyzer:ca-central-1:735291151388:analyzer/unknown;accessanalyzer_enabled;False;analyzer/unknown;NIST-CSF;National Institute of Standards and Technology (NIST) Cybersecurity Framework (CSF) v2.0;
aws;The NIST Cybersecurity Framework (CSF) 2.0 offers a taxonomy of high-level cybersecurity outcomes that can be used by any organization regardless of its size, sector, or maturity to better understand, assess, prioritize, and communicate its cybersecurity efforts. The framework's core functions are organized into six key areas: Govern (new), Identify, Protect, Detect, Respond, and Recover. Together, these functions provide a comprehensive lifecycle approach to managing cybersecurity risk.;735291151388;ca-central-1;2026-07-10 18:08:16.187152;po_4;Governance and risk management processes address cybersecurity risks.;Govern (GV);Policies, Processes, and Procedures (GV.PO);;aws;;FAIL;IAM Access Analyzer in account 735291151388 is not enabled.;arn:aws:accessanalyzer:ca-central-1:735291151388:analyzer/unknown;accessanalyzer_enabled;False;analyzer/unknown;NIST-CSF;National Institute of Standards and Technology (NIST) Cybersecurity Framework (CSF) v2.0;
aws;The NIST Cybersecurity Framework (CSF) 2.0 offers a taxonomy of high-level cybersecurity outcomes that can be used by any organization regardless of its size, sector, or maturity to better understand, assess, prioritize, and communicate its cybersecurity efforts. The framework's core functions are organized into six key areas: Govern (new), Identify, Protect, Detect, Respond, and Recover. Together, these functions provide a comprehensive lifecycle approach to managing cybersecurity risk.;735291151388;ca-central-1;2026-07-10 18:08:16.187152;ov_2;Cybersecurity risk management performance is measured and reported.;Govern (GV);Oversight (GV.OV);;aws;;FAIL;IAM Access Analyzer in account 735291151388 is not enabled.;arn:aws:accessanalyzer:ca-central-1:735291151388:analyzer/unknown;accessanalyzer_enabled;False;analyzer/unknown;NIST-CSF;National Institute of Standards and Technology (NIST) Cybersecurity Framework (CSF) v2.0;
aws;The NIST Cybersecurity Framework (CSF) 2.0 offers a taxonomy of high-level cybersecurity outcomes that can be used by any organization regardless of its size, sector, or maturity to better understand, assess, prioritize, and communicate its cybersecurity efforts. The framework's core functions are organized into six key areas: Govern (new), Identify, Protect, Detect, Respond, and Recover. Together, these functions provide a comprehensive lifecycle approach to managing cybersecurity risk.;735291151388;ca-central-1;2026-07-10 18:08:16.187152;ov_3;Cybersecurity risk management strategy and practices are reviewed and adjusted to adapt to changes in the threat landscape, technologies, or mission, business, or system environments.;Govern (GV);Oversight (GV.OV);;aws;;FAIL;IAM Access Analyzer in account 735291151388 is not enabled.;arn:aws:accessanalyzer:ca-central-1:735291151388:analyzer/unknown;accessanalyzer_enabled;False;analyzer/unknown;NIST-CSF;National Institute of Standards and Technology (NIST) Cybersecurity Framework (CSF) v2.0;
aws;The NIST Cybersecurity Framework (CSF) 2.0 offers a taxonomy of high-level cybersecurity outcomes that can be used by any organization regardless of its size, sector, or maturity to better understand, assess, prioritize, and communicate its cybersecurity efforts. The framework's core functions are organized into six key areas: Govern (new), Identify, Protect, Detect, Respond, and Recover. Together, these functions provide a comprehensive lifecycle approach to managing cybersecurity risk.;735291151388;ca-central-1;2026-07-10 18:08:16.187152;ac_1;Identities and credentials are issued, managed, verified, revoked, and audited for authorized devices, users and processes.;Protect (PR);Identity Management and Access Control (PR.AC);;aws;;FAIL;IAM Access Analyzer in account 735291151388 is not enabled.;arn:aws:accessanalyzer:ca-central-1:735291151388:analyzer/unknown;accessanalyzer_enabled;False;analyzer/unknown;NIST-CSF;National Institute of Standards and Technology (NIST) Cybersecurity Framework (CSF) v2.0;
aws;The NIST Cybersecurity Framework (CSF) 2.0 offers a taxonomy of high-level cybersecurity outcomes that can be used by any organization regardless of its size, sector, or maturity to better understand, assess, prioritize, and communicate its cybersecurity efforts. The framework's core functions are organized into six key areas: Govern (new), Identify, Protect, Detect, Respond, and Recover. Together, these functions provide a comprehensive lifecycle approach to managing cybersecurity risk.;735291151388;ca-central-1;2026-07-10 18:08:16.187152;ac_6;Identities are proofed and bound to credentials and asserted in interactions.;Protect (PR);Identity Management and Access Control (PR.AC);;aws;;FAIL;IAM Access Analyzer in account 735291151388 is not enabled.;arn:aws:accessanalyzer:ca-central-1:735291151388:analyzer/unknown;accessanalyzer_enabled;False;analyzer/unknown;NIST-CSF;National Institute of Standards and Technology (NIST) Cybersecurity Framework (CSF) v2.0;
aws;The NIST Cybersecurity Framework (CSF) 2.0 offers a taxonomy of high-level cybersecurity outcomes that can be used by any organization regardless of its size, sector, or maturity to better understand, assess, prioritize, and communicate its cybersecurity efforts. The framework's core functions are organized into six key areas: Govern (new), Identify, Protect, Detect, Respond, and Recover. Together, these functions provide a comprehensive lifecycle approach to managing cybersecurity risk.;735291151388;eu-central-1;2026-07-10 18:08:16.187152;po_3;Legal and regulatory requirements regarding cybersecurity, including privacy and civil liberties obligations, are understood and managed.;Govern (GV);Policies, Processes, and Procedures (GV.PO);;aws;;FAIL;IAM Access Analyzer in account 735291151388 is not enabled.;arn:aws:accessanalyzer:eu-central-1:735291151388:analyzer/unknown;accessanalyzer_enabled;False;analyzer/unknown;NIST-CSF;National Institute of Standards and Technology (NIST) Cybersecurity Framework (CSF) v2.0;
aws;The NIST Cybersecurity Framework (CSF) 2.0 offers a taxonomy of high-level cybersecurity outcomes that can be used by any organization regardless of its size, sector, or maturity to better understand, assess, prioritize, and communicate its cybersecurity efforts. The framework's core functions are organized into six key areas: Govern (new), Identify, Protect, Detect, Respond, and Recover. Together, these functions provide a comprehensive lifecycle approach to managing cybersecurity risk.;735291151388;eu-central-1;2026-07-10 18:08:16.187152;po_4;Governance and risk management processes address cybersecurity risks.;Govern (GV);Policies, Processes, and Procedures (GV.PO);;aws;;FAIL;IAM Access Analyzer in account 735291151388 is not enabled.;arn:aws:accessanalyzer:eu-central-1:735291151388:analyzer/unknown;accessanalyzer_enabled;False;analyzer/unknown;NIST-CSF;National Institute of Standards and Technology (NIST) Cybersecurity Framework (CSF) v2.0;
aws;The NIST Cybersecurity Framework (CSF) 2.0 offers a taxonomy of high-level cybersecurity outcomes that can be used by any organization regardless of its size, sector, or maturity to better understand, assess, prioritize, and communicate its cybersecurity efforts. The framework's core functions are organized into six key areas: Govern (new), Identify, Protect, Detect, Respond, and Recover. Together, these functions provide a comprehensive lifecycle approach to managing cybersecurity risk.;735291151388;eu-central-1;2026-07-10 18:08:16.187152;ov_2;Cybersecurity risk management performance is measured and reported.;Govern (GV);Oversight (GV.OV);;aws;;FAIL;IAM Access Analyzer in account 735291151388 is not enabled.;arn:aws:accessanalyzer:eu-central-1:735291151388:analyzer/unknown;accessanalyzer_enabled;False;analyzer/unknown;NIST-CSF;National Institute of Standards and Technology (NIST) Cybersecurity Framework (CSF) v2.0;
aws;The NIST Cybersecurity Framework (CSF) 2.0 offers a taxonomy of high-level cybersecurity outcomes that can be used by any organization regardless of its size, sector, or maturity to better understand, assess, prioritize, and communicate its cybersecurity efforts. The framework's core functions are organized into six key areas: Govern (new), Identify, Protect, Detect, Respond, and Recover. Together, these functions provide a comprehensive lifecycle approach to managing cybersecurity risk.;735291151388;eu-central-1;2026-07-10 18:08:16.187152;ov_3;Cybersecurity risk management strategy and practices are reviewed and adjusted to adapt to changes in the threat landscape, technologies, or mission, business, or system environments.;Govern (GV);Oversight (GV.OV);;aws;;FAIL;IAM Access Analyzer in account 735291151388 is not enabled.;arn:aws:accessanalyzer:eu-central-1:735291151388:analyzer/unknown;accessanalyzer_enabled;False;analyzer/unknown;NIST-CSF;National Institute of Standards and Technology (NIST) Cybersecurity Framework (CSF) v2.0;
aws;The NIST Cybersecurity Framework (CSF) 2.0 offers a taxonomy of high-level cybersecurity outcomes that can be used by any organization regardless of its size, sector, or maturity to better understand, assess, prioritize, and communicate its cybersecurity efforts. The framework's core functions are organized into six key areas: Govern (new), Identify, Protect, Detect, Respond, and Recover. Together, these functions provide a comprehensive lifecycle approach to managing cybersecurity risk.;735291151388;eu-central-1;2026-07-10 18:08:16.187152;ac_1;Identities and credentials are issued, managed, verified, revoked, and audited for authorized devices, users and processes.;Protect (PR);Identity Management and Access Control (PR.AC);;aws;;FAIL;IAM Access Analyzer in account 735291151388 is not enabled.;arn:aws:accessanalyzer:eu-central-1:735291151388:analyzer/unknown;accessanalyzer_enabled;False;analyzer/unknown;NIST-CSF;National Institute of Standards and Technology (NIST) Cybersecurity Framework (CSF) v2.0;
aws;The NIST Cybersecurity Framework (CSF) 2.0 offers a taxonomy of high-level cybersecurity outcomes that can be used by any organization regardless of its size, sector, or maturity to better understand, assess, prioritize, and communicate its cybersecurity efforts. The framework's core functions are organized into six key areas: Govern (new), Identify, Protect, Detect, Respond, and Recover. Together, these functions provide a comprehensive lifecycle approach to managing cybersecurity risk.;735291151388;eu-central-1;2026-07-10 18:08:16.187152;ac_6;Identities are proofed and bound to credentials and asserted in interactions.;Protect (PR);Identity Management and Access Control (PR.AC);;aws;;FAIL;IAM Access Analyzer in account 735291151388 is not enabled.;arn:aws:accessanalyzer:eu-central-1:735291151388:analyzer/unknown;accessanalyzer_enabled;False;analyzer/unknown;NIST-CSF;National Institute of Standards and Technology (NIST) Cybersecurity Framework (CSF) v2.0;
aws;The NIST Cybersecurity Framework (CSF) 2.0 offers a taxonomy of high-level cybersecurity outcomes that can be used by any organization regardless of its size, sector, or maturity to better understand, assess, prioritize, and communicate its cybersecurity efforts. The framework's core functions are organized into six key areas: Govern (new), Identify, Protect, Detect, Respond, and Recover. Together, these functions provide a comprehensive lifecycle approach to managing cybersecurity risk.;735291151388;eu-north-1;2026-07-10 18:08:16.187152;po_3;Legal and regulatory requirements regarding cybersecurity, including privacy and civil liberties obligations, are understood and managed.;Govern (GV);Policies, Processes, and Procedures (GV.PO);;aws;;FAIL;IAM Access Analyzer in account 735291151388 is not enabled.;arn:aws:accessanalyzer:eu-north-1:735291151388:analyzer/unknown;accessanalyzer_enabled;False;analyzer/unknown;NIST-CSF;National Institute of Standards and Technology (NIST) Cybersecurity Framework (CSF) v2.0;
aws;The NIST Cybersecurity Framework (CSF) 2.0 offers a taxonomy of high-level cybersecurity outcomes that can be used by any organization regardless of its size, sector, or maturity to better understand, assess, prioritize, and communicate its cybersecurity efforts. The framework's core functions are organized into six key areas: Govern (new), Identify, Protect, Detect, Respond, and Recover. Together, these functions provide a comprehensive lifecycle approach to managing cybersecurity risk.;735291151388;eu-north-1;2026-07-10 18:08:16.187152;po_4;Governance and risk management processes address cybersecurity risks.;Govern (GV);Policies, Processes, and Procedures (GV.PO);;aws;;FAIL;IAM Access Analyzer in account 735291151388 is not enabled.;arn:aws:accessanalyzer:eu-north-1:735291151388:analyzer/unknown;accessanalyzer_enabled;False;analyzer/unknown;NIST-CSF;National Institute of Standards and Technology (NIST) Cybersecurity Framework (CSF) v2.0;
aws;The NIST Cybersecurity Framework (CSF) 2.0 offers a taxonomy of high-level cybersecurity outcomes that can be used by any organization regardless of its size, sector, or maturity to better understand, assess, prioritize, and communicate its cybersecurity efforts. The framework's core functions are organized into six key areas: Govern (new), Identify, Protect, Detect, Respond, and Recover. Together, these functions provide a comprehensive lifecycle approach to managing cybersecurity risk.;735291151388;eu-north-1;2026-07-10 18:08:16.187152;ov_2;Cybersecurity risk management performance is measured and reported.;Govern (GV);Oversight (GV.OV);;aws;;FAIL;IAM Access Analyzer in account 735291151388 is not enabled.;arn:aws:accessanalyzer:eu-north-1:735291151388:analyzer/unknown;accessanalyzer_enabled;False;analyzer/unknown;NIST-CSF;National Institute of Standards and Technology (NIST) Cybersecurity Framework (CSF) v2.0;
aws;The NIST Cybersecurity Framework (CSF) 2.0 offers a taxonomy of high-level cybersecurity outcomes that can be used by any organization regardless of its size, sector, or maturity to better understand, assess, prioritize, and communicate its cybersecurity efforts. The framework's core functions are organized into six key areas: Govern (new), Identify, Protect, Detect, Respond, and Recover. Together, these functions provide a comprehensive lifecycle approach to managing cybersecurity risk.;735291151388;eu-north-1;2026-07-10 18:08:16.187152;ov_3;Cybersecurity risk management strategy and practices are reviewed and adjusted to adapt to changes in the threat landscape, technologies, or mission, business, or system environments.;Govern (GV);Oversight (GV.OV);;aws;;FAIL;IAM Access Analyzer in account 735291151388 is not enabled.;arn:aws:accessanalyzer:eu-north-1:735291151388:analyzer/unknown;accessanalyzer_enabled;False;analyzer/unknown;NIST-CSF;National Institute of Standards and Technology (NIST) Cybersecurity Framework (CSF) v2.0;
aws;The NIST Cybersecurity Framework (CSF) 2.0 offers a taxonomy of high-level cybersecurity outcomes that can be used by any organization regardless of its size, sector, or maturity to better understand, assess, prioritize, and communicate its cybersecurity efforts. The framework's core functions are organized into six key areas: Govern (new), Identify, Protect, Detect, Respond, and Recover. Together, these functions provide a comprehensive lifecycle approach to managing cybersecurity risk.;735291151388;eu-north-1;2026-07-10 18:08:16.187152;ac_1;Identities and credentials are issued, managed, verified, revoked, and audited for authorized devices, users and processes.;Protect (PR);Identity Management and Access Control (PR.AC);;aws;;FAIL;IAM Access Analyzer in account 735291151388 is not enabled.;arn:aws:accessanalyzer:eu-north-1:735291151388:analyzer/unknown;accessanalyzer_enabled;False;analyzer/unknown;NIST-CSF;National Institute of Standards and Technology (NIST) Cybersecurity Framework (CSF) v2.0;
aws;The NIST Cybersecurity Framework (CSF) 2.0 offers a taxonomy of high-level cybersecurity outcomes that can be used by any organization regardless of its size, sector, or maturity to better understand, assess, prioritize, and communicate its cybersecurity efforts. The framework's core functions are organized into six key areas: Govern (new), Identify, Protect, Detect, Respond, and Recover. Together, these functions provide a comprehensive lifecycle approach to managing cybersecurity risk.;735291151388;eu-north-1;2026-07-10 18:08:16.187152;ac_6;Identities are proofed and bound to credentials and asserted in interactions.;Protect (PR);Identity Management and Access Control (PR.AC);;aws;;FAIL;IAM Access Analyzer in account 735291151388 is not enabled.;arn:aws:accessanalyzer:eu-north-1:735291151388:analyzer/unknown;accessanalyzer_enabled;False;analyzer/unknown;NIST-CSF;National Institute of Standards and Technology (NIST) Cybersecurity Framework (CSF) v2.0;
aws;The NIST Cybersecurity Framework (CSF) 2.0 offers a taxonomy of high-level cybersecurity outcomes that can be used by any organization regardless of its size, sector, or maturity to better understand, assess, prioritize, and communicate its cybersecurity efforts. The framework's core functions are organized into six key areas: Govern (new), Identify, Protect, Detect, Respond, and Recover. Together, these functions provide a comprehensive lifecycle approach to managing cybersecurity risk.;735291151388;eu-west-2;2026-07-10 18:08:16.187152;po_3;Legal and regulatory requirements regarding cybersecurity, including privacy and civil liberties obligations, are understood and managed.;Govern (GV);Policies, Processes, and Procedures (GV.PO);;aws;;FAIL;IAM Access Analyzer in account 735291151388 is not enabled.;arn:aws:accessanalyzer:eu-west-2:735291151388:analyzer/unknown;accessanalyzer_enabled;False;analyzer/unknown;NIST-CSF;National Institute of Standards and Technology (NIST) Cybersecurity Framework (CSF) v2.0;
aws;The NIST Cybersecurity Framework (CSF) 2.0 offers a taxonomy of high-level cybersecurity outcomes that can be used by any organization regardless of its size, sector, or maturity to better understand, assess, prioritize, and communicate its cybersecurity efforts. The framework's core functions are organized into six key areas: Govern (new), Identify, Protect, Detect, Respond, and Recover. Together, these functions provide a comprehensive lifecycle approach to managing cybersecurity risk.;735291151388;eu-west-2;2026-07-10 18:08:16.187152;po_4;Governance and risk management processes address cybersecurity risks.;Govern (GV);Policies, Processes, and Procedures (GV.PO);;aws;;FAIL;IAM Access Analyzer in account 735291151388 is not enabled.;arn:aws:accessanalyzer:eu-west-2:735291151388:analyzer/unknown;accessanalyzer_enabled;False;analyzer/unknown;NIST-CSF;National Institute of Standards and Technology (NIST) Cybersecurity Framework (CSF) v2.0;
aws;The NIST Cybersecurity Framework (CSF) 2.0 offers a taxonomy of high-level cybersecurity outcomes that can be used by any organization regardless of its size, sector, or maturity to better understand, assess, prioritize, and communicate its cybersecurity efforts. The framework's core functions are organized into six key areas: Govern (new), Identify, Protect, Detect, Respond, and Recover. Together, these functions provide a comprehensive lifecycle approach to managing cybersecurity risk.;735291151388;eu-west-2;2026-07-10 18:08:16.187152;ov_2;Cybersecurity risk management performance is measured and reported.;Govern (GV);Oversight (GV.OV);;aws;;FAIL;IAM Access Analyzer in account 735291151388 is not enabled.;arn:aws:accessanalyzer:eu-west-2:735291151388:analyzer/unknown;accessanalyzer_enabled;False;analyzer/unknown;NIST-CSF;National Institute of Standards and Technology (NIST) Cybersecurity Framework (CSF) v2.0;
aws;The NIST Cybersecurity Framework (CSF) 2.0 offers a taxonomy of high-level cybersecurity outcomes that can be used by any organization regardless of its size, sector, or maturity to better understand, assess, prioritize, and communicate its cybersecurity efforts. The framework's core functions are organized into six key areas: Govern (new), Identify, Protect, Detect, Respond, and Recover. Together, these functions provide a comprehensive lifecycle approach to managing cybersecurity risk.;735291151388;eu-west-2;2026-07-10 18:08:16.187152;ov_3;Cybersecurity risk management strategy and practices are reviewed and adjusted to adapt to changes in the threat landscape, technologies, or mission, business, or system environments.;Govern (GV);Oversight (GV.OV);;aws;;FAIL;IAM Access Analyzer in account 735291151388 is not enabled.;arn:aws:accessanalyzer:eu-west-2:735291151388:analyzer/unknown;accessanalyzer_enabled;False;analyzer/unknown;NIST-CSF;National Institute of Standards and Technology (NIST) Cybersecurity Framework (CSF) v2.0;
aws;The NIST Cybersecurity Framework (CSF) 2.0 offers a taxonomy of high-level cybersecurity outcomes that can be used by any organization regardless of its size, sector, or maturity to better understand, assess, prioritize, and communicate its cybersecurity efforts. The framework's core functions are organized into six key areas: Govern (new), Identify, Protect, Detect, Respond, and Recover. Together, these functions provide a comprehensive lifecycle approach to managing cybersecurity risk.;735291151388;eu-west-2;2026-07-10 18:08:16.187152;ac_1;Identities and credentials are issued, managed, verified, revoked, and audited for authorized devices, users and processes.;Protect (PR);Identity Management and Access Control (PR.AC);;aws;;FAIL;IAM Access Analyzer in account 735291151388 is not enabled.;arn:aws:accessanalyzer:eu-west-2:735291151388:analyzer/unknown;accessanalyzer_enabled;False;analyzer/unknown;NIST-CSF;National Institute of Standards and Technology (NIST) Cybersecurity Framework (CSF) v2.0;
aws;The NIST Cybersecurity Framework (CSF) 2.0 offers a taxonomy of high-level cybersecurity outcomes that can be used by any organization regardless of its size, sector, or maturity to better understand, assess, prioritize, and communicate its cybersecurity efforts. The framework's core functions are organized into six key areas: Govern (new), Identify, Protect, Detect, Respond, and Recover. Together, these functions provide a comprehensive lifecycle approach to managing cybersecurity risk.;735291151388;eu-west-2;2026-07-10 18:08:16.187152;ac_6;Identities are proofed and bound to credentials and asserted in interactions.;Protect (PR);Identity Management and Access Control (PR.AC);;aws;;FAIL;IAM Access Analyzer in account 735291151388 is not enabled.;arn:aws:accessanalyzer:eu-west-2:735291151388:analyzer/unknown;accessanalyzer_enabled;False;analyzer/unknown;NIST-CSF;National Institute of Standards and Technology (NIST) Cybersecurity Framework (CSF) v2.0;
aws;The NIST Cybersecurity Framework (CSF) 2.0 offers a taxonomy of high-level cybersecurity outcomes that can be used by any organization regardless of its size, sector, or maturity to better understand, assess, prioritize, and communicate its cybersecurity efforts. The framework's core functions are organized into six key areas: Govern (new), Identify, Protect, Detect, Respond, and Recover. Together, these functions provide a comprehensive lifecycle approach to managing cybersecurity risk.;735291151388;eu-west-3;2026-07-10 18:08:16.187152;po_3;Legal and regulatory requirements regarding cybersecurity, including privacy and civil liberties obligations, are understood and managed.;Govern (GV);Policies, Processes, and Procedures (GV.PO);;aws;;FAIL;IAM Access Analyzer in account 735291151388 is not enabled.;arn:aws:accessanalyzer:eu-west-3:735291151388:analyzer/unknown;accessanalyzer_enabled;False;analyzer/unknown;NIST-CSF;National Institute of Standards and Technology (NIST) Cybersecurity Framework (CSF) v2.0;
aws;The NIST Cybersecurity Framework (CSF) 2.0 offers a taxonomy of high-level cybersecurity outcomes that can be used by any organization regardless of its size, sector, or maturity to better understand, assess, prioritize, and communicate its cybersecurity efforts. The framework's core functions are organized into six key areas: Govern (new), Identify, Protect, Detect, Respond, and Recover. Together, these functions provide a comprehensive lifecycle approach to managing cybersecurity risk.;735291151388;eu-west-3;2026-07-10 18:08:16.187152;po_4;Governance and risk management processes address cybersecurity risks.;Govern (GV);Policies, Processes, and Procedures (GV.PO);;aws;;FAIL;IAM Access Analyzer in account 735291151388 is not enabled.;arn:aws:accessanalyzer:eu-west-3:735291151388:analyzer/unknown;accessanalyzer_enabled;False;analyzer/unknown;NIST-CSF;National Institute of Standards and Technology (NIST) Cybersecurity Framework (CSF) v2.0;
aws;The NIST Cybersecurity Framework (CSF) 2.0 offers a taxonomy of high-level cybersecurity outcomes that can be used by any organization regardless of its size, sector, or maturity to better understand, assess, prioritize, and communicate its cybersecurity efforts. The framework's core functions are organized into six key areas: Govern (new), Identify, Protect, Detect, Respond, and Recover. Together, these functions provide a comprehensive lifecycle approach to managing cybersecurity risk.;735291151388;eu-west-3;2026-07-10 18:08:16.187152;ov_2;Cybersecurity risk management performance is measured and reported.;Govern (GV);Oversight (GV.OV);;aws;;FAIL;IAM Access Analyzer in account 735291151388 is not enabled.;arn:aws:accessanalyzer:eu-west-3:735291151388:analyzer/unknown;accessanalyzer_enabled;False;analyzer/unknown;NIST-CSF;National Institute of Standards and Technology (NIST) Cybersecurity Framework (CSF) v2.0;
aws;The NIST Cybersecurity Framework (CSF) 2.0 offers a taxonomy of high-level cybersecurity outcomes that can be used by any organization regardless of its size, sector, or maturity to better understand, assess, prioritize, and communicate its cybersecurity efforts. The framework's core functions are organized into six key areas: Govern (new), Identify, Protect, Detect, Respond, and Recover. Together, these functions provide a comprehensive lifecycle approach to managing cybersecurity risk.;735291151388;eu-west-3;2026-07-10 18:08:16.187152;ov_3;Cybersecurity risk management strategy and practices are reviewed and adjusted to adapt to changes in the threat landscape, technologies, or mission, business, or system environments.;Govern (GV);Oversight (GV.OV);;aws;;FAIL;IAM Access Analyzer in account 735291151388 is not enabled.;arn:aws:accessanalyzer:eu-west-3:735291151388:analyzer/unknown;accessanalyzer_enabled;False;analyzer/unknown;NIST-CSF;National Institute of Standards and Technology (NIST) Cybersecurity Framework (CSF) v2.0;
aws;The NIST Cybersecurity Framework (CSF) 2.0 offers a taxonomy of high-level cybersecurity outcomes that can be used by any organization regardless of its size, sector, or maturity to better understand, assess, prioritize, and communicate its cybersecurity efforts. The framework's core functions are organized into six key areas: Govern (new), Identify, Protect, Detect, Respond, and Recover. Together, these functions provide a comprehensive lifecycle approach to managing cybersecurity risk.;735291151388;eu-west-3;2026-07-10 18:08:16.187152;ac_1;Identities and credentials are issued, managed, verified, revoked, and audited for authorized devices, users and processes.;Protect (PR);Identity Management and Access Control (PR.AC);;aws;;FAIL;IAM Access Analyzer in account 735291151388 is not enabled.;arn:aws:accessanalyzer:eu-west-3:735291151388:analyzer/unknown;accessanalyzer_enabled;False;analyzer/unknown;NIST-CSF;National Institute of Standards and Technology (NIST) Cybersecurity Framework (CSF) v2.0;
aws;The NIST Cybersecurity Framework (CSF) 2.0 offers a taxonomy of high-level cybersecurity outcomes that can be used by any organization regardless of its size, sector, or maturity to better understand, assess, prioritize, and communicate its cybersecurity efforts. The framework's core functions are organized into six key areas: Govern (new), Identify, Protect, Detect, Respond, and Recover. Together, these functions provide a comprehensive lifecycle approach to managing cybersecurity risk.;735291151388;eu-west-3;2026-07-10 18:08:16.187152;ac_6;Identities are proofed and bound to credentials and asserted in interactions.;Protect (PR);Identity Management and Access Control (PR.AC);;aws;;FAIL;IAM Access Analyzer in account 735291151388 is not enabled.;arn:aws:accessanalyzer:eu-west-3:735291151388:analyzer/unknown;accessanalyzer_enabled;False;analyzer/unknown;NIST-CSF;National Institute of Standards and Technology (NIST) Cybersecurity Framework (CSF) v2.0;
aws;The NIST Cybersecurity Framework (CSF) 2.0 offers a taxonomy of high-level cybersecurity outcomes that can be used by any organization regardless of its size, sector, or maturity to better understand, assess, prioritize, and communicate its cybersecurity efforts. The framework's core functions are organized into six key areas: Govern (new), Identify, Protect, Detect, Respond, and Recover. Together, these functions provide a comprehensive lifecycle approach to managing cybersecurity risk.;735291151388;sa-east-1;2026-07-10 18:08:16.187152;po_3;Legal and regulatory requirements regarding cybersecurity, including privacy and civil liberties obligations, are understood and managed.;Govern (GV);Policies, Processes, and Procedures (GV.PO);;aws;;FAIL;IAM Access Analyzer in account 735291151388 is not enabled.;arn:aws:accessanalyzer:sa-east-1:735291151388:analyzer/unknown;accessanalyzer_enabled;False;analyzer/unknown;NIST-CSF;National Institute of Standards and Technology (NIST) Cybersecurity Framework (CSF) v2.0;
aws;The NIST Cybersecurity Framework (CSF) 2.0 offers a taxonomy of high-level cybersecurity outcomes that can be used by any organization regardless of its size, sector, or maturity to better understand, assess, prioritize, and communicate its cybersecurity efforts. The framework's core functions are organized into six key areas: Govern (new), Identify, Protect, Detect, Respond, and Recover. Together, these functions provide a comprehensive lifecycle approach to managing cybersecurity risk.;735291151388;sa-east-1;2026-07-10 18:08:16.187152;po_4;Governance and risk management processes address cybersecurity risks.;Govern (GV);Policies, Processes, and Procedures (GV.PO);;aws;;FAIL;IAM Access Analyzer in account 735291151388 is not enabled.;arn:aws:accessanalyzer:sa-east-1:735291151388:analyzer/unknown;accessanalyzer_enabled;False;analyzer/unknown;NIST-CSF;National Institute of Standards and Technology (NIST) Cybersecurity Framework (CSF) v2.0;
aws;The NIST Cybersecurity Framework (CSF) 2.0 offers a taxonomy of high-level cybersecurity outcomes that can be used by any organization regardless of its size, sector, or maturity to better understand, assess, prioritize, and communicate its cybersecurity efforts. The framework's core functions are organized into six key areas: Govern (new), Identify, Protect, Detect, Respond, and Recover. Together, these functions provide a comprehensive lifecycle approach to managing cybersecurity risk.;735291151388;sa-east-1;2026-07-10 18:08:16.187152;ov_2;Cybersecurity risk management performance is measured and reported.;Govern (GV);Oversight (GV.OV);;aws;;FAIL;IAM Access Analyzer in account 735291151388 is not enabled.;arn:aws:accessanalyzer:sa-east-1:735291151388:analyzer/unknown;accessanalyzer_enabled;False;analyzer/unknown;NIST-CSF;National Institute of Standards and Technology (NIST) Cybersecurity Framework (CSF) v2.0;
aws;The NIST Cybersecurity Framework (CSF) 2.0 offers a taxonomy of high-level cybersecurity outcomes that can be used by any organization regardless of its size, sector, or maturity to better understand, assess, prioritize, and communicate its cybersecurity efforts. The framework's core functions are organized into six key areas: Govern (new), Identify, Protect, Detect, Respond, and Recover. Together, these functions provide a comprehensive lifecycle approach to managing cybersecurity risk.;735291151388;sa-east-1;2026-07-10 18:08:16.187152;ov_3;Cybersecurity risk management strategy and practices are reviewed and adjusted to adapt to changes in the threat landscape, technologies, or mission, business, or system environments.;Govern (GV);Oversight (GV.OV);;aws;;FAIL;IAM Access Analyzer in account 735291151388 is not enabled.;arn:aws:accessanalyzer:sa-east-1:735291151388:analyzer/unknown;accessanalyzer_enabled;False;analyzer/unknown;NIST-CSF;National Institute of Standards and Technology (NIST) Cybersecurity Framework (CSF) v2.0;
aws;The NIST Cybersecurity Framework (CSF) 2.0 offers a taxonomy of high-level cybersecurity outcomes that can be used by any organization regardless of its size, sector, or maturity to better understand, assess, prioritize, and communicate its cybersecurity efforts. The framework's core functions are organized into six key areas: Govern (new), Identify, Protect, Detect, Respond, and Recover. Together, these functions provide a comprehensive lifecycle approach to managing cybersecurity risk.;735291151388;sa-east-1;2026-07-10 18:08:16.187152;ac_1;Identities and credentials are issued, managed, verified, revoked, and audited for authorized devices, users and processes.;Protect (PR);Identity Management and Access Control (PR.AC);;aws;;FAIL;IAM Access Analyzer in account 735291151388 is not enabled.;arn:aws:accessanalyzer:sa-east-1:735291151388:analyzer/unknown;accessanalyzer_enabled;False;analyzer/unknown;NIST-CSF;National Institute of Standards and Technology (NIST) Cybersecurity Framework (CSF) v2.0;
aws;The NIST Cybersecurity Framework (CSF) 2.0 offers a taxonomy of high-level cybersecurity outcomes that can be used by any organization regardless of its size, sector, or maturity to better understand, assess, prioritize, and communicate its cybersecurity efforts. The framework's core functions are organized into six key areas: Govern (new), Identify, Protect, Detect, Respond, and Recover. Together, these functions provide a comprehensive lifecycle approach to managing cybersecurity risk.;735291151388;sa-east-1;2026-07-10 18:08:16.187152;ac_6;Identities are proofed and bound to credentials and asserted in interactions.;Protect (PR);Identity Management and Access Control (PR.AC);;aws;;FAIL;IAM Access Analyzer in account 735291151388 is not enabled.;arn:aws:accessanalyzer:sa-east-1:735291151388:analyzer/unknown;accessanalyzer_enabled;False;analyzer/unknown;NIST-CSF;National Institute of Standards and Technology (NIST) Cybersecurity Framework (CSF) v2.0;
aws;The NIST Cybersecurity Framework (CSF) 2.0 offers a taxonomy of high-level cybersecurity outcomes that can be used by any organization regardless of its size, sector, or maturity to better understand, assess, prioritize, and communicate its cybersecurity efforts. The framework's core functions are organized into six key areas: Govern (new), Identify, Protect, Detect, Respond, and Recover. Together, these functions provide a comprehensive lifecycle approach to managing cybersecurity risk.;735291151388;us-east-2;2026-07-10 18:08:16.187152;po_3;Legal and regulatory requirements regarding cybersecurity, including privacy and civil liberties obligations, are understood and managed.;Govern (GV);Policies, Processes, and Procedures (GV.PO);;aws;;FAIL;IAM Access Analyzer in account 735291151388 is not enabled.;arn:aws:accessanalyzer:us-east-2:735291151388:analyzer/unknown;accessanalyzer_enabled;False;analyzer/unknown;NIST-CSF;National Institute of Standards and Technology (NIST) Cybersecurity Framework (CSF) v2.0;
aws;The NIST Cybersecurity Framework (CSF) 2.0 offers a taxonomy of high-level cybersecurity outcomes that can be used by any organization regardless of its size, sector, or maturity to better understand, assess, prioritize, and communicate its cybersecurity efforts. The framework's core functions are organized into six key areas: Govern (new), Identify, Protect, Detect, Respond, and Recover. Together, these functions provide a comprehensive lifecycle approach to managing cybersecurity risk.;735291151388;us-east-2;2026-07-10 18:08:16.187152;po_4;Governance and risk management processes address cybersecurity risks.;Govern (GV);Policies, Processes, and Procedures (GV.PO);;aws;;FAIL;IAM Access Analyzer in account 735291151388 is not enabled.;arn:aws:accessanalyzer:us-east-2:735291151388:analyzer/unknown;accessanalyzer_enabled;False;analyzer/unknown;NIST-CSF;National Institute of Standards and Technology (NIST) Cybersecurity Framework (CSF) v2.0;
aws;The NIST Cybersecurity Framework (CSF) 2.0 offers a taxonomy of high-level cybersecurity outcomes that can be used by any organization regardless of its size, sector, or maturity to better understand, assess, prioritize, and communicate its cybersecurity efforts. The framework's core functions are organized into six key areas: Govern (new), Identify, Protect, Detect, Respond, and Recover. Together, these functions provide a comprehensive lifecycle approach to managing cybersecurity risk.;735291151388;us-east-2;2026-07-10 18:08:16.187152;ov_2;Cybersecurity risk management performance is measured and reported.;Govern (GV);Oversight (GV.OV);;aws;;FAIL;IAM Access Analyzer in account 735291151388 is not enabled.;arn:aws:accessanalyzer:us-east-2:735291151388:analyzer/unknown;accessanalyzer_enabled;False;analyzer/unknown;NIST-CSF;National Institute of Standards and Technology (NIST) Cybersecurity Framework (CSF) v2.0;
aws;The NIST Cybersecurity Framework (CSF) 2.0 offers a taxonomy of high-level cybersecurity outcomes that can be used by any organization regardless of its size, sector, or maturity to better understand, assess, prioritize, and communicate its cybersecurity efforts. The framework's core functions are organized into six key areas: Govern (new), Identify, Protect, Detect, Respond, and Recover. Together, these functions provide a comprehensive lifecycle approach to managing cybersecurity risk.;735291151388;us-east-2;2026-07-10 18:08:16.187152;ov_3;Cybersecurity risk management strategy and practices are reviewed and adjusted to adapt to changes in the threat landscape, technologies, or mission, business, or system environments.;Govern (GV);Oversight (GV.OV);;aws;;FAIL;IAM Access Analyzer in account 735291151388 is not enabled.;arn:aws:accessanalyzer:us-east-2:735291151388:analyzer/unknown;accessanalyzer_enabled;False;analyzer/unknown;NIST-CSF;National Institute of Standards and Technology (NIST) Cybersecurity Framework (CSF) v2.0;
aws;The NIST Cybersecurity Framework (CSF) 2.0 offers a taxonomy of high-level cybersecurity outcomes that can be used by any organization regardless of its size, sector, or maturity to better understand, assess, prioritize, and communicate its cybersecurity efforts. The framework's core functions are organized into six key areas: Govern (new), Identify, Protect, Detect, Respond, and Recover. Together, these functions provide a comprehensive lifecycle approach to managing cybersecurity risk.;735291151388;us-east-2;2026-07-10 18:08:16.187152;ac_1;Identities and credentials are issued, managed, verified, revoked, and audited for authorized devices, users and processes.;Protect (PR);Identity Management and Access Control (PR.AC);;aws;;FAIL;IAM Access Analyzer in account 735291151388 is not enabled.;arn:aws:accessanalyzer:us-east-2:735291151388:analyzer/unknown;accessanalyzer_enabled;False;analyzer/unknown;NIST-CSF;National Institute of Standards and Technology (NIST) Cybersecurity Framework (CSF) v2.0;
aws;The NIST Cybersecurity Framework (CSF) 2.0 offers a taxonomy of high-level cybersecurity outcomes that can be used by any organization regardless of its size, sector, or maturity to better understand, assess, prioritize, and communicate its cybersecurity efforts. The framework's core functions are organized into six key areas: Govern (new), Identify, Protect, Detect, Respond, and Recover. Together, these functions provide a comprehensive lifecycle approach to managing cybersecurity risk.;735291151388;us-east-2;2026-07-10 18:08:16.187152;ac_6;Identities are proofed and bound to credentials and asserted in interactions.;Protect (PR);Identity Management and Access Control (PR.AC);;aws;;FAIL;IAM Access Analyzer in account 735291151388 is not enabled.;arn:aws:accessanalyzer:us-east-2:735291151388:analyzer/unknown;accessanalyzer_enabled;False;analyzer/unknown;NIST-CSF;National Institute of Standards and Technology (NIST) Cybersecurity Framework (CSF) v2.0;
aws;The NIST Cybersecurity Framework (CSF) 2.0 offers a taxonomy of high-level cybersecurity outcomes that can be used by any organization regardless of its size, sector, or maturity to better understand, assess, prioritize, and communicate its cybersecurity efforts. The framework's core functions are organized into six key areas: Govern (new), Identify, Protect, Detect, Respond, and Recover. Together, these functions provide a comprehensive lifecycle approach to managing cybersecurity risk.;735291151388;us-west-1;2026-07-10 18:08:16.187152;po_3;Legal and regulatory requirements regarding cybersecurity, including privacy and civil liberties obligations, are understood and managed.;Govern (GV);Policies, Processes, and Procedures (GV.PO);;aws;;FAIL;IAM Access Analyzer in account 735291151388 is not enabled.;arn:aws:accessanalyzer:us-west-1:735291151388:analyzer/unknown;accessanalyzer_enabled;False;analyzer/unknown;NIST-CSF;National Institute of Standards and Technology (NIST) Cybersecurity Framework (CSF) v2.0;
aws;The NIST Cybersecurity Framework (CSF) 2.0 offers a taxonomy of high-level cybersecurity outcomes that can be used by any organization regardless of its size, sector, or maturity to better understand, assess, prioritize, and communicate its cybersecurity efforts. The framework's core functions are organized into six key areas: Govern (new), Identify, Protect, Detect, Respond, and Recover. Together, these functions provide a comprehensive lifecycle approach to managing cybersecurity risk.;735291151388;us-west-1;2026-07-10 18:08:16.187152;po_4;Governance and risk management processes address cybersecurity risks.;Govern (GV);Policies, Processes, and Procedures (GV.PO);;aws;;FAIL;IAM Access Analyzer in account 735291151388 is not enabled.;arn:aws:accessanalyzer:us-west-1:735291151388:analyzer/unknown;accessanalyzer_enabled;False;analyzer/unknown;NIST-CSF;National Institute of Standards and Technology (NIST) Cybersecurity Framework (CSF) v2.0;
aws;The NIST Cybersecurity Framework (CSF) 2.0 offers a taxonomy of high-level cybersecurity outcomes that can be used by any organization regardless of its size, sector, or maturity to better understand, assess, prioritize, and communicate its cybersecurity efforts. The framework's core functions are organized into six key areas: Govern (new), Identify, Protect, Detect, Respond, and Recover. Together, these functions provide a comprehensive lifecycle approach to managing cybersecurity risk.;735291151388;us-west-1;2026-07-10 18:08:16.187152;ov_2;Cybersecurity risk management performance is measured and reported.;Govern (GV);Oversight (GV.OV);;aws;;FAIL;IAM Access Analyzer in account 735291151388 is not enabled.;arn:aws:accessanalyzer:us-west-1:735291151388:analyzer/unknown;accessanalyzer_enabled;False;analyzer/unknown;NIST-CSF;National Institute of Standards and Technology (NIST) Cybersecurity Framework (CSF) v2.0;
aws;The NIST Cybersecurity Framework (CSF) 2.0 offers a taxonomy of high-level cybersecurity outcomes that can be used by any organization regardless of its size, sector, or maturity to better understand, assess, prioritize, and communicate its cybersecurity efforts. The framework's core functions are organized into six key areas: Govern (new), Identify, Protect, Detect, Respond, and Recover. Together, these functions provide a comprehensive lifecycle approach to managing cybersecurity risk.;735291151388;us-west-1;2026-07-10 18:08:16.187152;ov_3;Cybersecurity risk management strategy and practices are reviewed and adjusted to adapt to changes in the threat landscape, technologies, or mission, business, or system environments.;Govern (GV);Oversight (GV.OV);;aws;;FAIL;IAM Access Analyzer in account 735291151388 is not enabled.;arn:aws:accessanalyzer:us-west-1:735291151388:analyzer/unknown;accessanalyzer_enabled;False;analyzer/unknown;NIST-CSF;National Institute of Standards and Technology (NIST) Cybersecurity Framework (CSF) v2.0;
aws;The NIST Cybersecurity Framework (CSF) 2.0 offers a taxonomy of high-level cybersecurity outcomes that can be used by any organization regardless of its size, sector, or maturity to better understand, assess, prioritize, and communicate its cybersecurity efforts. The framework's core functions are organized into six key areas: Govern (new), Identify, Protect, Detect, Respond, and Recover. Together, these functions provide a comprehensive lifecycle approach to managing cybersecurity risk.;735291151388;us-west-1;2026-07-10 18:08:16.187152;ac_1;Identities and credentials are issued, managed, verified, revoked, and audited for authorized devices, users and processes.;Protect (PR);Identity Management and Access Control (PR.AC);;aws;;FAIL;IAM Access Analyzer in account 735291151388 is not enabled.;arn:aws:accessanalyzer:us-west-1:735291151388:analyzer/unknown;accessanalyzer_enabled;False;analyzer/unknown;NIST-CSF;National Institute of Standards and Technology (NIST) Cybersecurity Framework (CSF) v2.0;
aws;The NIST Cybersecurity Framework (CSF) 2.0 offers a taxonomy of high-level cybersecurity outcomes that can be used by any organization regardless of its size, sector, or maturity to better understand, assess, prioritize, and communicate its cybersecurity efforts. The framework's core functions are organized into six key areas: Govern (new), Identify, Protect, Detect, Respond, and Recover. Together, these functions provide a comprehensive lifecycle approach to managing cybersecurity risk.;735291151388;us-west-1;2026-07-10 18:08:16.187152;ac_6;Identities are proofed and bound to credentials and asserted in interactions.;Protect (PR);Identity Management and Access Control (PR.AC);;aws;;FAIL;IAM Access Analyzer in account 735291151388 is not enabled.;arn:aws:accessanalyzer:us-west-1:735291151388:analyzer/unknown;accessanalyzer_enabled;False;analyzer/unknown;NIST-CSF;National Institute of Standards and Technology (NIST) Cybersecurity Framework (CSF) v2.0;
aws;The NIST Cybersecurity Framework (CSF) 2.0 offers a taxonomy of high-level cybersecurity outcomes that can be used by any organization regardless of its size, sector, or maturity to better understand, assess, prioritize, and communicate its cybersecurity efforts. The framework's core functions are organized into six key areas: Govern (new), Identify, Protect, Detect, Respond, and Recover. Together, these functions provide a comprehensive lifecycle approach to managing cybersecurity risk.;735291151388;us-west-2;2026-07-10 18:08:16.187152;po_3;Legal and regulatory requirements regarding cybersecurity, including privacy and civil liberties obligations, are understood and managed.;Govern (GV);Policies, Processes, and Procedures (GV.PO);;aws;;FAIL;IAM Access Analyzer in account 735291151388 is not enabled.;arn:aws:accessanalyzer:us-west-2:735291151388:analyzer/unknown;accessanalyzer_enabled;False;analyzer/unknown;NIST-CSF;National Institute of Standards and Technology (NIST) Cybersecurity Framework (CSF) v2.0;
aws;The NIST Cybersecurity Framework (CSF) 2.0 offers a taxonomy of high-level cybersecurity outcomes that can be used by any organization regardless of its size, sector, or maturity to better understand, assess, prioritize, and communicate its cybersecurity efforts. The framework's core functions are organized into six key areas: Govern (new), Identify, Protect, Detect, Respond, and Recover. Together, these functions provide a comprehensive lifecycle approach to managing cybersecurity risk.;735291151388;us-west-2;2026-07-10 18:08:16.187152;po_4;Governance and risk management processes address cybersecurity risks.;Govern (GV);Policies, Processes, and Procedures (GV.PO);;aws;;FAIL;IAM Access Analyzer in account 735291151388 is not enabled.;arn:aws:accessanalyzer:us-west-2:735291151388:analyzer/unknown;accessanalyzer_enabled;False;analyzer/unknown;NIST-CSF;National Institute of Standards and Technology (NIST) Cybersecurity Framework (CSF) v2.0;
aws;The NIST Cybersecurity Framework (CSF) 2.0 offers a taxonomy of high-level cybersecurity outcomes that can be used by any organization regardless of its size, sector, or maturity to better understand, assess, prioritize, and communicate its cybersecurity efforts. The framework's core functions are organized into six key areas: Govern (new), Identify, Protect, Detect, Respond, and Recover. Together, these functions provide a comprehensive lifecycle approach to managing cybersecurity risk.;735291151388;us-west-2;2026-07-10 18:08:16.187152;ov_2;Cybersecurity risk management performance is measured and reported.;Govern (GV);Oversight (GV.OV);;aws;;FAIL;IAM Access Analyzer in account 735291151388 is not enabled.;arn:aws:accessanalyzer:us-west-2:735291151388:analyzer/unknown;accessanalyzer_enabled;False;analyzer/unknown;NIST-CSF;National Institute of Standards and Technology (NIST) Cybersecurity Framework (CSF) v2.0;
aws;The NIST Cybersecurity Framework (CSF) 2.0 offers a taxonomy of high-level cybersecurity outcomes that can be used by any organization regardless of its size, sector, or maturity to better understand, assess, prioritize, and communicate its cybersecurity efforts. The framework's core functions are organized into six key areas: Govern (new), Identify, Protect, Detect, Respond, and Recover. Together, these functions provide a comprehensive lifecycle approach to managing cybersecurity risk.;735291151388;us-west-2;2026-07-10 18:08:16.187152;ov_3;Cybersecurity risk management strategy and practices are reviewed and adjusted to adapt to changes in the threat landscape, technologies, or mission, business, or system environments.;Govern (GV);Oversight (GV.OV);;aws;;FAIL;IAM Access Analyzer in account 735291151388 is not enabled.;arn:aws:accessanalyzer:us-west-2:735291151388:analyzer/unknown;accessanalyzer_enabled;False;analyzer/unknown;NIST-CSF;National Institute of Standards and Technology (NIST) Cybersecurity Framework (CSF) v2.0;
aws;The NIST Cybersecurity Framework (CSF) 2.0 offers a taxonomy of high-level cybersecurity outcomes that can be used by any organization regardless of its size, sector, or maturity to better understand, assess, prioritize, and communicate its cybersecurity efforts. The framework's core functions are organized into six key areas: Govern (new), Identify, Protect, Detect, Respond, and Recover. Together, these functions provide a comprehensive lifecycle approach to managing cybersecurity risk.;735291151388;us-west-2;2026-07-10 18:08:16.187152;ac_1;Identities and credentials are issued, managed, verified, revoked, and audited for authorized devices, users and processes.;Protect (PR);Identity Management and Access Control (PR.AC);;aws;;FAIL;IAM Access Analyzer in account 735291151388 is not enabled.;arn:aws:accessanalyzer:us-west-2:735291151388:analyzer/unknown;accessanalyzer_enabled;False;analyzer/unknown;NIST-CSF;National Institute of Standards and Technology (NIST) Cybersecurity Framework (CSF) v2.0;
aws;The NIST Cybersecurity Framework (CSF) 2.0 offers a taxonomy of high-level cybersecurity outcomes that can be used by any organization regardless of its size, sector, or maturity to better understand, assess, prioritize, and communicate its cybersecurity efforts. The framework's core functions are organized into six key areas: Govern (new), Identify, Protect, Detect, Respond, and Recover. Together, these functions provide a comprehensive lifecycle approach to managing cybersecurity risk.;735291151388;us-west-2;2026-07-10 18:08:16.187152;ac_6;Identities are proofed and bound to credentials and asserted in interactions.;Protect (PR);Identity Management and Access Control (PR.AC);;aws;;FAIL;IAM Access Analyzer in account 735291151388 is not enabled.;arn:aws:accessanalyzer:us-west-2:735291151388:analyzer/unknown;accessanalyzer_enabled;False;analyzer/unknown;NIST-CSF;National Institute of Standards and Technology (NIST) Cybersecurity Framework (CSF) v2.0;
aws;The NIST Cybersecurity Framework (CSF) 2.0 offers a taxonomy of high-level cybersecurity outcomes that can be used by any organization regardless of its size, sector, or maturity to better understand, assess, prioritize, and communicate its cybersecurity efforts. The framework's core functions are organized into six key areas: Govern (new), Identify, Protect, Detect, Respond, and Recover. Together, these functions provide a comprehensive lifecycle approach to managing cybersecurity risk.;735291151388;ap-south-1;2026-07-10 18:08:16.187152;be_5;Resilience requirements to support delivery of critical services are established for all operating states (e.g. under duress/attack, during recovery, normal operations);Identify (ID);Business Environment (ID.BE);;aws;;FAIL;No Backup Vault exist.;arn:aws:backup:ap-south-1:735291151388:backup-vault;backup_vaults_exist;False;735291151388;NIST-CSF;National Institute of Standards and Technology (NIST) Cybersecurity Framework (CSF) v2.0;
aws;The NIST Cybersecurity Framework (CSF) 2.0 offers a taxonomy of high-level cybersecurity outcomes that can be used by any organization regardless of its size, sector, or maturity to better understand, assess, prioritize, and communicate its cybersecurity efforts. The framework's core functions are organized into six key areas: Govern (new), Identify, Protect, Detect, Respond, and Recover. Together, these functions provide a comprehensive lifecycle approach to managing cybersecurity risk.;735291151388;ap-south-1;2026-07-10 18:08:16.187152;ds_3;Assets are formally managed throughout removal, transfers, and disposition.;Protect (PR);Data Security (PR.DS);;aws;;FAIL;No Backup Vault exist.;arn:aws:backup:ap-south-1:735291151388:backup-vault;backup_vaults_exist;False;735291151388;NIST-CSF;National Institute of Standards and Technology (NIST) Cybersecurity Framework (CSF) v2.0;
aws;The NIST Cybersecurity Framework (CSF) 2.0 offers a taxonomy of high-level cybersecurity outcomes that can be used by any organization regardless of its size, sector, or maturity to better understand, assess, prioritize, and communicate its cybersecurity efforts. The framework's core functions are organized into six key areas: Govern (new), Identify, Protect, Detect, Respond, and Recover. Together, these functions provide a comprehensive lifecycle approach to managing cybersecurity risk.;735291151388;ap-south-1;2026-07-10 18:08:16.187152;ip_4;Backups of information are conducted, maintained, and tested periodically.;Protect (PR);Information Protection Processes and Procedures (PR.IP);;aws;;FAIL;No Backup Vault exist.;arn:aws:backup:ap-south-1:735291151388:backup-vault;backup_vaults_exist;False;735291151388;NIST-CSF;National Institute of Standards and Technology (NIST) Cybersecurity Framework (CSF) v2.0;
aws;The NIST Cybersecurity Framework (CSF) 2.0 offers a taxonomy of high-level cybersecurity outcomes that can be used by any organization regardless of its size, sector, or maturity to better understand, assess, prioritize, and communicate its cybersecurity efforts. The framework's core functions are organized into six key areas: Govern (new), Identify, Protect, Detect, Respond, and Recover. Together, these functions provide a comprehensive lifecycle approach to managing cybersecurity risk.;735291151388;ap-south-1;2026-07-10 18:08:16.187152;rc_rp_1;Recovery plan is executed during or after a cybersecurity incident.;Recover (RC);Recovery Planning (RC.RP);;aws;;FAIL;No Backup Vault exist.;arn:aws:backup:ap-south-1:735291151388:backup-vault;backup_vaults_exist;False;735291151388;NIST-CSF;National Institute of Standards and Technology (NIST) Cybersecurity Framework (CSF) v2.0;
aws;The NIST Cybersecurity Framework (CSF) 2.0 offers a taxonomy of high-level cybersecurity outcomes that can be used by any organization regardless of its size, sector, or maturity to better understand, assess, prioritize, and communicate its cybersecurity efforts. The framework's core functions are organized into six key areas: Govern (new), Identify, Protect, Detect, Respond, and Recover. Together, these functions provide a comprehensive lifecycle approach to managing cybersecurity risk.;735291151388;ap-south-1;2026-07-10 18:08:16.187152;pt_1;Audit/log records are determined, documented, implemented, and reviewed in accordance with policy.;Protect (PR);Protective Technology (PR.PT);;aws;;FAIL;No CloudTrail trails are configured to log Amazon Bedrock API calls.;arn:aws:cloudtrail:ap-south-1:735291151388:trail;cloudtrail_bedrock_logging_enabled;False;735291151388;NIST-CSF;National Institute of Standards and Technology (NIST) Cybersecurity Framework (CSF) v2.0;
aws;The NIST Cybersecurity Framework (CSF) 2.0 offers a taxonomy of high-level cybersecurity outcomes that can be used by any organization regardless of its size, sector, or maturity to better understand, assess, prioritize, and communicate its cybersecurity efforts. The framework's core functions are organized into six key areas: Govern (new), Identify, Protect, Detect, Respond, and Recover. Together, these functions provide a comprehensive lifecycle approach to managing cybersecurity risk.;735291151388;ap-south-1;2026-07-10 18:08:16.187152;ae_3;Event data are collected and correlated from multiple sources and sensors.;Detect (DE);Anomalies and Events (DE.AE);;aws;;FAIL;No CloudTrail trails are configured to log Amazon Bedrock API calls.;arn:aws:cloudtrail:ap-south-1:735291151388:trail;cloudtrail_bedrock_logging_enabled;False;735291151388;NIST-CSF;National Institute of Standards and Technology (NIST) Cybersecurity Framework (CSF) v2.0;
aws;The NIST Cybersecurity Framework (CSF) 2.0 offers a taxonomy of high-level cybersecurity outcomes that can be used by any organization regardless of its size, sector, or maturity to better understand, assess, prioritize, and communicate its cybersecurity efforts. The framework's core functions are organized into six key areas: Govern (new), Identify, Protect, Detect, Respond, and Recover. Together, these functions provide a comprehensive lifecycle approach to managing cybersecurity risk.;735291151388;ap-south-1;2026-07-10 18:08:16.187152;cm_3;Personnel activity is monitored to detect potential cybersecurity events.;Detect (DE);Security Continuous Monitoring (DE.CM);;aws;;FAIL;No CloudTrail trails are configured to log Amazon Bedrock API calls.;arn:aws:cloudtrail:ap-south-1:735291151388:trail;cloudtrail_bedrock_logging_enabled;False;735291151388;NIST-CSF;National Institute of Standards and Technology (NIST) Cybersecurity Framework (CSF) v2.0;
aws;The NIST Cybersecurity Framework (CSF) 2.0 offers a taxonomy of high-level cybersecurity outcomes that can be used by any organization regardless of its size, sector, or maturity to better understand, assess, prioritize, and communicate its cybersecurity efforts. The framework's core functions are organized into six key areas: Govern (new), Identify, Protect, Detect, Respond, and Recover. Together, these functions provide a comprehensive lifecycle approach to managing cybersecurity risk.;735291151388;ap-northeast-1;2026-07-10 18:08:16.187152;po_4;Governance and risk management processes address cybersecurity risks.;Govern (GV);Policies, Processes, and Procedures (GV.PO);;aws;;FAIL;No CloudTrail trails enabled and logging management events were found.;arn:aws:cloudtrail:ap-northeast-1:735291151388:trail;cloudtrail_multi_region_enabled_logging_management_events;False;735291151388;NIST-CSF;National Institute of Standards and Technology (NIST) Cybersecurity Framework (CSF) v2.0;
aws;The NIST Cybersecurity Framework (CSF) 2.0 offers a taxonomy of high-level cybersecurity outcomes that can be used by any organization regardless of its size, sector, or maturity to better understand, assess, prioritize, and communicate its cybersecurity efforts. The framework's core functions are organized into six key areas: Govern (new), Identify, Protect, Detect, Respond, and Recover. Together, these functions provide a comprehensive lifecycle approach to managing cybersecurity risk.;735291151388;ap-northeast-1;2026-07-10 18:08:16.187152;ov_3;Cybersecurity risk management strategy and practices are reviewed and adjusted to adapt to changes in the threat landscape, technologies, or mission, business, or system environments.;Govern (GV);Oversight (GV.OV);;aws;;FAIL;No CloudTrail trails enabled and logging management events were found.;arn:aws:cloudtrail:ap-northeast-1:735291151388:trail;cloudtrail_multi_region_enabled_logging_management_events;False;735291151388;NIST-CSF;National Institute of Standards and Technology (NIST) Cybersecurity Framework (CSF) v2.0;
aws;The NIST Cybersecurity Framework (CSF) 2.0 offers a taxonomy of high-level cybersecurity outcomes that can be used by any organization regardless of its size, sector, or maturity to better understand, assess, prioritize, and communicate its cybersecurity efforts. The framework's core functions are organized into six key areas: Govern (new), Identify, Protect, Detect, Respond, and Recover. Together, these functions provide a comprehensive lifecycle approach to managing cybersecurity risk.;735291151388;ap-northeast-1;2026-07-10 18:08:16.187152;pt_1;Audit/log records are determined, documented, implemented, and reviewed in accordance with policy.;Protect (PR);Protective Technology (PR.PT);;aws;;FAIL;No CloudTrail trails enabled and logging management events were found.;arn:aws:cloudtrail:ap-northeast-1:735291151388:trail;cloudtrail_multi_region_enabled_logging_management_events;False;735291151388;NIST-CSF;National Institute of Standards and Technology (NIST) Cybersecurity Framework (CSF) v2.0;
aws;The NIST Cybersecurity Framework (CSF) 2.0 offers a taxonomy of high-level cybersecurity outcomes that can be used by any organization regardless of its size, sector, or maturity to better understand, assess, prioritize, and communicate its cybersecurity efforts. The framework's core functions are organized into six key areas: Govern (new), Identify, Protect, Detect, Respond, and Recover. Together, these functions provide a comprehensive lifecycle approach to managing cybersecurity risk.;735291151388;ap-northeast-1;2026-07-10 18:08:16.187152;ae_1;A baseline of network operations and expected data flows for users and systems is established and managed.;Detect (DE);Anomalies and Events (DE.AE);;aws;;FAIL;No CloudTrail trails enabled and logging management events were found.;arn:aws:cloudtrail:ap-northeast-1:735291151388:trail;cloudtrail_multi_region_enabled_logging_management_events;False;735291151388;NIST-CSF;National Institute of Standards and Technology (NIST) Cybersecurity Framework (CSF) v2.0;
aws;The NIST Cybersecurity Framework (CSF) 2.0 offers a taxonomy of high-level cybersecurity outcomes that can be used by any organization regardless of its size, sector, or maturity to better understand, assess, prioritize, and communicate its cybersecurity efforts. The framework's core functions are organized into six key areas: Govern (new), Identify, Protect, Detect, Respond, and Recover. Together, these functions provide a comprehensive lifecycle approach to managing cybersecurity risk.;735291151388;ap-northeast-1;2026-07-10 18:08:16.187152;ae_3;Event data are collected and correlated from multiple sources and sensors.;Detect (DE);Anomalies and Events (DE.AE);;aws;;FAIL;No CloudTrail trails enabled and logging management events were found.;arn:aws:cloudtrail:ap-northeast-1:735291151388:trail;cloudtrail_multi_region_enabled_logging_management_events;False;735291151388;NIST-CSF;National Institute of Standards and Technology (NIST) Cybersecurity Framework (CSF) v2.0;
aws;The NIST Cybersecurity Framework (CSF) 2.0 offers a taxonomy of high-level cybersecurity outcomes that can be used by any organization regardless of its size, sector, or maturity to better understand, assess, prioritize, and communicate its cybersecurity efforts. The framework's core functions are organized into six key areas: Govern (new), Identify, Protect, Detect, Respond, and Recover. Together, these functions provide a comprehensive lifecycle approach to managing cybersecurity risk.;735291151388;ap-northeast-1;2026-07-10 18:08:16.187152;cm_1;The network is monitored to detect potential cybersecurity events.;Detect (DE);Security Continuous Monitoring (DE.CM);;aws;;FAIL;No CloudTrail trails enabled and logging management events were found.;arn:aws:cloudtrail:ap-northeast-1:735291151388:trail;cloudtrail_multi_region_enabled_logging_management_events;False;735291151388;NIST-CSF;National Institute of Standards and Technology (NIST) Cybersecurity Framework (CSF) v2.0;
aws;The NIST Cybersecurity Framework (CSF) 2.0 offers a taxonomy of high-level cybersecurity outcomes that can be used by any organization regardless of its size, sector, or maturity to better understand, assess, prioritize, and communicate its cybersecurity efforts. The framework's core functions are organized into six key areas: Govern (new), Identify, Protect, Detect, Respond, and Recover. Together, these functions provide a comprehensive lifecycle approach to managing cybersecurity risk.;735291151388;ap-northeast-1;2026-07-10 18:08:16.187152;cm_3;Personnel activity is monitored to detect potential cybersecurity events.;Detect (DE);Security Continuous Monitoring (DE.CM);;aws;;FAIL;No CloudTrail trails enabled and logging management events were found.;arn:aws:cloudtrail:ap-northeast-1:735291151388:trail;cloudtrail_multi_region_enabled_logging_management_events;False;735291151388;NIST-CSF;National Institute of Standards and Technology (NIST) Cybersecurity Framework (CSF) v2.0;
aws;The NIST Cybersecurity Framework (CSF) 2.0 offers a taxonomy of high-level cybersecurity outcomes that can be used by any organization regardless of its size, sector, or maturity to better understand, assess, prioritize, and communicate its cybersecurity efforts. The framework's core functions are organized into six key areas: Govern (new), Identify, Protect, Detect, Respond, and Recover. Together, these functions provide a comprehensive lifecycle approach to managing cybersecurity risk.;735291151388;ap-northeast-1;2026-07-10 18:08:16.187152;dp_4;Event detection information is communicated.;Detect (DE);Detection Processes (DE.DP);;aws;;FAIL;No CloudTrail trails enabled and logging management events were found.;arn:aws:cloudtrail:ap-northeast-1:735291151388:trail;cloudtrail_multi_region_enabled_logging_management_events;False;735291151388;NIST-CSF;National Institute of Standards and Technology (NIST) Cybersecurity Framework (CSF) v2.0;
aws;The NIST Cybersecurity Framework (CSF) 2.0 offers a taxonomy of high-level cybersecurity outcomes that can be used by any organization regardless of its size, sector, or maturity to better understand, assess, prioritize, and communicate its cybersecurity efforts. The framework's core functions are organized into six key areas: Govern (new), Identify, Protect, Detect, Respond, and Recover. Together, these functions provide a comprehensive lifecycle approach to managing cybersecurity risk.;735291151388;ap-northeast-2;2026-07-10 18:08:16.187152;po_4;Governance and risk management processes address cybersecurity risks.;Govern (GV);Policies, Processes, and Procedures (GV.PO);;aws;;FAIL;No CloudTrail trails enabled and logging management events were found.;arn:aws:cloudtrail:ap-northeast-2:735291151388:trail;cloudtrail_multi_region_enabled_logging_management_events;False;735291151388;NIST-CSF;National Institute of Standards and Technology (NIST) Cybersecurity Framework (CSF) v2.0;
aws;The NIST Cybersecurity Framework (CSF) 2.0 offers a taxonomy of high-level cybersecurity outcomes that can be used by any organization regardless of its size, sector, or maturity to better understand, assess, prioritize, and communicate its cybersecurity efforts. The framework's core functions are organized into six key areas: Govern (new), Identify, Protect, Detect, Respond, and Recover. Together, these functions provide a comprehensive lifecycle approach to managing cybersecurity risk.;735291151388;ap-northeast-2;2026-07-10 18:08:16.187152;ov_3;Cybersecurity risk management strategy and practices are reviewed and adjusted to adapt to changes in the threat landscape, technologies, or mission, business, or system environments.;Govern (GV);Oversight (GV.OV);;aws;;FAIL;No CloudTrail trails enabled and logging management events were found.;arn:aws:cloudtrail:ap-northeast-2:735291151388:trail;cloudtrail_multi_region_enabled_logging_management_events;False;735291151388;NIST-CSF;National Institute of Standards and Technology (NIST) Cybersecurity Framework (CSF) v2.0;
aws;The NIST Cybersecurity Framework (CSF) 2.0 offers a taxonomy of high-level cybersecurity outcomes that can be used by any organization regardless of its size, sector, or maturity to better understand, assess, prioritize, and communicate its cybersecurity efforts. The framework's core functions are organized into six key areas: Govern (new), Identify, Protect, Detect, Respond, and Recover. Together, these functions provide a comprehensive lifecycle approach to managing cybersecurity risk.;735291151388;ap-northeast-2;2026-07-10 18:08:16.187152;pt_1;Audit/log records are determined, documented, implemented, and reviewed in accordance with policy.;Protect (PR);Protective Technology (PR.PT);;aws;;FAIL;No CloudTrail trails enabled and logging management events were found.;arn:aws:cloudtrail:ap-northeast-2:735291151388:trail;cloudtrail_multi_region_enabled_logging_management_events;False;735291151388;NIST-CSF;National Institute of Standards and Technology (NIST) Cybersecurity Framework (CSF) v2.0;
aws;The NIST Cybersecurity Framework (CSF) 2.0 offers a taxonomy of high-level cybersecurity outcomes that can be used by any organization regardless of its size, sector, or maturity to better understand, assess, prioritize, and communicate its cybersecurity efforts. The framework's core functions are organized into six key areas: Govern (new), Identify, Protect, Detect, Respond, and Recover. Together, these functions provide a comprehensive lifecycle approach to managing cybersecurity risk.;735291151388;ap-northeast-2;2026-07-10 18:08:16.187152;ae_1;A baseline of network operations and expected data flows for users and systems is established and managed.;Detect (DE);Anomalies and Events (DE.AE);;aws;;FAIL;No CloudTrail trails enabled and logging management events were found.;arn:aws:cloudtrail:ap-northeast-2:735291151388:trail;cloudtrail_multi_region_enabled_logging_management_events;False;735291151388;NIST-CSF;National Institute of Standards and Technology (NIST) Cybersecurity Framework (CSF) v2.0;
aws;The NIST Cybersecurity Framework (CSF) 2.0 offers a taxonomy of high-level cybersecurity outcomes that can be used by any organization regardless of its size, sector, or maturity to better understand, assess, prioritize, and communicate its cybersecurity efforts. The framework's core functions are organized into six key areas: Govern (new), Identify, Protect, Detect, Respond, and Recover. Together, these functions provide a comprehensive lifecycle approach to managing cybersecurity risk.;735291151388;ap-northeast-2;2026-07-10 18:08:16.187152;ae_3;Event data are collected and correlated from multiple sources and sensors.;Detect (DE);Anomalies and Events (DE.AE);;aws;;FAIL;No CloudTrail trails enabled and logging management events were found.;arn:aws:cloudtrail:ap-northeast-2:735291151388:trail;cloudtrail_multi_region_enabled_logging_management_events;False;735291151388;NIST-CSF;National Institute of Standards and Technology (NIST) Cybersecurity Framework (CSF) v2.0;
aws;The NIST Cybersecurity Framework (CSF) 2.0 offers a taxonomy of high-level cybersecurity outcomes that can be used by any organization regardless of its size, sector, or maturity to better understand, assess, prioritize, and communicate its cybersecurity efforts. The framework's core functions are organized into six key areas: Govern (new), Identify, Protect, Detect, Respond, and Recover. Together, these functions provide a comprehensive lifecycle approach to managing cybersecurity risk.;735291151388;ap-northeast-2;2026-07-10 18:08:16.187152;cm_1;The network is monitored to detect potential cybersecurity events.;Detect (DE);Security Continuous Monitoring (DE.CM);;aws;;FAIL;No CloudTrail trails enabled and logging management events were found.;arn:aws:cloudtrail:ap-northeast-2:735291151388:trail;cloudtrail_multi_region_enabled_logging_management_events;False;735291151388;NIST-CSF;National Institute of Standards and Technology (NIST) Cybersecurity Framework (CSF) v2.0;
aws;The NIST Cybersecurity Framework (CSF) 2.0 offers a taxonomy of high-level cybersecurity outcomes that can be used by any organization regardless of its size, sector, or maturity to better understand, assess, prioritize, and communicate its cybersecurity efforts. The framework's core functions are organized into six key areas: Govern (new), Identify, Protect, Detect, Respond, and Recover. Together, these functions provide a comprehensive lifecycle approach to managing cybersecurity risk.;735291151388;ap-northeast-2;2026-07-10 18:08:16.187152;cm_3;Personnel activity is monitored to detect potential cybersecurity events.;Detect (DE);Security Continuous Monitoring (DE.CM);;aws;;FAIL;No CloudTrail trails enabled and logging management events were found.;arn:aws:cloudtrail:ap-northeast-2:735291151388:trail;cloudtrail_multi_region_enabled_logging_management_events;False;735291151388;NIST-CSF;National Institute of Standards and Technology (NIST) Cybersecurity Framework (CSF) v2.0;
aws;The NIST Cybersecurity Framework (CSF) 2.0 offers a taxonomy of high-level cybersecurity outcomes that can be used by any organization regardless of its size, sector, or maturity to better understand, assess, prioritize, and communicate its cybersecurity efforts. The framework's core functions are organized into six key areas: Govern (new), Identify, Protect, Detect, Respond, and Recover. Together, these functions provide a comprehensive lifecycle approach to managing cybersecurity risk.;735291151388;ap-northeast-2;2026-07-10 18:08:16.187152;dp_4;Event detection information is communicated.;Detect (DE);Detection Processes (DE.DP);;aws;;FAIL;No CloudTrail trails enabled and logging management events were found.;arn:aws:cloudtrail:ap-northeast-2:735291151388:trail;cloudtrail_multi_region_enabled_logging_management_events;False;735291151388;NIST-CSF;National Institute of Standards and Technology (NIST) Cybersecurity Framework (CSF) v2.0;
aws;The NIST Cybersecurity Framework (CSF) 2.0 offers a taxonomy of high-level cybersecurity outcomes that can be used by any organization regardless of its size, sector, or maturity to better understand, assess, prioritize, and communicate its cybersecurity efforts. The framework's core functions are organized into six key areas: Govern (new), Identify, Protect, Detect, Respond, and Recover. Together, these functions provide a comprehensive lifecycle approach to managing cybersecurity risk.;735291151388;ap-northeast-3;2026-07-10 18:08:16.187152;po_4;Governance and risk management processes address cybersecurity risks.;Govern (GV);Policies, Processes, and Procedures (GV.PO);;aws;;FAIL;No CloudTrail trails enabled and logging management events were found.;arn:aws:cloudtrail:ap-northeast-3:735291151388:trail;cloudtrail_multi_region_enabled_logging_management_events;False;735291151388;NIST-CSF;National Institute of Standards and Technology (NIST) Cybersecurity Framework (CSF) v2.0;
aws;The NIST Cybersecurity Framework (CSF) 2.0 offers a taxonomy of high-level cybersecurity outcomes that can be used by any organization regardless of its size, sector, or maturity to better understand, assess, prioritize, and communicate its cybersecurity efforts. The framework's core functions are organized into six key areas: Govern (new), Identify, Protect, Detect, Respond, and Recover. Together, these functions provide a comprehensive lifecycle approach to managing cybersecurity risk.;735291151388;ap-northeast-3;2026-07-10 18:08:16.187152;ov_3;Cybersecurity risk management strategy and practices are reviewed and adjusted to adapt to changes in the threat landscape, technologies, or mission, business, or system environments.;Govern (GV);Oversight (GV.OV);;aws;;FAIL;No CloudTrail trails enabled and logging management events were found.;arn:aws:cloudtrail:ap-northeast-3:735291151388:trail;cloudtrail_multi_region_enabled_logging_management_events;False;735291151388;NIST-CSF;National Institute of Standards and Technology (NIST) Cybersecurity Framework (CSF) v2.0;
aws;The NIST Cybersecurity Framework (CSF) 2.0 offers a taxonomy of high-level cybersecurity outcomes that can be used by any organization regardless of its size, sector, or maturity to better understand, assess, prioritize, and communicate its cybersecurity efforts. The framework's core functions are organized into six key areas: Govern (new), Identify, Protect, Detect, Respond, and Recover. Together, these functions provide a comprehensive lifecycle approach to managing cybersecurity risk.;735291151388;ap-northeast-3;2026-07-10 18:08:16.187152;pt_1;Audit/log records are determined, documented, implemented, and reviewed in accordance with policy.;Protect (PR);Protective Technology (PR.PT);;aws;;FAIL;No CloudTrail trails enabled and logging management events were found.;arn:aws:cloudtrail:ap-northeast-3:735291151388:trail;cloudtrail_multi_region_enabled_logging_management_events;False;735291151388;NIST-CSF;National Institute of Standards and Technology (NIST) Cybersecurity Framework (CSF) v2.0;
aws;The NIST Cybersecurity Framework (CSF) 2.0 offers a taxonomy of high-level cybersecurity outcomes that can be used by any organization regardless of its size, sector, or maturity to better understand, assess, prioritize, and communicate its cybersecurity efforts. The framework's core functions are organized into six key areas: Govern (new), Identify, Protect, Detect, Respond, and Recover. Together, these functions provide a comprehensive lifecycle approach to managing cybersecurity risk.;735291151388;ap-northeast-3;2026-07-10 18:08:16.187152;ae_1;A baseline of network operations and expected data flows for users and systems is established and managed.;Detect (DE);Anomalies and Events (DE.AE);;aws;;FAIL;No CloudTrail trails enabled and logging management events were found.;arn:aws:cloudtrail:ap-northeast-3:735291151388:trail;cloudtrail_multi_region_enabled_logging_management_events;False;735291151388;NIST-CSF;National Institute of Standards and Technology (NIST) Cybersecurity Framework (CSF) v2.0;
aws;The NIST Cybersecurity Framework (CSF) 2.0 offers a taxonomy of high-level cybersecurity outcomes that can be used by any organization regardless of its size, sector, or maturity to better understand, assess, prioritize, and communicate its cybersecurity efforts. The framework's core functions are organized into six key areas: Govern (new), Identify, Protect, Detect, Respond, and Recover. Together, these functions provide a comprehensive lifecycle approach to managing cybersecurity risk.;735291151388;ap-northeast-3;2026-07-10 18:08:16.187152;ae_3;Event data are collected and correlated from multiple sources and sensors.;Detect (DE);Anomalies and Events (DE.AE);;aws;;FAIL;No CloudTrail trails enabled and logging management events were found.;arn:aws:cloudtrail:ap-northeast-3:735291151388:trail;cloudtrail_multi_region_enabled_logging_management_events;False;735291151388;NIST-CSF;National Institute of Standards and Technology (NIST) Cybersecurity Framework (CSF) v2.0;
aws;The NIST Cybersecurity Framework (CSF) 2.0 offers a taxonomy of high-level cybersecurity outcomes that can be used by any organization regardless of its size, sector, or maturity to better understand, assess, prioritize, and communicate its cybersecurity efforts. The framework's core functions are organized into six key areas: Govern (new), Identify, Protect, Detect, Respond, and Recover. Together, these functions provide a comprehensive lifecycle approach to managing cybersecurity risk.;735291151388;ap-northeast-3;2026-07-10 18:08:16.187152;cm_1;The network is monitored to detect potential cybersecurity events.;Detect (DE);Security Continuous Monitoring (DE.CM);;aws;;FAIL;No CloudTrail trails enabled and logging management events were found.;arn:aws:cloudtrail:ap-northeast-3:735291151388:trail;cloudtrail_multi_region_enabled_logging_management_events;False;735291151388;NIST-CSF;National Institute of Standards and Technology (NIST) Cybersecurity Framework (CSF) v2.0;
aws;The NIST Cybersecurity Framework (CSF) 2.0 offers a taxonomy of high-level cybersecurity outcomes that can be used by any organization regardless of its size, sector, or maturity to better understand, assess, prioritize, and communicate its cybersecurity efforts. The framework's core functions are organized into six key areas: Govern (new), Identify, Protect, Detect, Respond, and Recover. Together, these functions provide a comprehensive lifecycle approach to managing cybersecurity risk.;735291151388;ap-northeast-3;2026-07-10 18:08:16.187152;cm_3;Personnel activity is monitored to detect potential cybersecurity events.;Detect (DE);Security Continuous Monitoring (DE.CM);;aws;;FAIL;No CloudTrail trails enabled and logging management events were found.;arn:aws:cloudtrail:ap-northeast-3:735291151388:trail;cloudtrail_multi_region_enabled_logging_management_events;False;735291151388;NIST-CSF;National Institute of Standards and Technology (NIST) Cybersecurity Framework (CSF) v2.0;
aws;The NIST Cybersecurity Framework (CSF) 2.0 offers a taxonomy of high-level cybersecurity outcomes that can be used by any organization regardless of its size, sector, or maturity to better understand, assess, prioritize, and communicate its cybersecurity efforts. The framework's core functions are organized into six key areas: Govern (new), Identify, Protect, Detect, Respond, and Recover. Together, these functions provide a comprehensive lifecycle approach to managing cybersecurity risk.;735291151388;ap-northeast-3;2026-07-10 18:08:16.187152;dp_4;Event detection information is communicated.;Detect (DE);Detection Processes (DE.DP);;aws;;FAIL;No CloudTrail trails enabled and logging management events were found.;arn:aws:cloudtrail:ap-northeast-3:735291151388:trail;cloudtrail_multi_region_enabled_logging_management_events;False;735291151388;NIST-CSF;National Institute of Standards and Technology (NIST) Cybersecurity Framework (CSF) v2.0;
aws;The NIST Cybersecurity Framework (CSF) 2.0 offers a taxonomy of high-level cybersecurity outcomes that can be used by any organization regardless of its size, sector, or maturity to better understand, assess, prioritize, and communicate its cybersecurity efforts. The framework's core functions are organized into six key areas: Govern (new), Identify, Protect, Detect, Respond, and Recover. Together, these functions provide a comprehensive lifecycle approach to managing cybersecurity risk.;735291151388;ap-south-1;2026-07-10 18:08:16.187152;po_4;Governance and risk management processes address cybersecurity risks.;Govern (GV);Policies, Processes, and Procedures (GV.PO);;aws;;FAIL;No CloudTrail trails enabled and logging management events were found.;arn:aws:cloudtrail:ap-south-1:735291151388:trail;cloudtrail_multi_region_enabled_logging_management_events;False;735291151388;NIST-CSF;National Institute of Standards and Technology (NIST) Cybersecurity Framework (CSF) v2.0;
aws;The NIST Cybersecurity Framework (CSF) 2.0 offers a taxonomy of high-level cybersecurity outcomes that can be used by any organization regardless of its size, sector, or maturity to better understand, assess, prioritize, and communicate its cybersecurity efforts. The framework's core functions are organized into six key areas: Govern (new), Identify, Protect, Detect, Respond, and Recover. Together, these functions provide a comprehensive lifecycle approach to managing cybersecurity risk.;735291151388;ap-south-1;2026-07-10 18:08:16.187152;ov_3;Cybersecurity risk management strategy and practices are reviewed and adjusted to adapt to changes in the threat landscape, technologies, or mission, business, or system environments.;Govern (GV);Oversight (GV.OV);;aws;;FAIL;No CloudTrail trails enabled and logging management events were found.;arn:aws:cloudtrail:ap-south-1:735291151388:trail;cloudtrail_multi_region_enabled_logging_management_events;False;735291151388;NIST-CSF;National Institute of Standards and Technology (NIST) Cybersecurity Framework (CSF) v2.0;
aws;The NIST Cybersecurity Framework (CSF) 2.0 offers a taxonomy of high-level cybersecurity outcomes that can be used by any organization regardless of its size, sector, or maturity to better understand, assess, prioritize, and communicate its cybersecurity efforts. The framework's core functions are organized into six key areas: Govern (new), Identify, Protect, Detect, Respond, and Recover. Together, these functions provide a comprehensive lifecycle approach to managing cybersecurity risk.;735291151388;ap-south-1;2026-07-10 18:08:16.187152;pt_1;Audit/log records are determined, documented, implemented, and reviewed in accordance with policy.;Protect (PR);Protective Technology (PR.PT);;aws;;FAIL;No CloudTrail trails enabled and logging management events were found.;arn:aws:cloudtrail:ap-south-1:735291151388:trail;cloudtrail_multi_region_enabled_logging_management_events;False;735291151388;NIST-CSF;National Institute of Standards and Technology (NIST) Cybersecurity Framework (CSF) v2.0;
aws;The NIST Cybersecurity Framework (CSF) 2.0 offers a taxonomy of high-level cybersecurity outcomes that can be used by any organization regardless of its size, sector, or maturity to better understand, assess, prioritize, and communicate its cybersecurity efforts. The framework's core functions are organized into six key areas: Govern (new), Identify, Protect, Detect, Respond, and Recover. Together, these functions provide a comprehensive lifecycle approach to managing cybersecurity risk.;735291151388;ap-south-1;2026-07-10 18:08:16.187152;ae_1;A baseline of network operations and expected data flows for users and systems is established and managed.;Detect (DE);Anomalies and Events (DE.AE);;aws;;FAIL;No CloudTrail trails enabled and logging management events were found.;arn:aws:cloudtrail:ap-south-1:735291151388:trail;cloudtrail_multi_region_enabled_logging_management_events;False;735291151388;NIST-CSF;National Institute of Standards and Technology (NIST) Cybersecurity Framework (CSF) v2.0;
aws;The NIST Cybersecurity Framework (CSF) 2.0 offers a taxonomy of high-level cybersecurity outcomes that can be used by any organization regardless of its size, sector, or maturity to better understand, assess, prioritize, and communicate its cybersecurity efforts. The framework's core functions are organized into six key areas: Govern (new), Identify, Protect, Detect, Respond, and Recover. Together, these functions provide a comprehensive lifecycle approach to managing cybersecurity risk.;735291151388;ap-south-1;2026-07-10 18:08:16.187152;ae_3;Event data are collected and correlated from multiple sources and sensors.;Detect (DE);Anomalies and Events (DE.AE);;aws;;FAIL;No CloudTrail trails enabled and logging management events were found.;arn:aws:cloudtrail:ap-south-1:735291151388:trail;cloudtrail_multi_region_enabled_logging_management_events;False;735291151388;NIST-CSF;National Institute of Standards and Technology (NIST) Cybersecurity Framework (CSF) v2.0;
aws;The NIST Cybersecurity Framework (CSF) 2.0 offers a taxonomy of high-level cybersecurity outcomes that can be used by any organization regardless of its size, sector, or maturity to better understand, assess, prioritize, and communicate its cybersecurity efforts. The framework's core functions are organized into six key areas: Govern (new), Identify, Protect, Detect, Respond, and Recover. Together, these functions provide a comprehensive lifecycle approach to managing cybersecurity risk.;735291151388;ap-south-1;2026-07-10 18:08:16.187152;cm_1;The network is monitored to detect potential cybersecurity events.;Detect (DE);Security Continuous Monitoring (DE.CM);;aws;;FAIL;No CloudTrail trails enabled and logging management events were found.;arn:aws:cloudtrail:ap-south-1:735291151388:trail;cloudtrail_multi_region_enabled_logging_management_events;False;735291151388;NIST-CSF;National Institute of Standards and Technology (NIST) Cybersecurity Framework (CSF) v2.0;
aws;The NIST Cybersecurity Framework (CSF) 2.0 offers a taxonomy of high-level cybersecurity outcomes that can be used by any organization regardless of its size, sector, or maturity to better understand, assess, prioritize, and communicate its cybersecurity efforts. The framework's core functions are organized into six key areas: Govern (new), Identify, Protect, Detect, Respond, and Recover. Together, these functions provide a comprehensive lifecycle approach to managing cybersecurity risk.;735291151388;ap-south-1;2026-07-10 18:08:16.187152;cm_3;Personnel activity is monitored to detect potential cybersecurity events.;Detect (DE);Security Continuous Monitoring (DE.CM);;aws;;FAIL;No CloudTrail trails enabled and logging management events were found.;arn:aws:cloudtrail:ap-south-1:735291151388:trail;cloudtrail_multi_region_enabled_logging_management_events;False;735291151388;NIST-CSF;National Institute of Standards and Technology (NIST) Cybersecurity Framework (CSF) v2.0;
aws;The NIST Cybersecurity Framework (CSF) 2.0 offers a taxonomy of high-level cybersecurity outcomes that can be used by any organization regardless of its size, sector, or maturity to better understand, assess, prioritize, and communicate its cybersecurity efforts. The framework's core functions are organized into six key areas: Govern (new), Identify, Protect, Detect, Respond, and Recover. Together, these functions provide a comprehensive lifecycle approach to managing cybersecurity risk.;735291151388;ap-south-1;2026-07-10 18:08:16.187152;dp_4;Event detection information is communicated.;Detect (DE);Detection Processes (DE.DP);;aws;;FAIL;No CloudTrail trails enabled and logging management events were found.;arn:aws:cloudtrail:ap-south-1:735291151388:trail;cloudtrail_multi_region_enabled_logging_management_events;False;735291151388;NIST-CSF;National Institute of Standards and Technology (NIST) Cybersecurity Framework (CSF) v2.0;
aws;The NIST Cybersecurity Framework (CSF) 2.0 offers a taxonomy of high-level cybersecurity outcomes that can be used by any organization regardless of its size, sector, or maturity to better understand, assess, prioritize, and communicate its cybersecurity efforts. The framework's core functions are organized into six key areas: Govern (new), Identify, Protect, Detect, Respond, and Recover. Together, these functions provide a comprehensive lifecycle approach to managing cybersecurity risk.;735291151388;ap-southeast-1;2026-07-10 18:08:16.187152;po_4;Governance and risk management processes address cybersecurity risks.;Govern (GV);Policies, Processes, and Procedures (GV.PO);;aws;;FAIL;No CloudTrail trails enabled and logging management events were found.;arn:aws:cloudtrail:ap-southeast-1:735291151388:trail;cloudtrail_multi_region_enabled_logging_management_events;False;735291151388;NIST-CSF;National Institute of Standards and Technology (NIST) Cybersecurity Framework (CSF) v2.0;
aws;The NIST Cybersecurity Framework (CSF) 2.0 offers a taxonomy of high-level cybersecurity outcomes that can be used by any organization regardless of its size, sector, or maturity to better understand, assess, prioritize, and communicate its cybersecurity efforts. The framework's core functions are organized into six key areas: Govern (new), Identify, Protect, Detect, Respond, and Recover. Together, these functions provide a comprehensive lifecycle approach to managing cybersecurity risk.;735291151388;ap-southeast-1;2026-07-10 18:08:16.187152;ov_3;Cybersecurity risk management strategy and practices are reviewed and adjusted to adapt to changes in the threat landscape, technologies, or mission, business, or system environments.;Govern (GV);Oversight (GV.OV);;aws;;FAIL;No CloudTrail trails enabled and logging management events were found.;arn:aws:cloudtrail:ap-southeast-1:735291151388:trail;cloudtrail_multi_region_enabled_logging_management_events;False;735291151388;NIST-CSF;National Institute of Standards and Technology (NIST) Cybersecurity Framework (CSF) v2.0;
aws;The NIST Cybersecurity Framework (CSF) 2.0 offers a taxonomy of high-level cybersecurity outcomes that can be used by any organization regardless of its size, sector, or maturity to better understand, assess, prioritize, and communicate its cybersecurity efforts. The framework's core functions are organized into six key areas: Govern (new), Identify, Protect, Detect, Respond, and Recover. Together, these functions provide a comprehensive lifecycle approach to managing cybersecurity risk.;735291151388;ap-southeast-1;2026-07-10 18:08:16.187152;pt_1;Audit/log records are determined, documented, implemented, and reviewed in accordance with policy.;Protect (PR);Protective Technology (PR.PT);;aws;;FAIL;No CloudTrail trails enabled and logging management events were found.;arn:aws:cloudtrail:ap-southeast-1:735291151388:trail;cloudtrail_multi_region_enabled_logging_management_events;False;735291151388;NIST-CSF;National Institute of Standards and Technology (NIST) Cybersecurity Framework (CSF) v2.0;
aws;The NIST Cybersecurity Framework (CSF) 2.0 offers a taxonomy of high-level cybersecurity outcomes that can be used by any organization regardless of its size, sector, or maturity to better understand, assess, prioritize, and communicate its cybersecurity efforts. The framework's core functions are organized into six key areas: Govern (new), Identify, Protect, Detect, Respond, and Recover. Together, these functions provide a comprehensive lifecycle approach to managing cybersecurity risk.;735291151388;ap-southeast-1;2026-07-10 18:08:16.187152;ae_1;A baseline of network operations and expected data flows for users and systems is established and managed.;Detect (DE);Anomalies and Events (DE.AE);;aws;;FAIL;No CloudTrail trails enabled and logging management events were found.;arn:aws:cloudtrail:ap-southeast-1:735291151388:trail;cloudtrail_multi_region_enabled_logging_management_events;False;735291151388;NIST-CSF;National Institute of Standards and Technology (NIST) Cybersecurity Framework (CSF) v2.0;
aws;The NIST Cybersecurity Framework (CSF) 2.0 offers a taxonomy of high-level cybersecurity outcomes that can be used by any organization regardless of its size, sector, or maturity to better understand, assess, prioritize, and communicate its cybersecurity efforts. The framework's core functions are organized into six key areas: Govern (new), Identify, Protect, Detect, Respond, and Recover. Together, these functions provide a comprehensive lifecycle approach to managing cybersecurity risk.;735291151388;ap-southeast-1;2026-07-10 18:08:16.187152;ae_3;Event data are collected and correlated from multiple sources and sensors.;Detect (DE);Anomalies and Events (DE.AE);;aws;;FAIL;No CloudTrail trails enabled and logging management events were found.;arn:aws:cloudtrail:ap-southeast-1:735291151388:trail;cloudtrail_multi_region_enabled_logging_management_events;False;735291151388;NIST-CSF;National Institute of Standards and Technology (NIST) Cybersecurity Framework (CSF) v2.0;
aws;The NIST Cybersecurity Framework (CSF) 2.0 offers a taxonomy of high-level cybersecurity outcomes that can be used by any organization regardless of its size, sector, or maturity to better understand, assess, prioritize, and communicate its cybersecurity efforts. The framework's core functions are organized into six key areas: Govern (new), Identify, Protect, Detect, Respond, and Recover. Together, these functions provide a comprehensive lifecycle approach to managing cybersecurity risk.;735291151388;ap-southeast-1;2026-07-10 18:08:16.187152;cm_1;The network is monitored to detect potential cybersecurity events.;Detect (DE);Security Continuous Monitoring (DE.CM);;aws;;FAIL;No CloudTrail trails enabled and logging management events were found.;arn:aws:cloudtrail:ap-southeast-1:735291151388:trail;cloudtrail_multi_region_enabled_logging_management_events;False;735291151388;NIST-CSF;National Institute of Standards and Technology (NIST) Cybersecurity Framework (CSF) v2.0;
aws;The NIST Cybersecurity Framework (CSF) 2.0 offers a taxonomy of high-level cybersecurity outcomes that can be used by any organization regardless of its size, sector, or maturity to better understand, assess, prioritize, and communicate its cybersecurity efforts. The framework's core functions are organized into six key areas: Govern (new), Identify, Protect, Detect, Respond, and Recover. Together, these functions provide a comprehensive lifecycle approach to managing cybersecurity risk.;735291151388;ap-southeast-1;2026-07-10 18:08:16.187152;cm_3;Personnel activity is monitored to detect potential cybersecurity events.;Detect (DE);Security Continuous Monitoring (DE.CM);;aws;;FAIL;No CloudTrail trails enabled and logging management events were found.;arn:aws:cloudtrail:ap-southeast-1:735291151388:trail;cloudtrail_multi_region_enabled_logging_management_events;False;735291151388;NIST-CSF;National Institute of Standards and Technology (NIST) Cybersecurity Framework (CSF) v2.0;
aws;The NIST Cybersecurity Framework (CSF) 2.0 offers a taxonomy of high-level cybersecurity outcomes that can be used by any organization regardless of its size, sector, or maturity to better understand, assess, prioritize, and communicate its cybersecurity efforts. The framework's core functions are organized into six key areas: Govern (new), Identify, Protect, Detect, Respond, and Recover. Together, these functions provide a comprehensive lifecycle approach to managing cybersecurity risk.;735291151388;ap-southeast-1;2026-07-10 18:08:16.187152;dp_4;Event detection information is communicated.;Detect (DE);Detection Processes (DE.DP);;aws;;FAIL;No CloudTrail trails enabled and logging management events were found.;arn:aws:cloudtrail:ap-southeast-1:735291151388:trail;cloudtrail_multi_region_enabled_logging_management_events;False;735291151388;NIST-CSF;National Institute of Standards and Technology (NIST) Cybersecurity Framework (CSF) v2.0;
aws;The NIST Cybersecurity Framework (CSF) 2.0 offers a taxonomy of high-level cybersecurity outcomes that can be used by any organization regardless of its size, sector, or maturity to better understand, assess, prioritize, and communicate its cybersecurity efforts. The framework's core functions are organized into six key areas: Govern (new), Identify, Protect, Detect, Respond, and Recover. Together, these functions provide a comprehensive lifecycle approach to managing cybersecurity risk.;735291151388;ap-southeast-2;2026-07-10 18:08:16.187152;po_4;Governance and risk management processes address cybersecurity risks.;Govern (GV);Policies, Processes, and Procedures (GV.PO);;aws;;FAIL;No CloudTrail trails enabled and logging management events were found.;arn:aws:cloudtrail:ap-southeast-2:735291151388:trail;cloudtrail_multi_region_enabled_logging_management_events;False;735291151388;NIST-CSF;National Institute of Standards and Technology (NIST) Cybersecurity Framework (CSF) v2.0;
aws;The NIST Cybersecurity Framework (CSF) 2.0 offers a taxonomy of high-level cybersecurity outcomes that can be used by any organization regardless of its size, sector, or maturity to better understand, assess, prioritize, and communicate its cybersecurity efforts. The framework's core functions are organized into six key areas: Govern (new), Identify, Protect, Detect, Respond, and Recover. Together, these functions provide a comprehensive lifecycle approach to managing cybersecurity risk.;735291151388;ap-southeast-2;2026-07-10 18:08:16.187152;ov_3;Cybersecurity risk management strategy and practices are reviewed and adjusted to adapt to changes in the threat landscape, technologies, or mission, business, or system environments.;Govern (GV);Oversight (GV.OV);;aws;;FAIL;No CloudTrail trails enabled and logging management events were found.;arn:aws:cloudtrail:ap-southeast-2:735291151388:trail;cloudtrail_multi_region_enabled_logging_management_events;False;735291151388;NIST-CSF;National Institute of Standards and Technology (NIST) Cybersecurity Framework (CSF) v2.0;
aws;The NIST Cybersecurity Framework (CSF) 2.0 offers a taxonomy of high-level cybersecurity outcomes that can be used by any organization regardless of its size, sector, or maturity to better understand, assess, prioritize, and communicate its cybersecurity efforts. The framework's core functions are organized into six key areas: Govern (new), Identify, Protect, Detect, Respond, and Recover. Together, these functions provide a comprehensive lifecycle approach to managing cybersecurity risk.;735291151388;ap-southeast-2;2026-07-10 18:08:16.187152;pt_1;Audit/log records are determined, documented, implemented, and reviewed in accordance with policy.;Protect (PR);Protective Technology (PR.PT);;aws;;FAIL;No CloudTrail trails enabled and logging management events were found.;arn:aws:cloudtrail:ap-southeast-2:735291151388:trail;cloudtrail_multi_region_enabled_logging_management_events;False;735291151388;NIST-CSF;National Institute of Standards and Technology (NIST) Cybersecurity Framework (CSF) v2.0;
aws;The NIST Cybersecurity Framework (CSF) 2.0 offers a taxonomy of high-level cybersecurity outcomes that can be used by any organization regardless of its size, sector, or maturity to better understand, assess, prioritize, and communicate its cybersecurity efforts. The framework's core functions are organized into six key areas: Govern (new), Identify, Protect, Detect, Respond, and Recover. Together, these functions provide a comprehensive lifecycle approach to managing cybersecurity risk.;735291151388;ap-southeast-2;2026-07-10 18:08:16.187152;ae_1;A baseline of network operations and expected data flows for users and systems is established and managed.;Detect (DE);Anomalies and Events (DE.AE);;aws;;FAIL;No CloudTrail trails enabled and logging management events were found.;arn:aws:cloudtrail:ap-southeast-2:735291151388:trail;cloudtrail_multi_region_enabled_logging_management_events;False;735291151388;NIST-CSF;National Institute of Standards and Technology (NIST) Cybersecurity Framework (CSF) v2.0;
aws;The NIST Cybersecurity Framework (CSF) 2.0 offers a taxonomy of high-level cybersecurity outcomes that can be used by any organization regardless of its size, sector, or maturity to better understand, assess, prioritize, and communicate its cybersecurity efforts. The framework's core functions are organized into six key areas: Govern (new), Identify, Protect, Detect, Respond, and Recover. Together, these functions provide a comprehensive lifecycle approach to managing cybersecurity risk.;735291151388;ap-southeast-2;2026-07-10 18:08:16.187152;ae_3;Event data are collected and correlated from multiple sources and sensors.;Detect (DE);Anomalies and Events (DE.AE);;aws;;FAIL;No CloudTrail trails enabled and logging management events were found.;arn:aws:cloudtrail:ap-southeast-2:735291151388:trail;cloudtrail_multi_region_enabled_logging_management_events;False;735291151388;NIST-CSF;National Institute of Standards and Technology (NIST) Cybersecurity Framework (CSF) v2.0;
aws;The NIST Cybersecurity Framework (CSF) 2.0 offers a taxonomy of high-level cybersecurity outcomes that can be used by any organization regardless of its size, sector, or maturity to better understand, assess, prioritize, and communicate its cybersecurity efforts. The framework's core functions are organized into six key areas: Govern (new), Identify, Protect, Detect, Respond, and Recover. Together, these functions provide a comprehensive lifecycle approach to managing cybersecurity risk.;735291151388;ap-southeast-2;2026-07-10 18:08:16.187152;cm_1;The network is monitored to detect potential cybersecurity events.;Detect (DE);Security Continuous Monitoring (DE.CM);;aws;;FAIL;No CloudTrail trails enabled and logging management events were found.;arn:aws:cloudtrail:ap-southeast-2:735291151388:trail;cloudtrail_multi_region_enabled_logging_management_events;False;735291151388;NIST-CSF;National Institute of Standards and Technology (NIST) Cybersecurity Framework (CSF) v2.0;
aws;The NIST Cybersecurity Framework (CSF) 2.0 offers a taxonomy of high-level cybersecurity outcomes that can be used by any organization regardless of its size, sector, or maturity to better understand, assess, prioritize, and communicate its cybersecurity efforts. The framework's core functions are organized into six key areas: Govern (new), Identify, Protect, Detect, Respond, and Recover. Together, these functions provide a comprehensive lifecycle approach to managing cybersecurity risk.;735291151388;ap-southeast-2;2026-07-10 18:08:16.187152;cm_3;Personnel activity is monitored to detect potential cybersecurity events.;Detect (DE);Security Continuous Monitoring (DE.CM);;aws;;FAIL;No CloudTrail trails enabled and logging management events were found.;arn:aws:cloudtrail:ap-southeast-2:735291151388:trail;cloudtrail_multi_region_enabled_logging_management_events;False;735291151388;NIST-CSF;National Institute of Standards and Technology (NIST) Cybersecurity Framework (CSF) v2.0;
aws;The NIST Cybersecurity Framework (CSF) 2.0 offers a taxonomy of high-level cybersecurity outcomes that can be used by any organization regardless of its size, sector, or maturity to better understand, assess, prioritize, and communicate its cybersecurity efforts. The framework's core functions are organized into six key areas: Govern (new), Identify, Protect, Detect, Respond, and Recover. Together, these functions provide a comprehensive lifecycle approach to managing cybersecurity risk.;735291151388;ap-southeast-2;2026-07-10 18:08:16.187152;dp_4;Event detection information is communicated.;Detect (DE);Detection Processes (DE.DP);;aws;;FAIL;No CloudTrail trails enabled and logging management events were found.;arn:aws:cloudtrail:ap-southeast-2:735291151388:trail;cloudtrail_multi_region_enabled_logging_management_events;False;735291151388;NIST-CSF;National Institute of Standards and Technology (NIST) Cybersecurity Framework (CSF) v2.0;
aws;The NIST Cybersecurity Framework (CSF) 2.0 offers a taxonomy of high-level cybersecurity outcomes that can be used by any organization regardless of its size, sector, or maturity to better understand, assess, prioritize, and communicate its cybersecurity efforts. The framework's core functions are organized into six key areas: Govern (new), Identify, Protect, Detect, Respond, and Recover. Together, these functions provide a comprehensive lifecycle approach to managing cybersecurity risk.;735291151388;ca-central-1;2026-07-10 18:08:16.187152;po_4;Governance and risk management processes address cybersecurity risks.;Govern (GV);Policies, Processes, and Procedures (GV.PO);;aws;;FAIL;No CloudTrail trails enabled and logging management events were found.;arn:aws:cloudtrail:ca-central-1:735291151388:trail;cloudtrail_multi_region_enabled_logging_management_events;False;735291151388;NIST-CSF;National Institute of Standards and Technology (NIST) Cybersecurity Framework (CSF) v2.0;
aws;The NIST Cybersecurity Framework (CSF) 2.0 offers a taxonomy of high-level cybersecurity outcomes that can be used by any organization regardless of its size, sector, or maturity to better understand, assess, prioritize, and communicate its cybersecurity efforts. The framework's core functions are organized into six key areas: Govern (new), Identify, Protect, Detect, Respond, and Recover. Together, these functions provide a comprehensive lifecycle approach to managing cybersecurity risk.;735291151388;ca-central-1;2026-07-10 18:08:16.187152;ov_3;Cybersecurity risk management strategy and practices are reviewed and adjusted to adapt to changes in the threat landscape, technologies, or mission, business, or system environments.;Govern (GV);Oversight (GV.OV);;aws;;FAIL;No CloudTrail trails enabled and logging management events were found.;arn:aws:cloudtrail:ca-central-1:735291151388:trail;cloudtrail_multi_region_enabled_logging_management_events;False;735291151388;NIST-CSF;National Institute of Standards and Technology (NIST) Cybersecurity Framework (CSF) v2.0;
aws;The NIST Cybersecurity Framework (CSF) 2.0 offers a taxonomy of high-level cybersecurity outcomes that can be used by any organization regardless of its size, sector, or maturity to better understand, assess, prioritize, and communicate its cybersecurity efforts. The framework's core functions are organized into six key areas: Govern (new), Identify, Protect, Detect, Respond, and Recover. Together, these functions provide a comprehensive lifecycle approach to managing cybersecurity risk.;735291151388;ca-central-1;2026-07-10 18:08:16.187152;pt_1;Audit/log records are determined, documented, implemented, and reviewed in accordance with policy.;Protect (PR);Protective Technology (PR.PT);;aws;;FAIL;No CloudTrail trails enabled and logging management events were found.;arn:aws:cloudtrail:ca-central-1:735291151388:trail;cloudtrail_multi_region_enabled_logging_management_events;False;735291151388;NIST-CSF;National Institute of Standards and Technology (NIST) Cybersecurity Framework (CSF) v2.0;
aws;The NIST Cybersecurity Framework (CSF) 2.0 offers a taxonomy of high-level cybersecurity outcomes that can be used by any organization regardless of its size, sector, or maturity to better understand, assess, prioritize, and communicate its cybersecurity efforts. The framework's core functions are organized into six key areas: Govern (new), Identify, Protect, Detect, Respond, and Recover. Together, these functions provide a comprehensive lifecycle approach to managing cybersecurity risk.;735291151388;ca-central-1;2026-07-10 18:08:16.187152;ae_1;A baseline of network operations and expected data flows for users and systems is established and managed.;Detect (DE);Anomalies and Events (DE.AE);;aws;;FAIL;No CloudTrail trails enabled and logging management events were found.;arn:aws:cloudtrail:ca-central-1:735291151388:trail;cloudtrail_multi_region_enabled_logging_management_events;False;735291151388;NIST-CSF;National Institute of Standards and Technology (NIST) Cybersecurity Framework (CSF) v2.0;
aws;The NIST Cybersecurity Framework (CSF) 2.0 offers a taxonomy of high-level cybersecurity outcomes that can be used by any organization regardless of its size, sector, or maturity to better understand, assess, prioritize, and communicate its cybersecurity efforts. The framework's core functions are organized into six key areas: Govern (new), Identify, Protect, Detect, Respond, and Recover. Together, these functions provide a comprehensive lifecycle approach to managing cybersecurity risk.;735291151388;ca-central-1;2026-07-10 18:08:16.187152;ae_3;Event data are collected and correlated from multiple sources and sensors.;Detect (DE);Anomalies and Events (DE.AE);;aws;;FAIL;No CloudTrail trails enabled and logging management events were found.;arn:aws:cloudtrail:ca-central-1:735291151388:trail;cloudtrail_multi_region_enabled_logging_management_events;False;735291151388;NIST-CSF;National Institute of Standards and Technology (NIST) Cybersecurity Framework (CSF) v2.0;
aws;The NIST Cybersecurity Framework (CSF) 2.0 offers a taxonomy of high-level cybersecurity outcomes that can be used by any organization regardless of its size, sector, or maturity to better understand, assess, prioritize, and communicate its cybersecurity efforts. The framework's core functions are organized into six key areas: Govern (new), Identify, Protect, Detect, Respond, and Recover. Together, these functions provide a comprehensive lifecycle approach to managing cybersecurity risk.;735291151388;ca-central-1;2026-07-10 18:08:16.187152;cm_1;The network is monitored to detect potential cybersecurity events.;Detect (DE);Security Continuous Monitoring (DE.CM);;aws;;FAIL;No CloudTrail trails enabled and logging management events were found.;arn:aws:cloudtrail:ca-central-1:735291151388:trail;cloudtrail_multi_region_enabled_logging_management_events;False;735291151388;NIST-CSF;National Institute of Standards and Technology (NIST) Cybersecurity Framework (CSF) v2.0;
aws;The NIST Cybersecurity Framework (CSF) 2.0 offers a taxonomy of high-level cybersecurity outcomes that can be used by any organization regardless of its size, sector, or maturity to better understand, assess, prioritize, and communicate its cybersecurity efforts. The framework's core functions are organized into six key areas: Govern (new), Identify, Protect, Detect, Respond, and Recover. Together, these functions provide a comprehensive lifecycle approach to managing cybersecurity risk.;735291151388;ca-central-1;2026-07-10 18:08:16.187152;cm_3;Personnel activity is monitored to detect potential cybersecurity events.;Detect (DE);Security Continuous Monitoring (DE.CM);;aws;;FAIL;No CloudTrail trails enabled and logging management events were found.;arn:aws:cloudtrail:ca-central-1:735291151388:trail;cloudtrail_multi_region_enabled_logging_management_events;False;735291151388;NIST-CSF;National Institute of Standards and Technology (NIST) Cybersecurity Framework (CSF) v2.0;
aws;The NIST Cybersecurity Framework (CSF) 2.0 offers a taxonomy of high-level cybersecurity outcomes that can be used by any organization regardless of its size, sector, or maturity to better understand, assess, prioritize, and communicate its cybersecurity efforts. The framework's core functions are organized into six key areas: Govern (new), Identify, Protect, Detect, Respond, and Recover. Together, these functions provide a comprehensive lifecycle approach to managing cybersecurity risk.;735291151388;ca-central-1;2026-07-10 18:08:16.187152;dp_4;Event detection information is communicated.;Detect (DE);Detection Processes (DE.DP);;aws;;FAIL;No CloudTrail trails enabled and logging management events were found.;arn:aws:cloudtrail:ca-central-1:735291151388:trail;cloudtrail_multi_region_enabled_logging_management_events;False;735291151388;NIST-CSF;National Institute of Standards and Technology (NIST) Cybersecurity Framework (CSF) v2.0;
aws;The NIST Cybersecurity Framework (CSF) 2.0 offers a taxonomy of high-level cybersecurity outcomes that can be used by any organization regardless of its size, sector, or maturity to better understand, assess, prioritize, and communicate its cybersecurity efforts. The framework's core functions are organized into six key areas: Govern (new), Identify, Protect, Detect, Respond, and Recover. Together, these functions provide a comprehensive lifecycle approach to managing cybersecurity risk.;735291151388;eu-central-1;2026-07-10 18:08:16.187152;po_4;Governance and risk management processes address cybersecurity risks.;Govern (GV);Policies, Processes, and Procedures (GV.PO);;aws;;FAIL;No CloudTrail trails enabled and logging management events were found.;arn:aws:cloudtrail:eu-central-1:735291151388:trail;cloudtrail_multi_region_enabled_logging_management_events;False;735291151388;NIST-CSF;National Institute of Standards and Technology (NIST) Cybersecurity Framework (CSF) v2.0;
aws;The NIST Cybersecurity Framework (CSF) 2.0 offers a taxonomy of high-level cybersecurity outcomes that can be used by any organization regardless of its size, sector, or maturity to better understand, assess, prioritize, and communicate its cybersecurity efforts. The framework's core functions are organized into six key areas: Govern (new), Identify, Protect, Detect, Respond, and Recover. Together, these functions provide a comprehensive lifecycle approach to managing cybersecurity risk.;735291151388;eu-central-1;2026-07-10 18:08:16.187152;ov_3;Cybersecurity risk management strategy and practices are reviewed and adjusted to adapt to changes in the threat landscape, technologies, or mission, business, or system environments.;Govern (GV);Oversight (GV.OV);;aws;;FAIL;No CloudTrail trails enabled and logging management events were found.;arn:aws:cloudtrail:eu-central-1:735291151388:trail;cloudtrail_multi_region_enabled_logging_management_events;False;735291151388;NIST-CSF;National Institute of Standards and Technology (NIST) Cybersecurity Framework (CSF) v2.0;
aws;The NIST Cybersecurity Framework (CSF) 2.0 offers a taxonomy of high-level cybersecurity outcomes that can be used by any organization regardless of its size, sector, or maturity to better understand, assess, prioritize, and communicate its cybersecurity efforts. The framework's core functions are organized into six key areas: Govern (new), Identify, Protect, Detect, Respond, and Recover. Together, these functions provide a comprehensive lifecycle approach to managing cybersecurity risk.;735291151388;eu-central-1;2026-07-10 18:08:16.187152;pt_1;Audit/log records are determined, documented, implemented, and reviewed in accordance with policy.;Protect (PR);Protective Technology (PR.PT);;aws;;FAIL;No CloudTrail trails enabled and logging management events were found.;arn:aws:cloudtrail:eu-central-1:735291151388:trail;cloudtrail_multi_region_enabled_logging_management_events;False;735291151388;NIST-CSF;National Institute of Standards and Technology (NIST) Cybersecurity Framework (CSF) v2.0;
aws;The NIST Cybersecurity Framework (CSF) 2.0 offers a taxonomy of high-level cybersecurity outcomes that can be used by any organization regardless of its size, sector, or maturity to better understand, assess, prioritize, and communicate its cybersecurity efforts. The framework's core functions are organized into six key areas: Govern (new), Identify, Protect, Detect, Respond, and Recover. Together, these functions provide a comprehensive lifecycle approach to managing cybersecurity risk.;735291151388;eu-central-1;2026-07-10 18:08:16.187152;ae_1;A baseline of network operations and expected data flows for users and systems is established and managed.;Detect (DE);Anomalies and Events (DE.AE);;aws;;FAIL;No CloudTrail trails enabled and logging management events were found.;arn:aws:cloudtrail:eu-central-1:735291151388:trail;cloudtrail_multi_region_enabled_logging_management_events;False;735291151388;NIST-CSF;National Institute of Standards and Technology (NIST) Cybersecurity Framework (CSF) v2.0;
aws;The NIST Cybersecurity Framework (CSF) 2.0 offers a taxonomy of high-level cybersecurity outcomes that can be used by any organization regardless of its size, sector, or maturity to better understand, assess, prioritize, and communicate its cybersecurity efforts. The framework's core functions are organized into six key areas: Govern (new), Identify, Protect, Detect, Respond, and Recover. Together, these functions provide a comprehensive lifecycle approach to managing cybersecurity risk.;735291151388;eu-central-1;2026-07-10 18:08:16.187152;ae_3;Event data are collected and correlated from multiple sources and sensors.;Detect (DE);Anomalies and Events (DE.AE);;aws;;FAIL;No CloudTrail trails enabled and logging management events were found.;arn:aws:cloudtrail:eu-central-1:735291151388:trail;cloudtrail_multi_region_enabled_logging_management_events;False;735291151388;NIST-CSF;National Institute of Standards and Technology (NIST) Cybersecurity Framework (CSF) v2.0;
aws;The NIST Cybersecurity Framework (CSF) 2.0 offers a taxonomy of high-level cybersecurity outcomes that can be used by any organization regardless of its size, sector, or maturity to better understand, assess, prioritize, and communicate its cybersecurity efforts. The framework's core functions are organized into six key areas: Govern (new), Identify, Protect, Detect, Respond, and Recover. Together, these functions provide a comprehensive lifecycle approach to managing cybersecurity risk.;735291151388;eu-central-1;2026-07-10 18:08:16.187152;cm_1;The network is monitored to detect potential cybersecurity events.;Detect (DE);Security Continuous Monitoring (DE.CM);;aws;;FAIL;No CloudTrail trails enabled and logging management events were found.;arn:aws:cloudtrail:eu-central-1:735291151388:trail;cloudtrail_multi_region_enabled_logging_management_events;False;735291151388;NIST-CSF;National Institute of Standards and Technology (NIST) Cybersecurity Framework (CSF) v2.0;
aws;The NIST Cybersecurity Framework (CSF) 2.0 offers a taxonomy of high-level cybersecurity outcomes that can be used by any organization regardless of its size, sector, or maturity to better understand, assess, prioritize, and communicate its cybersecurity efforts. The framework's core functions are organized into six key areas: Govern (new), Identify, Protect, Detect, Respond, and Recover. Together, these functions provide a comprehensive lifecycle approach to managing cybersecurity risk.;735291151388;eu-central-1;2026-07-10 18:08:16.187152;cm_3;Personnel activity is monitored to detect potential cybersecurity events.;Detect (DE);Security Continuous Monitoring (DE.CM);;aws;;FAIL;No CloudTrail trails enabled and logging management events were found.;arn:aws:cloudtrail:eu-central-1:735291151388:trail;cloudtrail_multi_region_enabled_logging_management_events;False;735291151388;NIST-CSF;National Institute of Standards and Technology (NIST) Cybersecurity Framework (CSF) v2.0;
aws;The NIST Cybersecurity Framework (CSF) 2.0 offers a taxonomy of high-level cybersecurity outcomes that can be used by any organization regardless of its size, sector, or maturity to better understand, assess, prioritize, and communicate its cybersecurity efforts. The framework's core functions are organized into six key areas: Govern (new), Identify, Protect, Detect, Respond, and Recover. Together, these functions provide a comprehensive lifecycle approach to managing cybersecurity risk.;735291151388;eu-central-1;2026-07-10 18:08:16.187152;dp_4;Event detection information is communicated.;Detect (DE);Detection Processes (DE.DP);;aws;;FAIL;No CloudTrail trails enabled and logging management events were found.;arn:aws:cloudtrail:eu-central-1:735291151388:trail;cloudtrail_multi_region_enabled_logging_management_events;False;735291151388;NIST-CSF;National Institute of Standards and Technology (NIST) Cybersecurity Framework (CSF) v2.0;
aws;The NIST Cybersecurity Framework (CSF) 2.0 offers a taxonomy of high-level cybersecurity outcomes that can be used by any organization regardless of its size, sector, or maturity to better understand, assess, prioritize, and communicate its cybersecurity efforts. The framework's core functions are organized into six key areas: Govern (new), Identify, Protect, Detect, Respond, and Recover. Together, these functions provide a comprehensive lifecycle approach to managing cybersecurity risk.;735291151388;eu-north-1;2026-07-10 18:08:16.187152;po_4;Governance and risk management processes address cybersecurity risks.;Govern (GV);Policies, Processes, and Procedures (GV.PO);;aws;;FAIL;No CloudTrail trails enabled and logging management events were found.;arn:aws:cloudtrail:eu-north-1:735291151388:trail;cloudtrail_multi_region_enabled_logging_management_events;False;735291151388;NIST-CSF;National Institute of Standards and Technology (NIST) Cybersecurity Framework (CSF) v2.0;
aws;The NIST Cybersecurity Framework (CSF) 2.0 offers a taxonomy of high-level cybersecurity outcomes that can be used by any organization regardless of its size, sector, or maturity to better understand, assess, prioritize, and communicate its cybersecurity efforts. The framework's core functions are organized into six key areas: Govern (new), Identify, Protect, Detect, Respond, and Recover. Together, these functions provide a comprehensive lifecycle approach to managing cybersecurity risk.;735291151388;eu-north-1;2026-07-10 18:08:16.187152;ov_3;Cybersecurity risk management strategy and practices are reviewed and adjusted to adapt to changes in the threat landscape, technologies, or mission, business, or system environments.;Govern (GV);Oversight (GV.OV);;aws;;FAIL;No CloudTrail trails enabled and logging management events were found.;arn:aws:cloudtrail:eu-north-1:735291151388:trail;cloudtrail_multi_region_enabled_logging_management_events;False;735291151388;NIST-CSF;National Institute of Standards and Technology (NIST) Cybersecurity Framework (CSF) v2.0;
aws;The NIST Cybersecurity Framework (CSF) 2.0 offers a taxonomy of high-level cybersecurity outcomes that can be used by any organization regardless of its size, sector, or maturity to better understand, assess, prioritize, and communicate its cybersecurity efforts. The framework's core functions are organized into six key areas: Govern (new), Identify, Protect, Detect, Respond, and Recover. Together, these functions provide a comprehensive lifecycle approach to managing cybersecurity risk.;735291151388;eu-north-1;2026-07-10 18:08:16.187152;pt_1;Audit/log records are determined, documented, implemented, and reviewed in accordance with policy.;Protect (PR);Protective Technology (PR.PT);;aws;;FAIL;No CloudTrail trails enabled and logging management events were found.;arn:aws:cloudtrail:eu-north-1:735291151388:trail;cloudtrail_multi_region_enabled_logging_management_events;False;735291151388;NIST-CSF;National Institute of Standards and Technology (NIST) Cybersecurity Framework (CSF) v2.0;
aws;The NIST Cybersecurity Framework (CSF) 2.0 offers a taxonomy of high-level cybersecurity outcomes that can be used by any organization regardless of its size, sector, or maturity to better understand, assess, prioritize, and communicate its cybersecurity efforts. The framework's core functions are organized into six key areas: Govern (new), Identify, Protect, Detect, Respond, and Recover. Together, these functions provide a comprehensive lifecycle approach to managing cybersecurity risk.;735291151388;eu-north-1;2026-07-10 18:08:16.187152;ae_1;A baseline of network operations and expected data flows for users and systems is established and managed.;Detect (DE);Anomalies and Events (DE.AE);;aws;;FAIL;No CloudTrail trails enabled and logging management events were found.;arn:aws:cloudtrail:eu-north-1:735291151388:trail;cloudtrail_multi_region_enabled_logging_management_events;False;735291151388;NIST-CSF;National Institute of Standards and Technology (NIST) Cybersecurity Framework (CSF) v2.0;
aws;The NIST Cybersecurity Framework (CSF) 2.0 offers a taxonomy of high-level cybersecurity outcomes that can be used by any organization regardless of its size, sector, or maturity to better understand, assess, prioritize, and communicate its cybersecurity efforts. The framework's core functions are organized into six key areas: Govern (new), Identify, Protect, Detect, Respond, and Recover. Together, these functions provide a comprehensive lifecycle approach to managing cybersecurity risk.;735291151388;eu-north-1;2026-07-10 18:08:16.187152;ae_3;Event data are collected and correlated from multiple sources and sensors.;Detect (DE);Anomalies and Events (DE.AE);;aws;;FAIL;No CloudTrail trails enabled and logging management events were found.;arn:aws:cloudtrail:eu-north-1:735291151388:trail;cloudtrail_multi_region_enabled_logging_management_events;False;735291151388;NIST-CSF;National Institute of Standards and Technology (NIST) Cybersecurity Framework (CSF) v2.0;
aws;The NIST Cybersecurity Framework (CSF) 2.0 offers a taxonomy of high-level cybersecurity outcomes that can be used by any organization regardless of its size, sector, or maturity to better understand, assess, prioritize, and communicate its cybersecurity efforts. The framework's core functions are organized into six key areas: Govern (new), Identify, Protect, Detect, Respond, and Recover. Together, these functions provide a comprehensive lifecycle approach to managing cybersecurity risk.;735291151388;eu-north-1;2026-07-10 18:08:16.187152;cm_1;The network is monitored to detect potential cybersecurity events.;Detect (DE);Security Continuous Monitoring (DE.CM);;aws;;FAIL;No CloudTrail trails enabled and logging management events were found.;arn:aws:cloudtrail:eu-north-1:735291151388:trail;cloudtrail_multi_region_enabled_logging_management_events;False;735291151388;NIST-CSF;National Institute of Standards and Technology (NIST) Cybersecurity Framework (CSF) v2.0;
aws;The NIST Cybersecurity Framework (CSF) 2.0 offers a taxonomy of high-level cybersecurity outcomes that can be used by any organization regardless of its size, sector, or maturity to better understand, assess, prioritize, and communicate its cybersecurity efforts. The framework's core functions are organized into six key areas: Govern (new), Identify, Protect, Detect, Respond, and Recover. Together, these functions provide a comprehensive lifecycle approach to managing cybersecurity risk.;735291151388;eu-north-1;2026-07-10 18:08:16.187152;cm_3;Personnel activity is monitored to detect potential cybersecurity events.;Detect (DE);Security Continuous Monitoring (DE.CM);;aws;;FAIL;No CloudTrail trails enabled and logging management events were found.;arn:aws:cloudtrail:eu-north-1:735291151388:trail;cloudtrail_multi_region_enabled_logging_management_events;False;735291151388;NIST-CSF;National Institute of Standards and Technology (NIST) Cybersecurity Framework (CSF) v2.0;
aws;The NIST Cybersecurity Framework (CSF) 2.0 offers a taxonomy of high-level cybersecurity outcomes that can be used by any organization regardless of its size, sector, or maturity to better understand, assess, prioritize, and communicate its cybersecurity efforts. The framework's core functions are organized into six key areas: Govern (new), Identify, Protect, Detect, Respond, and Recover. Together, these functions provide a comprehensive lifecycle approach to managing cybersecurity risk.;735291151388;eu-north-1;2026-07-10 18:08:16.187152;dp_4;Event detection information is communicated.;Detect (DE);Detection Processes (DE.DP);;aws;;FAIL;No CloudTrail trails enabled and logging management events were found.;arn:aws:cloudtrail:eu-north-1:735291151388:trail;cloudtrail_multi_region_enabled_logging_management_events;False;735291151388;NIST-CSF;National Institute of Standards and Technology (NIST) Cybersecurity Framework (CSF) v2.0;
aws;The NIST Cybersecurity Framework (CSF) 2.0 offers a taxonomy of high-level cybersecurity outcomes that can be used by any organization regardless of its size, sector, or maturity to better understand, assess, prioritize, and communicate its cybersecurity efforts. The framework's core functions are organized into six key areas: Govern (new), Identify, Protect, Detect, Respond, and Recover. Together, these functions provide a comprehensive lifecycle approach to managing cybersecurity risk.;735291151388;eu-west-1;2026-07-10 18:08:16.187152;po_4;Governance and risk management processes address cybersecurity risks.;Govern (GV);Policies, Processes, and Procedures (GV.PO);;aws;;FAIL;No CloudTrail trails enabled and logging management events were found.;arn:aws:cloudtrail:eu-west-1:735291151388:trail;cloudtrail_multi_region_enabled_logging_management_events;False;735291151388;NIST-CSF;National Institute of Standards and Technology (NIST) Cybersecurity Framework (CSF) v2.0;
aws;The NIST Cybersecurity Framework (CSF) 2.0 offers a taxonomy of high-level cybersecurity outcomes that can be used by any organization regardless of its size, sector, or maturity to better understand, assess, prioritize, and communicate its cybersecurity efforts. The framework's core functions are organized into six key areas: Govern (new), Identify, Protect, Detect, Respond, and Recover. Together, these functions provide a comprehensive lifecycle approach to managing cybersecurity risk.;735291151388;eu-west-1;2026-07-10 18:08:16.187152;ov_3;Cybersecurity risk management strategy and practices are reviewed and adjusted to adapt to changes in the threat landscape, technologies, or mission, business, or system environments.;Govern (GV);Oversight (GV.OV);;aws;;FAIL;No CloudTrail trails enabled and logging management events were found.;arn:aws:cloudtrail:eu-west-1:735291151388:trail;cloudtrail_multi_region_enabled_logging_management_events;False;735291151388;NIST-CSF;National Institute of Standards and Technology (NIST) Cybersecurity Framework (CSF) v2.0;
aws;The NIST Cybersecurity Framework (CSF) 2.0 offers a taxonomy of high-level cybersecurity outcomes that can be used by any organization regardless of its size, sector, or maturity to better understand, assess, prioritize, and communicate its cybersecurity efforts. The framework's core functions are organized into six key areas: Govern (new), Identify, Protect, Detect, Respond, and Recover. Together, these functions provide a comprehensive lifecycle approach to managing cybersecurity risk.;735291151388;eu-west-1;2026-07-10 18:08:16.187152;pt_1;Audit/log records are determined, documented, implemented, and reviewed in accordance with policy.;Protect (PR);Protective Technology (PR.PT);;aws;;FAIL;No CloudTrail trails enabled and logging management events were found.;arn:aws:cloudtrail:eu-west-1:735291151388:trail;cloudtrail_multi_region_enabled_logging_management_events;False;735291151388;NIST-CSF;National Institute of Standards and Technology (NIST) Cybersecurity Framework (CSF) v2.0;
aws;The NIST Cybersecurity Framework (CSF) 2.0 offers a taxonomy of high-level cybersecurity outcomes that can be used by any organization regardless of its size, sector, or maturity to better understand, assess, prioritize, and communicate its cybersecurity efforts. The framework's core functions are organized into six key areas: Govern (new), Identify, Protect, Detect, Respond, and Recover. Together, these functions provide a comprehensive lifecycle approach to managing cybersecurity risk.;735291151388;eu-west-1;2026-07-10 18:08:16.187152;ae_1;A baseline of network operations and expected data flows for users and systems is established and managed.;Detect (DE);Anomalies and Events (DE.AE);;aws;;FAIL;No CloudTrail trails enabled and logging management events were found.;arn:aws:cloudtrail:eu-west-1:735291151388:trail;cloudtrail_multi_region_enabled_logging_management_events;False;735291151388;NIST-CSF;National Institute of Standards and Technology (NIST) Cybersecurity Framework (CSF) v2.0;
aws;The NIST Cybersecurity Framework (CSF) 2.0 offers a taxonomy of high-level cybersecurity outcomes that can be used by any organization regardless of its size, sector, or maturity to better understand, assess, prioritize, and communicate its cybersecurity efforts. The framework's core functions are organized into six key areas: Govern (new), Identify, Protect, Detect, Respond, and Recover. Together, these functions provide a comprehensive lifecycle approach to managing cybersecurity risk.;735291151388;eu-west-1;2026-07-10 18:08:16.187152;ae_3;Event data are collected and correlated from multiple sources and sensors.;Detect (DE);Anomalies and Events (DE.AE);;aws;;FAIL;No CloudTrail trails enabled and logging management events were found.;arn:aws:cloudtrail:eu-west-1:735291151388:trail;cloudtrail_multi_region_enabled_logging_management_events;False;735291151388;NIST-CSF;National Institute of Standards and Technology (NIST) Cybersecurity Framework (CSF) v2.0;
aws;The NIST Cybersecurity Framework (CSF) 2.0 offers a taxonomy of high-level cybersecurity outcomes that can be used by any organization regardless of its size, sector, or maturity to better understand, assess, prioritize, and communicate its cybersecurity efforts. The framework's core functions are organized into six key areas: Govern (new), Identify, Protect, Detect, Respond, and Recover. Together, these functions provide a comprehensive lifecycle approach to managing cybersecurity risk.;735291151388;eu-west-1;2026-07-10 18:08:16.187152;cm_1;The network is monitored to detect potential cybersecurity events.;Detect (DE);Security Continuous Monitoring (DE.CM);;aws;;FAIL;No CloudTrail trails enabled and logging management events were found.;arn:aws:cloudtrail:eu-west-1:735291151388:trail;cloudtrail_multi_region_enabled_logging_management_events;False;735291151388;NIST-CSF;National Institute of Standards and Technology (NIST) Cybersecurity Framework (CSF) v2.0;
aws;The NIST Cybersecurity Framework (CSF) 2.0 offers a taxonomy of high-level cybersecurity outcomes that can be used by any organization regardless of its size, sector, or maturity to better understand, assess, prioritize, and communicate its cybersecurity efforts. The framework's core functions are organized into six key areas: Govern (new), Identify, Protect, Detect, Respond, and Recover. Together, these functions provide a comprehensive lifecycle approach to managing cybersecurity risk.;735291151388;eu-west-1;2026-07-10 18:08:16.187152;cm_3;Personnel activity is monitored to detect potential cybersecurity events.;Detect (DE);Security Continuous Monitoring (DE.CM);;aws;;FAIL;No CloudTrail trails enabled and logging management events were found.;arn:aws:cloudtrail:eu-west-1:735291151388:trail;cloudtrail_multi_region_enabled_logging_management_events;False;735291151388;NIST-CSF;National Institute of Standards and Technology (NIST) Cybersecurity Framework (CSF) v2.0;
aws;The NIST Cybersecurity Framework (CSF) 2.0 offers a taxonomy of high-level cybersecurity outcomes that can be used by any organization regardless of its size, sector, or maturity to better understand, assess, prioritize, and communicate its cybersecurity efforts. The framework's core functions are organized into six key areas: Govern (new), Identify, Protect, Detect, Respond, and Recover. Together, these functions provide a comprehensive lifecycle approach to managing cybersecurity risk.;735291151388;eu-west-1;2026-07-10 18:08:16.187152;dp_4;Event detection information is communicated.;Detect (DE);Detection Processes (DE.DP);;aws;;FAIL;No CloudTrail trails enabled and logging management events were found.;arn:aws:cloudtrail:eu-west-1:735291151388:trail;cloudtrail_multi_region_enabled_logging_management_events;False;735291151388;NIST-CSF;National Institute of Standards and Technology (NIST) Cybersecurity Framework (CSF) v2.0;
aws;The NIST Cybersecurity Framework (CSF) 2.0 offers a taxonomy of high-level cybersecurity outcomes that can be used by any organization regardless of its size, sector, or maturity to better understand, assess, prioritize, and communicate its cybersecurity efforts. The framework's core functions are organized into six key areas: Govern (new), Identify, Protect, Detect, Respond, and Recover. Together, these functions provide a comprehensive lifecycle approach to managing cybersecurity risk.;735291151388;eu-west-2;2026-07-10 18:08:16.187152;po_4;Governance and risk management processes address cybersecurity risks.;Govern (GV);Policies, Processes, and Procedures (GV.PO);;aws;;FAIL;No CloudTrail trails enabled and logging management events were found.;arn:aws:cloudtrail:eu-west-2:735291151388:trail;cloudtrail_multi_region_enabled_logging_management_events;False;735291151388;NIST-CSF;National Institute of Standards and Technology (NIST) Cybersecurity Framework (CSF) v2.0;
aws;The NIST Cybersecurity Framework (CSF) 2.0 offers a taxonomy of high-level cybersecurity outcomes that can be used by any organization regardless of its size, sector, or maturity to better understand, assess, prioritize, and communicate its cybersecurity efforts. The framework's core functions are organized into six key areas: Govern (new), Identify, Protect, Detect, Respond, and Recover. Together, these functions provide a comprehensive lifecycle approach to managing cybersecurity risk.;735291151388;eu-west-2;2026-07-10 18:08:16.187152;ov_3;Cybersecurity risk management strategy and practices are reviewed and adjusted to adapt to changes in the threat landscape, technologies, or mission, business, or system environments.;Govern (GV);Oversight (GV.OV);;aws;;FAIL;No CloudTrail trails enabled and logging management events were found.;arn:aws:cloudtrail:eu-west-2:735291151388:trail;cloudtrail_multi_region_enabled_logging_management_events;False;735291151388;NIST-CSF;National Institute of Standards and Technology (NIST) Cybersecurity Framework (CSF) v2.0;
aws;The NIST Cybersecurity Framework (CSF) 2.0 offers a taxonomy of high-level cybersecurity outcomes that can be used by any organization regardless of its size, sector, or maturity to better understand, assess, prioritize, and communicate its cybersecurity efforts. The framework's core functions are organized into six key areas: Govern (new), Identify, Protect, Detect, Respond, and Recover. Together, these functions provide a comprehensive lifecycle approach to managing cybersecurity risk.;735291151388;eu-west-2;2026-07-10 18:08:16.187152;pt_1;Audit/log records are determined, documented, implemented, and reviewed in accordance with policy.;Protect (PR);Protective Technology (PR.PT);;aws;;FAIL;No CloudTrail trails enabled and logging management events were found.;arn:aws:cloudtrail:eu-west-2:735291151388:trail;cloudtrail_multi_region_enabled_logging_management_events;False;735291151388;NIST-CSF;National Institute of Standards and Technology (NIST) Cybersecurity Framework (CSF) v2.0;
aws;The NIST Cybersecurity Framework (CSF) 2.0 offers a taxonomy of high-level cybersecurity outcomes that can be used by any organization regardless of its size, sector, or maturity to better understand, assess, prioritize, and communicate its cybersecurity efforts. The framework's core functions are organized into six key areas: Govern (new), Identify, Protect, Detect, Respond, and Recover. Together, these functions provide a comprehensive lifecycle approach to managing cybersecurity risk.;735291151388;eu-west-2;2026-07-10 18:08:16.187152;ae_1;A baseline of network operations and expected data flows for users and systems is established and managed.;Detect (DE);Anomalies and Events (DE.AE);;aws;;FAIL;No CloudTrail trails enabled and logging management events were found.;arn:aws:cloudtrail:eu-west-2:735291151388:trail;cloudtrail_multi_region_enabled_logging_management_events;False;735291151388;NIST-CSF;National Institute of Standards and Technology (NIST) Cybersecurity Framework (CSF) v2.0;
aws;The NIST Cybersecurity Framework (CSF) 2.0 offers a taxonomy of high-level cybersecurity outcomes that can be used by any organization regardless of its size, sector, or maturity to better understand, assess, prioritize, and communicate its cybersecurity efforts. The framework's core functions are organized into six key areas: Govern (new), Identify, Protect, Detect, Respond, and Recover. Together, these functions provide a comprehensive lifecycle approach to managing cybersecurity risk.;735291151388;eu-west-2;2026-07-10 18:08:16.187152;ae_3;Event data are collected and correlated from multiple sources and sensors.;Detect (DE);Anomalies and Events (DE.AE);;aws;;FAIL;No CloudTrail trails enabled and logging management events were found.;arn:aws:cloudtrail:eu-west-2:735291151388:trail;cloudtrail_multi_region_enabled_logging_management_events;False;735291151388;NIST-CSF;National Institute of Standards and Technology (NIST) Cybersecurity Framework (CSF) v2.0;
aws;The NIST Cybersecurity Framework (CSF) 2.0 offers a taxonomy of high-level cybersecurity outcomes that can be used by any organization regardless of its size, sector, or maturity to better understand, assess, prioritize, and communicate its cybersecurity efforts. The framework's core functions are organized into six key areas: Govern (new), Identify, Protect, Detect, Respond, and Recover. Together, these functions provide a comprehensive lifecycle approach to managing cybersecurity risk.;735291151388;eu-west-2;2026-07-10 18:08:16.187152;cm_1;The network is monitored to detect potential cybersecurity events.;Detect (DE);Security Continuous Monitoring (DE.CM);;aws;;FAIL;No CloudTrail trails enabled and logging management events were found.;arn:aws:cloudtrail:eu-west-2:735291151388:trail;cloudtrail_multi_region_enabled_logging_management_events;False;735291151388;NIST-CSF;National Institute of Standards and Technology (NIST) Cybersecurity Framework (CSF) v2.0;
aws;The NIST Cybersecurity Framework (CSF) 2.0 offers a taxonomy of high-level cybersecurity outcomes that can be used by any organization regardless of its size, sector, or maturity to better understand, assess, prioritize, and communicate its cybersecurity efforts. The framework's core functions are organized into six key areas: Govern (new), Identify, Protect, Detect, Respond, and Recover. Together, these functions provide a comprehensive lifecycle approach to managing cybersecurity risk.;735291151388;eu-west-2;2026-07-10 18:08:16.187152;cm_3;Personnel activity is monitored to detect potential cybersecurity events.;Detect (DE);Security Continuous Monitoring (DE.CM);;aws;;FAIL;No CloudTrail trails enabled and logging management events were found.;arn:aws:cloudtrail:eu-west-2:735291151388:trail;cloudtrail_multi_region_enabled_logging_management_events;False;735291151388;NIST-CSF;National Institute of Standards and Technology (NIST) Cybersecurity Framework (CSF) v2.0;
aws;The NIST Cybersecurity Framework (CSF) 2.0 offers a taxonomy of high-level cybersecurity outcomes that can be used by any organization regardless of its size, sector, or maturity to better understand, assess, prioritize, and communicate its cybersecurity efforts. The framework's core functions are organized into six key areas: Govern (new), Identify, Protect, Detect, Respond, and Recover. Together, these functions provide a comprehensive lifecycle approach to managing cybersecurity risk.;735291151388;eu-west-2;2026-07-10 18:08:16.187152;dp_4;Event detection information is communicated.;Detect (DE);Detection Processes (DE.DP);;aws;;FAIL;No CloudTrail trails enabled and logging management events were found.;arn:aws:cloudtrail:eu-west-2:735291151388:trail;cloudtrail_multi_region_enabled_logging_management_events;False;735291151388;NIST-CSF;National Institute of Standards and Technology (NIST) Cybersecurity Framework (CSF) v2.0;
aws;The NIST Cybersecurity Framework (CSF) 2.0 offers a taxonomy of high-level cybersecurity outcomes that can be used by any organization regardless of its size, sector, or maturity to better understand, assess, prioritize, and communicate its cybersecurity efforts. The framework's core functions are organized into six key areas: Govern (new), Identify, Protect, Detect, Respond, and Recover. Together, these functions provide a comprehensive lifecycle approach to managing cybersecurity risk.;735291151388;eu-west-3;2026-07-10 18:08:16.187152;po_4;Governance and risk management processes address cybersecurity risks.;Govern (GV);Policies, Processes, and Procedures (GV.PO);;aws;;FAIL;No CloudTrail trails enabled and logging management events were found.;arn:aws:cloudtrail:eu-west-3:735291151388:trail;cloudtrail_multi_region_enabled_logging_management_events;False;735291151388;NIST-CSF;National Institute of Standards and Technology (NIST) Cybersecurity Framework (CSF) v2.0;
aws;The NIST Cybersecurity Framework (CSF) 2.0 offers a taxonomy of high-level cybersecurity outcomes that can be used by any organization regardless of its size, sector, or maturity to better understand, assess, prioritize, and communicate its cybersecurity efforts. The framework's core functions are organized into six key areas: Govern (new), Identify, Protect, Detect, Respond, and Recover. Together, these functions provide a comprehensive lifecycle approach to managing cybersecurity risk.;735291151388;eu-west-3;2026-07-10 18:08:16.187152;ov_3;Cybersecurity risk management strategy and practices are reviewed and adjusted to adapt to changes in the threat landscape, technologies, or mission, business, or system environments.;Govern (GV);Oversight (GV.OV);;aws;;FAIL;No CloudTrail trails enabled and logging management events were found.;arn:aws:cloudtrail:eu-west-3:735291151388:trail;cloudtrail_multi_region_enabled_logging_management_events;False;735291151388;NIST-CSF;National Institute of Standards and Technology (NIST) Cybersecurity Framework (CSF) v2.0;
aws;The NIST Cybersecurity Framework (CSF) 2.0 offers a taxonomy of high-level cybersecurity outcomes that can be used by any organization regardless of its size, sector, or maturity to better understand, assess, prioritize, and communicate its cybersecurity efforts. The framework's core functions are organized into six key areas: Govern (new), Identify, Protect, Detect, Respond, and Recover. Together, these functions provide a comprehensive lifecycle approach to managing cybersecurity risk.;735291151388;eu-west-3;2026-07-10 18:08:16.187152;pt_1;Audit/log records are determined, documented, implemented, and reviewed in accordance with policy.;Protect (PR);Protective Technology (PR.PT);;aws;;FAIL;No CloudTrail trails enabled and logging management events were found.;arn:aws:cloudtrail:eu-west-3:735291151388:trail;cloudtrail_multi_region_enabled_logging_management_events;False;735291151388;NIST-CSF;National Institute of Standards and Technology (NIST) Cybersecurity Framework (CSF) v2.0;
aws;The NIST Cybersecurity Framework (CSF) 2.0 offers a taxonomy of high-level cybersecurity outcomes that can be used by any organization regardless of its size, sector, or maturity to better understand, assess, prioritize, and communicate its cybersecurity efforts. The framework's core functions are organized into six key areas: Govern (new), Identify, Protect, Detect, Respond, and Recover. Together, these functions provide a comprehensive lifecycle approach to managing cybersecurity risk.;735291151388;eu-west-3;2026-07-10 18:08:16.187152;ae_1;A baseline of network operations and expected data flows for users and systems is established and managed.;Detect (DE);Anomalies and Events (DE.AE);;aws;;FAIL;No CloudTrail trails enabled and logging management events were found.;arn:aws:cloudtrail:eu-west-3:735291151388:trail;cloudtrail_multi_region_enabled_logging_management_events;False;735291151388;NIST-CSF;National Institute of Standards and Technology (NIST) Cybersecurity Framework (CSF) v2.0;
aws;The NIST Cybersecurity Framework (CSF) 2.0 offers a taxonomy of high-level cybersecurity outcomes that can be used by any organization regardless of its size, sector, or maturity to better understand, assess, prioritize, and communicate its cybersecurity efforts. The framework's core functions are organized into six key areas: Govern (new), Identify, Protect, Detect, Respond, and Recover. Together, these functions provide a comprehensive lifecycle approach to managing cybersecurity risk.;735291151388;eu-west-3;2026-07-10 18:08:16.187152;ae_3;Event data are collected and correlated from multiple sources and sensors.;Detect (DE);Anomalies and Events (DE.AE);;aws;;FAIL;No CloudTrail trails enabled and logging management events were found.;arn:aws:cloudtrail:eu-west-3:735291151388:trail;cloudtrail_multi_region_enabled_logging_management_events;False;735291151388;NIST-CSF;National Institute of Standards and Technology (NIST) Cybersecurity Framework (CSF) v2.0;
aws;The NIST Cybersecurity Framework (CSF) 2.0 offers a taxonomy of high-level cybersecurity outcomes that can be used by any organization regardless of its size, sector, or maturity to better understand, assess, prioritize, and communicate its cybersecurity efforts. The framework's core functions are organized into six key areas: Govern (new), Identify, Protect, Detect, Respond, and Recover. Together, these functions provide a comprehensive lifecycle approach to managing cybersecurity risk.;735291151388;eu-west-3;2026-07-10 18:08:16.187152;cm_1;The network is monitored to detect potential cybersecurity events.;Detect (DE);Security Continuous Monitoring (DE.CM);;aws;;FAIL;No CloudTrail trails enabled and logging management events were found.;arn:aws:cloudtrail:eu-west-3:735291151388:trail;cloudtrail_multi_region_enabled_logging_management_events;False;735291151388;NIST-CSF;National Institute of Standards and Technology (NIST) Cybersecurity Framework (CSF) v2.0;
aws;The NIST Cybersecurity Framework (CSF) 2.0 offers a taxonomy of high-level cybersecurity outcomes that can be used by any organization regardless of its size, sector, or maturity to better understand, assess, prioritize, and communicate its cybersecurity efforts. The framework's core functions are organized into six key areas: Govern (new), Identify, Protect, Detect, Respond, and Recover. Together, these functions provide a comprehensive lifecycle approach to managing cybersecurity risk.;735291151388;eu-west-3;2026-07-10 18:08:16.187152;cm_3;Personnel activity is monitored to detect potential cybersecurity events.;Detect (DE);Security Continuous Monitoring (DE.CM);;aws;;FAIL;No CloudTrail trails enabled and logging management events were found.;arn:aws:cloudtrail:eu-west-3:735291151388:trail;cloudtrail_multi_region_enabled_logging_management_events;False;735291151388;NIST-CSF;National Institute of Standards and Technology (NIST) Cybersecurity Framework (CSF) v2.0;
aws;The NIST Cybersecurity Framework (CSF) 2.0 offers a taxonomy of high-level cybersecurity outcomes that can be used by any organization regardless of its size, sector, or maturity to better understand, assess, prioritize, and communicate its cybersecurity efforts. The framework's core functions are organized into six key areas: Govern (new), Identify, Protect, Detect, Respond, and Recover. Together, these functions provide a comprehensive lifecycle approach to managing cybersecurity risk.;735291151388;eu-west-3;2026-07-10 18:08:16.187152;dp_4;Event detection information is communicated.;Detect (DE);Detection Processes (DE.DP);;aws;;FAIL;No CloudTrail trails enabled and logging management events were found.;arn:aws:cloudtrail:eu-west-3:735291151388:trail;cloudtrail_multi_region_enabled_logging_management_events;False;735291151388;NIST-CSF;National Institute of Standards and Technology (NIST) Cybersecurity Framework (CSF) v2.0;
aws;The NIST Cybersecurity Framework (CSF) 2.0 offers a taxonomy of high-level cybersecurity outcomes that can be used by any organization regardless of its size, sector, or maturity to better understand, assess, prioritize, and communicate its cybersecurity efforts. The framework's core functions are organized into six key areas: Govern (new), Identify, Protect, Detect, Respond, and Recover. Together, these functions provide a comprehensive lifecycle approach to managing cybersecurity risk.;735291151388;sa-east-1;2026-07-10 18:08:16.187152;po_4;Governance and risk management processes address cybersecurity risks.;Govern (GV);Policies, Processes, and Procedures (GV.PO);;aws;;FAIL;No CloudTrail trails enabled and logging management events were found.;arn:aws:cloudtrail:sa-east-1:735291151388:trail;cloudtrail_multi_region_enabled_logging_management_events;False;735291151388;NIST-CSF;National Institute of Standards and Technology (NIST) Cybersecurity Framework (CSF) v2.0;
aws;The NIST Cybersecurity Framework (CSF) 2.0 offers a taxonomy of high-level cybersecurity outcomes that can be used by any organization regardless of its size, sector, or maturity to better understand, assess, prioritize, and communicate its cybersecurity efforts. The framework's core functions are organized into six key areas: Govern (new), Identify, Protect, Detect, Respond, and Recover. Together, these functions provide a comprehensive lifecycle approach to managing cybersecurity risk.;735291151388;sa-east-1;2026-07-10 18:08:16.187152;ov_3;Cybersecurity risk management strategy and practices are reviewed and adjusted to adapt to changes in the threat landscape, technologies, or mission, business, or system environments.;Govern (GV);Oversight (GV.OV);;aws;;FAIL;No CloudTrail trails enabled and logging management events were found.;arn:aws:cloudtrail:sa-east-1:735291151388:trail;cloudtrail_multi_region_enabled_logging_management_events;False;735291151388;NIST-CSF;National Institute of Standards and Technology (NIST) Cybersecurity Framework (CSF) v2.0;
aws;The NIST Cybersecurity Framework (CSF) 2.0 offers a taxonomy of high-level cybersecurity outcomes that can be used by any organization regardless of its size, sector, or maturity to better understand, assess, prioritize, and communicate its cybersecurity efforts. The framework's core functions are organized into six key areas: Govern (new), Identify, Protect, Detect, Respond, and Recover. Together, these functions provide a comprehensive lifecycle approach to managing cybersecurity risk.;735291151388;sa-east-1;2026-07-10 18:08:16.187152;pt_1;Audit/log records are determined, documented, implemented, and reviewed in accordance with policy.;Protect (PR);Protective Technology (PR.PT);;aws;;FAIL;No CloudTrail trails enabled and logging management events were found.;arn:aws:cloudtrail:sa-east-1:735291151388:trail;cloudtrail_multi_region_enabled_logging_management_events;False;735291151388;NIST-CSF;National Institute of Standards and Technology (NIST) Cybersecurity Framework (CSF) v2.0;
aws;The NIST Cybersecurity Framework (CSF) 2.0 offers a taxonomy of high-level cybersecurity outcomes that can be used by any organization regardless of its size, sector, or maturity to better understand, assess, prioritize, and communicate its cybersecurity efforts. The framework's core functions are organized into six key areas: Govern (new), Identify, Protect, Detect, Respond, and Recover. Together, these functions provide a comprehensive lifecycle approach to managing cybersecurity risk.;735291151388;sa-east-1;2026-07-10 18:08:16.187152;ae_1;A baseline of network operations and expected data flows for users and systems is established and managed.;Detect (DE);Anomalies and Events (DE.AE);;aws;;FAIL;No CloudTrail trails enabled and logging management events were found.;arn:aws:cloudtrail:sa-east-1:735291151388:trail;cloudtrail_multi_region_enabled_logging_management_events;False;735291151388;NIST-CSF;National Institute of Standards and Technology (NIST) Cybersecurity Framework (CSF) v2.0;
aws;The NIST Cybersecurity Framework (CSF) 2.0 offers a taxonomy of high-level cybersecurity outcomes that can be used by any organization regardless of its size, sector, or maturity to better understand, assess, prioritize, and communicate its cybersecurity efforts. The framework's core functions are organized into six key areas: Govern (new), Identify, Protect, Detect, Respond, and Recover. Together, these functions provide a comprehensive lifecycle approach to managing cybersecurity risk.;735291151388;sa-east-1;2026-07-10 18:08:16.187152;ae_3;Event data are collected and correlated from multiple sources and sensors.;Detect (DE);Anomalies and Events (DE.AE);;aws;;FAIL;No CloudTrail trails enabled and logging management events were found.;arn:aws:cloudtrail:sa-east-1:735291151388:trail;cloudtrail_multi_region_enabled_logging_management_events;False;735291151388;NIST-CSF;National Institute of Standards and Technology (NIST) Cybersecurity Framework (CSF) v2.0;
aws;The NIST Cybersecurity Framework (CSF) 2.0 offers a taxonomy of high-level cybersecurity outcomes that can be used by any organization regardless of its size, sector, or maturity to better understand, assess, prioritize, and communicate its cybersecurity efforts. The framework's core functions are organized into six key areas: Govern (new), Identify, Protect, Detect, Respond, and Recover. Together, these functions provide a comprehensive lifecycle approach to managing cybersecurity risk.;735291151388;sa-east-1;2026-07-10 18:08:16.187152;cm_1;The network is monitored to detect potential cybersecurity events.;Detect (DE);Security Continuous Monitoring (DE.CM);;aws;;FAIL;No CloudTrail trails enabled and logging management events were found.;arn:aws:cloudtrail:sa-east-1:735291151388:trail;cloudtrail_multi_region_enabled_logging_management_events;False;735291151388;NIST-CSF;National Institute of Standards and Technology (NIST) Cybersecurity Framework (CSF) v2.0;
aws;The NIST Cybersecurity Framework (CSF) 2.0 offers a taxonomy of high-level cybersecurity outcomes that can be used by any organization regardless of its size, sector, or maturity to better understand, assess, prioritize, and communicate its cybersecurity efforts. The framework's core functions are organized into six key areas: Govern (new), Identify, Protect, Detect, Respond, and Recover. Together, these functions provide a comprehensive lifecycle approach to managing cybersecurity risk.;735291151388;sa-east-1;2026-07-10 18:08:16.187152;cm_3;Personnel activity is monitored to detect potential cybersecurity events.;Detect (DE);Security Continuous Monitoring (DE.CM);;aws;;FAIL;No CloudTrail trails enabled and logging management events were found.;arn:aws:cloudtrail:sa-east-1:735291151388:trail;cloudtrail_multi_region_enabled_logging_management_events;False;735291151388;NIST-CSF;National Institute of Standards and Technology (NIST) Cybersecurity Framework (CSF) v2.0;
aws;The NIST Cybersecurity Framework (CSF) 2.0 offers a taxonomy of high-level cybersecurity outcomes that can be used by any organization regardless of its size, sector, or maturity to better understand, assess, prioritize, and communicate its cybersecurity efforts. The framework's core functions are organized into six key areas: Govern (new), Identify, Protect, Detect, Respond, and Recover. Together, these functions provide a comprehensive lifecycle approach to managing cybersecurity risk.;735291151388;sa-east-1;2026-07-10 18:08:16.187152;dp_4;Event detection information is communicated.;Detect (DE);Detection Processes (DE.DP);;aws;;FAIL;No CloudTrail trails enabled and logging management events were found.;arn:aws:cloudtrail:sa-east-1:735291151388:trail;cloudtrail_multi_region_enabled_logging_management_events;False;735291151388;NIST-CSF;National Institute of Standards and Technology (NIST) Cybersecurity Framework (CSF) v2.0;
aws;The NIST Cybersecurity Framework (CSF) 2.0 offers a taxonomy of high-level cybersecurity outcomes that can be used by any organization regardless of its size, sector, or maturity to better understand, assess, prioritize, and communicate its cybersecurity efforts. The framework's core functions are organized into six key areas: Govern (new), Identify, Protect, Detect, Respond, and Recover. Together, these functions provide a comprehensive lifecycle approach to managing cybersecurity risk.;735291151388;us-east-1;2026-07-10 18:08:16.187152;po_4;Governance and risk management processes address cybersecurity risks.;Govern (GV);Policies, Processes, and Procedures (GV.PO);;aws;;FAIL;No CloudTrail trails enabled and logging management events were found.;arn:aws:cloudtrail:us-east-1:735291151388:trail;cloudtrail_multi_region_enabled_logging_management_events;False;735291151388;NIST-CSF;National Institute of Standards and Technology (NIST) Cybersecurity Framework (CSF) v2.0;
aws;The NIST Cybersecurity Framework (CSF) 2.0 offers a taxonomy of high-level cybersecurity outcomes that can be used by any organization regardless of its size, sector, or maturity to better understand, assess, prioritize, and communicate its cybersecurity efforts. The framework's core functions are organized into six key areas: Govern (new), Identify, Protect, Detect, Respond, and Recover. Together, these functions provide a comprehensive lifecycle approach to managing cybersecurity risk.;735291151388;us-east-1;2026-07-10 18:08:16.187152;ov_3;Cybersecurity risk management strategy and practices are reviewed and adjusted to adapt to changes in the threat landscape, technologies, or mission, business, or system environments.;Govern (GV);Oversight (GV.OV);;aws;;FAIL;No CloudTrail trails enabled and logging management events were found.;arn:aws:cloudtrail:us-east-1:735291151388:trail;cloudtrail_multi_region_enabled_logging_management_events;False;735291151388;NIST-CSF;National Institute of Standards and Technology (NIST) Cybersecurity Framework (CSF) v2.0;
aws;The NIST Cybersecurity Framework (CSF) 2.0 offers a taxonomy of high-level cybersecurity outcomes that can be used by any organization regardless of its size, sector, or maturity to better understand, assess, prioritize, and communicate its cybersecurity efforts. The framework's core functions are organized into six key areas: Govern (new), Identify, Protect, Detect, Respond, and Recover. Together, these functions provide a comprehensive lifecycle approach to managing cybersecurity risk.;735291151388;us-east-1;2026-07-10 18:08:16.187152;pt_1;Audit/log records are determined, documented, implemented, and reviewed in accordance with policy.;Protect (PR);Protective Technology (PR.PT);;aws;;FAIL;No CloudTrail trails enabled and logging management events were found.;arn:aws:cloudtrail:us-east-1:735291151388:trail;cloudtrail_multi_region_enabled_logging_management_events;False;735291151388;NIST-CSF;National Institute of Standards and Technology (NIST) Cybersecurity Framework (CSF) v2.0;
aws;The NIST Cybersecurity Framework (CSF) 2.0 offers a taxonomy of high-level cybersecurity outcomes that can be used by any organization regardless of its size, sector, or maturity to better understand, assess, prioritize, and communicate its cybersecurity efforts. The framework's core functions are organized into six key areas: Govern (new), Identify, Protect, Detect, Respond, and Recover. Together, these functions provide a comprehensive lifecycle approach to managing cybersecurity risk.;735291151388;us-east-1;2026-07-10 18:08:16.187152;ae_1;A baseline of network operations and expected data flows for users and systems is established and managed.;Detect (DE);Anomalies and Events (DE.AE);;aws;;FAIL;No CloudTrail trails enabled and logging management events were found.;arn:aws:cloudtrail:us-east-1:735291151388:trail;cloudtrail_multi_region_enabled_logging_management_events;False;735291151388;NIST-CSF;National Institute of Standards and Technology (NIST) Cybersecurity Framework (CSF) v2.0;
aws;The NIST Cybersecurity Framework (CSF) 2.0 offers a taxonomy of high-level cybersecurity outcomes that can be used by any organization regardless of its size, sector, or maturity to better understand, assess, prioritize, and communicate its cybersecurity efforts. The framework's core functions are organized into six key areas: Govern (new), Identify, Protect, Detect, Respond, and Recover. Together, these functions provide a comprehensive lifecycle approach to managing cybersecurity risk.;735291151388;us-east-1;2026-07-10 18:08:16.187152;ae_3;Event data are collected and correlated from multiple sources and sensors.;Detect (DE);Anomalies and Events (DE.AE);;aws;;FAIL;No CloudTrail trails enabled and logging management events were found.;arn:aws:cloudtrail:us-east-1:735291151388:trail;cloudtrail_multi_region_enabled_logging_management_events;False;735291151388;NIST-CSF;National Institute of Standards and Technology (NIST) Cybersecurity Framework (CSF) v2.0;
aws;The NIST Cybersecurity Framework (CSF) 2.0 offers a taxonomy of high-level cybersecurity outcomes that can be used by any organization regardless of its size, sector, or maturity to better understand, assess, prioritize, and communicate its cybersecurity efforts. The framework's core functions are organized into six key areas: Govern (new), Identify, Protect, Detect, Respond, and Recover. Together, these functions provide a comprehensive lifecycle approach to managing cybersecurity risk.;735291151388;us-east-1;2026-07-10 18:08:16.187152;cm_1;The network is monitored to detect potential cybersecurity events.;Detect (DE);Security Continuous Monitoring (DE.CM);;aws;;FAIL;No CloudTrail trails enabled and logging management events were found.;arn:aws:cloudtrail:us-east-1:735291151388:trail;cloudtrail_multi_region_enabled_logging_management_events;False;735291151388;NIST-CSF;National Institute of Standards and Technology (NIST) Cybersecurity Framework (CSF) v2.0;
aws;The NIST Cybersecurity Framework (CSF) 2.0 offers a taxonomy of high-level cybersecurity outcomes that can be used by any organization regardless of its size, sector, or maturity to better understand, assess, prioritize, and communicate its cybersecurity efforts. The framework's core functions are organized into six key areas: Govern (new), Identify, Protect, Detect, Respond, and Recover. Together, these functions provide a comprehensive lifecycle approach to managing cybersecurity risk.;735291151388;us-east-1;2026-07-10 18:08:16.187152;cm_3;Personnel activity is monitored to detect potential cybersecurity events.;Detect (DE);Security Continuous Monitoring (DE.CM);;aws;;FAIL;No CloudTrail trails enabled and logging management events were found.;arn:aws:cloudtrail:us-east-1:735291151388:trail;cloudtrail_multi_region_enabled_logging_management_events;False;735291151388;NIST-CSF;National Institute of Standards and Technology (NIST) Cybersecurity Framework (CSF) v2.0;
aws;The NIST Cybersecurity Framework (CSF) 2.0 offers a taxonomy of high-level cybersecurity outcomes that can be used by any organization regardless of its size, sector, or maturity to better understand, assess, prioritize, and communicate its cybersecurity efforts. The framework's core functions are organized into six key areas: Govern (new), Identify, Protect, Detect, Respond, and Recover. Together, these functions provide a comprehensive lifecycle approach to managing cybersecurity risk.;735291151388;us-east-1;2026-07-10 18:08:16.187152;dp_4;Event detection information is communicated.;Detect (DE);Detection Processes (DE.DP);;aws;;FAIL;No CloudTrail trails enabled and logging management events were found.;arn:aws:cloudtrail:us-east-1:735291151388:trail;cloudtrail_multi_region_enabled_logging_management_events;False;735291151388;NIST-CSF;National Institute of Standards and Technology (NIST) Cybersecurity Framework (CSF) v2.0;
aws;The NIST Cybersecurity Framework (CSF) 2.0 offers a taxonomy of high-level cybersecurity outcomes that can be used by any organization regardless of its size, sector, or maturity to better understand, assess, prioritize, and communicate its cybersecurity efforts. The framework's core functions are organized into six key areas: Govern (new), Identify, Protect, Detect, Respond, and Recover. Together, these functions provide a comprehensive lifecycle approach to managing cybersecurity risk.;735291151388;us-east-2;2026-07-10 18:08:16.187152;po_4;Governance and risk management processes address cybersecurity risks.;Govern (GV);Policies, Processes, and Procedures (GV.PO);;aws;;FAIL;No CloudTrail trails enabled and logging management events were found.;arn:aws:cloudtrail:us-east-2:735291151388:trail;cloudtrail_multi_region_enabled_logging_management_events;False;735291151388;NIST-CSF;National Institute of Standards and Technology (NIST) Cybersecurity Framework (CSF) v2.0;
aws;The NIST Cybersecurity Framework (CSF) 2.0 offers a taxonomy of high-level cybersecurity outcomes that can be used by any organization regardless of its size, sector, or maturity to better understand, assess, prioritize, and communicate its cybersecurity efforts. The framework's core functions are organized into six key areas: Govern (new), Identify, Protect, Detect, Respond, and Recover. Together, these functions provide a comprehensive lifecycle approach to managing cybersecurity risk.;735291151388;us-east-2;2026-07-10 18:08:16.187152;ov_3;Cybersecurity risk management strategy and practices are reviewed and adjusted to adapt to changes in the threat landscape, technologies, or mission, business, or system environments.;Govern (GV);Oversight (GV.OV);;aws;;FAIL;No CloudTrail trails enabled and logging management events were found.;arn:aws:cloudtrail:us-east-2:735291151388:trail;cloudtrail_multi_region_enabled_logging_management_events;False;735291151388;NIST-CSF;National Institute of Standards and Technology (NIST) Cybersecurity Framework (CSF) v2.0;
aws;The NIST Cybersecurity Framework (CSF) 2.0 offers a taxonomy of high-level cybersecurity outcomes that can be used by any organization regardless of its size, sector, or maturity to better understand, assess, prioritize, and communicate its cybersecurity efforts. The framework's core functions are organized into six key areas: Govern (new), Identify, Protect, Detect, Respond, and Recover. Together, these functions provide a comprehensive lifecycle approach to managing cybersecurity risk.;735291151388;us-east-2;2026-07-10 18:08:16.187152;pt_1;Audit/log records are determined, documented, implemented, and reviewed in accordance with policy.;Protect (PR);Protective Technology (PR.PT);;aws;;FAIL;No CloudTrail trails enabled and logging management events were found.;arn:aws:cloudtrail:us-east-2:735291151388:trail;cloudtrail_multi_region_enabled_logging_management_events;False;735291151388;NIST-CSF;National Institute of Standards and Technology (NIST) Cybersecurity Framework (CSF) v2.0;
aws;The NIST Cybersecurity Framework (CSF) 2.0 offers a taxonomy of high-level cybersecurity outcomes that can be used by any organization regardless of its size, sector, or maturity to better understand, assess, prioritize, and communicate its cybersecurity efforts. The framework's core functions are organized into six key areas: Govern (new), Identify, Protect, Detect, Respond, and Recover. Together, these functions provide a comprehensive lifecycle approach to managing cybersecurity risk.;735291151388;us-east-2;2026-07-10 18:08:16.187152;ae_1;A baseline of network operations and expected data flows for users and systems is established and managed.;Detect (DE);Anomalies and Events (DE.AE);;aws;;FAIL;No CloudTrail trails enabled and logging management events were found.;arn:aws:cloudtrail:us-east-2:735291151388:trail;cloudtrail_multi_region_enabled_logging_management_events;False;735291151388;NIST-CSF;National Institute of Standards and Technology (NIST) Cybersecurity Framework (CSF) v2.0;
aws;The NIST Cybersecurity Framework (CSF) 2.0 offers a taxonomy of high-level cybersecurity outcomes that can be used by any organization regardless of its size, sector, or maturity to better understand, assess, prioritize, and communicate its cybersecurity efforts. The framework's core functions are organized into six key areas: Govern (new), Identify, Protect, Detect, Respond, and Recover. Together, these functions provide a comprehensive lifecycle approach to managing cybersecurity risk.;735291151388;us-east-2;2026-07-10 18:08:16.187152;ae_3;Event data are collected and correlated from multiple sources and sensors.;Detect (DE);Anomalies and Events (DE.AE);;aws;;FAIL;No CloudTrail trails enabled and logging management events were found.;arn:aws:cloudtrail:us-east-2:735291151388:trail;cloudtrail_multi_region_enabled_logging_management_events;False;735291151388;NIST-CSF;National Institute of Standards and Technology (NIST) Cybersecurity Framework (CSF) v2.0;
aws;The NIST Cybersecurity Framework (CSF) 2.0 offers a taxonomy of high-level cybersecurity outcomes that can be used by any organization regardless of its size, sector, or maturity to better understand, assess, prioritize, and communicate its cybersecurity efforts. The framework's core functions are organized into six key areas: Govern (new), Identify, Protect, Detect, Respond, and Recover. Together, these functions provide a comprehensive lifecycle approach to managing cybersecurity risk.;735291151388;us-east-2;2026-07-10 18:08:16.187152;cm_1;The network is monitored to detect potential cybersecurity events.;Detect (DE);Security Continuous Monitoring (DE.CM);;aws;;FAIL;No CloudTrail trails enabled and logging management events were found.;arn:aws:cloudtrail:us-east-2:735291151388:trail;cloudtrail_multi_region_enabled_logging_management_events;False;735291151388;NIST-CSF;National Institute of Standards and Technology (NIST) Cybersecurity Framework (CSF) v2.0;
aws;The NIST Cybersecurity Framework (CSF) 2.0 offers a taxonomy of high-level cybersecurity outcomes that can be used by any organization regardless of its size, sector, or maturity to better understand, assess, prioritize, and communicate its cybersecurity efforts. The framework's core functions are organized into six key areas: Govern (new), Identify, Protect, Detect, Respond, and Recover. Together, these functions provide a comprehensive lifecycle approach to managing cybersecurity risk.;735291151388;us-east-2;2026-07-10 18:08:16.187152;cm_3;Personnel activity is monitored to detect potential cybersecurity events.;Detect (DE);Security Continuous Monitoring (DE.CM);;aws;;FAIL;No CloudTrail trails enabled and logging management events were found.;arn:aws:cloudtrail:us-east-2:735291151388:trail;cloudtrail_multi_region_enabled_logging_management_events;False;735291151388;NIST-CSF;National Institute of Standards and Technology (NIST) Cybersecurity Framework (CSF) v2.0;
aws;The NIST Cybersecurity Framework (CSF) 2.0 offers a taxonomy of high-level cybersecurity outcomes that can be used by any organization regardless of its size, sector, or maturity to better understand, assess, prioritize, and communicate its cybersecurity efforts. The framework's core functions are organized into six key areas: Govern (new), Identify, Protect, Detect, Respond, and Recover. Together, these functions provide a comprehensive lifecycle approach to managing cybersecurity risk.;735291151388;us-east-2;2026-07-10 18:08:16.187152;dp_4;Event detection information is communicated.;Detect (DE);Detection Processes (DE.DP);;aws;;FAIL;No CloudTrail trails enabled and logging management events were found.;arn:aws:cloudtrail:us-east-2:735291151388:trail;cloudtrail_multi_region_enabled_logging_management_events;False;735291151388;NIST-CSF;National Institute of Standards and Technology (NIST) Cybersecurity Framework (CSF) v2.0;
aws;The NIST Cybersecurity Framework (CSF) 2.0 offers a taxonomy of high-level cybersecurity outcomes that can be used by any organization regardless of its size, sector, or maturity to better understand, assess, prioritize, and communicate its cybersecurity efforts. The framework's core functions are organized into six key areas: Govern (new), Identify, Protect, Detect, Respond, and Recover. Together, these functions provide a comprehensive lifecycle approach to managing cybersecurity risk.;735291151388;us-west-1;2026-07-10 18:08:16.187152;po_4;Governance and risk management processes address cybersecurity risks.;Govern (GV);Policies, Processes, and Procedures (GV.PO);;aws;;FAIL;No CloudTrail trails enabled and logging management events were found.;arn:aws:cloudtrail:us-west-1:735291151388:trail;cloudtrail_multi_region_enabled_logging_management_events;False;735291151388;NIST-CSF;National Institute of Standards and Technology (NIST) Cybersecurity Framework (CSF) v2.0;
aws;The NIST Cybersecurity Framework (CSF) 2.0 offers a taxonomy of high-level cybersecurity outcomes that can be used by any organization regardless of its size, sector, or maturity to better understand, assess, prioritize, and communicate its cybersecurity efforts. The framework's core functions are organized into six key areas: Govern (new), Identify, Protect, Detect, Respond, and Recover. Together, these functions provide a comprehensive lifecycle approach to managing cybersecurity risk.;735291151388;us-west-1;2026-07-10 18:08:16.187152;ov_3;Cybersecurity risk management strategy and practices are reviewed and adjusted to adapt to changes in the threat landscape, technologies, or mission, business, or system environments.;Govern (GV);Oversight (GV.OV);;aws;;FAIL;No CloudTrail trails enabled and logging management events were found.;arn:aws:cloudtrail:us-west-1:735291151388:trail;cloudtrail_multi_region_enabled_logging_management_events;False;735291151388;NIST-CSF;National Institute of Standards and Technology (NIST) Cybersecurity Framework (CSF) v2.0;
aws;The NIST Cybersecurity Framework (CSF) 2.0 offers a taxonomy of high-level cybersecurity outcomes that can be used by any organization regardless of its size, sector, or maturity to better understand, assess, prioritize, and communicate its cybersecurity efforts. The framework's core functions are organized into six key areas: Govern (new), Identify, Protect, Detect, Respond, and Recover. Together, these functions provide a comprehensive lifecycle approach to managing cybersecurity risk.;735291151388;us-west-1;2026-07-10 18:08:16.187152;pt_1;Audit/log records are determined, documented, implemented, and reviewed in accordance with policy.;Protect (PR);Protective Technology (PR.PT);;aws;;FAIL;No CloudTrail trails enabled and logging management events were found.;arn:aws:cloudtrail:us-west-1:735291151388:trail;cloudtrail_multi_region_enabled_logging_management_events;False;735291151388;NIST-CSF;National Institute of Standards and Technology (NIST) Cybersecurity Framework (CSF) v2.0;
aws;The NIST Cybersecurity Framework (CSF) 2.0 offers a taxonomy of high-level cybersecurity outcomes that can be used by any organization regardless of its size, sector, or maturity to better understand, assess, prioritize, and communicate its cybersecurity efforts. The framework's core functions are organized into six key areas: Govern (new), Identify, Protect, Detect, Respond, and Recover. Together, these functions provide a comprehensive lifecycle approach to managing cybersecurity risk.;735291151388;us-west-1;2026-07-10 18:08:16.187152;ae_1;A baseline of network operations and expected data flows for users and systems is established and managed.;Detect (DE);Anomalies and Events (DE.AE);;aws;;FAIL;No CloudTrail trails enabled and logging management events were found.;arn:aws:cloudtrail:us-west-1:735291151388:trail;cloudtrail_multi_region_enabled_logging_management_events;False;735291151388;NIST-CSF;National Institute of Standards and Technology (NIST) Cybersecurity Framework (CSF) v2.0;
aws;The NIST Cybersecurity Framework (CSF) 2.0 offers a taxonomy of high-level cybersecurity outcomes that can be used by any organization regardless of its size, sector, or maturity to better understand, assess, prioritize, and communicate its cybersecurity efforts. The framework's core functions are organized into six key areas: Govern (new), Identify, Protect, Detect, Respond, and Recover. Together, these functions provide a comprehensive lifecycle approach to managing cybersecurity risk.;735291151388;us-west-1;2026-07-10 18:08:16.187152;ae_3;Event data are collected and correlated from multiple sources and sensors.;Detect (DE);Anomalies and Events (DE.AE);;aws;;FAIL;No CloudTrail trails enabled and logging management events were found.;arn:aws:cloudtrail:us-west-1:735291151388:trail;cloudtrail_multi_region_enabled_logging_management_events;False;735291151388;NIST-CSF;National Institute of Standards and Technology (NIST) Cybersecurity Framework (CSF) v2.0;
aws;The NIST Cybersecurity Framework (CSF) 2.0 offers a taxonomy of high-level cybersecurity outcomes that can be used by any organization regardless of its size, sector, or maturity to better understand, assess, prioritize, and communicate its cybersecurity efforts. The framework's core functions are organized into six key areas: Govern (new), Identify, Protect, Detect, Respond, and Recover. Together, these functions provide a comprehensive lifecycle approach to managing cybersecurity risk.;735291151388;us-west-1;2026-07-10 18:08:16.187152;cm_1;The network is monitored to detect potential cybersecurity events.;Detect (DE);Security Continuous Monitoring (DE.CM);;aws;;FAIL;No CloudTrail trails enabled and logging management events were found.;arn:aws:cloudtrail:us-west-1:735291151388:trail;cloudtrail_multi_region_enabled_logging_management_events;False;735291151388;NIST-CSF;National Institute of Standards and Technology (NIST) Cybersecurity Framework (CSF) v2.0;
aws;The NIST Cybersecurity Framework (CSF) 2.0 offers a taxonomy of high-level cybersecurity outcomes that can be used by any organization regardless of its size, sector, or maturity to better understand, assess, prioritize, and communicate its cybersecurity efforts. The framework's core functions are organized into six key areas: Govern (new), Identify, Protect, Detect, Respond, and Recover. Together, these functions provide a comprehensive lifecycle approach to managing cybersecurity risk.;735291151388;us-west-1;2026-07-10 18:08:16.187152;cm_3;Personnel activity is monitored to detect potential cybersecurity events.;Detect (DE);Security Continuous Monitoring (DE.CM);;aws;;FAIL;No CloudTrail trails enabled and logging management events were found.;arn:aws:cloudtrail:us-west-1:735291151388:trail;cloudtrail_multi_region_enabled_logging_management_events;False;735291151388;NIST-CSF;National Institute of Standards and Technology (NIST) Cybersecurity Framework (CSF) v2.0;
aws;The NIST Cybersecurity Framework (CSF) 2.0 offers a taxonomy of high-level cybersecurity outcomes that can be used by any organization regardless of its size, sector, or maturity to better understand, assess, prioritize, and communicate its cybersecurity efforts. The framework's core functions are organized into six key areas: Govern (new), Identify, Protect, Detect, Respond, and Recover. Together, these functions provide a comprehensive lifecycle approach to managing cybersecurity risk.;735291151388;us-west-1;2026-07-10 18:08:16.187152;dp_4;Event detection information is communicated.;Detect (DE);Detection Processes (DE.DP);;aws;;FAIL;No CloudTrail trails enabled and logging management events were found.;arn:aws:cloudtrail:us-west-1:735291151388:trail;cloudtrail_multi_region_enabled_logging_management_events;False;735291151388;NIST-CSF;National Institute of Standards and Technology (NIST) Cybersecurity Framework (CSF) v2.0;
aws;The NIST Cybersecurity Framework (CSF) 2.0 offers a taxonomy of high-level cybersecurity outcomes that can be used by any organization regardless of its size, sector, or maturity to better understand, assess, prioritize, and communicate its cybersecurity efforts. The framework's core functions are organized into six key areas: Govern (new), Identify, Protect, Detect, Respond, and Recover. Together, these functions provide a comprehensive lifecycle approach to managing cybersecurity risk.;735291151388;us-west-2;2026-07-10 18:08:16.187152;po_4;Governance and risk management processes address cybersecurity risks.;Govern (GV);Policies, Processes, and Procedures (GV.PO);;aws;;FAIL;No CloudTrail trails enabled and logging management events were found.;arn:aws:cloudtrail:us-west-2:735291151388:trail;cloudtrail_multi_region_enabled_logging_management_events;False;735291151388;NIST-CSF;National Institute of Standards and Technology (NIST) Cybersecurity Framework (CSF) v2.0;
aws;The NIST Cybersecurity Framework (CSF) 2.0 offers a taxonomy of high-level cybersecurity outcomes that can be used by any organization regardless of its size, sector, or maturity to better understand, assess, prioritize, and communicate its cybersecurity efforts. The framework's core functions are organized into six key areas: Govern (new), Identify, Protect, Detect, Respond, and Recover. Together, these functions provide a comprehensive lifecycle approach to managing cybersecurity risk.;735291151388;us-west-2;2026-07-10 18:08:16.187152;ov_3;Cybersecurity risk management strategy and practices are reviewed and adjusted to adapt to changes in the threat landscape, technologies, or mission, business, or system environments.;Govern (GV);Oversight (GV.OV);;aws;;FAIL;No CloudTrail trails enabled and logging management events were found.;arn:aws:cloudtrail:us-west-2:735291151388:trail;cloudtrail_multi_region_enabled_logging_management_events;False;735291151388;NIST-CSF;National Institute of Standards and Technology (NIST) Cybersecurity Framework (CSF) v2.0;
aws;The NIST Cybersecurity Framework (CSF) 2.0 offers a taxonomy of high-level cybersecurity outcomes that can be used by any organization regardless of its size, sector, or maturity to better understand, assess, prioritize, and communicate its cybersecurity efforts. The framework's core functions are organized into six key areas: Govern (new), Identify, Protect, Detect, Respond, and Recover. Together, these functions provide a comprehensive lifecycle approach to managing cybersecurity risk.;735291151388;us-west-2;2026-07-10 18:08:16.187152;pt_1;Audit/log records are determined, documented, implemented, and reviewed in accordance with policy.;Protect (PR);Protective Technology (PR.PT);;aws;;FAIL;No CloudTrail trails enabled and logging management events were found.;arn:aws:cloudtrail:us-west-2:735291151388:trail;cloudtrail_multi_region_enabled_logging_management_events;False;735291151388;NIST-CSF;National Institute of Standards and Technology (NIST) Cybersecurity Framework (CSF) v2.0;
aws;The NIST Cybersecurity Framework (CSF) 2.0 offers a taxonomy of high-level cybersecurity outcomes that can be used by any organization regardless of its size, sector, or maturity to better understand, assess, prioritize, and communicate its cybersecurity efforts. The framework's core functions are organized into six key areas: Govern (new), Identify, Protect, Detect, Respond, and Recover. Together, these functions provide a comprehensive lifecycle approach to managing cybersecurity risk.;735291151388;us-west-2;2026-07-10 18:08:16.187152;ae_1;A baseline of network operations and expected data flows for users and systems is established and managed.;Detect (DE);Anomalies and Events (DE.AE);;aws;;FAIL;No CloudTrail trails enabled and logging management events were found.;arn:aws:cloudtrail:us-west-2:735291151388:trail;cloudtrail_multi_region_enabled_logging_management_events;False;735291151388;NIST-CSF;National Institute of Standards and Technology (NIST) Cybersecurity Framework (CSF) v2.0;
aws;The NIST Cybersecurity Framework (CSF) 2.0 offers a taxonomy of high-level cybersecurity outcomes that can be used by any organization regardless of its size, sector, or maturity to better understand, assess, prioritize, and communicate its cybersecurity efforts. The framework's core functions are organized into six key areas: Govern (new), Identify, Protect, Detect, Respond, and Recover. Together, these functions provide a comprehensive lifecycle approach to managing cybersecurity risk.;735291151388;us-west-2;2026-07-10 18:08:16.187152;ae_3;Event data are collected and correlated from multiple sources and sensors.;Detect (DE);Anomalies and Events (DE.AE);;aws;;FAIL;No CloudTrail trails enabled and logging management events were found.;arn:aws:cloudtrail:us-west-2:735291151388:trail;cloudtrail_multi_region_enabled_logging_management_events;False;735291151388;NIST-CSF;National Institute of Standards and Technology (NIST) Cybersecurity Framework (CSF) v2.0;
aws;The NIST Cybersecurity Framework (CSF) 2.0 offers a taxonomy of high-level cybersecurity outcomes that can be used by any organization regardless of its size, sector, or maturity to better understand, assess, prioritize, and communicate its cybersecurity efforts. The framework's core functions are organized into six key areas: Govern (new), Identify, Protect, Detect, Respond, and Recover. Together, these functions provide a comprehensive lifecycle approach to managing cybersecurity risk.;735291151388;us-west-2;2026-07-10 18:08:16.187152;cm_1;The network is monitored to detect potential cybersecurity events.;Detect (DE);Security Continuous Monitoring (DE.CM);;aws;;FAIL;No CloudTrail trails enabled and logging management events were found.;arn:aws:cloudtrail:us-west-2:735291151388:trail;cloudtrail_multi_region_enabled_logging_management_events;False;735291151388;NIST-CSF;National Institute of Standards and Technology (NIST) Cybersecurity Framework (CSF) v2.0;
aws;The NIST Cybersecurity Framework (CSF) 2.0 offers a taxonomy of high-level cybersecurity outcomes that can be used by any organization regardless of its size, sector, or maturity to better understand, assess, prioritize, and communicate its cybersecurity efforts. The framework's core functions are organized into six key areas: Govern (new), Identify, Protect, Detect, Respond, and Recover. Together, these functions provide a comprehensive lifecycle approach to managing cybersecurity risk.;735291151388;us-west-2;2026-07-10 18:08:16.187152;cm_3;Personnel activity is monitored to detect potential cybersecurity events.;Detect (DE);Security Continuous Monitoring (DE.CM);;aws;;FAIL;No CloudTrail trails enabled and logging management events were found.;arn:aws:cloudtrail:us-west-2:735291151388:trail;cloudtrail_multi_region_enabled_logging_management_events;False;735291151388;NIST-CSF;National Institute of Standards and Technology (NIST) Cybersecurity Framework (CSF) v2.0;
aws;The NIST Cybersecurity Framework (CSF) 2.0 offers a taxonomy of high-level cybersecurity outcomes that can be used by any organization regardless of its size, sector, or maturity to better understand, assess, prioritize, and communicate its cybersecurity efforts. The framework's core functions are organized into six key areas: Govern (new), Identify, Protect, Detect, Respond, and Recover. Together, these functions provide a comprehensive lifecycle approach to managing cybersecurity risk.;735291151388;us-west-2;2026-07-10 18:08:16.187152;dp_4;Event detection information is communicated.;Detect (DE);Detection Processes (DE.DP);;aws;;FAIL;No CloudTrail trails enabled and logging management events were found.;arn:aws:cloudtrail:us-west-2:735291151388:trail;cloudtrail_multi_region_enabled_logging_management_events;False;735291151388;NIST-CSF;National Institute of Standards and Technology (NIST) Cybersecurity Framework (CSF) v2.0;
aws;The NIST Cybersecurity Framework (CSF) 2.0 offers a taxonomy of high-level cybersecurity outcomes that can be used by any organization regardless of its size, sector, or maturity to better understand, assess, prioritize, and communicate its cybersecurity efforts. The framework's core functions are organized into six key areas: Govern (new), Identify, Protect, Detect, Respond, and Recover. Together, these functions provide a comprehensive lifecycle approach to managing cybersecurity risk.;735291151388;ap-south-1;2026-07-10 18:08:16.187152;ra_5;Threats, vulnerabilities, likelihoods, and impacts are used to determine risk.;Identify (ID);Risk Assessment (ID.RA);;aws;;FAIL;No CloudWatch log groups found with metric filters or alarms associated.;arn:aws:logs:ap-south-1:735291151388:log-group;cloudwatch_changes_to_network_acls_alarm_configured;False;735291151388;NIST-CSF;National Institute of Standards and Technology (NIST) Cybersecurity Framework (CSF) v2.0;
aws;The NIST Cybersecurity Framework (CSF) 2.0 offers a taxonomy of high-level cybersecurity outcomes that can be used by any organization regardless of its size, sector, or maturity to better understand, assess, prioritize, and communicate its cybersecurity efforts. The framework's core functions are organized into six key areas: Govern (new), Identify, Protect, Detect, Respond, and Recover. Together, these functions provide a comprehensive lifecycle approach to managing cybersecurity risk.;735291151388;ap-south-1;2026-07-10 18:08:16.187152;cm_1;The network is monitored to detect potential cybersecurity events.;Detect (DE);Security Continuous Monitoring (DE.CM);;aws;;FAIL;No CloudWatch log groups found with metric filters or alarms associated.;arn:aws:logs:ap-south-1:735291151388:log-group;cloudwatch_changes_to_network_acls_alarm_configured;False;735291151388;NIST-CSF;National Institute of Standards and Technology (NIST) Cybersecurity Framework (CSF) v2.0;
aws;The NIST Cybersecurity Framework (CSF) 2.0 offers a taxonomy of high-level cybersecurity outcomes that can be used by any organization regardless of its size, sector, or maturity to better understand, assess, prioritize, and communicate its cybersecurity efforts. The framework's core functions are organized into six key areas: Govern (new), Identify, Protect, Detect, Respond, and Recover. Together, these functions provide a comprehensive lifecycle approach to managing cybersecurity risk.;735291151388;ap-south-1;2026-07-10 18:08:16.187152;dp_4;Event detection information is communicated.;Detect (DE);Detection Processes (DE.DP);;aws;;FAIL;No CloudWatch log groups found with metric filters or alarms associated.;arn:aws:logs:ap-south-1:735291151388:log-group;cloudwatch_changes_to_network_acls_alarm_configured;False;735291151388;NIST-CSF;National Institute of Standards and Technology (NIST) Cybersecurity Framework (CSF) v2.0;
aws;The NIST Cybersecurity Framework (CSF) 2.0 offers a taxonomy of high-level cybersecurity outcomes that can be used by any organization regardless of its size, sector, or maturity to better understand, assess, prioritize, and communicate its cybersecurity efforts. The framework's core functions are organized into six key areas: Govern (new), Identify, Protect, Detect, Respond, and Recover. Together, these functions provide a comprehensive lifecycle approach to managing cybersecurity risk.;735291151388;ap-south-1;2026-07-10 18:08:16.187152;ra_5;Threats, vulnerabilities, likelihoods, and impacts are used to determine risk.;Identify (ID);Risk Assessment (ID.RA);;aws;;FAIL;No CloudWatch log groups found with metric filters or alarms associated.;arn:aws:logs:ap-south-1:735291151388:log-group;cloudwatch_changes_to_network_gateways_alarm_configured;False;735291151388;NIST-CSF;National Institute of Standards and Technology (NIST) Cybersecurity Framework (CSF) v2.0;
aws;The NIST Cybersecurity Framework (CSF) 2.0 offers a taxonomy of high-level cybersecurity outcomes that can be used by any organization regardless of its size, sector, or maturity to better understand, assess, prioritize, and communicate its cybersecurity efforts. The framework's core functions are organized into six key areas: Govern (new), Identify, Protect, Detect, Respond, and Recover. Together, these functions provide a comprehensive lifecycle approach to managing cybersecurity risk.;735291151388;ap-south-1;2026-07-10 18:08:16.187152;ae_2;Detected events are analyzed to understand attack targets and methods.;Detect (DE);Anomalies and Events (DE.AE);;aws;;FAIL;No CloudWatch log groups found with metric filters or alarms associated.;arn:aws:logs:ap-south-1:735291151388:log-group;cloudwatch_changes_to_network_gateways_alarm_configured;False;735291151388;NIST-CSF;National Institute of Standards and Technology (NIST) Cybersecurity Framework (CSF) v2.0;
aws;The NIST Cybersecurity Framework (CSF) 2.0 offers a taxonomy of high-level cybersecurity outcomes that can be used by any organization regardless of its size, sector, or maturity to better understand, assess, prioritize, and communicate its cybersecurity efforts. The framework's core functions are organized into six key areas: Govern (new), Identify, Protect, Detect, Respond, and Recover. Together, these functions provide a comprehensive lifecycle approach to managing cybersecurity risk.;735291151388;ap-south-1;2026-07-10 18:08:16.187152;ae_3;Event data are collected and correlated from multiple sources and sensors.;Detect (DE);Anomalies and Events (DE.AE);;aws;;FAIL;No CloudWatch log groups found with metric filters or alarms associated.;arn:aws:logs:ap-south-1:735291151388:log-group;cloudwatch_changes_to_network_gateways_alarm_configured;False;735291151388;NIST-CSF;National Institute of Standards and Technology (NIST) Cybersecurity Framework (CSF) v2.0;
aws;The NIST Cybersecurity Framework (CSF) 2.0 offers a taxonomy of high-level cybersecurity outcomes that can be used by any organization regardless of its size, sector, or maturity to better understand, assess, prioritize, and communicate its cybersecurity efforts. The framework's core functions are organized into six key areas: Govern (new), Identify, Protect, Detect, Respond, and Recover. Together, these functions provide a comprehensive lifecycle approach to managing cybersecurity risk.;735291151388;ap-south-1;2026-07-10 18:08:16.187152;cm_1;The network is monitored to detect potential cybersecurity events.;Detect (DE);Security Continuous Monitoring (DE.CM);;aws;;FAIL;No CloudWatch log groups found with metric filters or alarms associated.;arn:aws:logs:ap-south-1:735291151388:log-group;cloudwatch_changes_to_network_gateways_alarm_configured;False;735291151388;NIST-CSF;National Institute of Standards and Technology (NIST) Cybersecurity Framework (CSF) v2.0;
aws;The NIST Cybersecurity Framework (CSF) 2.0 offers a taxonomy of high-level cybersecurity outcomes that can be used by any organization regardless of its size, sector, or maturity to better understand, assess, prioritize, and communicate its cybersecurity efforts. The framework's core functions are organized into six key areas: Govern (new), Identify, Protect, Detect, Respond, and Recover. Together, these functions provide a comprehensive lifecycle approach to managing cybersecurity risk.;735291151388;ap-south-1;2026-07-10 18:08:16.187152;dp_4;Event detection information is communicated.;Detect (DE);Detection Processes (DE.DP);;aws;;FAIL;No CloudWatch log groups found with metric filters or alarms associated.;arn:aws:logs:ap-south-1:735291151388:log-group;cloudwatch_changes_to_network_gateways_alarm_configured;False;735291151388;NIST-CSF;National Institute of Standards and Technology (NIST) Cybersecurity Framework (CSF) v2.0;
aws;The NIST Cybersecurity Framework (CSF) 2.0 offers a taxonomy of high-level cybersecurity outcomes that can be used by any organization regardless of its size, sector, or maturity to better understand, assess, prioritize, and communicate its cybersecurity efforts. The framework's core functions are organized into six key areas: Govern (new), Identify, Protect, Detect, Respond, and Recover. Together, these functions provide a comprehensive lifecycle approach to managing cybersecurity risk.;735291151388;ap-south-1;2026-07-10 18:08:16.187152;ae_2;Detected events are analyzed to understand attack targets and methods.;Detect (DE);Anomalies and Events (DE.AE);;aws;;FAIL;No CloudWatch log groups found with metric filters or alarms associated.;arn:aws:logs:ap-south-1:735291151388:log-group;cloudwatch_changes_to_network_route_tables_alarm_configured;False;735291151388;NIST-CSF;National Institute of Standards and Technology (NIST) Cybersecurity Framework (CSF) v2.0;
aws;The NIST Cybersecurity Framework (CSF) 2.0 offers a taxonomy of high-level cybersecurity outcomes that can be used by any organization regardless of its size, sector, or maturity to better understand, assess, prioritize, and communicate its cybersecurity efforts. The framework's core functions are organized into six key areas: Govern (new), Identify, Protect, Detect, Respond, and Recover. Together, these functions provide a comprehensive lifecycle approach to managing cybersecurity risk.;735291151388;ap-south-1;2026-07-10 18:08:16.187152;ae_3;Event data are collected and correlated from multiple sources and sensors.;Detect (DE);Anomalies and Events (DE.AE);;aws;;FAIL;No CloudWatch log groups found with metric filters or alarms associated.;arn:aws:logs:ap-south-1:735291151388:log-group;cloudwatch_changes_to_network_route_tables_alarm_configured;False;735291151388;NIST-CSF;National Institute of Standards and Technology (NIST) Cybersecurity Framework (CSF) v2.0;
aws;The NIST Cybersecurity Framework (CSF) 2.0 offers a taxonomy of high-level cybersecurity outcomes that can be used by any organization regardless of its size, sector, or maturity to better understand, assess, prioritize, and communicate its cybersecurity efforts. The framework's core functions are organized into six key areas: Govern (new), Identify, Protect, Detect, Respond, and Recover. Together, these functions provide a comprehensive lifecycle approach to managing cybersecurity risk.;735291151388;ap-south-1;2026-07-10 18:08:16.187152;cm_1;The network is monitored to detect potential cybersecurity events.;Detect (DE);Security Continuous Monitoring (DE.CM);;aws;;FAIL;No CloudWatch log groups found with metric filters or alarms associated.;arn:aws:logs:ap-south-1:735291151388:log-group;cloudwatch_changes_to_network_route_tables_alarm_configured;False;735291151388;NIST-CSF;National Institute of Standards and Technology (NIST) Cybersecurity Framework (CSF) v2.0;
aws;The NIST Cybersecurity Framework (CSF) 2.0 offers a taxonomy of high-level cybersecurity outcomes that can be used by any organization regardless of its size, sector, or maturity to better understand, assess, prioritize, and communicate its cybersecurity efforts. The framework's core functions are organized into six key areas: Govern (new), Identify, Protect, Detect, Respond, and Recover. Together, these functions provide a comprehensive lifecycle approach to managing cybersecurity risk.;735291151388;ap-south-1;2026-07-10 18:08:16.187152;dp_4;Event detection information is communicated.;Detect (DE);Detection Processes (DE.DP);;aws;;FAIL;No CloudWatch log groups found with metric filters or alarms associated.;arn:aws:logs:ap-south-1:735291151388:log-group;cloudwatch_changes_to_network_route_tables_alarm_configured;False;735291151388;NIST-CSF;National Institute of Standards and Technology (NIST) Cybersecurity Framework (CSF) v2.0;
aws;The NIST Cybersecurity Framework (CSF) 2.0 offers a taxonomy of high-level cybersecurity outcomes that can be used by any organization regardless of its size, sector, or maturity to better understand, assess, prioritize, and communicate its cybersecurity efforts. The framework's core functions are organized into six key areas: Govern (new), Identify, Protect, Detect, Respond, and Recover. Together, these functions provide a comprehensive lifecycle approach to managing cybersecurity risk.;735291151388;ap-south-1;2026-07-10 18:08:16.187152;ra_5;Threats, vulnerabilities, likelihoods, and impacts are used to determine risk.;Identify (ID);Risk Assessment (ID.RA);;aws;;FAIL;No CloudWatch log groups found with metric filters or alarms associated.;arn:aws:logs:ap-south-1:735291151388:log-group;cloudwatch_changes_to_vpcs_alarm_configured;False;735291151388;NIST-CSF;National Institute of Standards and Technology (NIST) Cybersecurity Framework (CSF) v2.0;
aws;The NIST Cybersecurity Framework (CSF) 2.0 offers a taxonomy of high-level cybersecurity outcomes that can be used by any organization regardless of its size, sector, or maturity to better understand, assess, prioritize, and communicate its cybersecurity efforts. The framework's core functions are organized into six key areas: Govern (new), Identify, Protect, Detect, Respond, and Recover. Together, these functions provide a comprehensive lifecycle approach to managing cybersecurity risk.;735291151388;ap-south-1;2026-07-10 18:08:16.187152;ae_2;Detected events are analyzed to understand attack targets and methods.;Detect (DE);Anomalies and Events (DE.AE);;aws;;FAIL;No CloudWatch log groups found with metric filters or alarms associated.;arn:aws:logs:ap-south-1:735291151388:log-group;cloudwatch_changes_to_vpcs_alarm_configured;False;735291151388;NIST-CSF;National Institute of Standards and Technology (NIST) Cybersecurity Framework (CSF) v2.0;
aws;The NIST Cybersecurity Framework (CSF) 2.0 offers a taxonomy of high-level cybersecurity outcomes that can be used by any organization regardless of its size, sector, or maturity to better understand, assess, prioritize, and communicate its cybersecurity efforts. The framework's core functions are organized into six key areas: Govern (new), Identify, Protect, Detect, Respond, and Recover. Together, these functions provide a comprehensive lifecycle approach to managing cybersecurity risk.;735291151388;ap-south-1;2026-07-10 18:08:16.187152;cm_1;The network is monitored to detect potential cybersecurity events.;Detect (DE);Security Continuous Monitoring (DE.CM);;aws;;FAIL;No CloudWatch log groups found with metric filters or alarms associated.;arn:aws:logs:ap-south-1:735291151388:log-group;cloudwatch_changes_to_vpcs_alarm_configured;False;735291151388;NIST-CSF;National Institute of Standards and Technology (NIST) Cybersecurity Framework (CSF) v2.0;
aws;The NIST Cybersecurity Framework (CSF) 2.0 offers a taxonomy of high-level cybersecurity outcomes that can be used by any organization regardless of its size, sector, or maturity to better understand, assess, prioritize, and communicate its cybersecurity efforts. The framework's core functions are organized into six key areas: Govern (new), Identify, Protect, Detect, Respond, and Recover. Together, these functions provide a comprehensive lifecycle approach to managing cybersecurity risk.;735291151388;ap-south-1;2026-07-10 18:08:16.187152;ov_3;Cybersecurity risk management strategy and practices are reviewed and adjusted to adapt to changes in the threat landscape, technologies, or mission, business, or system environments.;Govern (GV);Oversight (GV.OV);;aws;;FAIL;No CloudWatch log groups found with metric filters or alarms associated.;arn:aws:logs:ap-south-1:735291151388:log-group;cloudwatch_log_metric_filter_and_alarm_for_aws_config_configuration_changes_enabled;False;735291151388;NIST-CSF;National Institute of Standards and Technology (NIST) Cybersecurity Framework (CSF) v2.0;
aws;The NIST Cybersecurity Framework (CSF) 2.0 offers a taxonomy of high-level cybersecurity outcomes that can be used by any organization regardless of its size, sector, or maturity to better understand, assess, prioritize, and communicate its cybersecurity efforts. The framework's core functions are organized into six key areas: Govern (new), Identify, Protect, Detect, Respond, and Recover. Together, these functions provide a comprehensive lifecycle approach to managing cybersecurity risk.;735291151388;ap-south-1;2026-07-10 18:08:16.187152;ra_5;Threats, vulnerabilities, likelihoods, and impacts are used to determine risk.;Identify (ID);Risk Assessment (ID.RA);;aws;;FAIL;No CloudWatch log groups found with metric filters or alarms associated.;arn:aws:logs:ap-south-1:735291151388:log-group;cloudwatch_log_metric_filter_and_alarm_for_aws_config_configuration_changes_enabled;False;735291151388;NIST-CSF;National Institute of Standards and Technology (NIST) Cybersecurity Framework (CSF) v2.0;
aws;The NIST Cybersecurity Framework (CSF) 2.0 offers a taxonomy of high-level cybersecurity outcomes that can be used by any organization regardless of its size, sector, or maturity to better understand, assess, prioritize, and communicate its cybersecurity efforts. The framework's core functions are organized into six key areas: Govern (new), Identify, Protect, Detect, Respond, and Recover. Together, these functions provide a comprehensive lifecycle approach to managing cybersecurity risk.;735291151388;ap-south-1;2026-07-10 18:08:16.187152;ip_8;Effectiveness of protection technologies is shared.;Protect (PR);Information Protection Processes and Procedures (PR.IP);;aws;;FAIL;No CloudWatch log groups found with metric filters or alarms associated.;arn:aws:logs:ap-south-1:735291151388:log-group;cloudwatch_log_metric_filter_and_alarm_for_aws_config_configuration_changes_enabled;False;735291151388;NIST-CSF;National Institute of Standards and Technology (NIST) Cybersecurity Framework (CSF) v2.0;
aws;The NIST Cybersecurity Framework (CSF) 2.0 offers a taxonomy of high-level cybersecurity outcomes that can be used by any organization regardless of its size, sector, or maturity to better understand, assess, prioritize, and communicate its cybersecurity efforts. The framework's core functions are organized into six key areas: Govern (new), Identify, Protect, Detect, Respond, and Recover. Together, these functions provide a comprehensive lifecycle approach to managing cybersecurity risk.;735291151388;ap-south-1;2026-07-10 18:08:16.187152;pt_1;Audit/log records are determined, documented, implemented, and reviewed in accordance with policy.;Protect (PR);Protective Technology (PR.PT);;aws;;FAIL;No CloudWatch log groups found with metric filters or alarms associated.;arn:aws:logs:ap-south-1:735291151388:log-group;cloudwatch_log_metric_filter_and_alarm_for_aws_config_configuration_changes_enabled;False;735291151388;NIST-CSF;National Institute of Standards and Technology (NIST) Cybersecurity Framework (CSF) v2.0;
aws;The NIST Cybersecurity Framework (CSF) 2.0 offers a taxonomy of high-level cybersecurity outcomes that can be used by any organization regardless of its size, sector, or maturity to better understand, assess, prioritize, and communicate its cybersecurity efforts. The framework's core functions are organized into six key areas: Govern (new), Identify, Protect, Detect, Respond, and Recover. Together, these functions provide a comprehensive lifecycle approach to managing cybersecurity risk.;735291151388;ap-south-1;2026-07-10 18:08:16.187152;ae_1;A baseline of network operations and expected data flows for users and systems is established and managed.;Detect (DE);Anomalies and Events (DE.AE);;aws;;FAIL;No CloudWatch log groups found with metric filters or alarms associated.;arn:aws:logs:ap-south-1:735291151388:log-group;cloudwatch_log_metric_filter_and_alarm_for_aws_config_configuration_changes_enabled;False;735291151388;NIST-CSF;National Institute of Standards and Technology (NIST) Cybersecurity Framework (CSF) v2.0;
aws;The NIST Cybersecurity Framework (CSF) 2.0 offers a taxonomy of high-level cybersecurity outcomes that can be used by any organization regardless of its size, sector, or maturity to better understand, assess, prioritize, and communicate its cybersecurity efforts. The framework's core functions are organized into six key areas: Govern (new), Identify, Protect, Detect, Respond, and Recover. Together, these functions provide a comprehensive lifecycle approach to managing cybersecurity risk.;735291151388;ap-south-1;2026-07-10 18:08:16.187152;ae_2;Detected events are analyzed to understand attack targets and methods.;Detect (DE);Anomalies and Events (DE.AE);;aws;;FAIL;No CloudWatch log groups found with metric filters or alarms associated.;arn:aws:logs:ap-south-1:735291151388:log-group;cloudwatch_log_metric_filter_and_alarm_for_aws_config_configuration_changes_enabled;False;735291151388;NIST-CSF;National Institute of Standards and Technology (NIST) Cybersecurity Framework (CSF) v2.0;
aws;The NIST Cybersecurity Framework (CSF) 2.0 offers a taxonomy of high-level cybersecurity outcomes that can be used by any organization regardless of its size, sector, or maturity to better understand, assess, prioritize, and communicate its cybersecurity efforts. The framework's core functions are organized into six key areas: Govern (new), Identify, Protect, Detect, Respond, and Recover. Together, these functions provide a comprehensive lifecycle approach to managing cybersecurity risk.;735291151388;ap-south-1;2026-07-10 18:08:16.187152;ae_3;Event data are collected and correlated from multiple sources and sensors.;Detect (DE);Anomalies and Events (DE.AE);;aws;;FAIL;No CloudWatch log groups found with metric filters or alarms associated.;arn:aws:logs:ap-south-1:735291151388:log-group;cloudwatch_log_metric_filter_and_alarm_for_aws_config_configuration_changes_enabled;False;735291151388;NIST-CSF;National Institute of Standards and Technology (NIST) Cybersecurity Framework (CSF) v2.0;
aws;The NIST Cybersecurity Framework (CSF) 2.0 offers a taxonomy of high-level cybersecurity outcomes that can be used by any organization regardless of its size, sector, or maturity to better understand, assess, prioritize, and communicate its cybersecurity efforts. The framework's core functions are organized into six key areas: Govern (new), Identify, Protect, Detect, Respond, and Recover. Together, these functions provide a comprehensive lifecycle approach to managing cybersecurity risk.;735291151388;ap-south-1;2026-07-10 18:08:16.187152;cm_1;The network is monitored to detect potential cybersecurity events.;Detect (DE);Security Continuous Monitoring (DE.CM);;aws;;FAIL;No CloudWatch log groups found with metric filters or alarms associated.;arn:aws:logs:ap-south-1:735291151388:log-group;cloudwatch_log_metric_filter_and_alarm_for_aws_config_configuration_changes_enabled;False;735291151388;NIST-CSF;National Institute of Standards and Technology (NIST) Cybersecurity Framework (CSF) v2.0;
aws;The NIST Cybersecurity Framework (CSF) 2.0 offers a taxonomy of high-level cybersecurity outcomes that can be used by any organization regardless of its size, sector, or maturity to better understand, assess, prioritize, and communicate its cybersecurity efforts. The framework's core functions are organized into six key areas: Govern (new), Identify, Protect, Detect, Respond, and Recover. Together, these functions provide a comprehensive lifecycle approach to managing cybersecurity risk.;735291151388;ap-south-1;2026-07-10 18:08:16.187152;cm_7;Monitoring for unauthorized personnel, connections, devices, and software is performed.;Detect (DE);Security Continuous Monitoring (DE.CM);;aws;;FAIL;No CloudWatch log groups found with metric filters or alarms associated.;arn:aws:logs:ap-south-1:735291151388:log-group;cloudwatch_log_metric_filter_and_alarm_for_aws_config_configuration_changes_enabled;False;735291151388;NIST-CSF;National Institute of Standards and Technology (NIST) Cybersecurity Framework (CSF) v2.0;
aws;The NIST Cybersecurity Framework (CSF) 2.0 offers a taxonomy of high-level cybersecurity outcomes that can be used by any organization regardless of its size, sector, or maturity to better understand, assess, prioritize, and communicate its cybersecurity efforts. The framework's core functions are organized into six key areas: Govern (new), Identify, Protect, Detect, Respond, and Recover. Together, these functions provide a comprehensive lifecycle approach to managing cybersecurity risk.;735291151388;ap-south-1;2026-07-10 18:08:16.187152;dp_4;Event detection information is communicated.;Detect (DE);Detection Processes (DE.DP);;aws;;FAIL;No CloudWatch log groups found with metric filters or alarms associated.;arn:aws:logs:ap-south-1:735291151388:log-group;cloudwatch_log_metric_filter_and_alarm_for_aws_config_configuration_changes_enabled;False;735291151388;NIST-CSF;National Institute of Standards and Technology (NIST) Cybersecurity Framework (CSF) v2.0;
aws;The NIST Cybersecurity Framework (CSF) 2.0 offers a taxonomy of high-level cybersecurity outcomes that can be used by any organization regardless of its size, sector, or maturity to better understand, assess, prioritize, and communicate its cybersecurity efforts. The framework's core functions are organized into six key areas: Govern (new), Identify, Protect, Detect, Respond, and Recover. Together, these functions provide a comprehensive lifecycle approach to managing cybersecurity risk.;735291151388;ap-south-1;2026-07-10 18:08:16.187152;ov_3;Cybersecurity risk management strategy and practices are reviewed and adjusted to adapt to changes in the threat landscape, technologies, or mission, business, or system environments.;Govern (GV);Oversight (GV.OV);;aws;;FAIL;No CloudWatch log groups found with metric filters or alarms associated.;arn:aws:logs:ap-south-1:735291151388:log-group;cloudwatch_log_metric_filter_and_alarm_for_cloudtrail_configuration_changes_enabled;False;735291151388;NIST-CSF;National Institute of Standards and Technology (NIST) Cybersecurity Framework (CSF) v2.0;
aws;The NIST Cybersecurity Framework (CSF) 2.0 offers a taxonomy of high-level cybersecurity outcomes that can be used by any organization regardless of its size, sector, or maturity to better understand, assess, prioritize, and communicate its cybersecurity efforts. The framework's core functions are organized into six key areas: Govern (new), Identify, Protect, Detect, Respond, and Recover. Together, these functions provide a comprehensive lifecycle approach to managing cybersecurity risk.;735291151388;ap-south-1;2026-07-10 18:08:16.187152;ra_5;Threats, vulnerabilities, likelihoods, and impacts are used to determine risk.;Identify (ID);Risk Assessment (ID.RA);;aws;;FAIL;No CloudWatch log groups found with metric filters or alarms associated.;arn:aws:logs:ap-south-1:735291151388:log-group;cloudwatch_log_metric_filter_and_alarm_for_cloudtrail_configuration_changes_enabled;False;735291151388;NIST-CSF;National Institute of Standards and Technology (NIST) Cybersecurity Framework (CSF) v2.0;
aws;The NIST Cybersecurity Framework (CSF) 2.0 offers a taxonomy of high-level cybersecurity outcomes that can be used by any organization regardless of its size, sector, or maturity to better understand, assess, prioritize, and communicate its cybersecurity efforts. The framework's core functions are organized into six key areas: Govern (new), Identify, Protect, Detect, Respond, and Recover. Together, these functions provide a comprehensive lifecycle approach to managing cybersecurity risk.;735291151388;ap-south-1;2026-07-10 18:08:16.187152;ip_8;Effectiveness of protection technologies is shared.;Protect (PR);Information Protection Processes and Procedures (PR.IP);;aws;;FAIL;No CloudWatch log groups found with metric filters or alarms associated.;arn:aws:logs:ap-south-1:735291151388:log-group;cloudwatch_log_metric_filter_and_alarm_for_cloudtrail_configuration_changes_enabled;False;735291151388;NIST-CSF;National Institute of Standards and Technology (NIST) Cybersecurity Framework (CSF) v2.0;
aws;The NIST Cybersecurity Framework (CSF) 2.0 offers a taxonomy of high-level cybersecurity outcomes that can be used by any organization regardless of its size, sector, or maturity to better understand, assess, prioritize, and communicate its cybersecurity efforts. The framework's core functions are organized into six key areas: Govern (new), Identify, Protect, Detect, Respond, and Recover. Together, these functions provide a comprehensive lifecycle approach to managing cybersecurity risk.;735291151388;ap-south-1;2026-07-10 18:08:16.187152;pt_1;Audit/log records are determined, documented, implemented, and reviewed in accordance with policy.;Protect (PR);Protective Technology (PR.PT);;aws;;FAIL;No CloudWatch log groups found with metric filters or alarms associated.;arn:aws:logs:ap-south-1:735291151388:log-group;cloudwatch_log_metric_filter_and_alarm_for_cloudtrail_configuration_changes_enabled;False;735291151388;NIST-CSF;National Institute of Standards and Technology (NIST) Cybersecurity Framework (CSF) v2.0;
aws;The NIST Cybersecurity Framework (CSF) 2.0 offers a taxonomy of high-level cybersecurity outcomes that can be used by any organization regardless of its size, sector, or maturity to better understand, assess, prioritize, and communicate its cybersecurity efforts. The framework's core functions are organized into six key areas: Govern (new), Identify, Protect, Detect, Respond, and Recover. Together, these functions provide a comprehensive lifecycle approach to managing cybersecurity risk.;735291151388;ap-south-1;2026-07-10 18:08:16.187152;ae_1;A baseline of network operations and expected data flows for users and systems is established and managed.;Detect (DE);Anomalies and Events (DE.AE);;aws;;FAIL;No CloudWatch log groups found with metric filters or alarms associated.;arn:aws:logs:ap-south-1:735291151388:log-group;cloudwatch_log_metric_filter_and_alarm_for_cloudtrail_configuration_changes_enabled;False;735291151388;NIST-CSF;National Institute of Standards and Technology (NIST) Cybersecurity Framework (CSF) v2.0;
aws;The NIST Cybersecurity Framework (CSF) 2.0 offers a taxonomy of high-level cybersecurity outcomes that can be used by any organization regardless of its size, sector, or maturity to better understand, assess, prioritize, and communicate its cybersecurity efforts. The framework's core functions are organized into six key areas: Govern (new), Identify, Protect, Detect, Respond, and Recover. Together, these functions provide a comprehensive lifecycle approach to managing cybersecurity risk.;735291151388;ap-south-1;2026-07-10 18:08:16.187152;ae_2;Detected events are analyzed to understand attack targets and methods.;Detect (DE);Anomalies and Events (DE.AE);;aws;;FAIL;No CloudWatch log groups found with metric filters or alarms associated.;arn:aws:logs:ap-south-1:735291151388:log-group;cloudwatch_log_metric_filter_and_alarm_for_cloudtrail_configuration_changes_enabled;False;735291151388;NIST-CSF;National Institute of Standards and Technology (NIST) Cybersecurity Framework (CSF) v2.0;
aws;The NIST Cybersecurity Framework (CSF) 2.0 offers a taxonomy of high-level cybersecurity outcomes that can be used by any organization regardless of its size, sector, or maturity to better understand, assess, prioritize, and communicate its cybersecurity efforts. The framework's core functions are organized into six key areas: Govern (new), Identify, Protect, Detect, Respond, and Recover. Together, these functions provide a comprehensive lifecycle approach to managing cybersecurity risk.;735291151388;ap-south-1;2026-07-10 18:08:16.187152;ae_3;Event data are collected and correlated from multiple sources and sensors.;Detect (DE);Anomalies and Events (DE.AE);;aws;;FAIL;No CloudWatch log groups found with metric filters or alarms associated.;arn:aws:logs:ap-south-1:735291151388:log-group;cloudwatch_log_metric_filter_and_alarm_for_cloudtrail_configuration_changes_enabled;False;735291151388;NIST-CSF;National Institute of Standards and Technology (NIST) Cybersecurity Framework (CSF) v2.0;
aws;The NIST Cybersecurity Framework (CSF) 2.0 offers a taxonomy of high-level cybersecurity outcomes that can be used by any organization regardless of its size, sector, or maturity to better understand, assess, prioritize, and communicate its cybersecurity efforts. The framework's core functions are organized into six key areas: Govern (new), Identify, Protect, Detect, Respond, and Recover. Together, these functions provide a comprehensive lifecycle approach to managing cybersecurity risk.;735291151388;ap-south-1;2026-07-10 18:08:16.187152;cm_1;The network is monitored to detect potential cybersecurity events.;Detect (DE);Security Continuous Monitoring (DE.CM);;aws;;FAIL;No CloudWatch log groups found with metric filters or alarms associated.;arn:aws:logs:ap-south-1:735291151388:log-group;cloudwatch_log_metric_filter_and_alarm_for_cloudtrail_configuration_changes_enabled;False;735291151388;NIST-CSF;National Institute of Standards and Technology (NIST) Cybersecurity Framework (CSF) v2.0;
aws;The NIST Cybersecurity Framework (CSF) 2.0 offers a taxonomy of high-level cybersecurity outcomes that can be used by any organization regardless of its size, sector, or maturity to better understand, assess, prioritize, and communicate its cybersecurity efforts. The framework's core functions are organized into six key areas: Govern (new), Identify, Protect, Detect, Respond, and Recover. Together, these functions provide a comprehensive lifecycle approach to managing cybersecurity risk.;735291151388;ap-south-1;2026-07-10 18:08:16.187152;cm_3;Personnel activity is monitored to detect potential cybersecurity events.;Detect (DE);Security Continuous Monitoring (DE.CM);;aws;;FAIL;No CloudWatch log groups found with metric filters or alarms associated.;arn:aws:logs:ap-south-1:735291151388:log-group;cloudwatch_log_metric_filter_and_alarm_for_cloudtrail_configuration_changes_enabled;False;735291151388;NIST-CSF;National Institute of Standards and Technology (NIST) Cybersecurity Framework (CSF) v2.0;
aws;The NIST Cybersecurity Framework (CSF) 2.0 offers a taxonomy of high-level cybersecurity outcomes that can be used by any organization regardless of its size, sector, or maturity to better understand, assess, prioritize, and communicate its cybersecurity efforts. The framework's core functions are organized into six key areas: Govern (new), Identify, Protect, Detect, Respond, and Recover. Together, these functions provide a comprehensive lifecycle approach to managing cybersecurity risk.;735291151388;ap-south-1;2026-07-10 18:08:16.187152;cm_7;Monitoring for unauthorized personnel, connections, devices, and software is performed.;Detect (DE);Security Continuous Monitoring (DE.CM);;aws;;FAIL;No CloudWatch log groups found with metric filters or alarms associated.;arn:aws:logs:ap-south-1:735291151388:log-group;cloudwatch_log_metric_filter_and_alarm_for_cloudtrail_configuration_changes_enabled;False;735291151388;NIST-CSF;National Institute of Standards and Technology (NIST) Cybersecurity Framework (CSF) v2.0;
aws;The NIST Cybersecurity Framework (CSF) 2.0 offers a taxonomy of high-level cybersecurity outcomes that can be used by any organization regardless of its size, sector, or maturity to better understand, assess, prioritize, and communicate its cybersecurity efforts. The framework's core functions are organized into six key areas: Govern (new), Identify, Protect, Detect, Respond, and Recover. Together, these functions provide a comprehensive lifecycle approach to managing cybersecurity risk.;735291151388;ap-south-1;2026-07-10 18:08:16.187152;dp_4;Event detection information is communicated.;Detect (DE);Detection Processes (DE.DP);;aws;;FAIL;No CloudWatch log groups found with metric filters or alarms associated.;arn:aws:logs:ap-south-1:735291151388:log-group;cloudwatch_log_metric_filter_and_alarm_for_cloudtrail_configuration_changes_enabled;False;735291151388;NIST-CSF;National Institute of Standards and Technology (NIST) Cybersecurity Framework (CSF) v2.0;
aws;The NIST Cybersecurity Framework (CSF) 2.0 offers a taxonomy of high-level cybersecurity outcomes that can be used by any organization regardless of its size, sector, or maturity to better understand, assess, prioritize, and communicate its cybersecurity efforts. The framework's core functions are organized into six key areas: Govern (new), Identify, Protect, Detect, Respond, and Recover. Together, these functions provide a comprehensive lifecycle approach to managing cybersecurity risk.;735291151388;ap-south-1;2026-07-10 18:08:16.187152;ra_5;Threats, vulnerabilities, likelihoods, and impacts are used to determine risk.;Identify (ID);Risk Assessment (ID.RA);;aws;;FAIL;No CloudWatch log groups found with metric filters or alarms associated.;arn:aws:logs:ap-south-1:735291151388:log-group;cloudwatch_log_metric_filter_authentication_failures;False;735291151388;NIST-CSF;National Institute of Standards and Technology (NIST) Cybersecurity Framework (CSF) v2.0;
aws;The NIST Cybersecurity Framework (CSF) 2.0 offers a taxonomy of high-level cybersecurity outcomes that can be used by any organization regardless of its size, sector, or maturity to better understand, assess, prioritize, and communicate its cybersecurity efforts. The framework's core functions are organized into six key areas: Govern (new), Identify, Protect, Detect, Respond, and Recover. Together, these functions provide a comprehensive lifecycle approach to managing cybersecurity risk.;735291151388;ap-south-1;2026-07-10 18:08:16.187152;ip_7;Protection processes are improved.;Protect (PR);Information Protection Processes and Procedures (PR.IP);;ec2;;FAIL;No CloudWatch log groups found with metric filters or alarms associated.;arn:aws:logs:ap-south-1:735291151388:log-group;cloudwatch_log_metric_filter_authentication_failures;False;735291151388;NIST-CSF;National Institute of Standards and Technology (NIST) Cybersecurity Framework (CSF) v2.0;
aws;The NIST Cybersecurity Framework (CSF) 2.0 offers a taxonomy of high-level cybersecurity outcomes that can be used by any organization regardless of its size, sector, or maturity to better understand, assess, prioritize, and communicate its cybersecurity efforts. The framework's core functions are organized into six key areas: Govern (new), Identify, Protect, Detect, Respond, and Recover. Together, these functions provide a comprehensive lifecycle approach to managing cybersecurity risk.;735291151388;ap-south-1;2026-07-10 18:08:16.187152;ip_8;Effectiveness of protection technologies is shared.;Protect (PR);Information Protection Processes and Procedures (PR.IP);;aws;;FAIL;No CloudWatch log groups found with metric filters or alarms associated.;arn:aws:logs:ap-south-1:735291151388:log-group;cloudwatch_log_metric_filter_authentication_failures;False;735291151388;NIST-CSF;National Institute of Standards and Technology (NIST) Cybersecurity Framework (CSF) v2.0;
aws;The NIST Cybersecurity Framework (CSF) 2.0 offers a taxonomy of high-level cybersecurity outcomes that can be used by any organization regardless of its size, sector, or maturity to better understand, assess, prioritize, and communicate its cybersecurity efforts. The framework's core functions are organized into six key areas: Govern (new), Identify, Protect, Detect, Respond, and Recover. Together, these functions provide a comprehensive lifecycle approach to managing cybersecurity risk.;735291151388;ap-south-1;2026-07-10 18:08:16.187152;pt_1;Audit/log records are determined, documented, implemented, and reviewed in accordance with policy.;Protect (PR);Protective Technology (PR.PT);;aws;;FAIL;No CloudWatch log groups found with metric filters or alarms associated.;arn:aws:logs:ap-south-1:735291151388:log-group;cloudwatch_log_metric_filter_authentication_failures;False;735291151388;NIST-CSF;National Institute of Standards and Technology (NIST) Cybersecurity Framework (CSF) v2.0;
aws;The NIST Cybersecurity Framework (CSF) 2.0 offers a taxonomy of high-level cybersecurity outcomes that can be used by any organization regardless of its size, sector, or maturity to better understand, assess, prioritize, and communicate its cybersecurity efforts. The framework's core functions are organized into six key areas: Govern (new), Identify, Protect, Detect, Respond, and Recover. Together, these functions provide a comprehensive lifecycle approach to managing cybersecurity risk.;735291151388;ap-south-1;2026-07-10 18:08:16.187152;ae_2;Detected events are analyzed to understand attack targets and methods.;Detect (DE);Anomalies and Events (DE.AE);;aws;;FAIL;No CloudWatch log groups found with metric filters or alarms associated.;arn:aws:logs:ap-south-1:735291151388:log-group;cloudwatch_log_metric_filter_authentication_failures;False;735291151388;NIST-CSF;National Institute of Standards and Technology (NIST) Cybersecurity Framework (CSF) v2.0;
aws;The NIST Cybersecurity Framework (CSF) 2.0 offers a taxonomy of high-level cybersecurity outcomes that can be used by any organization regardless of its size, sector, or maturity to better understand, assess, prioritize, and communicate its cybersecurity efforts. The framework's core functions are organized into six key areas: Govern (new), Identify, Protect, Detect, Respond, and Recover. Together, these functions provide a comprehensive lifecycle approach to managing cybersecurity risk.;735291151388;ap-south-1;2026-07-10 18:08:16.187152;cm_1;The network is monitored to detect potential cybersecurity events.;Detect (DE);Security Continuous Monitoring (DE.CM);;aws;;FAIL;No CloudWatch log groups found with metric filters or alarms associated.;arn:aws:logs:ap-south-1:735291151388:log-group;cloudwatch_log_metric_filter_authentication_failures;False;735291151388;NIST-CSF;National Institute of Standards and Technology (NIST) Cybersecurity Framework (CSF) v2.0;
aws;The NIST Cybersecurity Framework (CSF) 2.0 offers a taxonomy of high-level cybersecurity outcomes that can be used by any organization regardless of its size, sector, or maturity to better understand, assess, prioritize, and communicate its cybersecurity efforts. The framework's core functions are organized into six key areas: Govern (new), Identify, Protect, Detect, Respond, and Recover. Together, these functions provide a comprehensive lifecycle approach to managing cybersecurity risk.;735291151388;ap-south-1;2026-07-10 18:08:16.187152;cm_3;Personnel activity is monitored to detect potential cybersecurity events.;Detect (DE);Security Continuous Monitoring (DE.CM);;aws;;FAIL;No CloudWatch log groups found with metric filters or alarms associated.;arn:aws:logs:ap-south-1:735291151388:log-group;cloudwatch_log_metric_filter_authentication_failures;False;735291151388;NIST-CSF;National Institute of Standards and Technology (NIST) Cybersecurity Framework (CSF) v2.0;
aws;The NIST Cybersecurity Framework (CSF) 2.0 offers a taxonomy of high-level cybersecurity outcomes that can be used by any organization regardless of its size, sector, or maturity to better understand, assess, prioritize, and communicate its cybersecurity efforts. The framework's core functions are organized into six key areas: Govern (new), Identify, Protect, Detect, Respond, and Recover. Together, these functions provide a comprehensive lifecycle approach to managing cybersecurity risk.;735291151388;ap-south-1;2026-07-10 18:08:16.187152;cm_7;Monitoring for unauthorized personnel, connections, devices, and software is performed.;Detect (DE);Security Continuous Monitoring (DE.CM);;aws;;FAIL;No CloudWatch log groups found with metric filters or alarms associated.;arn:aws:logs:ap-south-1:735291151388:log-group;cloudwatch_log_metric_filter_authentication_failures;False;735291151388;NIST-CSF;National Institute of Standards and Technology (NIST) Cybersecurity Framework (CSF) v2.0;
aws;The NIST Cybersecurity Framework (CSF) 2.0 offers a taxonomy of high-level cybersecurity outcomes that can be used by any organization regardless of its size, sector, or maturity to better understand, assess, prioritize, and communicate its cybersecurity efforts. The framework's core functions are organized into six key areas: Govern (new), Identify, Protect, Detect, Respond, and Recover. Together, these functions provide a comprehensive lifecycle approach to managing cybersecurity risk.;735291151388;ap-south-1;2026-07-10 18:08:16.187152;dp_4;Event detection information is communicated.;Detect (DE);Detection Processes (DE.DP);;aws;;FAIL;No CloudWatch log groups found with metric filters or alarms associated.;arn:aws:logs:ap-south-1:735291151388:log-group;cloudwatch_log_metric_filter_authentication_failures;False;735291151388;NIST-CSF;National Institute of Standards and Technology (NIST) Cybersecurity Framework (CSF) v2.0;
aws;The NIST Cybersecurity Framework (CSF) 2.0 offers a taxonomy of high-level cybersecurity outcomes that can be used by any organization regardless of its size, sector, or maturity to better understand, assess, prioritize, and communicate its cybersecurity efforts. The framework's core functions are organized into six key areas: Govern (new), Identify, Protect, Detect, Respond, and Recover. Together, these functions provide a comprehensive lifecycle approach to managing cybersecurity risk.;735291151388;ap-south-1;2026-07-10 18:08:16.187152;ae_3;Event data are collected and correlated from multiple sources and sensors.;Detect (DE);Anomalies and Events (DE.AE);;aws;;FAIL;No CloudWatch log groups found with metric filters or alarms associated.;arn:aws:logs:ap-south-1:735291151388:log-group;cloudwatch_log_metric_filter_aws_organizations_changes;False;735291151388;NIST-CSF;National Institute of Standards and Technology (NIST) Cybersecurity Framework (CSF) v2.0;
aws;The NIST Cybersecurity Framework (CSF) 2.0 offers a taxonomy of high-level cybersecurity outcomes that can be used by any organization regardless of its size, sector, or maturity to better understand, assess, prioritize, and communicate its cybersecurity efforts. The framework's core functions are organized into six key areas: Govern (new), Identify, Protect, Detect, Respond, and Recover. Together, these functions provide a comprehensive lifecycle approach to managing cybersecurity risk.;735291151388;ap-south-1;2026-07-10 18:08:16.187152;cm_7;Monitoring for unauthorized personnel, connections, devices, and software is performed.;Detect (DE);Security Continuous Monitoring (DE.CM);;aws;;FAIL;No CloudWatch log groups found with metric filters or alarms associated.;arn:aws:logs:ap-south-1:735291151388:log-group;cloudwatch_log_metric_filter_aws_organizations_changes;False;735291151388;NIST-CSF;National Institute of Standards and Technology (NIST) Cybersecurity Framework (CSF) v2.0;
aws;The NIST Cybersecurity Framework (CSF) 2.0 offers a taxonomy of high-level cybersecurity outcomes that can be used by any organization regardless of its size, sector, or maturity to better understand, assess, prioritize, and communicate its cybersecurity efforts. The framework's core functions are organized into six key areas: Govern (new), Identify, Protect, Detect, Respond, and Recover. Together, these functions provide a comprehensive lifecycle approach to managing cybersecurity risk.;735291151388;ap-south-1;2026-07-10 18:08:16.187152;ae_2;Detected events are analyzed to understand attack targets and methods.;Detect (DE);Anomalies and Events (DE.AE);;aws;;FAIL;No CloudWatch log groups found with metric filters or alarms associated.;arn:aws:logs:ap-south-1:735291151388:log-group;cloudwatch_log_metric_filter_disable_or_scheduled_deletion_of_kms_cmk;False;735291151388;NIST-CSF;National Institute of Standards and Technology (NIST) Cybersecurity Framework (CSF) v2.0;
aws;The NIST Cybersecurity Framework (CSF) 2.0 offers a taxonomy of high-level cybersecurity outcomes that can be used by any organization regardless of its size, sector, or maturity to better understand, assess, prioritize, and communicate its cybersecurity efforts. The framework's core functions are organized into six key areas: Govern (new), Identify, Protect, Detect, Respond, and Recover. Together, these functions provide a comprehensive lifecycle approach to managing cybersecurity risk.;735291151388;ap-south-1;2026-07-10 18:08:16.187152;cm_7;Monitoring for unauthorized personnel, connections, devices, and software is performed.;Detect (DE);Security Continuous Monitoring (DE.CM);;aws;;FAIL;No CloudWatch log groups found with metric filters or alarms associated.;arn:aws:logs:ap-south-1:735291151388:log-group;cloudwatch_log_metric_filter_disable_or_scheduled_deletion_of_kms_cmk;False;735291151388;NIST-CSF;National Institute of Standards and Technology (NIST) Cybersecurity Framework (CSF) v2.0;
aws;The NIST Cybersecurity Framework (CSF) 2.0 offers a taxonomy of high-level cybersecurity outcomes that can be used by any organization regardless of its size, sector, or maturity to better understand, assess, prioritize, and communicate its cybersecurity efforts. The framework's core functions are organized into six key areas: Govern (new), Identify, Protect, Detect, Respond, and Recover. Together, these functions provide a comprehensive lifecycle approach to managing cybersecurity risk.;735291151388;ap-south-1;2026-07-10 18:08:16.187152;pt_1;Audit/log records are determined, documented, implemented, and reviewed in accordance with policy.;Protect (PR);Protective Technology (PR.PT);;aws;;FAIL;No CloudWatch log groups found with metric filters or alarms associated.;arn:aws:logs:ap-south-1:735291151388:log-group;cloudwatch_log_metric_filter_for_s3_bucket_policy_changes;False;735291151388;NIST-CSF;National Institute of Standards and Technology (NIST) Cybersecurity Framework (CSF) v2.0;
aws;The NIST Cybersecurity Framework (CSF) 2.0 offers a taxonomy of high-level cybersecurity outcomes that can be used by any organization regardless of its size, sector, or maturity to better understand, assess, prioritize, and communicate its cybersecurity efforts. The framework's core functions are organized into six key areas: Govern (new), Identify, Protect, Detect, Respond, and Recover. Together, these functions provide a comprehensive lifecycle approach to managing cybersecurity risk.;735291151388;ap-south-1;2026-07-10 18:08:16.187152;ae_1;A baseline of network operations and expected data flows for users and systems is established and managed.;Detect (DE);Anomalies and Events (DE.AE);;aws;;FAIL;No CloudWatch log groups found with metric filters or alarms associated.;arn:aws:logs:ap-south-1:735291151388:log-group;cloudwatch_log_metric_filter_for_s3_bucket_policy_changes;False;735291151388;NIST-CSF;National Institute of Standards and Technology (NIST) Cybersecurity Framework (CSF) v2.0;
aws;The NIST Cybersecurity Framework (CSF) 2.0 offers a taxonomy of high-level cybersecurity outcomes that can be used by any organization regardless of its size, sector, or maturity to better understand, assess, prioritize, and communicate its cybersecurity efforts. The framework's core functions are organized into six key areas: Govern (new), Identify, Protect, Detect, Respond, and Recover. Together, these functions provide a comprehensive lifecycle approach to managing cybersecurity risk.;735291151388;ap-south-1;2026-07-10 18:08:16.187152;ae_2;Detected events are analyzed to understand attack targets and methods.;Detect (DE);Anomalies and Events (DE.AE);;aws;;FAIL;No CloudWatch log groups found with metric filters or alarms associated.;arn:aws:logs:ap-south-1:735291151388:log-group;cloudwatch_log_metric_filter_for_s3_bucket_policy_changes;False;735291151388;NIST-CSF;National Institute of Standards and Technology (NIST) Cybersecurity Framework (CSF) v2.0;
aws;The NIST Cybersecurity Framework (CSF) 2.0 offers a taxonomy of high-level cybersecurity outcomes that can be used by any organization regardless of its size, sector, or maturity to better understand, assess, prioritize, and communicate its cybersecurity efforts. The framework's core functions are organized into six key areas: Govern (new), Identify, Protect, Detect, Respond, and Recover. Together, these functions provide a comprehensive lifecycle approach to managing cybersecurity risk.;735291151388;ap-south-1;2026-07-10 18:08:16.187152;cm_7;Monitoring for unauthorized personnel, connections, devices, and software is performed.;Detect (DE);Security Continuous Monitoring (DE.CM);;aws;;FAIL;No CloudWatch log groups found with metric filters or alarms associated.;arn:aws:logs:ap-south-1:735291151388:log-group;cloudwatch_log_metric_filter_for_s3_bucket_policy_changes;False;735291151388;NIST-CSF;National Institute of Standards and Technology (NIST) Cybersecurity Framework (CSF) v2.0;
aws;The NIST Cybersecurity Framework (CSF) 2.0 offers a taxonomy of high-level cybersecurity outcomes that can be used by any organization regardless of its size, sector, or maturity to better understand, assess, prioritize, and communicate its cybersecurity efforts. The framework's core functions are organized into six key areas: Govern (new), Identify, Protect, Detect, Respond, and Recover. Together, these functions provide a comprehensive lifecycle approach to managing cybersecurity risk.;735291151388;ap-south-1;2026-07-10 18:08:16.187152;ov_3;Cybersecurity risk management strategy and practices are reviewed and adjusted to adapt to changes in the threat landscape, technologies, or mission, business, or system environments.;Govern (GV);Oversight (GV.OV);;aws;;FAIL;No CloudWatch log groups found with metric filters or alarms associated.;arn:aws:logs:ap-south-1:735291151388:log-group;cloudwatch_log_metric_filter_policy_changes;False;735291151388;NIST-CSF;National Institute of Standards and Technology (NIST) Cybersecurity Framework (CSF) v2.0;
aws;The NIST Cybersecurity Framework (CSF) 2.0 offers a taxonomy of high-level cybersecurity outcomes that can be used by any organization regardless of its size, sector, or maturity to better understand, assess, prioritize, and communicate its cybersecurity efforts. The framework's core functions are organized into six key areas: Govern (new), Identify, Protect, Detect, Respond, and Recover. Together, these functions provide a comprehensive lifecycle approach to managing cybersecurity risk.;735291151388;ap-south-1;2026-07-10 18:08:16.187152;ae_2;Detected events are analyzed to understand attack targets and methods.;Detect (DE);Anomalies and Events (DE.AE);;aws;;FAIL;No CloudWatch log groups found with metric filters or alarms associated.;arn:aws:logs:ap-south-1:735291151388:log-group;cloudwatch_log_metric_filter_policy_changes;False;735291151388;NIST-CSF;National Institute of Standards and Technology (NIST) Cybersecurity Framework (CSF) v2.0;
aws;The NIST Cybersecurity Framework (CSF) 2.0 offers a taxonomy of high-level cybersecurity outcomes that can be used by any organization regardless of its size, sector, or maturity to better understand, assess, prioritize, and communicate its cybersecurity efforts. The framework's core functions are organized into six key areas: Govern (new), Identify, Protect, Detect, Respond, and Recover. Together, these functions provide a comprehensive lifecycle approach to managing cybersecurity risk.;735291151388;ap-south-1;2026-07-10 18:08:16.187152;cm_7;Monitoring for unauthorized personnel, connections, devices, and software is performed.;Detect (DE);Security Continuous Monitoring (DE.CM);;aws;;FAIL;No CloudWatch log groups found with metric filters or alarms associated.;arn:aws:logs:ap-south-1:735291151388:log-group;cloudwatch_log_metric_filter_policy_changes;False;735291151388;NIST-CSF;National Institute of Standards and Technology (NIST) Cybersecurity Framework (CSF) v2.0;
aws;The NIST Cybersecurity Framework (CSF) 2.0 offers a taxonomy of high-level cybersecurity outcomes that can be used by any organization regardless of its size, sector, or maturity to better understand, assess, prioritize, and communicate its cybersecurity efforts. The framework's core functions are organized into six key areas: Govern (new), Identify, Protect, Detect, Respond, and Recover. Together, these functions provide a comprehensive lifecycle approach to managing cybersecurity risk.;735291151388;ap-south-1;2026-07-10 18:08:16.187152;ip_8;Effectiveness of protection technologies is shared.;Protect (PR);Information Protection Processes and Procedures (PR.IP);;aws;;FAIL;No CloudWatch log groups found with metric filters or alarms associated.;arn:aws:logs:ap-south-1:735291151388:log-group;cloudwatch_log_metric_filter_root_usage;False;735291151388;NIST-CSF;National Institute of Standards and Technology (NIST) Cybersecurity Framework (CSF) v2.0;
aws;The NIST Cybersecurity Framework (CSF) 2.0 offers a taxonomy of high-level cybersecurity outcomes that can be used by any organization regardless of its size, sector, or maturity to better understand, assess, prioritize, and communicate its cybersecurity efforts. The framework's core functions are organized into six key areas: Govern (new), Identify, Protect, Detect, Respond, and Recover. Together, these functions provide a comprehensive lifecycle approach to managing cybersecurity risk.;735291151388;ap-south-1;2026-07-10 18:08:16.187152;ae_2;Detected events are analyzed to understand attack targets and methods.;Detect (DE);Anomalies and Events (DE.AE);;aws;;FAIL;No CloudWatch log groups found with metric filters or alarms associated.;arn:aws:logs:ap-south-1:735291151388:log-group;cloudwatch_log_metric_filter_root_usage;False;735291151388;NIST-CSF;National Institute of Standards and Technology (NIST) Cybersecurity Framework (CSF) v2.0;
aws;The NIST Cybersecurity Framework (CSF) 2.0 offers a taxonomy of high-level cybersecurity outcomes that can be used by any organization regardless of its size, sector, or maturity to better understand, assess, prioritize, and communicate its cybersecurity efforts. The framework's core functions are organized into six key areas: Govern (new), Identify, Protect, Detect, Respond, and Recover. Together, these functions provide a comprehensive lifecycle approach to managing cybersecurity risk.;735291151388;ap-south-1;2026-07-10 18:08:16.187152;cm_7;Monitoring for unauthorized personnel, connections, devices, and software is performed.;Detect (DE);Security Continuous Monitoring (DE.CM);;aws;;FAIL;No CloudWatch log groups found with metric filters or alarms associated.;arn:aws:logs:ap-south-1:735291151388:log-group;cloudwatch_log_metric_filter_root_usage;False;735291151388;NIST-CSF;National Institute of Standards and Technology (NIST) Cybersecurity Framework (CSF) v2.0;
aws;The NIST Cybersecurity Framework (CSF) 2.0 offers a taxonomy of high-level cybersecurity outcomes that can be used by any organization regardless of its size, sector, or maturity to better understand, assess, prioritize, and communicate its cybersecurity efforts. The framework's core functions are organized into six key areas: Govern (new), Identify, Protect, Detect, Respond, and Recover. Together, these functions provide a comprehensive lifecycle approach to managing cybersecurity risk.;735291151388;ap-south-1;2026-07-10 18:08:16.187152;dp_4;Event detection information is communicated.;Detect (DE);Detection Processes (DE.DP);;aws;;FAIL;No CloudWatch log groups found with metric filters or alarms associated.;arn:aws:logs:ap-south-1:735291151388:log-group;cloudwatch_log_metric_filter_root_usage;False;735291151388;NIST-CSF;National Institute of Standards and Technology (NIST) Cybersecurity Framework (CSF) v2.0;
aws;The NIST Cybersecurity Framework (CSF) 2.0 offers a taxonomy of high-level cybersecurity outcomes that can be used by any organization regardless of its size, sector, or maturity to better understand, assess, prioritize, and communicate its cybersecurity efforts. The framework's core functions are organized into six key areas: Govern (new), Identify, Protect, Detect, Respond, and Recover. Together, these functions provide a comprehensive lifecycle approach to managing cybersecurity risk.;735291151388;ap-south-1;2026-07-10 18:08:16.187152;ov_3;Cybersecurity risk management strategy and practices are reviewed and adjusted to adapt to changes in the threat landscape, technologies, or mission, business, or system environments.;Govern (GV);Oversight (GV.OV);;aws;;FAIL;No CloudWatch log groups found with metric filters or alarms associated.;arn:aws:logs:ap-south-1:735291151388:log-group;cloudwatch_log_metric_filter_security_group_changes;False;735291151388;NIST-CSF;National Institute of Standards and Technology (NIST) Cybersecurity Framework (CSF) v2.0;
aws;The NIST Cybersecurity Framework (CSF) 2.0 offers a taxonomy of high-level cybersecurity outcomes that can be used by any organization regardless of its size, sector, or maturity to better understand, assess, prioritize, and communicate its cybersecurity efforts. The framework's core functions are organized into six key areas: Govern (new), Identify, Protect, Detect, Respond, and Recover. Together, these functions provide a comprehensive lifecycle approach to managing cybersecurity risk.;735291151388;ap-south-1;2026-07-10 18:08:16.187152;ip_8;Effectiveness of protection technologies is shared.;Protect (PR);Information Protection Processes and Procedures (PR.IP);;aws;;FAIL;No CloudWatch log groups found with metric filters or alarms associated.;arn:aws:logs:ap-south-1:735291151388:log-group;cloudwatch_log_metric_filter_security_group_changes;False;735291151388;NIST-CSF;National Institute of Standards and Technology (NIST) Cybersecurity Framework (CSF) v2.0;
aws;The NIST Cybersecurity Framework (CSF) 2.0 offers a taxonomy of high-level cybersecurity outcomes that can be used by any organization regardless of its size, sector, or maturity to better understand, assess, prioritize, and communicate its cybersecurity efforts. The framework's core functions are organized into six key areas: Govern (new), Identify, Protect, Detect, Respond, and Recover. Together, these functions provide a comprehensive lifecycle approach to managing cybersecurity risk.;735291151388;ap-south-1;2026-07-10 18:08:16.187152;ae_1;A baseline of network operations and expected data flows for users and systems is established and managed.;Detect (DE);Anomalies and Events (DE.AE);;aws;;FAIL;No CloudWatch log groups found with metric filters or alarms associated.;arn:aws:logs:ap-south-1:735291151388:log-group;cloudwatch_log_metric_filter_security_group_changes;False;735291151388;NIST-CSF;National Institute of Standards and Technology (NIST) Cybersecurity Framework (CSF) v2.0;
aws;The NIST Cybersecurity Framework (CSF) 2.0 offers a taxonomy of high-level cybersecurity outcomes that can be used by any organization regardless of its size, sector, or maturity to better understand, assess, prioritize, and communicate its cybersecurity efforts. The framework's core functions are organized into six key areas: Govern (new), Identify, Protect, Detect, Respond, and Recover. Together, these functions provide a comprehensive lifecycle approach to managing cybersecurity risk.;735291151388;ap-south-1;2026-07-10 18:08:16.187152;ae_2;Detected events are analyzed to understand attack targets and methods.;Detect (DE);Anomalies and Events (DE.AE);;aws;;FAIL;No CloudWatch log groups found with metric filters or alarms associated.;arn:aws:logs:ap-south-1:735291151388:log-group;cloudwatch_log_metric_filter_security_group_changes;False;735291151388;NIST-CSF;National Institute of Standards and Technology (NIST) Cybersecurity Framework (CSF) v2.0;
aws;The NIST Cybersecurity Framework (CSF) 2.0 offers a taxonomy of high-level cybersecurity outcomes that can be used by any organization regardless of its size, sector, or maturity to better understand, assess, prioritize, and communicate its cybersecurity efforts. The framework's core functions are organized into six key areas: Govern (new), Identify, Protect, Detect, Respond, and Recover. Together, these functions provide a comprehensive lifecycle approach to managing cybersecurity risk.;735291151388;ap-south-1;2026-07-10 18:08:16.187152;cm_7;Monitoring for unauthorized personnel, connections, devices, and software is performed.;Detect (DE);Security Continuous Monitoring (DE.CM);;aws;;FAIL;No CloudWatch log groups found with metric filters or alarms associated.;arn:aws:logs:ap-south-1:735291151388:log-group;cloudwatch_log_metric_filter_security_group_changes;False;735291151388;NIST-CSF;National Institute of Standards and Technology (NIST) Cybersecurity Framework (CSF) v2.0;
aws;The NIST Cybersecurity Framework (CSF) 2.0 offers a taxonomy of high-level cybersecurity outcomes that can be used by any organization regardless of its size, sector, or maturity to better understand, assess, prioritize, and communicate its cybersecurity efforts. The framework's core functions are organized into six key areas: Govern (new), Identify, Protect, Detect, Respond, and Recover. Together, these functions provide a comprehensive lifecycle approach to managing cybersecurity risk.;735291151388;ap-south-1;2026-07-10 18:08:16.187152;dp_4;Event detection information is communicated.;Detect (DE);Detection Processes (DE.DP);;aws;;FAIL;No CloudWatch log groups found with metric filters or alarms associated.;arn:aws:logs:ap-south-1:735291151388:log-group;cloudwatch_log_metric_filter_security_group_changes;False;735291151388;NIST-CSF;National Institute of Standards and Technology (NIST) Cybersecurity Framework (CSF) v2.0;
aws;The NIST Cybersecurity Framework (CSF) 2.0 offers a taxonomy of high-level cybersecurity outcomes that can be used by any organization regardless of its size, sector, or maturity to better understand, assess, prioritize, and communicate its cybersecurity efforts. The framework's core functions are organized into six key areas: Govern (new), Identify, Protect, Detect, Respond, and Recover. Together, these functions provide a comprehensive lifecycle approach to managing cybersecurity risk.;735291151388;ap-south-1;2026-07-10 18:08:16.187152;ov_3;Cybersecurity risk management strategy and practices are reviewed and adjusted to adapt to changes in the threat landscape, technologies, or mission, business, or system environments.;Govern (GV);Oversight (GV.OV);;aws;;FAIL;No CloudWatch log groups found with metric filters or alarms associated.;arn:aws:logs:ap-south-1:735291151388:log-group;cloudwatch_log_metric_filter_unauthorized_api_calls;False;735291151388;NIST-CSF;National Institute of Standards and Technology (NIST) Cybersecurity Framework (CSF) v2.0;
aws;The NIST Cybersecurity Framework (CSF) 2.0 offers a taxonomy of high-level cybersecurity outcomes that can be used by any organization regardless of its size, sector, or maturity to better understand, assess, prioritize, and communicate its cybersecurity efforts. The framework's core functions are organized into six key areas: Govern (new), Identify, Protect, Detect, Respond, and Recover. Together, these functions provide a comprehensive lifecycle approach to managing cybersecurity risk.;735291151388;ap-south-1;2026-07-10 18:08:16.187152;ra_5;Threats, vulnerabilities, likelihoods, and impacts are used to determine risk.;Identify (ID);Risk Assessment (ID.RA);;aws;;FAIL;No CloudWatch log groups found with metric filters or alarms associated.;arn:aws:logs:ap-south-1:735291151388:log-group;cloudwatch_log_metric_filter_unauthorized_api_calls;False;735291151388;NIST-CSF;National Institute of Standards and Technology (NIST) Cybersecurity Framework (CSF) v2.0;
aws;The NIST Cybersecurity Framework (CSF) 2.0 offers a taxonomy of high-level cybersecurity outcomes that can be used by any organization regardless of its size, sector, or maturity to better understand, assess, prioritize, and communicate its cybersecurity efforts. The framework's core functions are organized into six key areas: Govern (new), Identify, Protect, Detect, Respond, and Recover. Together, these functions provide a comprehensive lifecycle approach to managing cybersecurity risk.;735291151388;ap-south-1;2026-07-10 18:08:16.187152;ip_7;Protection processes are improved.;Protect (PR);Information Protection Processes and Procedures (PR.IP);;ec2;;FAIL;No CloudWatch log groups found with metric filters or alarms associated.;arn:aws:logs:ap-south-1:735291151388:log-group;cloudwatch_log_metric_filter_unauthorized_api_calls;False;735291151388;NIST-CSF;National Institute of Standards and Technology (NIST) Cybersecurity Framework (CSF) v2.0;
aws;The NIST Cybersecurity Framework (CSF) 2.0 offers a taxonomy of high-level cybersecurity outcomes that can be used by any organization regardless of its size, sector, or maturity to better understand, assess, prioritize, and communicate its cybersecurity efforts. The framework's core functions are organized into six key areas: Govern (new), Identify, Protect, Detect, Respond, and Recover. Together, these functions provide a comprehensive lifecycle approach to managing cybersecurity risk.;735291151388;ap-south-1;2026-07-10 18:08:16.187152;ip_8;Effectiveness of protection technologies is shared.;Protect (PR);Information Protection Processes and Procedures (PR.IP);;aws;;FAIL;No CloudWatch log groups found with metric filters or alarms associated.;arn:aws:logs:ap-south-1:735291151388:log-group;cloudwatch_log_metric_filter_unauthorized_api_calls;False;735291151388;NIST-CSF;National Institute of Standards and Technology (NIST) Cybersecurity Framework (CSF) v2.0;
aws;The NIST Cybersecurity Framework (CSF) 2.0 offers a taxonomy of high-level cybersecurity outcomes that can be used by any organization regardless of its size, sector, or maturity to better understand, assess, prioritize, and communicate its cybersecurity efforts. The framework's core functions are organized into six key areas: Govern (new), Identify, Protect, Detect, Respond, and Recover. Together, these functions provide a comprehensive lifecycle approach to managing cybersecurity risk.;735291151388;ap-south-1;2026-07-10 18:08:16.187152;pt_1;Audit/log records are determined, documented, implemented, and reviewed in accordance with policy.;Protect (PR);Protective Technology (PR.PT);;aws;;FAIL;No CloudWatch log groups found with metric filters or alarms associated.;arn:aws:logs:ap-south-1:735291151388:log-group;cloudwatch_log_metric_filter_unauthorized_api_calls;False;735291151388;NIST-CSF;National Institute of Standards and Technology (NIST) Cybersecurity Framework (CSF) v2.0;
aws;The NIST Cybersecurity Framework (CSF) 2.0 offers a taxonomy of high-level cybersecurity outcomes that can be used by any organization regardless of its size, sector, or maturity to better understand, assess, prioritize, and communicate its cybersecurity efforts. The framework's core functions are organized into six key areas: Govern (new), Identify, Protect, Detect, Respond, and Recover. Together, these functions provide a comprehensive lifecycle approach to managing cybersecurity risk.;735291151388;ap-south-1;2026-07-10 18:08:16.187152;ae_1;A baseline of network operations and expected data flows for users and systems is established and managed.;Detect (DE);Anomalies and Events (DE.AE);;aws;;FAIL;No CloudWatch log groups found with metric filters or alarms associated.;arn:aws:logs:ap-south-1:735291151388:log-group;cloudwatch_log_metric_filter_unauthorized_api_calls;False;735291151388;NIST-CSF;National Institute of Standards and Technology (NIST) Cybersecurity Framework (CSF) v2.0;
aws;The NIST Cybersecurity Framework (CSF) 2.0 offers a taxonomy of high-level cybersecurity outcomes that can be used by any organization regardless of its size, sector, or maturity to better understand, assess, prioritize, and communicate its cybersecurity efforts. The framework's core functions are organized into six key areas: Govern (new), Identify, Protect, Detect, Respond, and Recover. Together, these functions provide a comprehensive lifecycle approach to managing cybersecurity risk.;735291151388;ap-south-1;2026-07-10 18:08:16.187152;ae_2;Detected events are analyzed to understand attack targets and methods.;Detect (DE);Anomalies and Events (DE.AE);;aws;;FAIL;No CloudWatch log groups found with metric filters or alarms associated.;arn:aws:logs:ap-south-1:735291151388:log-group;cloudwatch_log_metric_filter_unauthorized_api_calls;False;735291151388;NIST-CSF;National Institute of Standards and Technology (NIST) Cybersecurity Framework (CSF) v2.0;
aws;The NIST Cybersecurity Framework (CSF) 2.0 offers a taxonomy of high-level cybersecurity outcomes that can be used by any organization regardless of its size, sector, or maturity to better understand, assess, prioritize, and communicate its cybersecurity efforts. The framework's core functions are organized into six key areas: Govern (new), Identify, Protect, Detect, Respond, and Recover. Together, these functions provide a comprehensive lifecycle approach to managing cybersecurity risk.;735291151388;ap-south-1;2026-07-10 18:08:16.187152;cm_1;The network is monitored to detect potential cybersecurity events.;Detect (DE);Security Continuous Monitoring (DE.CM);;aws;;FAIL;No CloudWatch log groups found with metric filters or alarms associated.;arn:aws:logs:ap-south-1:735291151388:log-group;cloudwatch_log_metric_filter_unauthorized_api_calls;False;735291151388;NIST-CSF;National Institute of Standards and Technology (NIST) Cybersecurity Framework (CSF) v2.0;
aws;The NIST Cybersecurity Framework (CSF) 2.0 offers a taxonomy of high-level cybersecurity outcomes that can be used by any organization regardless of its size, sector, or maturity to better understand, assess, prioritize, and communicate its cybersecurity efforts. The framework's core functions are organized into six key areas: Govern (new), Identify, Protect, Detect, Respond, and Recover. Together, these functions provide a comprehensive lifecycle approach to managing cybersecurity risk.;735291151388;ap-south-1;2026-07-10 18:08:16.187152;cm_3;Personnel activity is monitored to detect potential cybersecurity events.;Detect (DE);Security Continuous Monitoring (DE.CM);;aws;;FAIL;No CloudWatch log groups found with metric filters or alarms associated.;arn:aws:logs:ap-south-1:735291151388:log-group;cloudwatch_log_metric_filter_unauthorized_api_calls;False;735291151388;NIST-CSF;National Institute of Standards and Technology (NIST) Cybersecurity Framework (CSF) v2.0;
aws;The NIST Cybersecurity Framework (CSF) 2.0 offers a taxonomy of high-level cybersecurity outcomes that can be used by any organization regardless of its size, sector, or maturity to better understand, assess, prioritize, and communicate its cybersecurity efforts. The framework's core functions are organized into six key areas: Govern (new), Identify, Protect, Detect, Respond, and Recover. Together, these functions provide a comprehensive lifecycle approach to managing cybersecurity risk.;735291151388;ap-south-1;2026-07-10 18:08:16.187152;cm_7;Monitoring for unauthorized personnel, connections, devices, and software is performed.;Detect (DE);Security Continuous Monitoring (DE.CM);;aws;;FAIL;No CloudWatch log groups found with metric filters or alarms associated.;arn:aws:logs:ap-south-1:735291151388:log-group;cloudwatch_log_metric_filter_unauthorized_api_calls;False;735291151388;NIST-CSF;National Institute of Standards and Technology (NIST) Cybersecurity Framework (CSF) v2.0;
aws;The NIST Cybersecurity Framework (CSF) 2.0 offers a taxonomy of high-level cybersecurity outcomes that can be used by any organization regardless of its size, sector, or maturity to better understand, assess, prioritize, and communicate its cybersecurity efforts. The framework's core functions are organized into six key areas: Govern (new), Identify, Protect, Detect, Respond, and Recover. Together, these functions provide a comprehensive lifecycle approach to managing cybersecurity risk.;735291151388;ap-south-1;2026-07-10 18:08:16.187152;dp_4;Event detection information is communicated.;Detect (DE);Detection Processes (DE.DP);;aws;;FAIL;No CloudWatch log groups found with metric filters or alarms associated.;arn:aws:logs:ap-south-1:735291151388:log-group;cloudwatch_log_metric_filter_unauthorized_api_calls;False;735291151388;NIST-CSF;National Institute of Standards and Technology (NIST) Cybersecurity Framework (CSF) v2.0;
aws;The NIST Cybersecurity Framework (CSF) 2.0 offers a taxonomy of high-level cybersecurity outcomes that can be used by any organization regardless of its size, sector, or maturity to better understand, assess, prioritize, and communicate its cybersecurity efforts. The framework's core functions are organized into six key areas: Govern (new), Identify, Protect, Detect, Respond, and Recover. Together, these functions provide a comprehensive lifecycle approach to managing cybersecurity risk.;735291151388;ap-northeast-1;2026-07-10 18:08:16.187152;rm_1;Organizational cybersecurity risk management strategy is established, communicated, and maintained.;Govern (GV);Risk Management Strategy (GV.RM);;aws;;FAIL;AWS Config recorder 735291151388 is disabled.;arn:aws:config:ap-northeast-1:735291151388:recorder;config_recorder_all_regions_enabled;False;735291151388;NIST-CSF;National Institute of Standards and Technology (NIST) Cybersecurity Framework (CSF) v2.0;
aws;The NIST Cybersecurity Framework (CSF) 2.0 offers a taxonomy of high-level cybersecurity outcomes that can be used by any organization regardless of its size, sector, or maturity to better understand, assess, prioritize, and communicate its cybersecurity efforts. The framework's core functions are organized into six key areas: Govern (new), Identify, Protect, Detect, Respond, and Recover. Together, these functions provide a comprehensive lifecycle approach to managing cybersecurity risk.;735291151388;ap-northeast-1;2026-07-10 18:08:16.187152;po_3;Legal and regulatory requirements regarding cybersecurity, including privacy and civil liberties obligations, are understood and managed.;Govern (GV);Policies, Processes, and Procedures (GV.PO);;aws;;FAIL;AWS Config recorder 735291151388 is disabled.;arn:aws:config:ap-northeast-1:735291151388:recorder;config_recorder_all_regions_enabled;False;735291151388;NIST-CSF;National Institute of Standards and Technology (NIST) Cybersecurity Framework (CSF) v2.0;
aws;The NIST Cybersecurity Framework (CSF) 2.0 offers a taxonomy of high-level cybersecurity outcomes that can be used by any organization regardless of its size, sector, or maturity to better understand, assess, prioritize, and communicate its cybersecurity efforts. The framework's core functions are organized into six key areas: Govern (new), Identify, Protect, Detect, Respond, and Recover. Together, these functions provide a comprehensive lifecycle approach to managing cybersecurity risk.;735291151388;ap-northeast-1;2026-07-10 18:08:16.187152;po_4;Governance and risk management processes address cybersecurity risks.;Govern (GV);Policies, Processes, and Procedures (GV.PO);;aws;;FAIL;AWS Config recorder 735291151388 is disabled.;arn:aws:config:ap-northeast-1:735291151388:recorder;config_recorder_all_regions_enabled;False;735291151388;NIST-CSF;National Institute of Standards and Technology (NIST) Cybersecurity Framework (CSF) v2.0;
aws;The NIST Cybersecurity Framework (CSF) 2.0 offers a taxonomy of high-level cybersecurity outcomes that can be used by any organization regardless of its size, sector, or maturity to better understand, assess, prioritize, and communicate its cybersecurity efforts. The framework's core functions are organized into six key areas: Govern (new), Identify, Protect, Detect, Respond, and Recover. Together, these functions provide a comprehensive lifecycle approach to managing cybersecurity risk.;735291151388;ap-northeast-1;2026-07-10 18:08:16.187152;ov_3;Cybersecurity risk management strategy and practices are reviewed and adjusted to adapt to changes in the threat landscape, technologies, or mission, business, or system environments.;Govern (GV);Oversight (GV.OV);;aws;;FAIL;AWS Config recorder 735291151388 is disabled.;arn:aws:config:ap-northeast-1:735291151388:recorder;config_recorder_all_regions_enabled;False;735291151388;NIST-CSF;National Institute of Standards and Technology (NIST) Cybersecurity Framework (CSF) v2.0;
aws;The NIST Cybersecurity Framework (CSF) 2.0 offers a taxonomy of high-level cybersecurity outcomes that can be used by any organization regardless of its size, sector, or maturity to better understand, assess, prioritize, and communicate its cybersecurity efforts. The framework's core functions are organized into six key areas: Govern (new), Identify, Protect, Detect, Respond, and Recover. Together, these functions provide a comprehensive lifecycle approach to managing cybersecurity risk.;735291151388;ap-northeast-1;2026-07-10 18:08:16.187152;pt_1;Audit/log records are determined, documented, implemented, and reviewed in accordance with policy.;Protect (PR);Protective Technology (PR.PT);;aws;;FAIL;AWS Config recorder 735291151388 is disabled.;arn:aws:config:ap-northeast-1:735291151388:recorder;config_recorder_all_regions_enabled;False;735291151388;NIST-CSF;National Institute of Standards and Technology (NIST) Cybersecurity Framework (CSF) v2.0;
aws;The NIST Cybersecurity Framework (CSF) 2.0 offers a taxonomy of high-level cybersecurity outcomes that can be used by any organization regardless of its size, sector, or maturity to better understand, assess, prioritize, and communicate its cybersecurity efforts. The framework's core functions are organized into six key areas: Govern (new), Identify, Protect, Detect, Respond, and Recover. Together, these functions provide a comprehensive lifecycle approach to managing cybersecurity risk.;735291151388;ap-northeast-2;2026-07-10 18:08:16.187152;rm_1;Organizational cybersecurity risk management strategy is established, communicated, and maintained.;Govern (GV);Risk Management Strategy (GV.RM);;aws;;FAIL;AWS Config recorder 735291151388 is disabled.;arn:aws:config:ap-northeast-2:735291151388:recorder;config_recorder_all_regions_enabled;False;735291151388;NIST-CSF;National Institute of Standards and Technology (NIST) Cybersecurity Framework (CSF) v2.0;
aws;The NIST Cybersecurity Framework (CSF) 2.0 offers a taxonomy of high-level cybersecurity outcomes that can be used by any organization regardless of its size, sector, or maturity to better understand, assess, prioritize, and communicate its cybersecurity efforts. The framework's core functions are organized into six key areas: Govern (new), Identify, Protect, Detect, Respond, and Recover. Together, these functions provide a comprehensive lifecycle approach to managing cybersecurity risk.;735291151388;ap-northeast-2;2026-07-10 18:08:16.187152;po_3;Legal and regulatory requirements regarding cybersecurity, including privacy and civil liberties obligations, are understood and managed.;Govern (GV);Policies, Processes, and Procedures (GV.PO);;aws;;FAIL;AWS Config recorder 735291151388 is disabled.;arn:aws:config:ap-northeast-2:735291151388:recorder;config_recorder_all_regions_enabled;False;735291151388;NIST-CSF;National Institute of Standards and Technology (NIST) Cybersecurity Framework (CSF) v2.0;
aws;The NIST Cybersecurity Framework (CSF) 2.0 offers a taxonomy of high-level cybersecurity outcomes that can be used by any organization regardless of its size, sector, or maturity to better understand, assess, prioritize, and communicate its cybersecurity efforts. The framework's core functions are organized into six key areas: Govern (new), Identify, Protect, Detect, Respond, and Recover. Together, these functions provide a comprehensive lifecycle approach to managing cybersecurity risk.;735291151388;ap-northeast-2;2026-07-10 18:08:16.187152;po_4;Governance and risk management processes address cybersecurity risks.;Govern (GV);Policies, Processes, and Procedures (GV.PO);;aws;;FAIL;AWS Config recorder 735291151388 is disabled.;arn:aws:config:ap-northeast-2:735291151388:recorder;config_recorder_all_regions_enabled;False;735291151388;NIST-CSF;National Institute of Standards and Technology (NIST) Cybersecurity Framework (CSF) v2.0;
aws;The NIST Cybersecurity Framework (CSF) 2.0 offers a taxonomy of high-level cybersecurity outcomes that can be used by any organization regardless of its size, sector, or maturity to better understand, assess, prioritize, and communicate its cybersecurity efforts. The framework's core functions are organized into six key areas: Govern (new), Identify, Protect, Detect, Respond, and Recover. Together, these functions provide a comprehensive lifecycle approach to managing cybersecurity risk.;735291151388;ap-northeast-2;2026-07-10 18:08:16.187152;ov_3;Cybersecurity risk management strategy and practices are reviewed and adjusted to adapt to changes in the threat landscape, technologies, or mission, business, or system environments.;Govern (GV);Oversight (GV.OV);;aws;;FAIL;AWS Config recorder 735291151388 is disabled.;arn:aws:config:ap-northeast-2:735291151388:recorder;config_recorder_all_regions_enabled;False;735291151388;NIST-CSF;National Institute of Standards and Technology (NIST) Cybersecurity Framework (CSF) v2.0;
aws;The NIST Cybersecurity Framework (CSF) 2.0 offers a taxonomy of high-level cybersecurity outcomes that can be used by any organization regardless of its size, sector, or maturity to better understand, assess, prioritize, and communicate its cybersecurity efforts. The framework's core functions are organized into six key areas: Govern (new), Identify, Protect, Detect, Respond, and Recover. Together, these functions provide a comprehensive lifecycle approach to managing cybersecurity risk.;735291151388;ap-northeast-2;2026-07-10 18:08:16.187152;pt_1;Audit/log records are determined, documented, implemented, and reviewed in accordance with policy.;Protect (PR);Protective Technology (PR.PT);;aws;;FAIL;AWS Config recorder 735291151388 is disabled.;arn:aws:config:ap-northeast-2:735291151388:recorder;config_recorder_all_regions_enabled;False;735291151388;NIST-CSF;National Institute of Standards and Technology (NIST) Cybersecurity Framework (CSF) v2.0;
aws;The NIST Cybersecurity Framework (CSF) 2.0 offers a taxonomy of high-level cybersecurity outcomes that can be used by any organization regardless of its size, sector, or maturity to better understand, assess, prioritize, and communicate its cybersecurity efforts. The framework's core functions are organized into six key areas: Govern (new), Identify, Protect, Detect, Respond, and Recover. Together, these functions provide a comprehensive lifecycle approach to managing cybersecurity risk.;735291151388;ap-northeast-3;2026-07-10 18:08:16.187152;rm_1;Organizational cybersecurity risk management strategy is established, communicated, and maintained.;Govern (GV);Risk Management Strategy (GV.RM);;aws;;FAIL;AWS Config recorder 735291151388 is disabled.;arn:aws:config:ap-northeast-3:735291151388:recorder;config_recorder_all_regions_enabled;False;735291151388;NIST-CSF;National Institute of Standards and Technology (NIST) Cybersecurity Framework (CSF) v2.0;
aws;The NIST Cybersecurity Framework (CSF) 2.0 offers a taxonomy of high-level cybersecurity outcomes that can be used by any organization regardless of its size, sector, or maturity to better understand, assess, prioritize, and communicate its cybersecurity efforts. The framework's core functions are organized into six key areas: Govern (new), Identify, Protect, Detect, Respond, and Recover. Together, these functions provide a comprehensive lifecycle approach to managing cybersecurity risk.;735291151388;ap-northeast-3;2026-07-10 18:08:16.187152;po_3;Legal and regulatory requirements regarding cybersecurity, including privacy and civil liberties obligations, are understood and managed.;Govern (GV);Policies, Processes, and Procedures (GV.PO);;aws;;FAIL;AWS Config recorder 735291151388 is disabled.;arn:aws:config:ap-northeast-3:735291151388:recorder;config_recorder_all_regions_enabled;False;735291151388;NIST-CSF;National Institute of Standards and Technology (NIST) Cybersecurity Framework (CSF) v2.0;
aws;The NIST Cybersecurity Framework (CSF) 2.0 offers a taxonomy of high-level cybersecurity outcomes that can be used by any organization regardless of its size, sector, or maturity to better understand, assess, prioritize, and communicate its cybersecurity efforts. The framework's core functions are organized into six key areas: Govern (new), Identify, Protect, Detect, Respond, and Recover. Together, these functions provide a comprehensive lifecycle approach to managing cybersecurity risk.;735291151388;ap-northeast-3;2026-07-10 18:08:16.187152;po_4;Governance and risk management processes address cybersecurity risks.;Govern (GV);Policies, Processes, and Procedures (GV.PO);;aws;;FAIL;AWS Config recorder 735291151388 is disabled.;arn:aws:config:ap-northeast-3:735291151388:recorder;config_recorder_all_regions_enabled;False;735291151388;NIST-CSF;National Institute of Standards and Technology (NIST) Cybersecurity Framework (CSF) v2.0;
aws;The NIST Cybersecurity Framework (CSF) 2.0 offers a taxonomy of high-level cybersecurity outcomes that can be used by any organization regardless of its size, sector, or maturity to better understand, assess, prioritize, and communicate its cybersecurity efforts. The framework's core functions are organized into six key areas: Govern (new), Identify, Protect, Detect, Respond, and Recover. Together, these functions provide a comprehensive lifecycle approach to managing cybersecurity risk.;735291151388;ap-northeast-3;2026-07-10 18:08:16.187152;ov_3;Cybersecurity risk management strategy and practices are reviewed and adjusted to adapt to changes in the threat landscape, technologies, or mission, business, or system environments.;Govern (GV);Oversight (GV.OV);;aws;;FAIL;AWS Config recorder 735291151388 is disabled.;arn:aws:config:ap-northeast-3:735291151388:recorder;config_recorder_all_regions_enabled;False;735291151388;NIST-CSF;National Institute of Standards and Technology (NIST) Cybersecurity Framework (CSF) v2.0;
aws;The NIST Cybersecurity Framework (CSF) 2.0 offers a taxonomy of high-level cybersecurity outcomes that can be used by any organization regardless of its size, sector, or maturity to better understand, assess, prioritize, and communicate its cybersecurity efforts. The framework's core functions are organized into six key areas: Govern (new), Identify, Protect, Detect, Respond, and Recover. Together, these functions provide a comprehensive lifecycle approach to managing cybersecurity risk.;735291151388;ap-northeast-3;2026-07-10 18:08:16.187152;pt_1;Audit/log records are determined, documented, implemented, and reviewed in accordance with policy.;Protect (PR);Protective Technology (PR.PT);;aws;;FAIL;AWS Config recorder 735291151388 is disabled.;arn:aws:config:ap-northeast-3:735291151388:recorder;config_recorder_all_regions_enabled;False;735291151388;NIST-CSF;National Institute of Standards and Technology (NIST) Cybersecurity Framework (CSF) v2.0;
aws;The NIST Cybersecurity Framework (CSF) 2.0 offers a taxonomy of high-level cybersecurity outcomes that can be used by any organization regardless of its size, sector, or maturity to better understand, assess, prioritize, and communicate its cybersecurity efforts. The framework's core functions are organized into six key areas: Govern (new), Identify, Protect, Detect, Respond, and Recover. Together, these functions provide a comprehensive lifecycle approach to managing cybersecurity risk.;735291151388;ap-south-1;2026-07-10 18:08:16.187152;rm_1;Organizational cybersecurity risk management strategy is established, communicated, and maintained.;Govern (GV);Risk Management Strategy (GV.RM);;aws;;FAIL;AWS Config recorder 735291151388 is disabled.;arn:aws:config:ap-south-1:735291151388:recorder;config_recorder_all_regions_enabled;False;735291151388;NIST-CSF;National Institute of Standards and Technology (NIST) Cybersecurity Framework (CSF) v2.0;
aws;The NIST Cybersecurity Framework (CSF) 2.0 offers a taxonomy of high-level cybersecurity outcomes that can be used by any organization regardless of its size, sector, or maturity to better understand, assess, prioritize, and communicate its cybersecurity efforts. The framework's core functions are organized into six key areas: Govern (new), Identify, Protect, Detect, Respond, and Recover. Together, these functions provide a comprehensive lifecycle approach to managing cybersecurity risk.;735291151388;ap-south-1;2026-07-10 18:08:16.187152;po_3;Legal and regulatory requirements regarding cybersecurity, including privacy and civil liberties obligations, are understood and managed.;Govern (GV);Policies, Processes, and Procedures (GV.PO);;aws;;FAIL;AWS Config recorder 735291151388 is disabled.;arn:aws:config:ap-south-1:735291151388:recorder;config_recorder_all_regions_enabled;False;735291151388;NIST-CSF;National Institute of Standards and Technology (NIST) Cybersecurity Framework (CSF) v2.0;
aws;The NIST Cybersecurity Framework (CSF) 2.0 offers a taxonomy of high-level cybersecurity outcomes that can be used by any organization regardless of its size, sector, or maturity to better understand, assess, prioritize, and communicate its cybersecurity efforts. The framework's core functions are organized into six key areas: Govern (new), Identify, Protect, Detect, Respond, and Recover. Together, these functions provide a comprehensive lifecycle approach to managing cybersecurity risk.;735291151388;ap-south-1;2026-07-10 18:08:16.187152;po_4;Governance and risk management processes address cybersecurity risks.;Govern (GV);Policies, Processes, and Procedures (GV.PO);;aws;;FAIL;AWS Config recorder 735291151388 is disabled.;arn:aws:config:ap-south-1:735291151388:recorder;config_recorder_all_regions_enabled;False;735291151388;NIST-CSF;National Institute of Standards and Technology (NIST) Cybersecurity Framework (CSF) v2.0;
aws;The NIST Cybersecurity Framework (CSF) 2.0 offers a taxonomy of high-level cybersecurity outcomes that can be used by any organization regardless of its size, sector, or maturity to better understand, assess, prioritize, and communicate its cybersecurity efforts. The framework's core functions are organized into six key areas: Govern (new), Identify, Protect, Detect, Respond, and Recover. Together, these functions provide a comprehensive lifecycle approach to managing cybersecurity risk.;735291151388;ap-south-1;2026-07-10 18:08:16.187152;ov_3;Cybersecurity risk management strategy and practices are reviewed and adjusted to adapt to changes in the threat landscape, technologies, or mission, business, or system environments.;Govern (GV);Oversight (GV.OV);;aws;;FAIL;AWS Config recorder 735291151388 is disabled.;arn:aws:config:ap-south-1:735291151388:recorder;config_recorder_all_regions_enabled;False;735291151388;NIST-CSF;National Institute of Standards and Technology (NIST) Cybersecurity Framework (CSF) v2.0;
aws;The NIST Cybersecurity Framework (CSF) 2.0 offers a taxonomy of high-level cybersecurity outcomes that can be used by any organization regardless of its size, sector, or maturity to better understand, assess, prioritize, and communicate its cybersecurity efforts. The framework's core functions are organized into six key areas: Govern (new), Identify, Protect, Detect, Respond, and Recover. Together, these functions provide a comprehensive lifecycle approach to managing cybersecurity risk.;735291151388;ap-south-1;2026-07-10 18:08:16.187152;pt_1;Audit/log records are determined, documented, implemented, and reviewed in accordance with policy.;Protect (PR);Protective Technology (PR.PT);;aws;;FAIL;AWS Config recorder 735291151388 is disabled.;arn:aws:config:ap-south-1:735291151388:recorder;config_recorder_all_regions_enabled;False;735291151388;NIST-CSF;National Institute of Standards and Technology (NIST) Cybersecurity Framework (CSF) v2.0;
aws;The NIST Cybersecurity Framework (CSF) 2.0 offers a taxonomy of high-level cybersecurity outcomes that can be used by any organization regardless of its size, sector, or maturity to better understand, assess, prioritize, and communicate its cybersecurity efforts. The framework's core functions are organized into six key areas: Govern (new), Identify, Protect, Detect, Respond, and Recover. Together, these functions provide a comprehensive lifecycle approach to managing cybersecurity risk.;735291151388;ap-southeast-1;2026-07-10 18:08:16.187152;rm_1;Organizational cybersecurity risk management strategy is established, communicated, and maintained.;Govern (GV);Risk Management Strategy (GV.RM);;aws;;FAIL;AWS Config recorder 735291151388 is disabled.;arn:aws:config:ap-southeast-1:735291151388:recorder;config_recorder_all_regions_enabled;False;735291151388;NIST-CSF;National Institute of Standards and Technology (NIST) Cybersecurity Framework (CSF) v2.0;
aws;The NIST Cybersecurity Framework (CSF) 2.0 offers a taxonomy of high-level cybersecurity outcomes that can be used by any organization regardless of its size, sector, or maturity to better understand, assess, prioritize, and communicate its cybersecurity efforts. The framework's core functions are organized into six key areas: Govern (new), Identify, Protect, Detect, Respond, and Recover. Together, these functions provide a comprehensive lifecycle approach to managing cybersecurity risk.;735291151388;ap-southeast-1;2026-07-10 18:08:16.187152;po_3;Legal and regulatory requirements regarding cybersecurity, including privacy and civil liberties obligations, are understood and managed.;Govern (GV);Policies, Processes, and Procedures (GV.PO);;aws;;FAIL;AWS Config recorder 735291151388 is disabled.;arn:aws:config:ap-southeast-1:735291151388:recorder;config_recorder_all_regions_enabled;False;735291151388;NIST-CSF;National Institute of Standards and Technology (NIST) Cybersecurity Framework (CSF) v2.0;
aws;The NIST Cybersecurity Framework (CSF) 2.0 offers a taxonomy of high-level cybersecurity outcomes that can be used by any organization regardless of its size, sector, or maturity to better understand, assess, prioritize, and communicate its cybersecurity efforts. The framework's core functions are organized into six key areas: Govern (new), Identify, Protect, Detect, Respond, and Recover. Together, these functions provide a comprehensive lifecycle approach to managing cybersecurity risk.;735291151388;ap-southeast-1;2026-07-10 18:08:16.187152;po_4;Governance and risk management processes address cybersecurity risks.;Govern (GV);Policies, Processes, and Procedures (GV.PO);;aws;;FAIL;AWS Config recorder 735291151388 is disabled.;arn:aws:config:ap-southeast-1:735291151388:recorder;config_recorder_all_regions_enabled;False;735291151388;NIST-CSF;National Institute of Standards and Technology (NIST) Cybersecurity Framework (CSF) v2.0;
aws;The NIST Cybersecurity Framework (CSF) 2.0 offers a taxonomy of high-level cybersecurity outcomes that can be used by any organization regardless of its size, sector, or maturity to better understand, assess, prioritize, and communicate its cybersecurity efforts. The framework's core functions are organized into six key areas: Govern (new), Identify, Protect, Detect, Respond, and Recover. Together, these functions provide a comprehensive lifecycle approach to managing cybersecurity risk.;735291151388;ap-southeast-1;2026-07-10 18:08:16.187152;ov_3;Cybersecurity risk management strategy and practices are reviewed and adjusted to adapt to changes in the threat landscape, technologies, or mission, business, or system environments.;Govern (GV);Oversight (GV.OV);;aws;;FAIL;AWS Config recorder 735291151388 is disabled.;arn:aws:config:ap-southeast-1:735291151388:recorder;config_recorder_all_regions_enabled;False;735291151388;NIST-CSF;National Institute of Standards and Technology (NIST) Cybersecurity Framework (CSF) v2.0;
aws;The NIST Cybersecurity Framework (CSF) 2.0 offers a taxonomy of high-level cybersecurity outcomes that can be used by any organization regardless of its size, sector, or maturity to better understand, assess, prioritize, and communicate its cybersecurity efforts. The framework's core functions are organized into six key areas: Govern (new), Identify, Protect, Detect, Respond, and Recover. Together, these functions provide a comprehensive lifecycle approach to managing cybersecurity risk.;735291151388;ap-southeast-1;2026-07-10 18:08:16.187152;pt_1;Audit/log records are determined, documented, implemented, and reviewed in accordance with policy.;Protect (PR);Protective Technology (PR.PT);;aws;;FAIL;AWS Config recorder 735291151388 is disabled.;arn:aws:config:ap-southeast-1:735291151388:recorder;config_recorder_all_regions_enabled;False;735291151388;NIST-CSF;National Institute of Standards and Technology (NIST) Cybersecurity Framework (CSF) v2.0;
aws;The NIST Cybersecurity Framework (CSF) 2.0 offers a taxonomy of high-level cybersecurity outcomes that can be used by any organization regardless of its size, sector, or maturity to better understand, assess, prioritize, and communicate its cybersecurity efforts. The framework's core functions are organized into six key areas: Govern (new), Identify, Protect, Detect, Respond, and Recover. Together, these functions provide a comprehensive lifecycle approach to managing cybersecurity risk.;735291151388;ap-southeast-2;2026-07-10 18:08:16.187152;rm_1;Organizational cybersecurity risk management strategy is established, communicated, and maintained.;Govern (GV);Risk Management Strategy (GV.RM);;aws;;FAIL;AWS Config recorder 735291151388 is disabled.;arn:aws:config:ap-southeast-2:735291151388:recorder;config_recorder_all_regions_enabled;False;735291151388;NIST-CSF;National Institute of Standards and Technology (NIST) Cybersecurity Framework (CSF) v2.0;
aws;The NIST Cybersecurity Framework (CSF) 2.0 offers a taxonomy of high-level cybersecurity outcomes that can be used by any organization regardless of its size, sector, or maturity to better understand, assess, prioritize, and communicate its cybersecurity efforts. The framework's core functions are organized into six key areas: Govern (new), Identify, Protect, Detect, Respond, and Recover. Together, these functions provide a comprehensive lifecycle approach to managing cybersecurity risk.;735291151388;ap-southeast-2;2026-07-10 18:08:16.187152;po_3;Legal and regulatory requirements regarding cybersecurity, including privacy and civil liberties obligations, are understood and managed.;Govern (GV);Policies, Processes, and Procedures (GV.PO);;aws;;FAIL;AWS Config recorder 735291151388 is disabled.;arn:aws:config:ap-southeast-2:735291151388:recorder;config_recorder_all_regions_enabled;False;735291151388;NIST-CSF;National Institute of Standards and Technology (NIST) Cybersecurity Framework (CSF) v2.0;
aws;The NIST Cybersecurity Framework (CSF) 2.0 offers a taxonomy of high-level cybersecurity outcomes that can be used by any organization regardless of its size, sector, or maturity to better understand, assess, prioritize, and communicate its cybersecurity efforts. The framework's core functions are organized into six key areas: Govern (new), Identify, Protect, Detect, Respond, and Recover. Together, these functions provide a comprehensive lifecycle approach to managing cybersecurity risk.;735291151388;ap-southeast-2;2026-07-10 18:08:16.187152;po_4;Governance and risk management processes address cybersecurity risks.;Govern (GV);Policies, Processes, and Procedures (GV.PO);;aws;;FAIL;AWS Config recorder 735291151388 is disabled.;arn:aws:config:ap-southeast-2:735291151388:recorder;config_recorder_all_regions_enabled;False;735291151388;NIST-CSF;National Institute of Standards and Technology (NIST) Cybersecurity Framework (CSF) v2.0;
aws;The NIST Cybersecurity Framework (CSF) 2.0 offers a taxonomy of high-level cybersecurity outcomes that can be used by any organization regardless of its size, sector, or maturity to better understand, assess, prioritize, and communicate its cybersecurity efforts. The framework's core functions are organized into six key areas: Govern (new), Identify, Protect, Detect, Respond, and Recover. Together, these functions provide a comprehensive lifecycle approach to managing cybersecurity risk.;735291151388;ap-southeast-2;2026-07-10 18:08:16.187152;ov_3;Cybersecurity risk management strategy and practices are reviewed and adjusted to adapt to changes in the threat landscape, technologies, or mission, business, or system environments.;Govern (GV);Oversight (GV.OV);;aws;;FAIL;AWS Config recorder 735291151388 is disabled.;arn:aws:config:ap-southeast-2:735291151388:recorder;config_recorder_all_regions_enabled;False;735291151388;NIST-CSF;National Institute of Standards and Technology (NIST) Cybersecurity Framework (CSF) v2.0;
aws;The NIST Cybersecurity Framework (CSF) 2.0 offers a taxonomy of high-level cybersecurity outcomes that can be used by any organization regardless of its size, sector, or maturity to better understand, assess, prioritize, and communicate its cybersecurity efforts. The framework's core functions are organized into six key areas: Govern (new), Identify, Protect, Detect, Respond, and Recover. Together, these functions provide a comprehensive lifecycle approach to managing cybersecurity risk.;735291151388;ap-southeast-2;2026-07-10 18:08:16.187152;pt_1;Audit/log records are determined, documented, implemented, and reviewed in accordance with policy.;Protect (PR);Protective Technology (PR.PT);;aws;;FAIL;AWS Config recorder 735291151388 is disabled.;arn:aws:config:ap-southeast-2:735291151388:recorder;config_recorder_all_regions_enabled;False;735291151388;NIST-CSF;National Institute of Standards and Technology (NIST) Cybersecurity Framework (CSF) v2.0;
aws;The NIST Cybersecurity Framework (CSF) 2.0 offers a taxonomy of high-level cybersecurity outcomes that can be used by any organization regardless of its size, sector, or maturity to better understand, assess, prioritize, and communicate its cybersecurity efforts. The framework's core functions are organized into six key areas: Govern (new), Identify, Protect, Detect, Respond, and Recover. Together, these functions provide a comprehensive lifecycle approach to managing cybersecurity risk.;735291151388;ca-central-1;2026-07-10 18:08:16.187152;rm_1;Organizational cybersecurity risk management strategy is established, communicated, and maintained.;Govern (GV);Risk Management Strategy (GV.RM);;aws;;FAIL;AWS Config recorder 735291151388 is disabled.;arn:aws:config:ca-central-1:735291151388:recorder;config_recorder_all_regions_enabled;False;735291151388;NIST-CSF;National Institute of Standards and Technology (NIST) Cybersecurity Framework (CSF) v2.0;
aws;The NIST Cybersecurity Framework (CSF) 2.0 offers a taxonomy of high-level cybersecurity outcomes that can be used by any organization regardless of its size, sector, or maturity to better understand, assess, prioritize, and communicate its cybersecurity efforts. The framework's core functions are organized into six key areas: Govern (new), Identify, Protect, Detect, Respond, and Recover. Together, these functions provide a comprehensive lifecycle approach to managing cybersecurity risk.;735291151388;ca-central-1;2026-07-10 18:08:16.187152;po_3;Legal and regulatory requirements regarding cybersecurity, including privacy and civil liberties obligations, are understood and managed.;Govern (GV);Policies, Processes, and Procedures (GV.PO);;aws;;FAIL;AWS Config recorder 735291151388 is disabled.;arn:aws:config:ca-central-1:735291151388:recorder;config_recorder_all_regions_enabled;False;735291151388;NIST-CSF;National Institute of Standards and Technology (NIST) Cybersecurity Framework (CSF) v2.0;
aws;The NIST Cybersecurity Framework (CSF) 2.0 offers a taxonomy of high-level cybersecurity outcomes that can be used by any organization regardless of its size, sector, or maturity to better understand, assess, prioritize, and communicate its cybersecurity efforts. The framework's core functions are organized into six key areas: Govern (new), Identify, Protect, Detect, Respond, and Recover. Together, these functions provide a comprehensive lifecycle approach to managing cybersecurity risk.;735291151388;ca-central-1;2026-07-10 18:08:16.187152;po_4;Governance and risk management processes address cybersecurity risks.;Govern (GV);Policies, Processes, and Procedures (GV.PO);;aws;;FAIL;AWS Config recorder 735291151388 is disabled.;arn:aws:config:ca-central-1:735291151388:recorder;config_recorder_all_regions_enabled;False;735291151388;NIST-CSF;National Institute of Standards and Technology (NIST) Cybersecurity Framework (CSF) v2.0;
aws;The NIST Cybersecurity Framework (CSF) 2.0 offers a taxonomy of high-level cybersecurity outcomes that can be used by any organization regardless of its size, sector, or maturity to better understand, assess, prioritize, and communicate its cybersecurity efforts. The framework's core functions are organized into six key areas: Govern (new), Identify, Protect, Detect, Respond, and Recover. Together, these functions provide a comprehensive lifecycle approach to managing cybersecurity risk.;735291151388;ca-central-1;2026-07-10 18:08:16.187152;ov_3;Cybersecurity risk management strategy and practices are reviewed and adjusted to adapt to changes in the threat landscape, technologies, or mission, business, or system environments.;Govern (GV);Oversight (GV.OV);;aws;;FAIL;AWS Config recorder 735291151388 is disabled.;arn:aws:config:ca-central-1:735291151388:recorder;config_recorder_all_regions_enabled;False;735291151388;NIST-CSF;National Institute of Standards and Technology (NIST) Cybersecurity Framework (CSF) v2.0;
aws;The NIST Cybersecurity Framework (CSF) 2.0 offers a taxonomy of high-level cybersecurity outcomes that can be used by any organization regardless of its size, sector, or maturity to better understand, assess, prioritize, and communicate its cybersecurity efforts. The framework's core functions are organized into six key areas: Govern (new), Identify, Protect, Detect, Respond, and Recover. Together, these functions provide a comprehensive lifecycle approach to managing cybersecurity risk.;735291151388;ca-central-1;2026-07-10 18:08:16.187152;pt_1;Audit/log records are determined, documented, implemented, and reviewed in accordance with policy.;Protect (PR);Protective Technology (PR.PT);;aws;;FAIL;AWS Config recorder 735291151388 is disabled.;arn:aws:config:ca-central-1:735291151388:recorder;config_recorder_all_regions_enabled;False;735291151388;NIST-CSF;National Institute of Standards and Technology (NIST) Cybersecurity Framework (CSF) v2.0;
aws;The NIST Cybersecurity Framework (CSF) 2.0 offers a taxonomy of high-level cybersecurity outcomes that can be used by any organization regardless of its size, sector, or maturity to better understand, assess, prioritize, and communicate its cybersecurity efforts. The framework's core functions are organized into six key areas: Govern (new), Identify, Protect, Detect, Respond, and Recover. Together, these functions provide a comprehensive lifecycle approach to managing cybersecurity risk.;735291151388;eu-central-1;2026-07-10 18:08:16.187152;rm_1;Organizational cybersecurity risk management strategy is established, communicated, and maintained.;Govern (GV);Risk Management Strategy (GV.RM);;aws;;FAIL;AWS Config recorder 735291151388 is disabled.;arn:aws:config:eu-central-1:735291151388:recorder;config_recorder_all_regions_enabled;False;735291151388;NIST-CSF;National Institute of Standards and Technology (NIST) Cybersecurity Framework (CSF) v2.0;
aws;The NIST Cybersecurity Framework (CSF) 2.0 offers a taxonomy of high-level cybersecurity outcomes that can be used by any organization regardless of its size, sector, or maturity to better understand, assess, prioritize, and communicate its cybersecurity efforts. The framework's core functions are organized into six key areas: Govern (new), Identify, Protect, Detect, Respond, and Recover. Together, these functions provide a comprehensive lifecycle approach to managing cybersecurity risk.;735291151388;eu-central-1;2026-07-10 18:08:16.187152;po_3;Legal and regulatory requirements regarding cybersecurity, including privacy and civil liberties obligations, are understood and managed.;Govern (GV);Policies, Processes, and Procedures (GV.PO);;aws;;FAIL;AWS Config recorder 735291151388 is disabled.;arn:aws:config:eu-central-1:735291151388:recorder;config_recorder_all_regions_enabled;False;735291151388;NIST-CSF;National Institute of Standards and Technology (NIST) Cybersecurity Framework (CSF) v2.0;
aws;The NIST Cybersecurity Framework (CSF) 2.0 offers a taxonomy of high-level cybersecurity outcomes that can be used by any organization regardless of its size, sector, or maturity to better understand, assess, prioritize, and communicate its cybersecurity efforts. The framework's core functions are organized into six key areas: Govern (new), Identify, Protect, Detect, Respond, and Recover. Together, these functions provide a comprehensive lifecycle approach to managing cybersecurity risk.;735291151388;eu-central-1;2026-07-10 18:08:16.187152;po_4;Governance and risk management processes address cybersecurity risks.;Govern (GV);Policies, Processes, and Procedures (GV.PO);;aws;;FAIL;AWS Config recorder 735291151388 is disabled.;arn:aws:config:eu-central-1:735291151388:recorder;config_recorder_all_regions_enabled;False;735291151388;NIST-CSF;National Institute of Standards and Technology (NIST) Cybersecurity Framework (CSF) v2.0;
aws;The NIST Cybersecurity Framework (CSF) 2.0 offers a taxonomy of high-level cybersecurity outcomes that can be used by any organization regardless of its size, sector, or maturity to better understand, assess, prioritize, and communicate its cybersecurity efforts. The framework's core functions are organized into six key areas: Govern (new), Identify, Protect, Detect, Respond, and Recover. Together, these functions provide a comprehensive lifecycle approach to managing cybersecurity risk.;735291151388;eu-central-1;2026-07-10 18:08:16.187152;ov_3;Cybersecurity risk management strategy and practices are reviewed and adjusted to adapt to changes in the threat landscape, technologies, or mission, business, or system environments.;Govern (GV);Oversight (GV.OV);;aws;;FAIL;AWS Config recorder 735291151388 is disabled.;arn:aws:config:eu-central-1:735291151388:recorder;config_recorder_all_regions_enabled;False;735291151388;NIST-CSF;National Institute of Standards and Technology (NIST) Cybersecurity Framework (CSF) v2.0;
aws;The NIST Cybersecurity Framework (CSF) 2.0 offers a taxonomy of high-level cybersecurity outcomes that can be used by any organization regardless of its size, sector, or maturity to better understand, assess, prioritize, and communicate its cybersecurity efforts. The framework's core functions are organized into six key areas: Govern (new), Identify, Protect, Detect, Respond, and Recover. Together, these functions provide a comprehensive lifecycle approach to managing cybersecurity risk.;735291151388;eu-central-1;2026-07-10 18:08:16.187152;pt_1;Audit/log records are determined, documented, implemented, and reviewed in accordance with policy.;Protect (PR);Protective Technology (PR.PT);;aws;;FAIL;AWS Config recorder 735291151388 is disabled.;arn:aws:config:eu-central-1:735291151388:recorder;config_recorder_all_regions_enabled;False;735291151388;NIST-CSF;National Institute of Standards and Technology (NIST) Cybersecurity Framework (CSF) v2.0;
aws;The NIST Cybersecurity Framework (CSF) 2.0 offers a taxonomy of high-level cybersecurity outcomes that can be used by any organization regardless of its size, sector, or maturity to better understand, assess, prioritize, and communicate its cybersecurity efforts. The framework's core functions are organized into six key areas: Govern (new), Identify, Protect, Detect, Respond, and Recover. Together, these functions provide a comprehensive lifecycle approach to managing cybersecurity risk.;735291151388;eu-north-1;2026-07-10 18:08:16.187152;rm_1;Organizational cybersecurity risk management strategy is established, communicated, and maintained.;Govern (GV);Risk Management Strategy (GV.RM);;aws;;FAIL;AWS Config recorder 735291151388 is disabled.;arn:aws:config:eu-north-1:735291151388:recorder;config_recorder_all_regions_enabled;False;735291151388;NIST-CSF;National Institute of Standards and Technology (NIST) Cybersecurity Framework (CSF) v2.0;
aws;The NIST Cybersecurity Framework (CSF) 2.0 offers a taxonomy of high-level cybersecurity outcomes that can be used by any organization regardless of its size, sector, or maturity to better understand, assess, prioritize, and communicate its cybersecurity efforts. The framework's core functions are organized into six key areas: Govern (new), Identify, Protect, Detect, Respond, and Recover. Together, these functions provide a comprehensive lifecycle approach to managing cybersecurity risk.;735291151388;eu-north-1;2026-07-10 18:08:16.187152;po_3;Legal and regulatory requirements regarding cybersecurity, including privacy and civil liberties obligations, are understood and managed.;Govern (GV);Policies, Processes, and Procedures (GV.PO);;aws;;FAIL;AWS Config recorder 735291151388 is disabled.;arn:aws:config:eu-north-1:735291151388:recorder;config_recorder_all_regions_enabled;False;735291151388;NIST-CSF;National Institute of Standards and Technology (NIST) Cybersecurity Framework (CSF) v2.0;
aws;The NIST Cybersecurity Framework (CSF) 2.0 offers a taxonomy of high-level cybersecurity outcomes that can be used by any organization regardless of its size, sector, or maturity to better understand, assess, prioritize, and communicate its cybersecurity efforts. The framework's core functions are organized into six key areas: Govern (new), Identify, Protect, Detect, Respond, and Recover. Together, these functions provide a comprehensive lifecycle approach to managing cybersecurity risk.;735291151388;eu-north-1;2026-07-10 18:08:16.187152;po_4;Governance and risk management processes address cybersecurity risks.;Govern (GV);Policies, Processes, and Procedures (GV.PO);;aws;;FAIL;AWS Config recorder 735291151388 is disabled.;arn:aws:config:eu-north-1:735291151388:recorder;config_recorder_all_regions_enabled;False;735291151388;NIST-CSF;National Institute of Standards and Technology (NIST) Cybersecurity Framework (CSF) v2.0;
aws;The NIST Cybersecurity Framework (CSF) 2.0 offers a taxonomy of high-level cybersecurity outcomes that can be used by any organization regardless of its size, sector, or maturity to better understand, assess, prioritize, and communicate its cybersecurity efforts. The framework's core functions are organized into six key areas: Govern (new), Identify, Protect, Detect, Respond, and Recover. Together, these functions provide a comprehensive lifecycle approach to managing cybersecurity risk.;735291151388;eu-north-1;2026-07-10 18:08:16.187152;ov_3;Cybersecurity risk management strategy and practices are reviewed and adjusted to adapt to changes in the threat landscape, technologies, or mission, business, or system environments.;Govern (GV);Oversight (GV.OV);;aws;;FAIL;AWS Config recorder 735291151388 is disabled.;arn:aws:config:eu-north-1:735291151388:recorder;config_recorder_all_regions_enabled;False;735291151388;NIST-CSF;National Institute of Standards and Technology (NIST) Cybersecurity Framework (CSF) v2.0;
aws;The NIST Cybersecurity Framework (CSF) 2.0 offers a taxonomy of high-level cybersecurity outcomes that can be used by any organization regardless of its size, sector, or maturity to better understand, assess, prioritize, and communicate its cybersecurity efforts. The framework's core functions are organized into six key areas: Govern (new), Identify, Protect, Detect, Respond, and Recover. Together, these functions provide a comprehensive lifecycle approach to managing cybersecurity risk.;735291151388;eu-north-1;2026-07-10 18:08:16.187152;pt_1;Audit/log records are determined, documented, implemented, and reviewed in accordance with policy.;Protect (PR);Protective Technology (PR.PT);;aws;;FAIL;AWS Config recorder 735291151388 is disabled.;arn:aws:config:eu-north-1:735291151388:recorder;config_recorder_all_regions_enabled;False;735291151388;NIST-CSF;National Institute of Standards and Technology (NIST) Cybersecurity Framework (CSF) v2.0;
aws;The NIST Cybersecurity Framework (CSF) 2.0 offers a taxonomy of high-level cybersecurity outcomes that can be used by any organization regardless of its size, sector, or maturity to better understand, assess, prioritize, and communicate its cybersecurity efforts. The framework's core functions are organized into six key areas: Govern (new), Identify, Protect, Detect, Respond, and Recover. Together, these functions provide a comprehensive lifecycle approach to managing cybersecurity risk.;735291151388;eu-west-1;2026-07-10 18:08:16.187152;rm_1;Organizational cybersecurity risk management strategy is established, communicated, and maintained.;Govern (GV);Risk Management Strategy (GV.RM);;aws;;FAIL;AWS Config recorder 735291151388 is disabled.;arn:aws:config:eu-west-1:735291151388:recorder;config_recorder_all_regions_enabled;False;735291151388;NIST-CSF;National Institute of Standards and Technology (NIST) Cybersecurity Framework (CSF) v2.0;
aws;The NIST Cybersecurity Framework (CSF) 2.0 offers a taxonomy of high-level cybersecurity outcomes that can be used by any organization regardless of its size, sector, or maturity to better understand, assess, prioritize, and communicate its cybersecurity efforts. The framework's core functions are organized into six key areas: Govern (new), Identify, Protect, Detect, Respond, and Recover. Together, these functions provide a comprehensive lifecycle approach to managing cybersecurity risk.;735291151388;eu-west-1;2026-07-10 18:08:16.187152;po_3;Legal and regulatory requirements regarding cybersecurity, including privacy and civil liberties obligations, are understood and managed.;Govern (GV);Policies, Processes, and Procedures (GV.PO);;aws;;FAIL;AWS Config recorder 735291151388 is disabled.;arn:aws:config:eu-west-1:735291151388:recorder;config_recorder_all_regions_enabled;False;735291151388;NIST-CSF;National Institute of Standards and Technology (NIST) Cybersecurity Framework (CSF) v2.0;
aws;The NIST Cybersecurity Framework (CSF) 2.0 offers a taxonomy of high-level cybersecurity outcomes that can be used by any organization regardless of its size, sector, or maturity to better understand, assess, prioritize, and communicate its cybersecurity efforts. The framework's core functions are organized into six key areas: Govern (new), Identify, Protect, Detect, Respond, and Recover. Together, these functions provide a comprehensive lifecycle approach to managing cybersecurity risk.;735291151388;eu-west-1;2026-07-10 18:08:16.187152;po_4;Governance and risk management processes address cybersecurity risks.;Govern (GV);Policies, Processes, and Procedures (GV.PO);;aws;;FAIL;AWS Config recorder 735291151388 is disabled.;arn:aws:config:eu-west-1:735291151388:recorder;config_recorder_all_regions_enabled;False;735291151388;NIST-CSF;National Institute of Standards and Technology (NIST) Cybersecurity Framework (CSF) v2.0;
aws;The NIST Cybersecurity Framework (CSF) 2.0 offers a taxonomy of high-level cybersecurity outcomes that can be used by any organization regardless of its size, sector, or maturity to better understand, assess, prioritize, and communicate its cybersecurity efforts. The framework's core functions are organized into six key areas: Govern (new), Identify, Protect, Detect, Respond, and Recover. Together, these functions provide a comprehensive lifecycle approach to managing cybersecurity risk.;735291151388;eu-west-1;2026-07-10 18:08:16.187152;ov_3;Cybersecurity risk management strategy and practices are reviewed and adjusted to adapt to changes in the threat landscape, technologies, or mission, business, or system environments.;Govern (GV);Oversight (GV.OV);;aws;;FAIL;AWS Config recorder 735291151388 is disabled.;arn:aws:config:eu-west-1:735291151388:recorder;config_recorder_all_regions_enabled;False;735291151388;NIST-CSF;National Institute of Standards and Technology (NIST) Cybersecurity Framework (CSF) v2.0;
aws;The NIST Cybersecurity Framework (CSF) 2.0 offers a taxonomy of high-level cybersecurity outcomes that can be used by any organization regardless of its size, sector, or maturity to better understand, assess, prioritize, and communicate its cybersecurity efforts. The framework's core functions are organized into six key areas: Govern (new), Identify, Protect, Detect, Respond, and Recover. Together, these functions provide a comprehensive lifecycle approach to managing cybersecurity risk.;735291151388;eu-west-1;2026-07-10 18:08:16.187152;pt_1;Audit/log records are determined, documented, implemented, and reviewed in accordance with policy.;Protect (PR);Protective Technology (PR.PT);;aws;;FAIL;AWS Config recorder 735291151388 is disabled.;arn:aws:config:eu-west-1:735291151388:recorder;config_recorder_all_regions_enabled;False;735291151388;NIST-CSF;National Institute of Standards and Technology (NIST) Cybersecurity Framework (CSF) v2.0;
aws;The NIST Cybersecurity Framework (CSF) 2.0 offers a taxonomy of high-level cybersecurity outcomes that can be used by any organization regardless of its size, sector, or maturity to better understand, assess, prioritize, and communicate its cybersecurity efforts. The framework's core functions are organized into six key areas: Govern (new), Identify, Protect, Detect, Respond, and Recover. Together, these functions provide a comprehensive lifecycle approach to managing cybersecurity risk.;735291151388;eu-west-2;2026-07-10 18:08:16.187152;rm_1;Organizational cybersecurity risk management strategy is established, communicated, and maintained.;Govern (GV);Risk Management Strategy (GV.RM);;aws;;FAIL;AWS Config recorder 735291151388 is disabled.;arn:aws:config:eu-west-2:735291151388:recorder;config_recorder_all_regions_enabled;False;735291151388;NIST-CSF;National Institute of Standards and Technology (NIST) Cybersecurity Framework (CSF) v2.0;
aws;The NIST Cybersecurity Framework (CSF) 2.0 offers a taxonomy of high-level cybersecurity outcomes that can be used by any organization regardless of its size, sector, or maturity to better understand, assess, prioritize, and communicate its cybersecurity efforts. The framework's core functions are organized into six key areas: Govern (new), Identify, Protect, Detect, Respond, and Recover. Together, these functions provide a comprehensive lifecycle approach to managing cybersecurity risk.;735291151388;eu-west-2;2026-07-10 18:08:16.187152;po_3;Legal and regulatory requirements regarding cybersecurity, including privacy and civil liberties obligations, are understood and managed.;Govern (GV);Policies, Processes, and Procedures (GV.PO);;aws;;FAIL;AWS Config recorder 735291151388 is disabled.;arn:aws:config:eu-west-2:735291151388:recorder;config_recorder_all_regions_enabled;False;735291151388;NIST-CSF;National Institute of Standards and Technology (NIST) Cybersecurity Framework (CSF) v2.0;
aws;The NIST Cybersecurity Framework (CSF) 2.0 offers a taxonomy of high-level cybersecurity outcomes that can be used by any organization regardless of its size, sector, or maturity to better understand, assess, prioritize, and communicate its cybersecurity efforts. The framework's core functions are organized into six key areas: Govern (new), Identify, Protect, Detect, Respond, and Recover. Together, these functions provide a comprehensive lifecycle approach to managing cybersecurity risk.;735291151388;eu-west-2;2026-07-10 18:08:16.187152;po_4;Governance and risk management processes address cybersecurity risks.;Govern (GV);Policies, Processes, and Procedures (GV.PO);;aws;;FAIL;AWS Config recorder 735291151388 is disabled.;arn:aws:config:eu-west-2:735291151388:recorder;config_recorder_all_regions_enabled;False;735291151388;NIST-CSF;National Institute of Standards and Technology (NIST) Cybersecurity Framework (CSF) v2.0;
aws;The NIST Cybersecurity Framework (CSF) 2.0 offers a taxonomy of high-level cybersecurity outcomes that can be used by any organization regardless of its size, sector, or maturity to better understand, assess, prioritize, and communicate its cybersecurity efforts. The framework's core functions are organized into six key areas: Govern (new), Identify, Protect, Detect, Respond, and Recover. Together, these functions provide a comprehensive lifecycle approach to managing cybersecurity risk.;735291151388;eu-west-2;2026-07-10 18:08:16.187152;ov_3;Cybersecurity risk management strategy and practices are reviewed and adjusted to adapt to changes in the threat landscape, technologies, or mission, business, or system environments.;Govern (GV);Oversight (GV.OV);;aws;;FAIL;AWS Config recorder 735291151388 is disabled.;arn:aws:config:eu-west-2:735291151388:recorder;config_recorder_all_regions_enabled;False;735291151388;NIST-CSF;National Institute of Standards and Technology (NIST) Cybersecurity Framework (CSF) v2.0;
aws;The NIST Cybersecurity Framework (CSF) 2.0 offers a taxonomy of high-level cybersecurity outcomes that can be used by any organization regardless of its size, sector, or maturity to better understand, assess, prioritize, and communicate its cybersecurity efforts. The framework's core functions are organized into six key areas: Govern (new), Identify, Protect, Detect, Respond, and Recover. Together, these functions provide a comprehensive lifecycle approach to managing cybersecurity risk.;735291151388;eu-west-2;2026-07-10 18:08:16.187152;pt_1;Audit/log records are determined, documented, implemented, and reviewed in accordance with policy.;Protect (PR);Protective Technology (PR.PT);;aws;;FAIL;AWS Config recorder 735291151388 is disabled.;arn:aws:config:eu-west-2:735291151388:recorder;config_recorder_all_regions_enabled;False;735291151388;NIST-CSF;National Institute of Standards and Technology (NIST) Cybersecurity Framework (CSF) v2.0;
aws;The NIST Cybersecurity Framework (CSF) 2.0 offers a taxonomy of high-level cybersecurity outcomes that can be used by any organization regardless of its size, sector, or maturity to better understand, assess, prioritize, and communicate its cybersecurity efforts. The framework's core functions are organized into six key areas: Govern (new), Identify, Protect, Detect, Respond, and Recover. Together, these functions provide a comprehensive lifecycle approach to managing cybersecurity risk.;735291151388;eu-west-3;2026-07-10 18:08:16.187152;rm_1;Organizational cybersecurity risk management strategy is established, communicated, and maintained.;Govern (GV);Risk Management Strategy (GV.RM);;aws;;FAIL;AWS Config recorder 735291151388 is disabled.;arn:aws:config:eu-west-3:735291151388:recorder;config_recorder_all_regions_enabled;False;735291151388;NIST-CSF;National Institute of Standards and Technology (NIST) Cybersecurity Framework (CSF) v2.0;
aws;The NIST Cybersecurity Framework (CSF) 2.0 offers a taxonomy of high-level cybersecurity outcomes that can be used by any organization regardless of its size, sector, or maturity to better understand, assess, prioritize, and communicate its cybersecurity efforts. The framework's core functions are organized into six key areas: Govern (new), Identify, Protect, Detect, Respond, and Recover. Together, these functions provide a comprehensive lifecycle approach to managing cybersecurity risk.;735291151388;eu-west-3;2026-07-10 18:08:16.187152;po_3;Legal and regulatory requirements regarding cybersecurity, including privacy and civil liberties obligations, are understood and managed.;Govern (GV);Policies, Processes, and Procedures (GV.PO);;aws;;FAIL;AWS Config recorder 735291151388 is disabled.;arn:aws:config:eu-west-3:735291151388:recorder;config_recorder_all_regions_enabled;False;735291151388;NIST-CSF;National Institute of Standards and Technology (NIST) Cybersecurity Framework (CSF) v2.0;
aws;The NIST Cybersecurity Framework (CSF) 2.0 offers a taxonomy of high-level cybersecurity outcomes that can be used by any organization regardless of its size, sector, or maturity to better understand, assess, prioritize, and communicate its cybersecurity efforts. The framework's core functions are organized into six key areas: Govern (new), Identify, Protect, Detect, Respond, and Recover. Together, these functions provide a comprehensive lifecycle approach to managing cybersecurity risk.;735291151388;eu-west-3;2026-07-10 18:08:16.187152;po_4;Governance and risk management processes address cybersecurity risks.;Govern (GV);Policies, Processes, and Procedures (GV.PO);;aws;;FAIL;AWS Config recorder 735291151388 is disabled.;arn:aws:config:eu-west-3:735291151388:recorder;config_recorder_all_regions_enabled;False;735291151388;NIST-CSF;National Institute of Standards and Technology (NIST) Cybersecurity Framework (CSF) v2.0;
aws;The NIST Cybersecurity Framework (CSF) 2.0 offers a taxonomy of high-level cybersecurity outcomes that can be used by any organization regardless of its size, sector, or maturity to better understand, assess, prioritize, and communicate its cybersecurity efforts. The framework's core functions are organized into six key areas: Govern (new), Identify, Protect, Detect, Respond, and Recover. Together, these functions provide a comprehensive lifecycle approach to managing cybersecurity risk.;735291151388;eu-west-3;2026-07-10 18:08:16.187152;ov_3;Cybersecurity risk management strategy and practices are reviewed and adjusted to adapt to changes in the threat landscape, technologies, or mission, business, or system environments.;Govern (GV);Oversight (GV.OV);;aws;;FAIL;AWS Config recorder 735291151388 is disabled.;arn:aws:config:eu-west-3:735291151388:recorder;config_recorder_all_regions_enabled;False;735291151388;NIST-CSF;National Institute of Standards and Technology (NIST) Cybersecurity Framework (CSF) v2.0;
aws;The NIST Cybersecurity Framework (CSF) 2.0 offers a taxonomy of high-level cybersecurity outcomes that can be used by any organization regardless of its size, sector, or maturity to better understand, assess, prioritize, and communicate its cybersecurity efforts. The framework's core functions are organized into six key areas: Govern (new), Identify, Protect, Detect, Respond, and Recover. Together, these functions provide a comprehensive lifecycle approach to managing cybersecurity risk.;735291151388;eu-west-3;2026-07-10 18:08:16.187152;pt_1;Audit/log records are determined, documented, implemented, and reviewed in accordance with policy.;Protect (PR);Protective Technology (PR.PT);;aws;;FAIL;AWS Config recorder 735291151388 is disabled.;arn:aws:config:eu-west-3:735291151388:recorder;config_recorder_all_regions_enabled;False;735291151388;NIST-CSF;National Institute of Standards and Technology (NIST) Cybersecurity Framework (CSF) v2.0;
aws;The NIST Cybersecurity Framework (CSF) 2.0 offers a taxonomy of high-level cybersecurity outcomes that can be used by any organization regardless of its size, sector, or maturity to better understand, assess, prioritize, and communicate its cybersecurity efforts. The framework's core functions are organized into six key areas: Govern (new), Identify, Protect, Detect, Respond, and Recover. Together, these functions provide a comprehensive lifecycle approach to managing cybersecurity risk.;735291151388;sa-east-1;2026-07-10 18:08:16.187152;rm_1;Organizational cybersecurity risk management strategy is established, communicated, and maintained.;Govern (GV);Risk Management Strategy (GV.RM);;aws;;FAIL;AWS Config recorder 735291151388 is disabled.;arn:aws:config:sa-east-1:735291151388:recorder;config_recorder_all_regions_enabled;False;735291151388;NIST-CSF;National Institute of Standards and Technology (NIST) Cybersecurity Framework (CSF) v2.0;
aws;The NIST Cybersecurity Framework (CSF) 2.0 offers a taxonomy of high-level cybersecurity outcomes that can be used by any organization regardless of its size, sector, or maturity to better understand, assess, prioritize, and communicate its cybersecurity efforts. The framework's core functions are organized into six key areas: Govern (new), Identify, Protect, Detect, Respond, and Recover. Together, these functions provide a comprehensive lifecycle approach to managing cybersecurity risk.;735291151388;sa-east-1;2026-07-10 18:08:16.187152;po_3;Legal and regulatory requirements regarding cybersecurity, including privacy and civil liberties obligations, are understood and managed.;Govern (GV);Policies, Processes, and Procedures (GV.PO);;aws;;FAIL;AWS Config recorder 735291151388 is disabled.;arn:aws:config:sa-east-1:735291151388:recorder;config_recorder_all_regions_enabled;False;735291151388;NIST-CSF;National Institute of Standards and Technology (NIST) Cybersecurity Framework (CSF) v2.0;
aws;The NIST Cybersecurity Framework (CSF) 2.0 offers a taxonomy of high-level cybersecurity outcomes that can be used by any organization regardless of its size, sector, or maturity to better understand, assess, prioritize, and communicate its cybersecurity efforts. The framework's core functions are organized into six key areas: Govern (new), Identify, Protect, Detect, Respond, and Recover. Together, these functions provide a comprehensive lifecycle approach to managing cybersecurity risk.;735291151388;sa-east-1;2026-07-10 18:08:16.187152;po_4;Governance and risk management processes address cybersecurity risks.;Govern (GV);Policies, Processes, and Procedures (GV.PO);;aws;;FAIL;AWS Config recorder 735291151388 is disabled.;arn:aws:config:sa-east-1:735291151388:recorder;config_recorder_all_regions_enabled;False;735291151388;NIST-CSF;National Institute of Standards and Technology (NIST) Cybersecurity Framework (CSF) v2.0;
aws;The NIST Cybersecurity Framework (CSF) 2.0 offers a taxonomy of high-level cybersecurity outcomes that can be used by any organization regardless of its size, sector, or maturity to better understand, assess, prioritize, and communicate its cybersecurity efforts. The framework's core functions are organized into six key areas: Govern (new), Identify, Protect, Detect, Respond, and Recover. Together, these functions provide a comprehensive lifecycle approach to managing cybersecurity risk.;735291151388;sa-east-1;2026-07-10 18:08:16.187152;ov_3;Cybersecurity risk management strategy and practices are reviewed and adjusted to adapt to changes in the threat landscape, technologies, or mission, business, or system environments.;Govern (GV);Oversight (GV.OV);;aws;;FAIL;AWS Config recorder 735291151388 is disabled.;arn:aws:config:sa-east-1:735291151388:recorder;config_recorder_all_regions_enabled;False;735291151388;NIST-CSF;National Institute of Standards and Technology (NIST) Cybersecurity Framework (CSF) v2.0;
aws;The NIST Cybersecurity Framework (CSF) 2.0 offers a taxonomy of high-level cybersecurity outcomes that can be used by any organization regardless of its size, sector, or maturity to better understand, assess, prioritize, and communicate its cybersecurity efforts. The framework's core functions are organized into six key areas: Govern (new), Identify, Protect, Detect, Respond, and Recover. Together, these functions provide a comprehensive lifecycle approach to managing cybersecurity risk.;735291151388;sa-east-1;2026-07-10 18:08:16.187152;pt_1;Audit/log records are determined, documented, implemented, and reviewed in accordance with policy.;Protect (PR);Protective Technology (PR.PT);;aws;;FAIL;AWS Config recorder 735291151388 is disabled.;arn:aws:config:sa-east-1:735291151388:recorder;config_recorder_all_regions_enabled;False;735291151388;NIST-CSF;National Institute of Standards and Technology (NIST) Cybersecurity Framework (CSF) v2.0;
aws;The NIST Cybersecurity Framework (CSF) 2.0 offers a taxonomy of high-level cybersecurity outcomes that can be used by any organization regardless of its size, sector, or maturity to better understand, assess, prioritize, and communicate its cybersecurity efforts. The framework's core functions are organized into six key areas: Govern (new), Identify, Protect, Detect, Respond, and Recover. Together, these functions provide a comprehensive lifecycle approach to managing cybersecurity risk.;735291151388;us-east-1;2026-07-10 18:08:16.187152;rm_1;Organizational cybersecurity risk management strategy is established, communicated, and maintained.;Govern (GV);Risk Management Strategy (GV.RM);;aws;;FAIL;AWS Config recorder 735291151388 is disabled.;arn:aws:config:us-east-1:735291151388:recorder;config_recorder_all_regions_enabled;False;735291151388;NIST-CSF;National Institute of Standards and Technology (NIST) Cybersecurity Framework (CSF) v2.0;
aws;The NIST Cybersecurity Framework (CSF) 2.0 offers a taxonomy of high-level cybersecurity outcomes that can be used by any organization regardless of its size, sector, or maturity to better understand, assess, prioritize, and communicate its cybersecurity efforts. The framework's core functions are organized into six key areas: Govern (new), Identify, Protect, Detect, Respond, and Recover. Together, these functions provide a comprehensive lifecycle approach to managing cybersecurity risk.;735291151388;us-east-1;2026-07-10 18:08:16.187152;po_3;Legal and regulatory requirements regarding cybersecurity, including privacy and civil liberties obligations, are understood and managed.;Govern (GV);Policies, Processes, and Procedures (GV.PO);;aws;;FAIL;AWS Config recorder 735291151388 is disabled.;arn:aws:config:us-east-1:735291151388:recorder;config_recorder_all_regions_enabled;False;735291151388;NIST-CSF;National Institute of Standards and Technology (NIST) Cybersecurity Framework (CSF) v2.0;
aws;The NIST Cybersecurity Framework (CSF) 2.0 offers a taxonomy of high-level cybersecurity outcomes that can be used by any organization regardless of its size, sector, or maturity to better understand, assess, prioritize, and communicate its cybersecurity efforts. The framework's core functions are organized into six key areas: Govern (new), Identify, Protect, Detect, Respond, and Recover. Together, these functions provide a comprehensive lifecycle approach to managing cybersecurity risk.;735291151388;us-east-1;2026-07-10 18:08:16.187152;po_4;Governance and risk management processes address cybersecurity risks.;Govern (GV);Policies, Processes, and Procedures (GV.PO);;aws;;FAIL;AWS Config recorder 735291151388 is disabled.;arn:aws:config:us-east-1:735291151388:recorder;config_recorder_all_regions_enabled;False;735291151388;NIST-CSF;National Institute of Standards and Technology (NIST) Cybersecurity Framework (CSF) v2.0;
aws;The NIST Cybersecurity Framework (CSF) 2.0 offers a taxonomy of high-level cybersecurity outcomes that can be used by any organization regardless of its size, sector, or maturity to better understand, assess, prioritize, and communicate its cybersecurity efforts. The framework's core functions are organized into six key areas: Govern (new), Identify, Protect, Detect, Respond, and Recover. Together, these functions provide a comprehensive lifecycle approach to managing cybersecurity risk.;735291151388;us-east-1;2026-07-10 18:08:16.187152;ov_3;Cybersecurity risk management strategy and practices are reviewed and adjusted to adapt to changes in the threat landscape, technologies, or mission, business, or system environments.;Govern (GV);Oversight (GV.OV);;aws;;FAIL;AWS Config recorder 735291151388 is disabled.;arn:aws:config:us-east-1:735291151388:recorder;config_recorder_all_regions_enabled;False;735291151388;NIST-CSF;National Institute of Standards and Technology (NIST) Cybersecurity Framework (CSF) v2.0;
aws;The NIST Cybersecurity Framework (CSF) 2.0 offers a taxonomy of high-level cybersecurity outcomes that can be used by any organization regardless of its size, sector, or maturity to better understand, assess, prioritize, and communicate its cybersecurity efforts. The framework's core functions are organized into six key areas: Govern (new), Identify, Protect, Detect, Respond, and Recover. Together, these functions provide a comprehensive lifecycle approach to managing cybersecurity risk.;735291151388;us-east-1;2026-07-10 18:08:16.187152;pt_1;Audit/log records are determined, documented, implemented, and reviewed in accordance with policy.;Protect (PR);Protective Technology (PR.PT);;aws;;FAIL;AWS Config recorder 735291151388 is disabled.;arn:aws:config:us-east-1:735291151388:recorder;config_recorder_all_regions_enabled;False;735291151388;NIST-CSF;National Institute of Standards and Technology (NIST) Cybersecurity Framework (CSF) v2.0;
aws;The NIST Cybersecurity Framework (CSF) 2.0 offers a taxonomy of high-level cybersecurity outcomes that can be used by any organization regardless of its size, sector, or maturity to better understand, assess, prioritize, and communicate its cybersecurity efforts. The framework's core functions are organized into six key areas: Govern (new), Identify, Protect, Detect, Respond, and Recover. Together, these functions provide a comprehensive lifecycle approach to managing cybersecurity risk.;735291151388;us-east-2;2026-07-10 18:08:16.187152;rm_1;Organizational cybersecurity risk management strategy is established, communicated, and maintained.;Govern (GV);Risk Management Strategy (GV.RM);;aws;;FAIL;AWS Config recorder 735291151388 is disabled.;arn:aws:config:us-east-2:735291151388:recorder;config_recorder_all_regions_enabled;False;735291151388;NIST-CSF;National Institute of Standards and Technology (NIST) Cybersecurity Framework (CSF) v2.0;
aws;The NIST Cybersecurity Framework (CSF) 2.0 offers a taxonomy of high-level cybersecurity outcomes that can be used by any organization regardless of its size, sector, or maturity to better understand, assess, prioritize, and communicate its cybersecurity efforts. The framework's core functions are organized into six key areas: Govern (new), Identify, Protect, Detect, Respond, and Recover. Together, these functions provide a comprehensive lifecycle approach to managing cybersecurity risk.;735291151388;us-east-2;2026-07-10 18:08:16.187152;po_3;Legal and regulatory requirements regarding cybersecurity, including privacy and civil liberties obligations, are understood and managed.;Govern (GV);Policies, Processes, and Procedures (GV.PO);;aws;;FAIL;AWS Config recorder 735291151388 is disabled.;arn:aws:config:us-east-2:735291151388:recorder;config_recorder_all_regions_enabled;False;735291151388;NIST-CSF;National Institute of Standards and Technology (NIST) Cybersecurity Framework (CSF) v2.0;
aws;The NIST Cybersecurity Framework (CSF) 2.0 offers a taxonomy of high-level cybersecurity outcomes that can be used by any organization regardless of its size, sector, or maturity to better understand, assess, prioritize, and communicate its cybersecurity efforts. The framework's core functions are organized into six key areas: Govern (new), Identify, Protect, Detect, Respond, and Recover. Together, these functions provide a comprehensive lifecycle approach to managing cybersecurity risk.;735291151388;us-east-2;2026-07-10 18:08:16.187152;po_4;Governance and risk management processes address cybersecurity risks.;Govern (GV);Policies, Processes, and Procedures (GV.PO);;aws;;FAIL;AWS Config recorder 735291151388 is disabled.;arn:aws:config:us-east-2:735291151388:recorder;config_recorder_all_regions_enabled;False;735291151388;NIST-CSF;National Institute of Standards and Technology (NIST) Cybersecurity Framework (CSF) v2.0;
aws;The NIST Cybersecurity Framework (CSF) 2.0 offers a taxonomy of high-level cybersecurity outcomes that can be used by any organization regardless of its size, sector, or maturity to better understand, assess, prioritize, and communicate its cybersecurity efforts. The framework's core functions are organized into six key areas: Govern (new), Identify, Protect, Detect, Respond, and Recover. Together, these functions provide a comprehensive lifecycle approach to managing cybersecurity risk.;735291151388;us-east-2;2026-07-10 18:08:16.187152;ov_3;Cybersecurity risk management strategy and practices are reviewed and adjusted to adapt to changes in the threat landscape, technologies, or mission, business, or system environments.;Govern (GV);Oversight (GV.OV);;aws;;FAIL;AWS Config recorder 735291151388 is disabled.;arn:aws:config:us-east-2:735291151388:recorder;config_recorder_all_regions_enabled;False;735291151388;NIST-CSF;National Institute of Standards and Technology (NIST) Cybersecurity Framework (CSF) v2.0;
aws;The NIST Cybersecurity Framework (CSF) 2.0 offers a taxonomy of high-level cybersecurity outcomes that can be used by any organization regardless of its size, sector, or maturity to better understand, assess, prioritize, and communicate its cybersecurity efforts. The framework's core functions are organized into six key areas: Govern (new), Identify, Protect, Detect, Respond, and Recover. Together, these functions provide a comprehensive lifecycle approach to managing cybersecurity risk.;735291151388;us-east-2;2026-07-10 18:08:16.187152;pt_1;Audit/log records are determined, documented, implemented, and reviewed in accordance with policy.;Protect (PR);Protective Technology (PR.PT);;aws;;FAIL;AWS Config recorder 735291151388 is disabled.;arn:aws:config:us-east-2:735291151388:recorder;config_recorder_all_regions_enabled;False;735291151388;NIST-CSF;National Institute of Standards and Technology (NIST) Cybersecurity Framework (CSF) v2.0;
aws;The NIST Cybersecurity Framework (CSF) 2.0 offers a taxonomy of high-level cybersecurity outcomes that can be used by any organization regardless of its size, sector, or maturity to better understand, assess, prioritize, and communicate its cybersecurity efforts. The framework's core functions are organized into six key areas: Govern (new), Identify, Protect, Detect, Respond, and Recover. Together, these functions provide a comprehensive lifecycle approach to managing cybersecurity risk.;735291151388;us-west-1;2026-07-10 18:08:16.187152;rm_1;Organizational cybersecurity risk management strategy is established, communicated, and maintained.;Govern (GV);Risk Management Strategy (GV.RM);;aws;;FAIL;AWS Config recorder 735291151388 is disabled.;arn:aws:config:us-west-1:735291151388:recorder;config_recorder_all_regions_enabled;False;735291151388;NIST-CSF;National Institute of Standards and Technology (NIST) Cybersecurity Framework (CSF) v2.0;
aws;The NIST Cybersecurity Framework (CSF) 2.0 offers a taxonomy of high-level cybersecurity outcomes that can be used by any organization regardless of its size, sector, or maturity to better understand, assess, prioritize, and communicate its cybersecurity efforts. The framework's core functions are organized into six key areas: Govern (new), Identify, Protect, Detect, Respond, and Recover. Together, these functions provide a comprehensive lifecycle approach to managing cybersecurity risk.;735291151388;us-west-1;2026-07-10 18:08:16.187152;po_3;Legal and regulatory requirements regarding cybersecurity, including privacy and civil liberties obligations, are understood and managed.;Govern (GV);Policies, Processes, and Procedures (GV.PO);;aws;;FAIL;AWS Config recorder 735291151388 is disabled.;arn:aws:config:us-west-1:735291151388:recorder;config_recorder_all_regions_enabled;False;735291151388;NIST-CSF;National Institute of Standards and Technology (NIST) Cybersecurity Framework (CSF) v2.0;
aws;The NIST Cybersecurity Framework (CSF) 2.0 offers a taxonomy of high-level cybersecurity outcomes that can be used by any organization regardless of its size, sector, or maturity to better understand, assess, prioritize, and communicate its cybersecurity efforts. The framework's core functions are organized into six key areas: Govern (new), Identify, Protect, Detect, Respond, and Recover. Together, these functions provide a comprehensive lifecycle approach to managing cybersecurity risk.;735291151388;us-west-1;2026-07-10 18:08:16.187152;po_4;Governance and risk management processes address cybersecurity risks.;Govern (GV);Policies, Processes, and Procedures (GV.PO);;aws;;FAIL;AWS Config recorder 735291151388 is disabled.;arn:aws:config:us-west-1:735291151388:recorder;config_recorder_all_regions_enabled;False;735291151388;NIST-CSF;National Institute of Standards and Technology (NIST) Cybersecurity Framework (CSF) v2.0;
aws;The NIST Cybersecurity Framework (CSF) 2.0 offers a taxonomy of high-level cybersecurity outcomes that can be used by any organization regardless of its size, sector, or maturity to better understand, assess, prioritize, and communicate its cybersecurity efforts. The framework's core functions are organized into six key areas: Govern (new), Identify, Protect, Detect, Respond, and Recover. Together, these functions provide a comprehensive lifecycle approach to managing cybersecurity risk.;735291151388;us-west-1;2026-07-10 18:08:16.187152;ov_3;Cybersecurity risk management strategy and practices are reviewed and adjusted to adapt to changes in the threat landscape, technologies, or mission, business, or system environments.;Govern (GV);Oversight (GV.OV);;aws;;FAIL;AWS Config recorder 735291151388 is disabled.;arn:aws:config:us-west-1:735291151388:recorder;config_recorder_all_regions_enabled;False;735291151388;NIST-CSF;National Institute of Standards and Technology (NIST) Cybersecurity Framework (CSF) v2.0;
aws;The NIST Cybersecurity Framework (CSF) 2.0 offers a taxonomy of high-level cybersecurity outcomes that can be used by any organization regardless of its size, sector, or maturity to better understand, assess, prioritize, and communicate its cybersecurity efforts. The framework's core functions are organized into six key areas: Govern (new), Identify, Protect, Detect, Respond, and Recover. Together, these functions provide a comprehensive lifecycle approach to managing cybersecurity risk.;735291151388;us-west-1;2026-07-10 18:08:16.187152;pt_1;Audit/log records are determined, documented, implemented, and reviewed in accordance with policy.;Protect (PR);Protective Technology (PR.PT);;aws;;FAIL;AWS Config recorder 735291151388 is disabled.;arn:aws:config:us-west-1:735291151388:recorder;config_recorder_all_regions_enabled;False;735291151388;NIST-CSF;National Institute of Standards and Technology (NIST) Cybersecurity Framework (CSF) v2.0;
aws;The NIST Cybersecurity Framework (CSF) 2.0 offers a taxonomy of high-level cybersecurity outcomes that can be used by any organization regardless of its size, sector, or maturity to better understand, assess, prioritize, and communicate its cybersecurity efforts. The framework's core functions are organized into six key areas: Govern (new), Identify, Protect, Detect, Respond, and Recover. Together, these functions provide a comprehensive lifecycle approach to managing cybersecurity risk.;735291151388;us-west-2;2026-07-10 18:08:16.187152;rm_1;Organizational cybersecurity risk management strategy is established, communicated, and maintained.;Govern (GV);Risk Management Strategy (GV.RM);;aws;;FAIL;AWS Config recorder 735291151388 is disabled.;arn:aws:config:us-west-2:735291151388:recorder;config_recorder_all_regions_enabled;False;735291151388;NIST-CSF;National Institute of Standards and Technology (NIST) Cybersecurity Framework (CSF) v2.0;
aws;The NIST Cybersecurity Framework (CSF) 2.0 offers a taxonomy of high-level cybersecurity outcomes that can be used by any organization regardless of its size, sector, or maturity to better understand, assess, prioritize, and communicate its cybersecurity efforts. The framework's core functions are organized into six key areas: Govern (new), Identify, Protect, Detect, Respond, and Recover. Together, these functions provide a comprehensive lifecycle approach to managing cybersecurity risk.;735291151388;us-west-2;2026-07-10 18:08:16.187152;po_3;Legal and regulatory requirements regarding cybersecurity, including privacy and civil liberties obligations, are understood and managed.;Govern (GV);Policies, Processes, and Procedures (GV.PO);;aws;;FAIL;AWS Config recorder 735291151388 is disabled.;arn:aws:config:us-west-2:735291151388:recorder;config_recorder_all_regions_enabled;False;735291151388;NIST-CSF;National Institute of Standards and Technology (NIST) Cybersecurity Framework (CSF) v2.0;
aws;The NIST Cybersecurity Framework (CSF) 2.0 offers a taxonomy of high-level cybersecurity outcomes that can be used by any organization regardless of its size, sector, or maturity to better understand, assess, prioritize, and communicate its cybersecurity efforts. The framework's core functions are organized into six key areas: Govern (new), Identify, Protect, Detect, Respond, and Recover. Together, these functions provide a comprehensive lifecycle approach to managing cybersecurity risk.;735291151388;us-west-2;2026-07-10 18:08:16.187152;po_4;Governance and risk management processes address cybersecurity risks.;Govern (GV);Policies, Processes, and Procedures (GV.PO);;aws;;FAIL;AWS Config recorder 735291151388 is disabled.;arn:aws:config:us-west-2:735291151388:recorder;config_recorder_all_regions_enabled;False;735291151388;NIST-CSF;National Institute of Standards and Technology (NIST) Cybersecurity Framework (CSF) v2.0;
aws;The NIST Cybersecurity Framework (CSF) 2.0 offers a taxonomy of high-level cybersecurity outcomes that can be used by any organization regardless of its size, sector, or maturity to better understand, assess, prioritize, and communicate its cybersecurity efforts. The framework's core functions are organized into six key areas: Govern (new), Identify, Protect, Detect, Respond, and Recover. Together, these functions provide a comprehensive lifecycle approach to managing cybersecurity risk.;735291151388;us-west-2;2026-07-10 18:08:16.187152;ov_3;Cybersecurity risk management strategy and practices are reviewed and adjusted to adapt to changes in the threat landscape, technologies, or mission, business, or system environments.;Govern (GV);Oversight (GV.OV);;aws;;FAIL;AWS Config recorder 735291151388 is disabled.;arn:aws:config:us-west-2:735291151388:recorder;config_recorder_all_regions_enabled;False;735291151388;NIST-CSF;National Institute of Standards and Technology (NIST) Cybersecurity Framework (CSF) v2.0;
aws;The NIST Cybersecurity Framework (CSF) 2.0 offers a taxonomy of high-level cybersecurity outcomes that can be used by any organization regardless of its size, sector, or maturity to better understand, assess, prioritize, and communicate its cybersecurity efforts. The framework's core functions are organized into six key areas: Govern (new), Identify, Protect, Detect, Respond, and Recover. Together, these functions provide a comprehensive lifecycle approach to managing cybersecurity risk.;735291151388;us-west-2;2026-07-10 18:08:16.187152;pt_1;Audit/log records are determined, documented, implemented, and reviewed in accordance with policy.;Protect (PR);Protective Technology (PR.PT);;aws;;FAIL;AWS Config recorder 735291151388 is disabled.;arn:aws:config:us-west-2:735291151388:recorder;config_recorder_all_regions_enabled;False;735291151388;NIST-CSF;National Institute of Standards and Technology (NIST) Cybersecurity Framework (CSF) v2.0;
aws;The NIST Cybersecurity Framework (CSF) 2.0 offers a taxonomy of high-level cybersecurity outcomes that can be used by any organization regardless of its size, sector, or maturity to better understand, assess, prioritize, and communicate its cybersecurity efforts. The framework's core functions are organized into six key areas: Govern (new), Identify, Protect, Detect, Respond, and Recover. Together, these functions provide a comprehensive lifecycle approach to managing cybersecurity risk.;735291151388;ap-south-1;2026-07-10 18:08:16.187152;ds_3;Assets are formally managed throughout removal, transfers, and disposition.;Protect (PR);Data Security (PR.DS);;aws;;FAIL;EBS Volume vol-022955d77ae658dd5 is not protected by a backup plan.;arn:aws:ec2:ap-south-1:735291151388:volume/vol-022955d77ae658dd5;ec2_ebs_volume_protected_by_backup_plan;False;vol-022955d77ae658dd5;NIST-CSF;National Institute of Standards and Technology (NIST) Cybersecurity Framework (CSF) v2.0;
aws;The NIST Cybersecurity Framework (CSF) 2.0 offers a taxonomy of high-level cybersecurity outcomes that can be used by any organization regardless of its size, sector, or maturity to better understand, assess, prioritize, and communicate its cybersecurity efforts. The framework's core functions are organized into six key areas: Govern (new), Identify, Protect, Detect, Respond, and Recover. Together, these functions provide a comprehensive lifecycle approach to managing cybersecurity risk.;735291151388;ap-south-1;2026-07-10 18:08:16.187152;ip_4;Backups of information are conducted, maintained, and tested periodically.;Protect (PR);Information Protection Processes and Procedures (PR.IP);;aws;;FAIL;EBS Volume vol-022955d77ae658dd5 is not protected by a backup plan.;arn:aws:ec2:ap-south-1:735291151388:volume/vol-022955d77ae658dd5;ec2_ebs_volume_protected_by_backup_plan;False;vol-022955d77ae658dd5;NIST-CSF;National Institute of Standards and Technology (NIST) Cybersecurity Framework (CSF) v2.0;
aws;The NIST Cybersecurity Framework (CSF) 2.0 offers a taxonomy of high-level cybersecurity outcomes that can be used by any organization regardless of its size, sector, or maturity to better understand, assess, prioritize, and communicate its cybersecurity efforts. The framework's core functions are organized into six key areas: Govern (new), Identify, Protect, Detect, Respond, and Recover. Together, these functions provide a comprehensive lifecycle approach to managing cybersecurity risk.;735291151388;ap-south-1;2026-07-10 18:08:16.187152;rc_rp_1;Recovery plan is executed during or after a cybersecurity incident.;Recover (RC);Recovery Planning (RC.RP);;aws;;FAIL;EBS Volume vol-022955d77ae658dd5 is not protected by a backup plan.;arn:aws:ec2:ap-south-1:735291151388:volume/vol-022955d77ae658dd5;ec2_ebs_volume_protected_by_backup_plan;False;vol-022955d77ae658dd5;NIST-CSF;National Institute of Standards and Technology (NIST) Cybersecurity Framework (CSF) v2.0;
aws;The NIST Cybersecurity Framework (CSF) 2.0 offers a taxonomy of high-level cybersecurity outcomes that can be used by any organization regardless of its size, sector, or maturity to better understand, assess, prioritize, and communicate its cybersecurity efforts. The framework's core functions are organized into six key areas: Govern (new), Identify, Protect, Detect, Respond, and Recover. Together, these functions provide a comprehensive lifecycle approach to managing cybersecurity risk.;735291151388;ap-south-1;2026-07-10 18:08:16.187152;ac_3;Remote access is managed.;Protect (PR);Identity Management and Access Control (PR.AC);;aws;;PASS;EC2 Instance i-0c7395c282641f31e has IMDSv2 enabled and required.;arn:aws:ec2:ap-south-1:735291151388:instance/i-0c7395c282641f31e;ec2_instance_imdsv2_enabled;False;i-0c7395c282641f31e;NIST-CSF;National Institute of Standards and Technology (NIST) Cybersecurity Framework (CSF) v2.0;
aws;The NIST Cybersecurity Framework (CSF) 2.0 offers a taxonomy of high-level cybersecurity outcomes that can be used by any organization regardless of its size, sector, or maturity to better understand, assess, prioritize, and communicate its cybersecurity efforts. The framework's core functions are organized into six key areas: Govern (new), Identify, Protect, Detect, Respond, and Recover. Together, these functions provide a comprehensive lifecycle approach to managing cybersecurity risk.;735291151388;ap-south-1;2026-07-10 18:08:16.187152;ac_3;Remote access is managed.;Protect (PR);Identity Management and Access Control (PR.AC);;aws;;FAIL;EC2 Instance i-0c7395c282641f31e is not managed by Systems Manager.;arn:aws:ec2:ap-south-1:735291151388:instance/i-0c7395c282641f31e;ec2_instance_managed_by_ssm;False;i-0c7395c282641f31e;NIST-CSF;National Institute of Standards and Technology (NIST) Cybersecurity Framework (CSF) v2.0;
aws;The NIST Cybersecurity Framework (CSF) 2.0 offers a taxonomy of high-level cybersecurity outcomes that can be used by any organization regardless of its size, sector, or maturity to better understand, assess, prioritize, and communicate its cybersecurity efforts. The framework's core functions are organized into six key areas: Govern (new), Identify, Protect, Detect, Respond, and Recover. Together, these functions provide a comprehensive lifecycle approach to managing cybersecurity risk.;735291151388;ap-south-1;2026-07-10 18:08:16.187152;ac_3;Remote access is managed.;Protect (PR);Identity Management and Access Control (PR.AC);;aws;;PASS;Instance i-0c7395c282641f31e does not have RDP port 3389 open to the Internet.;arn:aws:ec2:ap-south-1:735291151388:instance/i-0c7395c282641f31e;ec2_instance_port_rdp_exposed_to_internet;False;i-0c7395c282641f31e;NIST-CSF;National Institute of Standards and Technology (NIST) Cybersecurity Framework (CSF) v2.0;
aws;The NIST Cybersecurity Framework (CSF) 2.0 offers a taxonomy of high-level cybersecurity outcomes that can be used by any organization regardless of its size, sector, or maturity to better understand, assess, prioritize, and communicate its cybersecurity efforts. The framework's core functions are organized into six key areas: Govern (new), Identify, Protect, Detect, Respond, and Recover. Together, these functions provide a comprehensive lifecycle approach to managing cybersecurity risk.;735291151388;ap-south-1;2026-07-10 18:08:16.187152;ac_3;Remote access is managed.;Protect (PR);Identity Management and Access Control (PR.AC);;aws;;PASS;Instance i-0c7395c282641f31e does not have SSH port 22 open to the Internet.;arn:aws:ec2:ap-south-1:735291151388:instance/i-0c7395c282641f31e;ec2_instance_port_ssh_exposed_to_internet;False;i-0c7395c282641f31e;NIST-CSF;National Institute of Standards and Technology (NIST) Cybersecurity Framework (CSF) v2.0;
aws;The NIST Cybersecurity Framework (CSF) 2.0 offers a taxonomy of high-level cybersecurity outcomes that can be used by any organization regardless of its size, sector, or maturity to better understand, assess, prioritize, and communicate its cybersecurity efforts. The framework's core functions are organized into six key areas: Govern (new), Identify, Protect, Detect, Respond, and Recover. Together, these functions provide a comprehensive lifecycle approach to managing cybersecurity risk.;735291151388;ap-south-1;2026-07-10 18:08:16.187152;ac_3;Remote access is managed.;Protect (PR);Identity Management and Access Control (PR.AC);;aws;;PASS;Instance i-0c7395c282641f31e does not have Telnet port 23 open to the Internet.;arn:aws:ec2:ap-south-1:735291151388:instance/i-0c7395c282641f31e;ec2_instance_port_telnet_exposed_to_internet;False;i-0c7395c282641f31e;NIST-CSF;National Institute of Standards and Technology (NIST) Cybersecurity Framework (CSF) v2.0;
aws;The NIST Cybersecurity Framework (CSF) 2.0 offers a taxonomy of high-level cybersecurity outcomes that can be used by any organization regardless of its size, sector, or maturity to better understand, assess, prioritize, and communicate its cybersecurity efforts. The framework's core functions are organized into six key areas: Govern (new), Identify, Protect, Detect, Respond, and Recover. Together, these functions provide a comprehensive lifecycle approach to managing cybersecurity risk.;735291151388;ap-south-1;2026-07-10 18:08:16.187152;ip_1;A baseline configuration of information technology/industrial control systems is created and maintained incorporating security principles (e.g. concept of least functionality).;Protect (PR);Information Protection Processes and Procedures (PR.IP);;aws;;FAIL;EC2 Instance i-0c7395c282641f31e has a Public IP: 35.154.255.133 (ec2-35-154-255-133.ap-south-1.compute.amazonaws.com).;arn:aws:ec2:ap-south-1:735291151388:instance/i-0c7395c282641f31e;ec2_instance_public_ip;False;i-0c7395c282641f31e;NIST-CSF;National Institute of Standards and Technology (NIST) Cybersecurity Framework (CSF) v2.0;
aws;The NIST Cybersecurity Framework (CSF) 2.0 offers a taxonomy of high-level cybersecurity outcomes that can be used by any organization regardless of its size, sector, or maturity to better understand, assess, prioritize, and communicate its cybersecurity efforts. The framework's core functions are organized into six key areas: Govern (new), Identify, Protect, Detect, Respond, and Recover. Together, these functions provide a comprehensive lifecycle approach to managing cybersecurity risk.;735291151388;ap-south-1;2026-07-10 18:08:16.187152;ds_5;Protections against data leaks are implemented.;Protect (PR);Data Security (PR.DS);;aws;;PASS;No secrets found in EC2 instance i-0c7395c282641f31e User Data.;arn:aws:ec2:ap-south-1:735291151388:instance/i-0c7395c282641f31e;ec2_instance_secrets_user_data;False;i-0c7395c282641f31e;NIST-CSF;National Institute of Standards and Technology (NIST) Cybersecurity Framework (CSF) v2.0;
aws;The NIST Cybersecurity Framework (CSF) 2.0 offers a taxonomy of high-level cybersecurity outcomes that can be used by any organization regardless of its size, sector, or maturity to better understand, assess, prioritize, and communicate its cybersecurity efforts. The framework's core functions are organized into six key areas: Govern (new), Identify, Protect, Detect, Respond, and Recover. Together, these functions provide a comprehensive lifecycle approach to managing cybersecurity risk.;735291151388;ap-south-1;2026-07-10 18:08:16.187152;ac_3;Remote access is managed.;Protect (PR);Identity Management and Access Control (PR.AC);;aws;;PASS;Security group cloudguardian-rds-sg (sg-0be0be5f1a7d28519) does not have all ports open to the Internet.;arn:aws:ec2:ap-south-1:735291151388:security-group/sg-0be0be5f1a7d28519;ec2_securitygroup_allow_ingress_from_internet_to_all_ports;False;sg-0be0be5f1a7d28519;NIST-CSF;National Institute of Standards and Technology (NIST) Cybersecurity Framework (CSF) v2.0;
aws;The NIST Cybersecurity Framework (CSF) 2.0 offers a taxonomy of high-level cybersecurity outcomes that can be used by any organization regardless of its size, sector, or maturity to better understand, assess, prioritize, and communicate its cybersecurity efforts. The framework's core functions are organized into six key areas: Govern (new), Identify, Protect, Detect, Respond, and Recover. Together, these functions provide a comprehensive lifecycle approach to managing cybersecurity risk.;735291151388;ap-south-1;2026-07-10 18:08:16.187152;ac_5;Network integrity is protected (e.g., network segregation, network segmentation).;Protect (PR);Identity Management and Access Control (PR.AC);;aws;;PASS;Security group cloudguardian-rds-sg (sg-0be0be5f1a7d28519) does not have all ports open to the Internet.;arn:aws:ec2:ap-south-1:735291151388:security-group/sg-0be0be5f1a7d28519;ec2_securitygroup_allow_ingress_from_internet_to_all_ports;False;sg-0be0be5f1a7d28519;NIST-CSF;National Institute of Standards and Technology (NIST) Cybersecurity Framework (CSF) v2.0;
aws;The NIST Cybersecurity Framework (CSF) 2.0 offers a taxonomy of high-level cybersecurity outcomes that can be used by any organization regardless of its size, sector, or maturity to better understand, assess, prioritize, and communicate its cybersecurity efforts. The framework's core functions are organized into six key areas: Govern (new), Identify, Protect, Detect, Respond, and Recover. Together, these functions provide a comprehensive lifecycle approach to managing cybersecurity risk.;735291151388;ap-south-1;2026-07-10 18:08:16.187152;ds_5;Protections against data leaks are implemented.;Protect (PR);Data Security (PR.DS);;aws;;PASS;Security group cloudguardian-rds-sg (sg-0be0be5f1a7d28519) does not have all ports open to the Internet.;arn:aws:ec2:ap-south-1:735291151388:security-group/sg-0be0be5f1a7d28519;ec2_securitygroup_allow_ingress_from_internet_to_all_ports;False;sg-0be0be5f1a7d28519;NIST-CSF;National Institute of Standards and Technology (NIST) Cybersecurity Framework (CSF) v2.0;
aws;The NIST Cybersecurity Framework (CSF) 2.0 offers a taxonomy of high-level cybersecurity outcomes that can be used by any organization regardless of its size, sector, or maturity to better understand, assess, prioritize, and communicate its cybersecurity efforts. The framework's core functions are organized into six key areas: Govern (new), Identify, Protect, Detect, Respond, and Recover. Together, these functions provide a comprehensive lifecycle approach to managing cybersecurity risk.;735291151388;ap-south-1;2026-07-10 18:08:16.187152;ip_1;A baseline configuration of information technology/industrial control systems is created and maintained incorporating security principles (e.g. concept of least functionality).;Protect (PR);Information Protection Processes and Procedures (PR.IP);;aws;;PASS;Security group cloudguardian-rds-sg (sg-0be0be5f1a7d28519) does not have all ports open to the Internet.;arn:aws:ec2:ap-south-1:735291151388:security-group/sg-0be0be5f1a7d28519;ec2_securitygroup_allow_ingress_from_internet_to_all_ports;False;sg-0be0be5f1a7d28519;NIST-CSF;National Institute of Standards and Technology (NIST) Cybersecurity Framework (CSF) v2.0;
aws;The NIST Cybersecurity Framework (CSF) 2.0 offers a taxonomy of high-level cybersecurity outcomes that can be used by any organization regardless of its size, sector, or maturity to better understand, assess, prioritize, and communicate its cybersecurity efforts. The framework's core functions are organized into six key areas: Govern (new), Identify, Protect, Detect, Respond, and Recover. Together, these functions provide a comprehensive lifecycle approach to managing cybersecurity risk.;735291151388;ap-south-1;2026-07-10 18:08:16.187152;pt_4;Communications and control networks are protected.;Protect (PR);Protective Technology (PR.PT);;aws;;PASS;Security group cloudguardian-rds-sg (sg-0be0be5f1a7d28519) does not have all ports open to the Internet.;arn:aws:ec2:ap-south-1:735291151388:security-group/sg-0be0be5f1a7d28519;ec2_securitygroup_allow_ingress_from_internet_to_all_ports;False;sg-0be0be5f1a7d28519;NIST-CSF;National Institute of Standards and Technology (NIST) Cybersecurity Framework (CSF) v2.0;
aws;The NIST Cybersecurity Framework (CSF) 2.0 offers a taxonomy of high-level cybersecurity outcomes that can be used by any organization regardless of its size, sector, or maturity to better understand, assess, prioritize, and communicate its cybersecurity efforts. The framework's core functions are organized into six key areas: Govern (new), Identify, Protect, Detect, Respond, and Recover. Together, these functions provide a comprehensive lifecycle approach to managing cybersecurity risk.;735291151388;ap-south-1;2026-07-10 18:08:16.187152;ac_3;Remote access is managed.;Protect (PR);Identity Management and Access Control (PR.AC);;aws;;PASS;Security group cloudguardian-web-sg (sg-0fdba0a657788f1d7) does not have all ports open to the Internet.;arn:aws:ec2:ap-south-1:735291151388:security-group/sg-0fdba0a657788f1d7;ec2_securitygroup_allow_ingress_from_internet_to_all_ports;False;sg-0fdba0a657788f1d7;NIST-CSF;National Institute of Standards and Technology (NIST) Cybersecurity Framework (CSF) v2.0;
aws;The NIST Cybersecurity Framework (CSF) 2.0 offers a taxonomy of high-level cybersecurity outcomes that can be used by any organization regardless of its size, sector, or maturity to better understand, assess, prioritize, and communicate its cybersecurity efforts. The framework's core functions are organized into six key areas: Govern (new), Identify, Protect, Detect, Respond, and Recover. Together, these functions provide a comprehensive lifecycle approach to managing cybersecurity risk.;735291151388;ap-south-1;2026-07-10 18:08:16.187152;ac_5;Network integrity is protected (e.g., network segregation, network segmentation).;Protect (PR);Identity Management and Access Control (PR.AC);;aws;;PASS;Security group cloudguardian-web-sg (sg-0fdba0a657788f1d7) does not have all ports open to the Internet.;arn:aws:ec2:ap-south-1:735291151388:security-group/sg-0fdba0a657788f1d7;ec2_securitygroup_allow_ingress_from_internet_to_all_ports;False;sg-0fdba0a657788f1d7;NIST-CSF;National Institute of Standards and Technology (NIST) Cybersecurity Framework (CSF) v2.0;
aws;The NIST Cybersecurity Framework (CSF) 2.0 offers a taxonomy of high-level cybersecurity outcomes that can be used by any organization regardless of its size, sector, or maturity to better understand, assess, prioritize, and communicate its cybersecurity efforts. The framework's core functions are organized into six key areas: Govern (new), Identify, Protect, Detect, Respond, and Recover. Together, these functions provide a comprehensive lifecycle approach to managing cybersecurity risk.;735291151388;ap-south-1;2026-07-10 18:08:16.187152;ds_5;Protections against data leaks are implemented.;Protect (PR);Data Security (PR.DS);;aws;;PASS;Security group cloudguardian-web-sg (sg-0fdba0a657788f1d7) does not have all ports open to the Internet.;arn:aws:ec2:ap-south-1:735291151388:security-group/sg-0fdba0a657788f1d7;ec2_securitygroup_allow_ingress_from_internet_to_all_ports;False;sg-0fdba0a657788f1d7;NIST-CSF;National Institute of Standards and Technology (NIST) Cybersecurity Framework (CSF) v2.0;
aws;The NIST Cybersecurity Framework (CSF) 2.0 offers a taxonomy of high-level cybersecurity outcomes that can be used by any organization regardless of its size, sector, or maturity to better understand, assess, prioritize, and communicate its cybersecurity efforts. The framework's core functions are organized into six key areas: Govern (new), Identify, Protect, Detect, Respond, and Recover. Together, these functions provide a comprehensive lifecycle approach to managing cybersecurity risk.;735291151388;ap-south-1;2026-07-10 18:08:16.187152;ip_1;A baseline configuration of information technology/industrial control systems is created and maintained incorporating security principles (e.g. concept of least functionality).;Protect (PR);Information Protection Processes and Procedures (PR.IP);;aws;;PASS;Security group cloudguardian-web-sg (sg-0fdba0a657788f1d7) does not have all ports open to the Internet.;arn:aws:ec2:ap-south-1:735291151388:security-group/sg-0fdba0a657788f1d7;ec2_securitygroup_allow_ingress_from_internet_to_all_ports;False;sg-0fdba0a657788f1d7;NIST-CSF;National Institute of Standards and Technology (NIST) Cybersecurity Framework (CSF) v2.0;
aws;The NIST Cybersecurity Framework (CSF) 2.0 offers a taxonomy of high-level cybersecurity outcomes that can be used by any organization regardless of its size, sector, or maturity to better understand, assess, prioritize, and communicate its cybersecurity efforts. The framework's core functions are organized into six key areas: Govern (new), Identify, Protect, Detect, Respond, and Recover. Together, these functions provide a comprehensive lifecycle approach to managing cybersecurity risk.;735291151388;ap-south-1;2026-07-10 18:08:16.187152;pt_4;Communications and control networks are protected.;Protect (PR);Protective Technology (PR.PT);;aws;;PASS;Security group cloudguardian-web-sg (sg-0fdba0a657788f1d7) does not have all ports open to the Internet.;arn:aws:ec2:ap-south-1:735291151388:security-group/sg-0fdba0a657788f1d7;ec2_securitygroup_allow_ingress_from_internet_to_all_ports;False;sg-0fdba0a657788f1d7;NIST-CSF;National Institute of Standards and Technology (NIST) Cybersecurity Framework (CSF) v2.0;
aws;The NIST Cybersecurity Framework (CSF) 2.0 offers a taxonomy of high-level cybersecurity outcomes that can be used by any organization regardless of its size, sector, or maturity to better understand, assess, prioritize, and communicate its cybersecurity efforts. The framework's core functions are organized into six key areas: Govern (new), Identify, Protect, Detect, Respond, and Recover. Together, these functions provide a comprehensive lifecycle approach to managing cybersecurity risk.;735291151388;ap-south-1;2026-07-10 18:08:16.187152;ac_5;Network integrity is protected (e.g., network segregation, network segmentation).;Protect (PR);Identity Management and Access Control (PR.AC);;aws;;PASS;Security group cloudguardian-rds-sg (sg-0be0be5f1a7d28519) does not have any high-risk port open to the Internet.;arn:aws:ec2:ap-south-1:735291151388:security-group/sg-0be0be5f1a7d28519;ec2_securitygroup_allow_ingress_from_internet_to_high_risk_tcp_ports;False;sg-0be0be5f1a7d28519;NIST-CSF;National Institute of Standards and Technology (NIST) Cybersecurity Framework (CSF) v2.0;
aws;The NIST Cybersecurity Framework (CSF) 2.0 offers a taxonomy of high-level cybersecurity outcomes that can be used by any organization regardless of its size, sector, or maturity to better understand, assess, prioritize, and communicate its cybersecurity efforts. The framework's core functions are organized into six key areas: Govern (new), Identify, Protect, Detect, Respond, and Recover. Together, these functions provide a comprehensive lifecycle approach to managing cybersecurity risk.;735291151388;ap-south-1;2026-07-10 18:08:16.187152;ac_5;Network integrity is protected (e.g., network segregation, network segmentation).;Protect (PR);Identity Management and Access Control (PR.AC);;aws;;PASS;Security group cloudguardian-web-sg (sg-0fdba0a657788f1d7) does not have any high-risk port open to the Internet.;arn:aws:ec2:ap-south-1:735291151388:security-group/sg-0fdba0a657788f1d7;ec2_securitygroup_allow_ingress_from_internet_to_high_risk_tcp_ports;False;sg-0fdba0a657788f1d7;NIST-CSF;National Institute of Standards and Technology (NIST) Cybersecurity Framework (CSF) v2.0;
aws;The NIST Cybersecurity Framework (CSF) 2.0 offers a taxonomy of high-level cybersecurity outcomes that can be used by any organization regardless of its size, sector, or maturity to better understand, assess, prioritize, and communicate its cybersecurity efforts. The framework's core functions are organized into six key areas: Govern (new), Identify, Protect, Detect, Respond, and Recover. Together, these functions provide a comprehensive lifecycle approach to managing cybersecurity risk.;735291151388;ap-south-1;2026-07-10 18:08:16.187152;ac_3;Remote access is managed.;Protect (PR);Identity Management and Access Control (PR.AC);;aws;;PASS;Security group cloudguardian-rds-sg (sg-0be0be5f1a7d28519) does not have SSH port 22 open to the Internet.;arn:aws:ec2:ap-south-1:735291151388:security-group/sg-0be0be5f1a7d28519;ec2_securitygroup_allow_ingress_from_internet_to_tcp_port_22;False;sg-0be0be5f1a7d28519;NIST-CSF;National Institute of Standards and Technology (NIST) Cybersecurity Framework (CSF) v2.0;
aws;The NIST Cybersecurity Framework (CSF) 2.0 offers a taxonomy of high-level cybersecurity outcomes that can be used by any organization regardless of its size, sector, or maturity to better understand, assess, prioritize, and communicate its cybersecurity efforts. The framework's core functions are organized into six key areas: Govern (new), Identify, Protect, Detect, Respond, and Recover. Together, these functions provide a comprehensive lifecycle approach to managing cybersecurity risk.;735291151388;ap-south-1;2026-07-10 18:08:16.187152;ac_3;Remote access is managed.;Protect (PR);Identity Management and Access Control (PR.AC);;aws;;PASS;Security group cloudguardian-web-sg (sg-0fdba0a657788f1d7) does not have SSH port 22 open to the Internet.;arn:aws:ec2:ap-south-1:735291151388:security-group/sg-0fdba0a657788f1d7;ec2_securitygroup_allow_ingress_from_internet_to_tcp_port_22;False;sg-0fdba0a657788f1d7;NIST-CSF;National Institute of Standards and Technology (NIST) Cybersecurity Framework (CSF) v2.0;
aws;The NIST Cybersecurity Framework (CSF) 2.0 offers a taxonomy of high-level cybersecurity outcomes that can be used by any organization regardless of its size, sector, or maturity to better understand, assess, prioritize, and communicate its cybersecurity efforts. The framework's core functions are organized into six key areas: Govern (new), Identify, Protect, Detect, Respond, and Recover. Together, these functions provide a comprehensive lifecycle approach to managing cybersecurity risk.;735291151388;ap-south-1;2026-07-10 18:08:16.187152;ac_3;Remote access is managed.;Protect (PR);Identity Management and Access Control (PR.AC);;aws;;PASS;Security group cloudguardian-rds-sg (sg-0be0be5f1a7d28519) does not have Microsoft RDP port 3389 open to the Internet.;arn:aws:ec2:ap-south-1:735291151388:security-group/sg-0be0be5f1a7d28519;ec2_securitygroup_allow_ingress_from_internet_to_tcp_port_3389;False;sg-0be0be5f1a7d28519;NIST-CSF;National Institute of Standards and Technology (NIST) Cybersecurity Framework (CSF) v2.0;
aws;The NIST Cybersecurity Framework (CSF) 2.0 offers a taxonomy of high-level cybersecurity outcomes that can be used by any organization regardless of its size, sector, or maturity to better understand, assess, prioritize, and communicate its cybersecurity efforts. The framework's core functions are organized into six key areas: Govern (new), Identify, Protect, Detect, Respond, and Recover. Together, these functions provide a comprehensive lifecycle approach to managing cybersecurity risk.;735291151388;ap-south-1;2026-07-10 18:08:16.187152;ac_5;Network integrity is protected (e.g., network segregation, network segmentation).;Protect (PR);Identity Management and Access Control (PR.AC);;aws;;PASS;Security group cloudguardian-rds-sg (sg-0be0be5f1a7d28519) does not have Microsoft RDP port 3389 open to the Internet.;arn:aws:ec2:ap-south-1:735291151388:security-group/sg-0be0be5f1a7d28519;ec2_securitygroup_allow_ingress_from_internet_to_tcp_port_3389;False;sg-0be0be5f1a7d28519;NIST-CSF;National Institute of Standards and Technology (NIST) Cybersecurity Framework (CSF) v2.0;
aws;The NIST Cybersecurity Framework (CSF) 2.0 offers a taxonomy of high-level cybersecurity outcomes that can be used by any organization regardless of its size, sector, or maturity to better understand, assess, prioritize, and communicate its cybersecurity efforts. The framework's core functions are organized into six key areas: Govern (new), Identify, Protect, Detect, Respond, and Recover. Together, these functions provide a comprehensive lifecycle approach to managing cybersecurity risk.;735291151388;ap-south-1;2026-07-10 18:08:16.187152;ac_3;Remote access is managed.;Protect (PR);Identity Management and Access Control (PR.AC);;aws;;PASS;Security group cloudguardian-web-sg (sg-0fdba0a657788f1d7) does not have Microsoft RDP port 3389 open to the Internet.;arn:aws:ec2:ap-south-1:735291151388:security-group/sg-0fdba0a657788f1d7;ec2_securitygroup_allow_ingress_from_internet_to_tcp_port_3389;False;sg-0fdba0a657788f1d7;NIST-CSF;National Institute of Standards and Technology (NIST) Cybersecurity Framework (CSF) v2.0;
aws;The NIST Cybersecurity Framework (CSF) 2.0 offers a taxonomy of high-level cybersecurity outcomes that can be used by any organization regardless of its size, sector, or maturity to better understand, assess, prioritize, and communicate its cybersecurity efforts. The framework's core functions are organized into six key areas: Govern (new), Identify, Protect, Detect, Respond, and Recover. Together, these functions provide a comprehensive lifecycle approach to managing cybersecurity risk.;735291151388;ap-south-1;2026-07-10 18:08:16.187152;ac_5;Network integrity is protected (e.g., network segregation, network segmentation).;Protect (PR);Identity Management and Access Control (PR.AC);;aws;;PASS;Security group cloudguardian-web-sg (sg-0fdba0a657788f1d7) does not have Microsoft RDP port 3389 open to the Internet.;arn:aws:ec2:ap-south-1:735291151388:security-group/sg-0fdba0a657788f1d7;ec2_securitygroup_allow_ingress_from_internet_to_tcp_port_3389;False;sg-0fdba0a657788f1d7;NIST-CSF;National Institute of Standards and Technology (NIST) Cybersecurity Framework (CSF) v2.0;
aws;The NIST Cybersecurity Framework (CSF) 2.0 offers a taxonomy of high-level cybersecurity outcomes that can be used by any organization regardless of its size, sector, or maturity to better understand, assess, prioritize, and communicate its cybersecurity efforts. The framework's core functions are organized into six key areas: Govern (new), Identify, Protect, Detect, Respond, and Recover. Together, these functions provide a comprehensive lifecycle approach to managing cybersecurity risk.;735291151388;ap-south-1;2026-07-10 18:08:16.187152;ac_5;Network integrity is protected (e.g., network segregation, network segmentation).;Protect (PR);Identity Management and Access Control (PR.AC);;aws;;PASS;Security group cloudguardian-rds-sg (sg-0be0be5f1a7d28519) does not have Elasticsearch/Kibana ports 9200, 9300 and 5601 open to the Internet.;arn:aws:ec2:ap-south-1:735291151388:security-group/sg-0be0be5f1a7d28519;ec2_securitygroup_allow_ingress_from_internet_to_tcp_port_elasticsearch_kibana_9200_9300_5601;False;sg-0be0be5f1a7d28519;NIST-CSF;National Institute of Standards and Technology (NIST) Cybersecurity Framework (CSF) v2.0;
aws;The NIST Cybersecurity Framework (CSF) 2.0 offers a taxonomy of high-level cybersecurity outcomes that can be used by any organization regardless of its size, sector, or maturity to better understand, assess, prioritize, and communicate its cybersecurity efforts. The framework's core functions are organized into six key areas: Govern (new), Identify, Protect, Detect, Respond, and Recover. Together, these functions provide a comprehensive lifecycle approach to managing cybersecurity risk.;735291151388;ap-south-1;2026-07-10 18:08:16.187152;ac_5;Network integrity is protected (e.g., network segregation, network segmentation).;Protect (PR);Identity Management and Access Control (PR.AC);;aws;;PASS;Security group cloudguardian-web-sg (sg-0fdba0a657788f1d7) does not have Elasticsearch/Kibana ports 9200, 9300 and 5601 open to the Internet.;arn:aws:ec2:ap-south-1:735291151388:security-group/sg-0fdba0a657788f1d7;ec2_securitygroup_allow_ingress_from_internet_to_tcp_port_elasticsearch_kibana_9200_9300_5601;False;sg-0fdba0a657788f1d7;NIST-CSF;National Institute of Standards and Technology (NIST) Cybersecurity Framework (CSF) v2.0;
aws;The NIST Cybersecurity Framework (CSF) 2.0 offers a taxonomy of high-level cybersecurity outcomes that can be used by any organization regardless of its size, sector, or maturity to better understand, assess, prioritize, and communicate its cybersecurity efforts. The framework's core functions are organized into six key areas: Govern (new), Identify, Protect, Detect, Respond, and Recover. Together, these functions provide a comprehensive lifecycle approach to managing cybersecurity risk.;735291151388;ap-south-1;2026-07-10 18:08:16.187152;ac_5;Network integrity is protected (e.g., network segregation, network segmentation).;Protect (PR);Identity Management and Access Control (PR.AC);;aws;;PASS;Security group cloudguardian-rds-sg (sg-0be0be5f1a7d28519) does not have MongoDB ports 27017 and 27018 open to the Internet.;arn:aws:ec2:ap-south-1:735291151388:security-group/sg-0be0be5f1a7d28519;ec2_securitygroup_allow_ingress_from_internet_to_tcp_port_mongodb_27017_27018;False;sg-0be0be5f1a7d28519;NIST-CSF;National Institute of Standards and Technology (NIST) Cybersecurity Framework (CSF) v2.0;
aws;The NIST Cybersecurity Framework (CSF) 2.0 offers a taxonomy of high-level cybersecurity outcomes that can be used by any organization regardless of its size, sector, or maturity to better understand, assess, prioritize, and communicate its cybersecurity efforts. The framework's core functions are organized into six key areas: Govern (new), Identify, Protect, Detect, Respond, and Recover. Together, these functions provide a comprehensive lifecycle approach to managing cybersecurity risk.;735291151388;ap-south-1;2026-07-10 18:08:16.187152;ac_5;Network integrity is protected (e.g., network segregation, network segmentation).;Protect (PR);Identity Management and Access Control (PR.AC);;aws;;PASS;Security group cloudguardian-web-sg (sg-0fdba0a657788f1d7) does not have MongoDB ports 27017 and 27018 open to the Internet.;arn:aws:ec2:ap-south-1:735291151388:security-group/sg-0fdba0a657788f1d7;ec2_securitygroup_allow_ingress_from_internet_to_tcp_port_mongodb_27017_27018;False;sg-0fdba0a657788f1d7;NIST-CSF;National Institute of Standards and Technology (NIST) Cybersecurity Framework (CSF) v2.0;
aws;The NIST Cybersecurity Framework (CSF) 2.0 offers a taxonomy of high-level cybersecurity outcomes that can be used by any organization regardless of its size, sector, or maturity to better understand, assess, prioritize, and communicate its cybersecurity efforts. The framework's core functions are organized into six key areas: Govern (new), Identify, Protect, Detect, Respond, and Recover. Together, these functions provide a comprehensive lifecycle approach to managing cybersecurity risk.;735291151388;ap-south-1;2026-07-10 18:08:16.187152;ac_5;Network integrity is protected (e.g., network segregation, network segmentation).;Protect (PR);Identity Management and Access Control (PR.AC);;aws;;PASS;Security group cloudguardian-rds-sg (sg-0be0be5f1a7d28519) does not have Oracle ports 1521 and 2483 open to the Internet.;arn:aws:ec2:ap-south-1:735291151388:security-group/sg-0be0be5f1a7d28519;ec2_securitygroup_allow_ingress_from_internet_to_tcp_port_oracle_1521_2483;False;sg-0be0be5f1a7d28519;NIST-CSF;National Institute of Standards and Technology (NIST) Cybersecurity Framework (CSF) v2.0;
aws;The NIST Cybersecurity Framework (CSF) 2.0 offers a taxonomy of high-level cybersecurity outcomes that can be used by any organization regardless of its size, sector, or maturity to better understand, assess, prioritize, and communicate its cybersecurity efforts. The framework's core functions are organized into six key areas: Govern (new), Identify, Protect, Detect, Respond, and Recover. Together, these functions provide a comprehensive lifecycle approach to managing cybersecurity risk.;735291151388;ap-south-1;2026-07-10 18:08:16.187152;ac_5;Network integrity is protected (e.g., network segregation, network segmentation).;Protect (PR);Identity Management and Access Control (PR.AC);;aws;;PASS;Security group cloudguardian-web-sg (sg-0fdba0a657788f1d7) does not have Oracle ports 1521 and 2483 open to the Internet.;arn:aws:ec2:ap-south-1:735291151388:security-group/sg-0fdba0a657788f1d7;ec2_securitygroup_allow_ingress_from_internet_to_tcp_port_oracle_1521_2483;False;sg-0fdba0a657788f1d7;NIST-CSF;National Institute of Standards and Technology (NIST) Cybersecurity Framework (CSF) v2.0;
aws;The NIST Cybersecurity Framework (CSF) 2.0 offers a taxonomy of high-level cybersecurity outcomes that can be used by any organization regardless of its size, sector, or maturity to better understand, assess, prioritize, and communicate its cybersecurity efforts. The framework's core functions are organized into six key areas: Govern (new), Identify, Protect, Detect, Respond, and Recover. Together, these functions provide a comprehensive lifecycle approach to managing cybersecurity risk.;735291151388;ap-south-1;2026-07-10 18:08:16.187152;ac_5;Network integrity is protected (e.g., network segregation, network segmentation).;Protect (PR);Identity Management and Access Control (PR.AC);;aws;;PASS;Security group cloudguardian-rds-sg (sg-0be0be5f1a7d28519) does not have Postgres port 5432 open to the Internet.;arn:aws:ec2:ap-south-1:735291151388:security-group/sg-0be0be5f1a7d28519;ec2_securitygroup_allow_ingress_from_internet_to_tcp_port_postgres_5432;False;sg-0be0be5f1a7d28519;NIST-CSF;National Institute of Standards and Technology (NIST) Cybersecurity Framework (CSF) v2.0;
aws;The NIST Cybersecurity Framework (CSF) 2.0 offers a taxonomy of high-level cybersecurity outcomes that can be used by any organization regardless of its size, sector, or maturity to better understand, assess, prioritize, and communicate its cybersecurity efforts. The framework's core functions are organized into six key areas: Govern (new), Identify, Protect, Detect, Respond, and Recover. Together, these functions provide a comprehensive lifecycle approach to managing cybersecurity risk.;735291151388;ap-south-1;2026-07-10 18:08:16.187152;ac_5;Network integrity is protected (e.g., network segregation, network segmentation).;Protect (PR);Identity Management and Access Control (PR.AC);;aws;;PASS;Security group cloudguardian-web-sg (sg-0fdba0a657788f1d7) does not have Postgres port 5432 open to the Internet.;arn:aws:ec2:ap-south-1:735291151388:security-group/sg-0fdba0a657788f1d7;ec2_securitygroup_allow_ingress_from_internet_to_tcp_port_postgres_5432;False;sg-0fdba0a657788f1d7;NIST-CSF;National Institute of Standards and Technology (NIST) Cybersecurity Framework (CSF) v2.0;
aws;The NIST Cybersecurity Framework (CSF) 2.0 offers a taxonomy of high-level cybersecurity outcomes that can be used by any organization regardless of its size, sector, or maturity to better understand, assess, prioritize, and communicate its cybersecurity efforts. The framework's core functions are organized into six key areas: Govern (new), Identify, Protect, Detect, Respond, and Recover. Together, these functions provide a comprehensive lifecycle approach to managing cybersecurity risk.;735291151388;ap-south-1;2026-07-10 18:08:16.187152;ac_5;Network integrity is protected (e.g., network segregation, network segmentation).;Protect (PR);Identity Management and Access Control (PR.AC);;aws;;PASS;Security group cloudguardian-rds-sg (sg-0be0be5f1a7d28519) it is being used.;arn:aws:ec2:ap-south-1:735291151388:security-group/sg-0be0be5f1a7d28519;ec2_securitygroup_not_used;False;sg-0be0be5f1a7d28519;NIST-CSF;National Institute of Standards and Technology (NIST) Cybersecurity Framework (CSF) v2.0;
aws;The NIST Cybersecurity Framework (CSF) 2.0 offers a taxonomy of high-level cybersecurity outcomes that can be used by any organization regardless of its size, sector, or maturity to better understand, assess, prioritize, and communicate its cybersecurity efforts. The framework's core functions are organized into six key areas: Govern (new), Identify, Protect, Detect, Respond, and Recover. Together, these functions provide a comprehensive lifecycle approach to managing cybersecurity risk.;735291151388;ap-south-1;2026-07-10 18:08:16.187152;ip_1;A baseline configuration of information technology/industrial control systems is created and maintained incorporating security principles (e.g. concept of least functionality).;Protect (PR);Information Protection Processes and Procedures (PR.IP);;aws;;PASS;Security group cloudguardian-rds-sg (sg-0be0be5f1a7d28519) it is being used.;arn:aws:ec2:ap-south-1:735291151388:security-group/sg-0be0be5f1a7d28519;ec2_securitygroup_not_used;False;sg-0be0be5f1a7d28519;NIST-CSF;National Institute of Standards and Technology (NIST) Cybersecurity Framework (CSF) v2.0;
aws;The NIST Cybersecurity Framework (CSF) 2.0 offers a taxonomy of high-level cybersecurity outcomes that can be used by any organization regardless of its size, sector, or maturity to better understand, assess, prioritize, and communicate its cybersecurity efforts. The framework's core functions are organized into six key areas: Govern (new), Identify, Protect, Detect, Respond, and Recover. Together, these functions provide a comprehensive lifecycle approach to managing cybersecurity risk.;735291151388;ap-south-1;2026-07-10 18:08:16.187152;ac_5;Network integrity is protected (e.g., network segregation, network segmentation).;Protect (PR);Identity Management and Access Control (PR.AC);;aws;;PASS;Security group cloudguardian-web-sg (sg-0fdba0a657788f1d7) it is being used.;arn:aws:ec2:ap-south-1:735291151388:security-group/sg-0fdba0a657788f1d7;ec2_securitygroup_not_used;False;sg-0fdba0a657788f1d7;NIST-CSF;National Institute of Standards and Technology (NIST) Cybersecurity Framework (CSF) v2.0;
aws;The NIST Cybersecurity Framework (CSF) 2.0 offers a taxonomy of high-level cybersecurity outcomes that can be used by any organization regardless of its size, sector, or maturity to better understand, assess, prioritize, and communicate its cybersecurity efforts. The framework's core functions are organized into six key areas: Govern (new), Identify, Protect, Detect, Respond, and Recover. Together, these functions provide a comprehensive lifecycle approach to managing cybersecurity risk.;735291151388;ap-south-1;2026-07-10 18:08:16.187152;ip_1;A baseline configuration of information technology/industrial control systems is created and maintained incorporating security principles (e.g. concept of least functionality).;Protect (PR);Information Protection Processes and Procedures (PR.IP);;aws;;PASS;Security group cloudguardian-web-sg (sg-0fdba0a657788f1d7) it is being used.;arn:aws:ec2:ap-south-1:735291151388:security-group/sg-0fdba0a657788f1d7;ec2_securitygroup_not_used;False;sg-0fdba0a657788f1d7;NIST-CSF;National Institute of Standards and Technology (NIST) Cybersecurity Framework (CSF) v2.0;
aws;The NIST Cybersecurity Framework (CSF) 2.0 offers a taxonomy of high-level cybersecurity outcomes that can be used by any organization regardless of its size, sector, or maturity to better understand, assess, prioritize, and communicate its cybersecurity efforts. The framework's core functions are organized into six key areas: Govern (new), Identify, Protect, Detect, Respond, and Recover. Together, these functions provide a comprehensive lifecycle approach to managing cybersecurity risk.;735291151388;ap-south-1;2026-07-10 18:08:16.187152;ac_5;Network integrity is protected (e.g., network segregation, network segmentation).;Protect (PR);Identity Management and Access Control (PR.AC);;aws;;FAIL;Security group launch-wizard-1 (sg-0aaba2fb7e64252aa) it is not being used.;arn:aws:ec2:ap-south-1:735291151388:security-group/sg-0aaba2fb7e64252aa;ec2_securitygroup_not_used;False;sg-0aaba2fb7e64252aa;NIST-CSF;National Institute of Standards and Technology (NIST) Cybersecurity Framework (CSF) v2.0;
aws;The NIST Cybersecurity Framework (CSF) 2.0 offers a taxonomy of high-level cybersecurity outcomes that can be used by any organization regardless of its size, sector, or maturity to better understand, assess, prioritize, and communicate its cybersecurity efforts. The framework's core functions are organized into six key areas: Govern (new), Identify, Protect, Detect, Respond, and Recover. Together, these functions provide a comprehensive lifecycle approach to managing cybersecurity risk.;735291151388;ap-south-1;2026-07-10 18:08:16.187152;ip_1;A baseline configuration of information technology/industrial control systems is created and maintained incorporating security principles (e.g. concept of least functionality).;Protect (PR);Information Protection Processes and Procedures (PR.IP);;aws;;FAIL;Security group launch-wizard-1 (sg-0aaba2fb7e64252aa) it is not being used.;arn:aws:ec2:ap-south-1:735291151388:security-group/sg-0aaba2fb7e64252aa;ec2_securitygroup_not_used;False;sg-0aaba2fb7e64252aa;NIST-CSF;National Institute of Standards and Technology (NIST) Cybersecurity Framework (CSF) v2.0;
aws;The NIST Cybersecurity Framework (CSF) 2.0 offers a taxonomy of high-level cybersecurity outcomes that can be used by any organization regardless of its size, sector, or maturity to better understand, assess, prioritize, and communicate its cybersecurity efforts. The framework's core functions are organized into six key areas: Govern (new), Identify, Protect, Detect, Respond, and Recover. Together, these functions provide a comprehensive lifecycle approach to managing cybersecurity risk.;735291151388;ap-northeast-1;2026-07-10 18:08:16.187152;ra_5;Threats, vulnerabilities, likelihoods, and impacts are used to determine risk.;Identify (ID);Risk Assessment (ID.RA);;aws;;PASS;EventBridge event bus default does not allow cross-account access.;arn:aws:events:ap-northeast-1:735291151388:event-bus/default;eventbridge_bus_cross_account_access;False;default;NIST-CSF;National Institute of Standards and Technology (NIST) Cybersecurity Framework (CSF) v2.0;
aws;The NIST Cybersecurity Framework (CSF) 2.0 offers a taxonomy of high-level cybersecurity outcomes that can be used by any organization regardless of its size, sector, or maturity to better understand, assess, prioritize, and communicate its cybersecurity efforts. The framework's core functions are organized into six key areas: Govern (new), Identify, Protect, Detect, Respond, and Recover. Together, these functions provide a comprehensive lifecycle approach to managing cybersecurity risk.;735291151388;ap-northeast-1;2026-07-10 18:08:16.187152;ac_4;Access permissions and authorizations are managed, incorporating the principles of least privilege and separation of duties.;Protect (PR);Identity Management and Access Control (PR.AC);;aws;;PASS;EventBridge event bus default does not allow cross-account access.;arn:aws:events:ap-northeast-1:735291151388:event-bus/default;eventbridge_bus_cross_account_access;False;default;NIST-CSF;National Institute of Standards and Technology (NIST) Cybersecurity Framework (CSF) v2.0;
aws;The NIST Cybersecurity Framework (CSF) 2.0 offers a taxonomy of high-level cybersecurity outcomes that can be used by any organization regardless of its size, sector, or maturity to better understand, assess, prioritize, and communicate its cybersecurity efforts. The framework's core functions are organized into six key areas: Govern (new), Identify, Protect, Detect, Respond, and Recover. Together, these functions provide a comprehensive lifecycle approach to managing cybersecurity risk.;735291151388;ap-northeast-1;2026-07-10 18:08:16.187152;dp_4;Event detection information is communicated.;Detect (DE);Detection Processes (DE.DP);;aws;;PASS;EventBridge event bus default does not allow cross-account access.;arn:aws:events:ap-northeast-1:735291151388:event-bus/default;eventbridge_bus_cross_account_access;False;default;NIST-CSF;National Institute of Standards and Technology (NIST) Cybersecurity Framework (CSF) v2.0;
aws;The NIST Cybersecurity Framework (CSF) 2.0 offers a taxonomy of high-level cybersecurity outcomes that can be used by any organization regardless of its size, sector, or maturity to better understand, assess, prioritize, and communicate its cybersecurity efforts. The framework's core functions are organized into six key areas: Govern (new), Identify, Protect, Detect, Respond, and Recover. Together, these functions provide a comprehensive lifecycle approach to managing cybersecurity risk.;735291151388;ap-northeast-2;2026-07-10 18:08:16.187152;ra_5;Threats, vulnerabilities, likelihoods, and impacts are used to determine risk.;Identify (ID);Risk Assessment (ID.RA);;aws;;PASS;EventBridge event bus default does not allow cross-account access.;arn:aws:events:ap-northeast-2:735291151388:event-bus/default;eventbridge_bus_cross_account_access;False;default;NIST-CSF;National Institute of Standards and Technology (NIST) Cybersecurity Framework (CSF) v2.0;
aws;The NIST Cybersecurity Framework (CSF) 2.0 offers a taxonomy of high-level cybersecurity outcomes that can be used by any organization regardless of its size, sector, or maturity to better understand, assess, prioritize, and communicate its cybersecurity efforts. The framework's core functions are organized into six key areas: Govern (new), Identify, Protect, Detect, Respond, and Recover. Together, these functions provide a comprehensive lifecycle approach to managing cybersecurity risk.;735291151388;ap-northeast-2;2026-07-10 18:08:16.187152;ac_4;Access permissions and authorizations are managed, incorporating the principles of least privilege and separation of duties.;Protect (PR);Identity Management and Access Control (PR.AC);;aws;;PASS;EventBridge event bus default does not allow cross-account access.;arn:aws:events:ap-northeast-2:735291151388:event-bus/default;eventbridge_bus_cross_account_access;False;default;NIST-CSF;National Institute of Standards and Technology (NIST) Cybersecurity Framework (CSF) v2.0;
aws;The NIST Cybersecurity Framework (CSF) 2.0 offers a taxonomy of high-level cybersecurity outcomes that can be used by any organization regardless of its size, sector, or maturity to better understand, assess, prioritize, and communicate its cybersecurity efforts. The framework's core functions are organized into six key areas: Govern (new), Identify, Protect, Detect, Respond, and Recover. Together, these functions provide a comprehensive lifecycle approach to managing cybersecurity risk.;735291151388;ap-northeast-2;2026-07-10 18:08:16.187152;dp_4;Event detection information is communicated.;Detect (DE);Detection Processes (DE.DP);;aws;;PASS;EventBridge event bus default does not allow cross-account access.;arn:aws:events:ap-northeast-2:735291151388:event-bus/default;eventbridge_bus_cross_account_access;False;default;NIST-CSF;National Institute of Standards and Technology (NIST) Cybersecurity Framework (CSF) v2.0;
aws;The NIST Cybersecurity Framework (CSF) 2.0 offers a taxonomy of high-level cybersecurity outcomes that can be used by any organization regardless of its size, sector, or maturity to better understand, assess, prioritize, and communicate its cybersecurity efforts. The framework's core functions are organized into six key areas: Govern (new), Identify, Protect, Detect, Respond, and Recover. Together, these functions provide a comprehensive lifecycle approach to managing cybersecurity risk.;735291151388;ap-northeast-3;2026-07-10 18:08:16.187152;ra_5;Threats, vulnerabilities, likelihoods, and impacts are used to determine risk.;Identify (ID);Risk Assessment (ID.RA);;aws;;PASS;EventBridge event bus default does not allow cross-account access.;arn:aws:events:ap-northeast-3:735291151388:event-bus/default;eventbridge_bus_cross_account_access;False;default;NIST-CSF;National Institute of Standards and Technology (NIST) Cybersecurity Framework (CSF) v2.0;
aws;The NIST Cybersecurity Framework (CSF) 2.0 offers a taxonomy of high-level cybersecurity outcomes that can be used by any organization regardless of its size, sector, or maturity to better understand, assess, prioritize, and communicate its cybersecurity efforts. The framework's core functions are organized into six key areas: Govern (new), Identify, Protect, Detect, Respond, and Recover. Together, these functions provide a comprehensive lifecycle approach to managing cybersecurity risk.;735291151388;ap-northeast-3;2026-07-10 18:08:16.187152;ac_4;Access permissions and authorizations are managed, incorporating the principles of least privilege and separation of duties.;Protect (PR);Identity Management and Access Control (PR.AC);;aws;;PASS;EventBridge event bus default does not allow cross-account access.;arn:aws:events:ap-northeast-3:735291151388:event-bus/default;eventbridge_bus_cross_account_access;False;default;NIST-CSF;National Institute of Standards and Technology (NIST) Cybersecurity Framework (CSF) v2.0;
aws;The NIST Cybersecurity Framework (CSF) 2.0 offers a taxonomy of high-level cybersecurity outcomes that can be used by any organization regardless of its size, sector, or maturity to better understand, assess, prioritize, and communicate its cybersecurity efforts. The framework's core functions are organized into six key areas: Govern (new), Identify, Protect, Detect, Respond, and Recover. Together, these functions provide a comprehensive lifecycle approach to managing cybersecurity risk.;735291151388;ap-northeast-3;2026-07-10 18:08:16.187152;dp_4;Event detection information is communicated.;Detect (DE);Detection Processes (DE.DP);;aws;;PASS;EventBridge event bus default does not allow cross-account access.;arn:aws:events:ap-northeast-3:735291151388:event-bus/default;eventbridge_bus_cross_account_access;False;default;NIST-CSF;National Institute of Standards and Technology (NIST) Cybersecurity Framework (CSF) v2.0;
aws;The NIST Cybersecurity Framework (CSF) 2.0 offers a taxonomy of high-level cybersecurity outcomes that can be used by any organization regardless of its size, sector, or maturity to better understand, assess, prioritize, and communicate its cybersecurity efforts. The framework's core functions are organized into six key areas: Govern (new), Identify, Protect, Detect, Respond, and Recover. Together, these functions provide a comprehensive lifecycle approach to managing cybersecurity risk.;735291151388;ap-south-1;2026-07-10 18:08:16.187152;ra_5;Threats, vulnerabilities, likelihoods, and impacts are used to determine risk.;Identify (ID);Risk Assessment (ID.RA);;aws;;PASS;EventBridge event bus default does not allow cross-account access.;arn:aws:events:ap-south-1:735291151388:event-bus/default;eventbridge_bus_cross_account_access;False;default;NIST-CSF;National Institute of Standards and Technology (NIST) Cybersecurity Framework (CSF) v2.0;
aws;The NIST Cybersecurity Framework (CSF) 2.0 offers a taxonomy of high-level cybersecurity outcomes that can be used by any organization regardless of its size, sector, or maturity to better understand, assess, prioritize, and communicate its cybersecurity efforts. The framework's core functions are organized into six key areas: Govern (new), Identify, Protect, Detect, Respond, and Recover. Together, these functions provide a comprehensive lifecycle approach to managing cybersecurity risk.;735291151388;ap-south-1;2026-07-10 18:08:16.187152;ac_4;Access permissions and authorizations are managed, incorporating the principles of least privilege and separation of duties.;Protect (PR);Identity Management and Access Control (PR.AC);;aws;;PASS;EventBridge event bus default does not allow cross-account access.;arn:aws:events:ap-south-1:735291151388:event-bus/default;eventbridge_bus_cross_account_access;False;default;NIST-CSF;National Institute of Standards and Technology (NIST) Cybersecurity Framework (CSF) v2.0;
aws;The NIST Cybersecurity Framework (CSF) 2.0 offers a taxonomy of high-level cybersecurity outcomes that can be used by any organization regardless of its size, sector, or maturity to better understand, assess, prioritize, and communicate its cybersecurity efforts. The framework's core functions are organized into six key areas: Govern (new), Identify, Protect, Detect, Respond, and Recover. Together, these functions provide a comprehensive lifecycle approach to managing cybersecurity risk.;735291151388;ap-south-1;2026-07-10 18:08:16.187152;dp_4;Event detection information is communicated.;Detect (DE);Detection Processes (DE.DP);;aws;;PASS;EventBridge event bus default does not allow cross-account access.;arn:aws:events:ap-south-1:735291151388:event-bus/default;eventbridge_bus_cross_account_access;False;default;NIST-CSF;National Institute of Standards and Technology (NIST) Cybersecurity Framework (CSF) v2.0;
aws;The NIST Cybersecurity Framework (CSF) 2.0 offers a taxonomy of high-level cybersecurity outcomes that can be used by any organization regardless of its size, sector, or maturity to better understand, assess, prioritize, and communicate its cybersecurity efforts. The framework's core functions are organized into six key areas: Govern (new), Identify, Protect, Detect, Respond, and Recover. Together, these functions provide a comprehensive lifecycle approach to managing cybersecurity risk.;735291151388;ap-southeast-1;2026-07-10 18:08:16.187152;ra_5;Threats, vulnerabilities, likelihoods, and impacts are used to determine risk.;Identify (ID);Risk Assessment (ID.RA);;aws;;PASS;EventBridge event bus default does not allow cross-account access.;arn:aws:events:ap-southeast-1:735291151388:event-bus/default;eventbridge_bus_cross_account_access;False;default;NIST-CSF;National Institute of Standards and Technology (NIST) Cybersecurity Framework (CSF) v2.0;
aws;The NIST Cybersecurity Framework (CSF) 2.0 offers a taxonomy of high-level cybersecurity outcomes that can be used by any organization regardless of its size, sector, or maturity to better understand, assess, prioritize, and communicate its cybersecurity efforts. The framework's core functions are organized into six key areas: Govern (new), Identify, Protect, Detect, Respond, and Recover. Together, these functions provide a comprehensive lifecycle approach to managing cybersecurity risk.;735291151388;ap-southeast-1;2026-07-10 18:08:16.187152;ac_4;Access permissions and authorizations are managed, incorporating the principles of least privilege and separation of duties.;Protect (PR);Identity Management and Access Control (PR.AC);;aws;;PASS;EventBridge event bus default does not allow cross-account access.;arn:aws:events:ap-southeast-1:735291151388:event-bus/default;eventbridge_bus_cross_account_access;False;default;NIST-CSF;National Institute of Standards and Technology (NIST) Cybersecurity Framework (CSF) v2.0;
aws;The NIST Cybersecurity Framework (CSF) 2.0 offers a taxonomy of high-level cybersecurity outcomes that can be used by any organization regardless of its size, sector, or maturity to better understand, assess, prioritize, and communicate its cybersecurity efforts. The framework's core functions are organized into six key areas: Govern (new), Identify, Protect, Detect, Respond, and Recover. Together, these functions provide a comprehensive lifecycle approach to managing cybersecurity risk.;735291151388;ap-southeast-1;2026-07-10 18:08:16.187152;dp_4;Event detection information is communicated.;Detect (DE);Detection Processes (DE.DP);;aws;;PASS;EventBridge event bus default does not allow cross-account access.;arn:aws:events:ap-southeast-1:735291151388:event-bus/default;eventbridge_bus_cross_account_access;False;default;NIST-CSF;National Institute of Standards and Technology (NIST) Cybersecurity Framework (CSF) v2.0;
aws;The NIST Cybersecurity Framework (CSF) 2.0 offers a taxonomy of high-level cybersecurity outcomes that can be used by any organization regardless of its size, sector, or maturity to better understand, assess, prioritize, and communicate its cybersecurity efforts. The framework's core functions are organized into six key areas: Govern (new), Identify, Protect, Detect, Respond, and Recover. Together, these functions provide a comprehensive lifecycle approach to managing cybersecurity risk.;735291151388;ap-southeast-2;2026-07-10 18:08:16.187152;ra_5;Threats, vulnerabilities, likelihoods, and impacts are used to determine risk.;Identify (ID);Risk Assessment (ID.RA);;aws;;PASS;EventBridge event bus default does not allow cross-account access.;arn:aws:events:ap-southeast-2:735291151388:event-bus/default;eventbridge_bus_cross_account_access;False;default;NIST-CSF;National Institute of Standards and Technology (NIST) Cybersecurity Framework (CSF) v2.0;
aws;The NIST Cybersecurity Framework (CSF) 2.0 offers a taxonomy of high-level cybersecurity outcomes that can be used by any organization regardless of its size, sector, or maturity to better understand, assess, prioritize, and communicate its cybersecurity efforts. The framework's core functions are organized into six key areas: Govern (new), Identify, Protect, Detect, Respond, and Recover. Together, these functions provide a comprehensive lifecycle approach to managing cybersecurity risk.;735291151388;ap-southeast-2;2026-07-10 18:08:16.187152;ac_4;Access permissions and authorizations are managed, incorporating the principles of least privilege and separation of duties.;Protect (PR);Identity Management and Access Control (PR.AC);;aws;;PASS;EventBridge event bus default does not allow cross-account access.;arn:aws:events:ap-southeast-2:735291151388:event-bus/default;eventbridge_bus_cross_account_access;False;default;NIST-CSF;National Institute of Standards and Technology (NIST) Cybersecurity Framework (CSF) v2.0;
aws;The NIST Cybersecurity Framework (CSF) 2.0 offers a taxonomy of high-level cybersecurity outcomes that can be used by any organization regardless of its size, sector, or maturity to better understand, assess, prioritize, and communicate its cybersecurity efforts. The framework's core functions are organized into six key areas: Govern (new), Identify, Protect, Detect, Respond, and Recover. Together, these functions provide a comprehensive lifecycle approach to managing cybersecurity risk.;735291151388;ap-southeast-2;2026-07-10 18:08:16.187152;dp_4;Event detection information is communicated.;Detect (DE);Detection Processes (DE.DP);;aws;;PASS;EventBridge event bus default does not allow cross-account access.;arn:aws:events:ap-southeast-2:735291151388:event-bus/default;eventbridge_bus_cross_account_access;False;default;NIST-CSF;National Institute of Standards and Technology (NIST) Cybersecurity Framework (CSF) v2.0;
aws;The NIST Cybersecurity Framework (CSF) 2.0 offers a taxonomy of high-level cybersecurity outcomes that can be used by any organization regardless of its size, sector, or maturity to better understand, assess, prioritize, and communicate its cybersecurity efforts. The framework's core functions are organized into six key areas: Govern (new), Identify, Protect, Detect, Respond, and Recover. Together, these functions provide a comprehensive lifecycle approach to managing cybersecurity risk.;735291151388;ca-central-1;2026-07-10 18:08:16.187152;ra_5;Threats, vulnerabilities, likelihoods, and impacts are used to determine risk.;Identify (ID);Risk Assessment (ID.RA);;aws;;PASS;EventBridge event bus default does not allow cross-account access.;arn:aws:events:ca-central-1:735291151388:event-bus/default;eventbridge_bus_cross_account_access;False;default;NIST-CSF;National Institute of Standards and Technology (NIST) Cybersecurity Framework (CSF) v2.0;
aws;The NIST Cybersecurity Framework (CSF) 2.0 offers a taxonomy of high-level cybersecurity outcomes that can be used by any organization regardless of its size, sector, or maturity to better understand, assess, prioritize, and communicate its cybersecurity efforts. The framework's core functions are organized into six key areas: Govern (new), Identify, Protect, Detect, Respond, and Recover. Together, these functions provide a comprehensive lifecycle approach to managing cybersecurity risk.;735291151388;ca-central-1;2026-07-10 18:08:16.187152;ac_4;Access permissions and authorizations are managed, incorporating the principles of least privilege and separation of duties.;Protect (PR);Identity Management and Access Control (PR.AC);;aws;;PASS;EventBridge event bus default does not allow cross-account access.;arn:aws:events:ca-central-1:735291151388:event-bus/default;eventbridge_bus_cross_account_access;False;default;NIST-CSF;National Institute of Standards and Technology (NIST) Cybersecurity Framework (CSF) v2.0;
aws;The NIST Cybersecurity Framework (CSF) 2.0 offers a taxonomy of high-level cybersecurity outcomes that can be used by any organization regardless of its size, sector, or maturity to better understand, assess, prioritize, and communicate its cybersecurity efforts. The framework's core functions are organized into six key areas: Govern (new), Identify, Protect, Detect, Respond, and Recover. Together, these functions provide a comprehensive lifecycle approach to managing cybersecurity risk.;735291151388;ca-central-1;2026-07-10 18:08:16.187152;dp_4;Event detection information is communicated.;Detect (DE);Detection Processes (DE.DP);;aws;;PASS;EventBridge event bus default does not allow cross-account access.;arn:aws:events:ca-central-1:735291151388:event-bus/default;eventbridge_bus_cross_account_access;False;default;NIST-CSF;National Institute of Standards and Technology (NIST) Cybersecurity Framework (CSF) v2.0;
aws;The NIST Cybersecurity Framework (CSF) 2.0 offers a taxonomy of high-level cybersecurity outcomes that can be used by any organization regardless of its size, sector, or maturity to better understand, assess, prioritize, and communicate its cybersecurity efforts. The framework's core functions are organized into six key areas: Govern (new), Identify, Protect, Detect, Respond, and Recover. Together, these functions provide a comprehensive lifecycle approach to managing cybersecurity risk.;735291151388;eu-central-1;2026-07-10 18:08:16.187152;ra_5;Threats, vulnerabilities, likelihoods, and impacts are used to determine risk.;Identify (ID);Risk Assessment (ID.RA);;aws;;PASS;EventBridge event bus default does not allow cross-account access.;arn:aws:events:eu-central-1:735291151388:event-bus/default;eventbridge_bus_cross_account_access;False;default;NIST-CSF;National Institute of Standards and Technology (NIST) Cybersecurity Framework (CSF) v2.0;
aws;The NIST Cybersecurity Framework (CSF) 2.0 offers a taxonomy of high-level cybersecurity outcomes that can be used by any organization regardless of its size, sector, or maturity to better understand, assess, prioritize, and communicate its cybersecurity efforts. The framework's core functions are organized into six key areas: Govern (new), Identify, Protect, Detect, Respond, and Recover. Together, these functions provide a comprehensive lifecycle approach to managing cybersecurity risk.;735291151388;eu-central-1;2026-07-10 18:08:16.187152;ac_4;Access permissions and authorizations are managed, incorporating the principles of least privilege and separation of duties.;Protect (PR);Identity Management and Access Control (PR.AC);;aws;;PASS;EventBridge event bus default does not allow cross-account access.;arn:aws:events:eu-central-1:735291151388:event-bus/default;eventbridge_bus_cross_account_access;False;default;NIST-CSF;National Institute of Standards and Technology (NIST) Cybersecurity Framework (CSF) v2.0;
aws;The NIST Cybersecurity Framework (CSF) 2.0 offers a taxonomy of high-level cybersecurity outcomes that can be used by any organization regardless of its size, sector, or maturity to better understand, assess, prioritize, and communicate its cybersecurity efforts. The framework's core functions are organized into six key areas: Govern (new), Identify, Protect, Detect, Respond, and Recover. Together, these functions provide a comprehensive lifecycle approach to managing cybersecurity risk.;735291151388;eu-central-1;2026-07-10 18:08:16.187152;dp_4;Event detection information is communicated.;Detect (DE);Detection Processes (DE.DP);;aws;;PASS;EventBridge event bus default does not allow cross-account access.;arn:aws:events:eu-central-1:735291151388:event-bus/default;eventbridge_bus_cross_account_access;False;default;NIST-CSF;National Institute of Standards and Technology (NIST) Cybersecurity Framework (CSF) v2.0;
aws;The NIST Cybersecurity Framework (CSF) 2.0 offers a taxonomy of high-level cybersecurity outcomes that can be used by any organization regardless of its size, sector, or maturity to better understand, assess, prioritize, and communicate its cybersecurity efforts. The framework's core functions are organized into six key areas: Govern (new), Identify, Protect, Detect, Respond, and Recover. Together, these functions provide a comprehensive lifecycle approach to managing cybersecurity risk.;735291151388;eu-north-1;2026-07-10 18:08:16.187152;ra_5;Threats, vulnerabilities, likelihoods, and impacts are used to determine risk.;Identify (ID);Risk Assessment (ID.RA);;aws;;PASS;EventBridge event bus default does not allow cross-account access.;arn:aws:events:eu-north-1:735291151388:event-bus/default;eventbridge_bus_cross_account_access;False;default;NIST-CSF;National Institute of Standards and Technology (NIST) Cybersecurity Framework (CSF) v2.0;
aws;The NIST Cybersecurity Framework (CSF) 2.0 offers a taxonomy of high-level cybersecurity outcomes that can be used by any organization regardless of its size, sector, or maturity to better understand, assess, prioritize, and communicate its cybersecurity efforts. The framework's core functions are organized into six key areas: Govern (new), Identify, Protect, Detect, Respond, and Recover. Together, these functions provide a comprehensive lifecycle approach to managing cybersecurity risk.;735291151388;eu-north-1;2026-07-10 18:08:16.187152;ac_4;Access permissions and authorizations are managed, incorporating the principles of least privilege and separation of duties.;Protect (PR);Identity Management and Access Control (PR.AC);;aws;;PASS;EventBridge event bus default does not allow cross-account access.;arn:aws:events:eu-north-1:735291151388:event-bus/default;eventbridge_bus_cross_account_access;False;default;NIST-CSF;National Institute of Standards and Technology (NIST) Cybersecurity Framework (CSF) v2.0;
aws;The NIST Cybersecurity Framework (CSF) 2.0 offers a taxonomy of high-level cybersecurity outcomes that can be used by any organization regardless of its size, sector, or maturity to better understand, assess, prioritize, and communicate its cybersecurity efforts. The framework's core functions are organized into six key areas: Govern (new), Identify, Protect, Detect, Respond, and Recover. Together, these functions provide a comprehensive lifecycle approach to managing cybersecurity risk.;735291151388;eu-north-1;2026-07-10 18:08:16.187152;dp_4;Event detection information is communicated.;Detect (DE);Detection Processes (DE.DP);;aws;;PASS;EventBridge event bus default does not allow cross-account access.;arn:aws:events:eu-north-1:735291151388:event-bus/default;eventbridge_bus_cross_account_access;False;default;NIST-CSF;National Institute of Standards and Technology (NIST) Cybersecurity Framework (CSF) v2.0;
aws;The NIST Cybersecurity Framework (CSF) 2.0 offers a taxonomy of high-level cybersecurity outcomes that can be used by any organization regardless of its size, sector, or maturity to better understand, assess, prioritize, and communicate its cybersecurity efforts. The framework's core functions are organized into six key areas: Govern (new), Identify, Protect, Detect, Respond, and Recover. Together, these functions provide a comprehensive lifecycle approach to managing cybersecurity risk.;735291151388;eu-west-1;2026-07-10 18:08:16.187152;ra_5;Threats, vulnerabilities, likelihoods, and impacts are used to determine risk.;Identify (ID);Risk Assessment (ID.RA);;aws;;PASS;EventBridge event bus default does not allow cross-account access.;arn:aws:events:eu-west-1:735291151388:event-bus/default;eventbridge_bus_cross_account_access;False;default;NIST-CSF;National Institute of Standards and Technology (NIST) Cybersecurity Framework (CSF) v2.0;
aws;The NIST Cybersecurity Framework (CSF) 2.0 offers a taxonomy of high-level cybersecurity outcomes that can be used by any organization regardless of its size, sector, or maturity to better understand, assess, prioritize, and communicate its cybersecurity efforts. The framework's core functions are organized into six key areas: Govern (new), Identify, Protect, Detect, Respond, and Recover. Together, these functions provide a comprehensive lifecycle approach to managing cybersecurity risk.;735291151388;eu-west-1;2026-07-10 18:08:16.187152;ac_4;Access permissions and authorizations are managed, incorporating the principles of least privilege and separation of duties.;Protect (PR);Identity Management and Access Control (PR.AC);;aws;;PASS;EventBridge event bus default does not allow cross-account access.;arn:aws:events:eu-west-1:735291151388:event-bus/default;eventbridge_bus_cross_account_access;False;default;NIST-CSF;National Institute of Standards and Technology (NIST) Cybersecurity Framework (CSF) v2.0;
aws;The NIST Cybersecurity Framework (CSF) 2.0 offers a taxonomy of high-level cybersecurity outcomes that can be used by any organization regardless of its size, sector, or maturity to better understand, assess, prioritize, and communicate its cybersecurity efforts. The framework's core functions are organized into six key areas: Govern (new), Identify, Protect, Detect, Respond, and Recover. Together, these functions provide a comprehensive lifecycle approach to managing cybersecurity risk.;735291151388;eu-west-1;2026-07-10 18:08:16.187152;dp_4;Event detection information is communicated.;Detect (DE);Detection Processes (DE.DP);;aws;;PASS;EventBridge event bus default does not allow cross-account access.;arn:aws:events:eu-west-1:735291151388:event-bus/default;eventbridge_bus_cross_account_access;False;default;NIST-CSF;National Institute of Standards and Technology (NIST) Cybersecurity Framework (CSF) v2.0;
aws;The NIST Cybersecurity Framework (CSF) 2.0 offers a taxonomy of high-level cybersecurity outcomes that can be used by any organization regardless of its size, sector, or maturity to better understand, assess, prioritize, and communicate its cybersecurity efforts. The framework's core functions are organized into six key areas: Govern (new), Identify, Protect, Detect, Respond, and Recover. Together, these functions provide a comprehensive lifecycle approach to managing cybersecurity risk.;735291151388;eu-west-2;2026-07-10 18:08:16.187152;ra_5;Threats, vulnerabilities, likelihoods, and impacts are used to determine risk.;Identify (ID);Risk Assessment (ID.RA);;aws;;PASS;EventBridge event bus default does not allow cross-account access.;arn:aws:events:eu-west-2:735291151388:event-bus/default;eventbridge_bus_cross_account_access;False;default;NIST-CSF;National Institute of Standards and Technology (NIST) Cybersecurity Framework (CSF) v2.0;
aws;The NIST Cybersecurity Framework (CSF) 2.0 offers a taxonomy of high-level cybersecurity outcomes that can be used by any organization regardless of its size, sector, or maturity to better understand, assess, prioritize, and communicate its cybersecurity efforts. The framework's core functions are organized into six key areas: Govern (new), Identify, Protect, Detect, Respond, and Recover. Together, these functions provide a comprehensive lifecycle approach to managing cybersecurity risk.;735291151388;eu-west-2;2026-07-10 18:08:16.187152;ac_4;Access permissions and authorizations are managed, incorporating the principles of least privilege and separation of duties.;Protect (PR);Identity Management and Access Control (PR.AC);;aws;;PASS;EventBridge event bus default does not allow cross-account access.;arn:aws:events:eu-west-2:735291151388:event-bus/default;eventbridge_bus_cross_account_access;False;default;NIST-CSF;National Institute of Standards and Technology (NIST) Cybersecurity Framework (CSF) v2.0;
aws;The NIST Cybersecurity Framework (CSF) 2.0 offers a taxonomy of high-level cybersecurity outcomes that can be used by any organization regardless of its size, sector, or maturity to better understand, assess, prioritize, and communicate its cybersecurity efforts. The framework's core functions are organized into six key areas: Govern (new), Identify, Protect, Detect, Respond, and Recover. Together, these functions provide a comprehensive lifecycle approach to managing cybersecurity risk.;735291151388;eu-west-2;2026-07-10 18:08:16.187152;dp_4;Event detection information is communicated.;Detect (DE);Detection Processes (DE.DP);;aws;;PASS;EventBridge event bus default does not allow cross-account access.;arn:aws:events:eu-west-2:735291151388:event-bus/default;eventbridge_bus_cross_account_access;False;default;NIST-CSF;National Institute of Standards and Technology (NIST) Cybersecurity Framework (CSF) v2.0;
aws;The NIST Cybersecurity Framework (CSF) 2.0 offers a taxonomy of high-level cybersecurity outcomes that can be used by any organization regardless of its size, sector, or maturity to better understand, assess, prioritize, and communicate its cybersecurity efforts. The framework's core functions are organized into six key areas: Govern (new), Identify, Protect, Detect, Respond, and Recover. Together, these functions provide a comprehensive lifecycle approach to managing cybersecurity risk.;735291151388;eu-west-3;2026-07-10 18:08:16.187152;ra_5;Threats, vulnerabilities, likelihoods, and impacts are used to determine risk.;Identify (ID);Risk Assessment (ID.RA);;aws;;PASS;EventBridge event bus default does not allow cross-account access.;arn:aws:events:eu-west-3:735291151388:event-bus/default;eventbridge_bus_cross_account_access;False;default;NIST-CSF;National Institute of Standards and Technology (NIST) Cybersecurity Framework (CSF) v2.0;
aws;The NIST Cybersecurity Framework (CSF) 2.0 offers a taxonomy of high-level cybersecurity outcomes that can be used by any organization regardless of its size, sector, or maturity to better understand, assess, prioritize, and communicate its cybersecurity efforts. The framework's core functions are organized into six key areas: Govern (new), Identify, Protect, Detect, Respond, and Recover. Together, these functions provide a comprehensive lifecycle approach to managing cybersecurity risk.;735291151388;eu-west-3;2026-07-10 18:08:16.187152;ac_4;Access permissions and authorizations are managed, incorporating the principles of least privilege and separation of duties.;Protect (PR);Identity Management and Access Control (PR.AC);;aws;;PASS;EventBridge event bus default does not allow cross-account access.;arn:aws:events:eu-west-3:735291151388:event-bus/default;eventbridge_bus_cross_account_access;False;default;NIST-CSF;National Institute of Standards and Technology (NIST) Cybersecurity Framework (CSF) v2.0;
aws;The NIST Cybersecurity Framework (CSF) 2.0 offers a taxonomy of high-level cybersecurity outcomes that can be used by any organization regardless of its size, sector, or maturity to better understand, assess, prioritize, and communicate its cybersecurity efforts. The framework's core functions are organized into six key areas: Govern (new), Identify, Protect, Detect, Respond, and Recover. Together, these functions provide a comprehensive lifecycle approach to managing cybersecurity risk.;735291151388;eu-west-3;2026-07-10 18:08:16.187152;dp_4;Event detection information is communicated.;Detect (DE);Detection Processes (DE.DP);;aws;;PASS;EventBridge event bus default does not allow cross-account access.;arn:aws:events:eu-west-3:735291151388:event-bus/default;eventbridge_bus_cross_account_access;False;default;NIST-CSF;National Institute of Standards and Technology (NIST) Cybersecurity Framework (CSF) v2.0;
aws;The NIST Cybersecurity Framework (CSF) 2.0 offers a taxonomy of high-level cybersecurity outcomes that can be used by any organization regardless of its size, sector, or maturity to better understand, assess, prioritize, and communicate its cybersecurity efforts. The framework's core functions are organized into six key areas: Govern (new), Identify, Protect, Detect, Respond, and Recover. Together, these functions provide a comprehensive lifecycle approach to managing cybersecurity risk.;735291151388;sa-east-1;2026-07-10 18:08:16.187152;ra_5;Threats, vulnerabilities, likelihoods, and impacts are used to determine risk.;Identify (ID);Risk Assessment (ID.RA);;aws;;PASS;EventBridge event bus default does not allow cross-account access.;arn:aws:events:sa-east-1:735291151388:event-bus/default;eventbridge_bus_cross_account_access;False;default;NIST-CSF;National Institute of Standards and Technology (NIST) Cybersecurity Framework (CSF) v2.0;
aws;The NIST Cybersecurity Framework (CSF) 2.0 offers a taxonomy of high-level cybersecurity outcomes that can be used by any organization regardless of its size, sector, or maturity to better understand, assess, prioritize, and communicate its cybersecurity efforts. The framework's core functions are organized into six key areas: Govern (new), Identify, Protect, Detect, Respond, and Recover. Together, these functions provide a comprehensive lifecycle approach to managing cybersecurity risk.;735291151388;sa-east-1;2026-07-10 18:08:16.187152;ac_4;Access permissions and authorizations are managed, incorporating the principles of least privilege and separation of duties.;Protect (PR);Identity Management and Access Control (PR.AC);;aws;;PASS;EventBridge event bus default does not allow cross-account access.;arn:aws:events:sa-east-1:735291151388:event-bus/default;eventbridge_bus_cross_account_access;False;default;NIST-CSF;National Institute of Standards and Technology (NIST) Cybersecurity Framework (CSF) v2.0;
aws;The NIST Cybersecurity Framework (CSF) 2.0 offers a taxonomy of high-level cybersecurity outcomes that can be used by any organization regardless of its size, sector, or maturity to better understand, assess, prioritize, and communicate its cybersecurity efforts. The framework's core functions are organized into six key areas: Govern (new), Identify, Protect, Detect, Respond, and Recover. Together, these functions provide a comprehensive lifecycle approach to managing cybersecurity risk.;735291151388;sa-east-1;2026-07-10 18:08:16.187152;dp_4;Event detection information is communicated.;Detect (DE);Detection Processes (DE.DP);;aws;;PASS;EventBridge event bus default does not allow cross-account access.;arn:aws:events:sa-east-1:735291151388:event-bus/default;eventbridge_bus_cross_account_access;False;default;NIST-CSF;National Institute of Standards and Technology (NIST) Cybersecurity Framework (CSF) v2.0;
aws;The NIST Cybersecurity Framework (CSF) 2.0 offers a taxonomy of high-level cybersecurity outcomes that can be used by any organization regardless of its size, sector, or maturity to better understand, assess, prioritize, and communicate its cybersecurity efforts. The framework's core functions are organized into six key areas: Govern (new), Identify, Protect, Detect, Respond, and Recover. Together, these functions provide a comprehensive lifecycle approach to managing cybersecurity risk.;735291151388;us-east-1;2026-07-10 18:08:16.187152;ra_5;Threats, vulnerabilities, likelihoods, and impacts are used to determine risk.;Identify (ID);Risk Assessment (ID.RA);;aws;;PASS;EventBridge event bus default does not allow cross-account access.;arn:aws:events:us-east-1:735291151388:event-bus/default;eventbridge_bus_cross_account_access;False;default;NIST-CSF;National Institute of Standards and Technology (NIST) Cybersecurity Framework (CSF) v2.0;
aws;The NIST Cybersecurity Framework (CSF) 2.0 offers a taxonomy of high-level cybersecurity outcomes that can be used by any organization regardless of its size, sector, or maturity to better understand, assess, prioritize, and communicate its cybersecurity efforts. The framework's core functions are organized into six key areas: Govern (new), Identify, Protect, Detect, Respond, and Recover. Together, these functions provide a comprehensive lifecycle approach to managing cybersecurity risk.;735291151388;us-east-1;2026-07-10 18:08:16.187152;ac_4;Access permissions and authorizations are managed, incorporating the principles of least privilege and separation of duties.;Protect (PR);Identity Management and Access Control (PR.AC);;aws;;PASS;EventBridge event bus default does not allow cross-account access.;arn:aws:events:us-east-1:735291151388:event-bus/default;eventbridge_bus_cross_account_access;False;default;NIST-CSF;National Institute of Standards and Technology (NIST) Cybersecurity Framework (CSF) v2.0;
aws;The NIST Cybersecurity Framework (CSF) 2.0 offers a taxonomy of high-level cybersecurity outcomes that can be used by any organization regardless of its size, sector, or maturity to better understand, assess, prioritize, and communicate its cybersecurity efforts. The framework's core functions are organized into six key areas: Govern (new), Identify, Protect, Detect, Respond, and Recover. Together, these functions provide a comprehensive lifecycle approach to managing cybersecurity risk.;735291151388;us-east-1;2026-07-10 18:08:16.187152;dp_4;Event detection information is communicated.;Detect (DE);Detection Processes (DE.DP);;aws;;PASS;EventBridge event bus default does not allow cross-account access.;arn:aws:events:us-east-1:735291151388:event-bus/default;eventbridge_bus_cross_account_access;False;default;NIST-CSF;National Institute of Standards and Technology (NIST) Cybersecurity Framework (CSF) v2.0;
aws;The NIST Cybersecurity Framework (CSF) 2.0 offers a taxonomy of high-level cybersecurity outcomes that can be used by any organization regardless of its size, sector, or maturity to better understand, assess, prioritize, and communicate its cybersecurity efforts. The framework's core functions are organized into six key areas: Govern (new), Identify, Protect, Detect, Respond, and Recover. Together, these functions provide a comprehensive lifecycle approach to managing cybersecurity risk.;735291151388;us-east-2;2026-07-10 18:08:16.187152;ra_5;Threats, vulnerabilities, likelihoods, and impacts are used to determine risk.;Identify (ID);Risk Assessment (ID.RA);;aws;;PASS;EventBridge event bus default does not allow cross-account access.;arn:aws:events:us-east-2:735291151388:event-bus/default;eventbridge_bus_cross_account_access;False;default;NIST-CSF;National Institute of Standards and Technology (NIST) Cybersecurity Framework (CSF) v2.0;
aws;The NIST Cybersecurity Framework (CSF) 2.0 offers a taxonomy of high-level cybersecurity outcomes that can be used by any organization regardless of its size, sector, or maturity to better understand, assess, prioritize, and communicate its cybersecurity efforts. The framework's core functions are organized into six key areas: Govern (new), Identify, Protect, Detect, Respond, and Recover. Together, these functions provide a comprehensive lifecycle approach to managing cybersecurity risk.;735291151388;us-east-2;2026-07-10 18:08:16.187152;ac_4;Access permissions and authorizations are managed, incorporating the principles of least privilege and separation of duties.;Protect (PR);Identity Management and Access Control (PR.AC);;aws;;PASS;EventBridge event bus default does not allow cross-account access.;arn:aws:events:us-east-2:735291151388:event-bus/default;eventbridge_bus_cross_account_access;False;default;NIST-CSF;National Institute of Standards and Technology (NIST) Cybersecurity Framework (CSF) v2.0;
aws;The NIST Cybersecurity Framework (CSF) 2.0 offers a taxonomy of high-level cybersecurity outcomes that can be used by any organization regardless of its size, sector, or maturity to better understand, assess, prioritize, and communicate its cybersecurity efforts. The framework's core functions are organized into six key areas: Govern (new), Identify, Protect, Detect, Respond, and Recover. Together, these functions provide a comprehensive lifecycle approach to managing cybersecurity risk.;735291151388;us-east-2;2026-07-10 18:08:16.187152;dp_4;Event detection information is communicated.;Detect (DE);Detection Processes (DE.DP);;aws;;PASS;EventBridge event bus default does not allow cross-account access.;arn:aws:events:us-east-2:735291151388:event-bus/default;eventbridge_bus_cross_account_access;False;default;NIST-CSF;National Institute of Standards and Technology (NIST) Cybersecurity Framework (CSF) v2.0;
aws;The NIST Cybersecurity Framework (CSF) 2.0 offers a taxonomy of high-level cybersecurity outcomes that can be used by any organization regardless of its size, sector, or maturity to better understand, assess, prioritize, and communicate its cybersecurity efforts. The framework's core functions are organized into six key areas: Govern (new), Identify, Protect, Detect, Respond, and Recover. Together, these functions provide a comprehensive lifecycle approach to managing cybersecurity risk.;735291151388;us-west-1;2026-07-10 18:08:16.187152;ra_5;Threats, vulnerabilities, likelihoods, and impacts are used to determine risk.;Identify (ID);Risk Assessment (ID.RA);;aws;;PASS;EventBridge event bus default does not allow cross-account access.;arn:aws:events:us-west-1:735291151388:event-bus/default;eventbridge_bus_cross_account_access;False;default;NIST-CSF;National Institute of Standards and Technology (NIST) Cybersecurity Framework (CSF) v2.0;
aws;The NIST Cybersecurity Framework (CSF) 2.0 offers a taxonomy of high-level cybersecurity outcomes that can be used by any organization regardless of its size, sector, or maturity to better understand, assess, prioritize, and communicate its cybersecurity efforts. The framework's core functions are organized into six key areas: Govern (new), Identify, Protect, Detect, Respond, and Recover. Together, these functions provide a comprehensive lifecycle approach to managing cybersecurity risk.;735291151388;us-west-1;2026-07-10 18:08:16.187152;ac_4;Access permissions and authorizations are managed, incorporating the principles of least privilege and separation of duties.;Protect (PR);Identity Management and Access Control (PR.AC);;aws;;PASS;EventBridge event bus default does not allow cross-account access.;arn:aws:events:us-west-1:735291151388:event-bus/default;eventbridge_bus_cross_account_access;False;default;NIST-CSF;National Institute of Standards and Technology (NIST) Cybersecurity Framework (CSF) v2.0;
aws;The NIST Cybersecurity Framework (CSF) 2.0 offers a taxonomy of high-level cybersecurity outcomes that can be used by any organization regardless of its size, sector, or maturity to better understand, assess, prioritize, and communicate its cybersecurity efforts. The framework's core functions are organized into six key areas: Govern (new), Identify, Protect, Detect, Respond, and Recover. Together, these functions provide a comprehensive lifecycle approach to managing cybersecurity risk.;735291151388;us-west-1;2026-07-10 18:08:16.187152;dp_4;Event detection information is communicated.;Detect (DE);Detection Processes (DE.DP);;aws;;PASS;EventBridge event bus default does not allow cross-account access.;arn:aws:events:us-west-1:735291151388:event-bus/default;eventbridge_bus_cross_account_access;False;default;NIST-CSF;National Institute of Standards and Technology (NIST) Cybersecurity Framework (CSF) v2.0;
aws;The NIST Cybersecurity Framework (CSF) 2.0 offers a taxonomy of high-level cybersecurity outcomes that can be used by any organization regardless of its size, sector, or maturity to better understand, assess, prioritize, and communicate its cybersecurity efforts. The framework's core functions are organized into six key areas: Govern (new), Identify, Protect, Detect, Respond, and Recover. Together, these functions provide a comprehensive lifecycle approach to managing cybersecurity risk.;735291151388;us-west-2;2026-07-10 18:08:16.187152;ra_5;Threats, vulnerabilities, likelihoods, and impacts are used to determine risk.;Identify (ID);Risk Assessment (ID.RA);;aws;;PASS;EventBridge event bus default does not allow cross-account access.;arn:aws:events:us-west-2:735291151388:event-bus/default;eventbridge_bus_cross_account_access;False;default;NIST-CSF;National Institute of Standards and Technology (NIST) Cybersecurity Framework (CSF) v2.0;
aws;The NIST Cybersecurity Framework (CSF) 2.0 offers a taxonomy of high-level cybersecurity outcomes that can be used by any organization regardless of its size, sector, or maturity to better understand, assess, prioritize, and communicate its cybersecurity efforts. The framework's core functions are organized into six key areas: Govern (new), Identify, Protect, Detect, Respond, and Recover. Together, these functions provide a comprehensive lifecycle approach to managing cybersecurity risk.;735291151388;us-west-2;2026-07-10 18:08:16.187152;ac_4;Access permissions and authorizations are managed, incorporating the principles of least privilege and separation of duties.;Protect (PR);Identity Management and Access Control (PR.AC);;aws;;PASS;EventBridge event bus default does not allow cross-account access.;arn:aws:events:us-west-2:735291151388:event-bus/default;eventbridge_bus_cross_account_access;False;default;NIST-CSF;National Institute of Standards and Technology (NIST) Cybersecurity Framework (CSF) v2.0;
aws;The NIST Cybersecurity Framework (CSF) 2.0 offers a taxonomy of high-level cybersecurity outcomes that can be used by any organization regardless of its size, sector, or maturity to better understand, assess, prioritize, and communicate its cybersecurity efforts. The framework's core functions are organized into six key areas: Govern (new), Identify, Protect, Detect, Respond, and Recover. Together, these functions provide a comprehensive lifecycle approach to managing cybersecurity risk.;735291151388;us-west-2;2026-07-10 18:08:16.187152;dp_4;Event detection information is communicated.;Detect (DE);Detection Processes (DE.DP);;aws;;PASS;EventBridge event bus default does not allow cross-account access.;arn:aws:events:us-west-2:735291151388:event-bus/default;eventbridge_bus_cross_account_access;False;default;NIST-CSF;National Institute of Standards and Technology (NIST) Cybersecurity Framework (CSF) v2.0;
aws;The NIST Cybersecurity Framework (CSF) 2.0 offers a taxonomy of high-level cybersecurity outcomes that can be used by any organization regardless of its size, sector, or maturity to better understand, assess, prioritize, and communicate its cybersecurity efforts. The framework's core functions are organized into six key areas: Govern (new), Identify, Protect, Detect, Respond, and Recover. Together, these functions provide a comprehensive lifecycle approach to managing cybersecurity risk.;735291151388;ap-northeast-1;2026-07-10 18:08:16.187152;ra_5;Threats, vulnerabilities, likelihoods, and impacts are used to determine risk.;Identify (ID);Risk Assessment (ID.RA);;aws;;PASS;EventBridge event bus default is not exposed to everyone.;arn:aws:events:ap-northeast-1:735291151388:event-bus/default;eventbridge_bus_exposed;False;default;NIST-CSF;National Institute of Standards and Technology (NIST) Cybersecurity Framework (CSF) v2.0;
aws;The NIST Cybersecurity Framework (CSF) 2.0 offers a taxonomy of high-level cybersecurity outcomes that can be used by any organization regardless of its size, sector, or maturity to better understand, assess, prioritize, and communicate its cybersecurity efforts. The framework's core functions are organized into six key areas: Govern (new), Identify, Protect, Detect, Respond, and Recover. Together, these functions provide a comprehensive lifecycle approach to managing cybersecurity risk.;735291151388;ap-northeast-1;2026-07-10 18:08:16.187152;ac_4;Access permissions and authorizations are managed, incorporating the principles of least privilege and separation of duties.;Protect (PR);Identity Management and Access Control (PR.AC);;aws;;PASS;EventBridge event bus default is not exposed to everyone.;arn:aws:events:ap-northeast-1:735291151388:event-bus/default;eventbridge_bus_exposed;False;default;NIST-CSF;National Institute of Standards and Technology (NIST) Cybersecurity Framework (CSF) v2.0;
aws;The NIST Cybersecurity Framework (CSF) 2.0 offers a taxonomy of high-level cybersecurity outcomes that can be used by any organization regardless of its size, sector, or maturity to better understand, assess, prioritize, and communicate its cybersecurity efforts. The framework's core functions are organized into six key areas: Govern (new), Identify, Protect, Detect, Respond, and Recover. Together, these functions provide a comprehensive lifecycle approach to managing cybersecurity risk.;735291151388;ap-northeast-1;2026-07-10 18:08:16.187152;dp_4;Event detection information is communicated.;Detect (DE);Detection Processes (DE.DP);;aws;;PASS;EventBridge event bus default is not exposed to everyone.;arn:aws:events:ap-northeast-1:735291151388:event-bus/default;eventbridge_bus_exposed;False;default;NIST-CSF;National Institute of Standards and Technology (NIST) Cybersecurity Framework (CSF) v2.0;
aws;The NIST Cybersecurity Framework (CSF) 2.0 offers a taxonomy of high-level cybersecurity outcomes that can be used by any organization regardless of its size, sector, or maturity to better understand, assess, prioritize, and communicate its cybersecurity efforts. The framework's core functions are organized into six key areas: Govern (new), Identify, Protect, Detect, Respond, and Recover. Together, these functions provide a comprehensive lifecycle approach to managing cybersecurity risk.;735291151388;ap-northeast-2;2026-07-10 18:08:16.187152;ra_5;Threats, vulnerabilities, likelihoods, and impacts are used to determine risk.;Identify (ID);Risk Assessment (ID.RA);;aws;;PASS;EventBridge event bus default is not exposed to everyone.;arn:aws:events:ap-northeast-2:735291151388:event-bus/default;eventbridge_bus_exposed;False;default;NIST-CSF;National Institute of Standards and Technology (NIST) Cybersecurity Framework (CSF) v2.0;
aws;The NIST Cybersecurity Framework (CSF) 2.0 offers a taxonomy of high-level cybersecurity outcomes that can be used by any organization regardless of its size, sector, or maturity to better understand, assess, prioritize, and communicate its cybersecurity efforts. The framework's core functions are organized into six key areas: Govern (new), Identify, Protect, Detect, Respond, and Recover. Together, these functions provide a comprehensive lifecycle approach to managing cybersecurity risk.;735291151388;ap-northeast-2;2026-07-10 18:08:16.187152;ac_4;Access permissions and authorizations are managed, incorporating the principles of least privilege and separation of duties.;Protect (PR);Identity Management and Access Control (PR.AC);;aws;;PASS;EventBridge event bus default is not exposed to everyone.;arn:aws:events:ap-northeast-2:735291151388:event-bus/default;eventbridge_bus_exposed;False;default;NIST-CSF;National Institute of Standards and Technology (NIST) Cybersecurity Framework (CSF) v2.0;
aws;The NIST Cybersecurity Framework (CSF) 2.0 offers a taxonomy of high-level cybersecurity outcomes that can be used by any organization regardless of its size, sector, or maturity to better understand, assess, prioritize, and communicate its cybersecurity efforts. The framework's core functions are organized into six key areas: Govern (new), Identify, Protect, Detect, Respond, and Recover. Together, these functions provide a comprehensive lifecycle approach to managing cybersecurity risk.;735291151388;ap-northeast-2;2026-07-10 18:08:16.187152;dp_4;Event detection information is communicated.;Detect (DE);Detection Processes (DE.DP);;aws;;PASS;EventBridge event bus default is not exposed to everyone.;arn:aws:events:ap-northeast-2:735291151388:event-bus/default;eventbridge_bus_exposed;False;default;NIST-CSF;National Institute of Standards and Technology (NIST) Cybersecurity Framework (CSF) v2.0;
aws;The NIST Cybersecurity Framework (CSF) 2.0 offers a taxonomy of high-level cybersecurity outcomes that can be used by any organization regardless of its size, sector, or maturity to better understand, assess, prioritize, and communicate its cybersecurity efforts. The framework's core functions are organized into six key areas: Govern (new), Identify, Protect, Detect, Respond, and Recover. Together, these functions provide a comprehensive lifecycle approach to managing cybersecurity risk.;735291151388;ap-northeast-3;2026-07-10 18:08:16.187152;ra_5;Threats, vulnerabilities, likelihoods, and impacts are used to determine risk.;Identify (ID);Risk Assessment (ID.RA);;aws;;PASS;EventBridge event bus default is not exposed to everyone.;arn:aws:events:ap-northeast-3:735291151388:event-bus/default;eventbridge_bus_exposed;False;default;NIST-CSF;National Institute of Standards and Technology (NIST) Cybersecurity Framework (CSF) v2.0;
aws;The NIST Cybersecurity Framework (CSF) 2.0 offers a taxonomy of high-level cybersecurity outcomes that can be used by any organization regardless of its size, sector, or maturity to better understand, assess, prioritize, and communicate its cybersecurity efforts. The framework's core functions are organized into six key areas: Govern (new), Identify, Protect, Detect, Respond, and Recover. Together, these functions provide a comprehensive lifecycle approach to managing cybersecurity risk.;735291151388;ap-northeast-3;2026-07-10 18:08:16.187152;ac_4;Access permissions and authorizations are managed, incorporating the principles of least privilege and separation of duties.;Protect (PR);Identity Management and Access Control (PR.AC);;aws;;PASS;EventBridge event bus default is not exposed to everyone.;arn:aws:events:ap-northeast-3:735291151388:event-bus/default;eventbridge_bus_exposed;False;default;NIST-CSF;National Institute of Standards and Technology (NIST) Cybersecurity Framework (CSF) v2.0;
aws;The NIST Cybersecurity Framework (CSF) 2.0 offers a taxonomy of high-level cybersecurity outcomes that can be used by any organization regardless of its size, sector, or maturity to better understand, assess, prioritize, and communicate its cybersecurity efforts. The framework's core functions are organized into six key areas: Govern (new), Identify, Protect, Detect, Respond, and Recover. Together, these functions provide a comprehensive lifecycle approach to managing cybersecurity risk.;735291151388;ap-northeast-3;2026-07-10 18:08:16.187152;dp_4;Event detection information is communicated.;Detect (DE);Detection Processes (DE.DP);;aws;;PASS;EventBridge event bus default is not exposed to everyone.;arn:aws:events:ap-northeast-3:735291151388:event-bus/default;eventbridge_bus_exposed;False;default;NIST-CSF;National Institute of Standards and Technology (NIST) Cybersecurity Framework (CSF) v2.0;
aws;The NIST Cybersecurity Framework (CSF) 2.0 offers a taxonomy of high-level cybersecurity outcomes that can be used by any organization regardless of its size, sector, or maturity to better understand, assess, prioritize, and communicate its cybersecurity efforts. The framework's core functions are organized into six key areas: Govern (new), Identify, Protect, Detect, Respond, and Recover. Together, these functions provide a comprehensive lifecycle approach to managing cybersecurity risk.;735291151388;ap-south-1;2026-07-10 18:08:16.187152;ra_5;Threats, vulnerabilities, likelihoods, and impacts are used to determine risk.;Identify (ID);Risk Assessment (ID.RA);;aws;;PASS;EventBridge event bus default is not exposed to everyone.;arn:aws:events:ap-south-1:735291151388:event-bus/default;eventbridge_bus_exposed;False;default;NIST-CSF;National Institute of Standards and Technology (NIST) Cybersecurity Framework (CSF) v2.0;
aws;The NIST Cybersecurity Framework (CSF) 2.0 offers a taxonomy of high-level cybersecurity outcomes that can be used by any organization regardless of its size, sector, or maturity to better understand, assess, prioritize, and communicate its cybersecurity efforts. The framework's core functions are organized into six key areas: Govern (new), Identify, Protect, Detect, Respond, and Recover. Together, these functions provide a comprehensive lifecycle approach to managing cybersecurity risk.;735291151388;ap-south-1;2026-07-10 18:08:16.187152;ac_4;Access permissions and authorizations are managed, incorporating the principles of least privilege and separation of duties.;Protect (PR);Identity Management and Access Control (PR.AC);;aws;;PASS;EventBridge event bus default is not exposed to everyone.;arn:aws:events:ap-south-1:735291151388:event-bus/default;eventbridge_bus_exposed;False;default;NIST-CSF;National Institute of Standards and Technology (NIST) Cybersecurity Framework (CSF) v2.0;
aws;The NIST Cybersecurity Framework (CSF) 2.0 offers a taxonomy of high-level cybersecurity outcomes that can be used by any organization regardless of its size, sector, or maturity to better understand, assess, prioritize, and communicate its cybersecurity efforts. The framework's core functions are organized into six key areas: Govern (new), Identify, Protect, Detect, Respond, and Recover. Together, these functions provide a comprehensive lifecycle approach to managing cybersecurity risk.;735291151388;ap-south-1;2026-07-10 18:08:16.187152;dp_4;Event detection information is communicated.;Detect (DE);Detection Processes (DE.DP);;aws;;PASS;EventBridge event bus default is not exposed to everyone.;arn:aws:events:ap-south-1:735291151388:event-bus/default;eventbridge_bus_exposed;False;default;NIST-CSF;National Institute of Standards and Technology (NIST) Cybersecurity Framework (CSF) v2.0;
aws;The NIST Cybersecurity Framework (CSF) 2.0 offers a taxonomy of high-level cybersecurity outcomes that can be used by any organization regardless of its size, sector, or maturity to better understand, assess, prioritize, and communicate its cybersecurity efforts. The framework's core functions are organized into six key areas: Govern (new), Identify, Protect, Detect, Respond, and Recover. Together, these functions provide a comprehensive lifecycle approach to managing cybersecurity risk.;735291151388;ap-southeast-1;2026-07-10 18:08:16.187152;ra_5;Threats, vulnerabilities, likelihoods, and impacts are used to determine risk.;Identify (ID);Risk Assessment (ID.RA);;aws;;PASS;EventBridge event bus default is not exposed to everyone.;arn:aws:events:ap-southeast-1:735291151388:event-bus/default;eventbridge_bus_exposed;False;default;NIST-CSF;National Institute of Standards and Technology (NIST) Cybersecurity Framework (CSF) v2.0;
aws;The NIST Cybersecurity Framework (CSF) 2.0 offers a taxonomy of high-level cybersecurity outcomes that can be used by any organization regardless of its size, sector, or maturity to better understand, assess, prioritize, and communicate its cybersecurity efforts. The framework's core functions are organized into six key areas: Govern (new), Identify, Protect, Detect, Respond, and Recover. Together, these functions provide a comprehensive lifecycle approach to managing cybersecurity risk.;735291151388;ap-southeast-1;2026-07-10 18:08:16.187152;ac_4;Access permissions and authorizations are managed, incorporating the principles of least privilege and separation of duties.;Protect (PR);Identity Management and Access Control (PR.AC);;aws;;PASS;EventBridge event bus default is not exposed to everyone.;arn:aws:events:ap-southeast-1:735291151388:event-bus/default;eventbridge_bus_exposed;False;default;NIST-CSF;National Institute of Standards and Technology (NIST) Cybersecurity Framework (CSF) v2.0;
aws;The NIST Cybersecurity Framework (CSF) 2.0 offers a taxonomy of high-level cybersecurity outcomes that can be used by any organization regardless of its size, sector, or maturity to better understand, assess, prioritize, and communicate its cybersecurity efforts. The framework's core functions are organized into six key areas: Govern (new), Identify, Protect, Detect, Respond, and Recover. Together, these functions provide a comprehensive lifecycle approach to managing cybersecurity risk.;735291151388;ap-southeast-1;2026-07-10 18:08:16.187152;dp_4;Event detection information is communicated.;Detect (DE);Detection Processes (DE.DP);;aws;;PASS;EventBridge event bus default is not exposed to everyone.;arn:aws:events:ap-southeast-1:735291151388:event-bus/default;eventbridge_bus_exposed;False;default;NIST-CSF;National Institute of Standards and Technology (NIST) Cybersecurity Framework (CSF) v2.0;
aws;The NIST Cybersecurity Framework (CSF) 2.0 offers a taxonomy of high-level cybersecurity outcomes that can be used by any organization regardless of its size, sector, or maturity to better understand, assess, prioritize, and communicate its cybersecurity efforts. The framework's core functions are organized into six key areas: Govern (new), Identify, Protect, Detect, Respond, and Recover. Together, these functions provide a comprehensive lifecycle approach to managing cybersecurity risk.;735291151388;ap-southeast-2;2026-07-10 18:08:16.187152;ra_5;Threats, vulnerabilities, likelihoods, and impacts are used to determine risk.;Identify (ID);Risk Assessment (ID.RA);;aws;;PASS;EventBridge event bus default is not exposed to everyone.;arn:aws:events:ap-southeast-2:735291151388:event-bus/default;eventbridge_bus_exposed;False;default;NIST-CSF;National Institute of Standards and Technology (NIST) Cybersecurity Framework (CSF) v2.0;
aws;The NIST Cybersecurity Framework (CSF) 2.0 offers a taxonomy of high-level cybersecurity outcomes that can be used by any organization regardless of its size, sector, or maturity to better understand, assess, prioritize, and communicate its cybersecurity efforts. The framework's core functions are organized into six key areas: Govern (new), Identify, Protect, Detect, Respond, and Recover. Together, these functions provide a comprehensive lifecycle approach to managing cybersecurity risk.;735291151388;ap-southeast-2;2026-07-10 18:08:16.187152;ac_4;Access permissions and authorizations are managed, incorporating the principles of least privilege and separation of duties.;Protect (PR);Identity Management and Access Control (PR.AC);;aws;;PASS;EventBridge event bus default is not exposed to everyone.;arn:aws:events:ap-southeast-2:735291151388:event-bus/default;eventbridge_bus_exposed;False;default;NIST-CSF;National Institute of Standards and Technology (NIST) Cybersecurity Framework (CSF) v2.0;
aws;The NIST Cybersecurity Framework (CSF) 2.0 offers a taxonomy of high-level cybersecurity outcomes that can be used by any organization regardless of its size, sector, or maturity to better understand, assess, prioritize, and communicate its cybersecurity efforts. The framework's core functions are organized into six key areas: Govern (new), Identify, Protect, Detect, Respond, and Recover. Together, these functions provide a comprehensive lifecycle approach to managing cybersecurity risk.;735291151388;ap-southeast-2;2026-07-10 18:08:16.187152;dp_4;Event detection information is communicated.;Detect (DE);Detection Processes (DE.DP);;aws;;PASS;EventBridge event bus default is not exposed to everyone.;arn:aws:events:ap-southeast-2:735291151388:event-bus/default;eventbridge_bus_exposed;False;default;NIST-CSF;National Institute of Standards and Technology (NIST) Cybersecurity Framework (CSF) v2.0;
aws;The NIST Cybersecurity Framework (CSF) 2.0 offers a taxonomy of high-level cybersecurity outcomes that can be used by any organization regardless of its size, sector, or maturity to better understand, assess, prioritize, and communicate its cybersecurity efforts. The framework's core functions are organized into six key areas: Govern (new), Identify, Protect, Detect, Respond, and Recover. Together, these functions provide a comprehensive lifecycle approach to managing cybersecurity risk.;735291151388;ca-central-1;2026-07-10 18:08:16.187152;ra_5;Threats, vulnerabilities, likelihoods, and impacts are used to determine risk.;Identify (ID);Risk Assessment (ID.RA);;aws;;PASS;EventBridge event bus default is not exposed to everyone.;arn:aws:events:ca-central-1:735291151388:event-bus/default;eventbridge_bus_exposed;False;default;NIST-CSF;National Institute of Standards and Technology (NIST) Cybersecurity Framework (CSF) v2.0;
aws;The NIST Cybersecurity Framework (CSF) 2.0 offers a taxonomy of high-level cybersecurity outcomes that can be used by any organization regardless of its size, sector, or maturity to better understand, assess, prioritize, and communicate its cybersecurity efforts. The framework's core functions are organized into six key areas: Govern (new), Identify, Protect, Detect, Respond, and Recover. Together, these functions provide a comprehensive lifecycle approach to managing cybersecurity risk.;735291151388;ca-central-1;2026-07-10 18:08:16.187152;ac_4;Access permissions and authorizations are managed, incorporating the principles of least privilege and separation of duties.;Protect (PR);Identity Management and Access Control (PR.AC);;aws;;PASS;EventBridge event bus default is not exposed to everyone.;arn:aws:events:ca-central-1:735291151388:event-bus/default;eventbridge_bus_exposed;False;default;NIST-CSF;National Institute of Standards and Technology (NIST) Cybersecurity Framework (CSF) v2.0;
aws;The NIST Cybersecurity Framework (CSF) 2.0 offers a taxonomy of high-level cybersecurity outcomes that can be used by any organization regardless of its size, sector, or maturity to better understand, assess, prioritize, and communicate its cybersecurity efforts. The framework's core functions are organized into six key areas: Govern (new), Identify, Protect, Detect, Respond, and Recover. Together, these functions provide a comprehensive lifecycle approach to managing cybersecurity risk.;735291151388;ca-central-1;2026-07-10 18:08:16.187152;dp_4;Event detection information is communicated.;Detect (DE);Detection Processes (DE.DP);;aws;;PASS;EventBridge event bus default is not exposed to everyone.;arn:aws:events:ca-central-1:735291151388:event-bus/default;eventbridge_bus_exposed;False;default;NIST-CSF;National Institute of Standards and Technology (NIST) Cybersecurity Framework (CSF) v2.0;
aws;The NIST Cybersecurity Framework (CSF) 2.0 offers a taxonomy of high-level cybersecurity outcomes that can be used by any organization regardless of its size, sector, or maturity to better understand, assess, prioritize, and communicate its cybersecurity efforts. The framework's core functions are organized into six key areas: Govern (new), Identify, Protect, Detect, Respond, and Recover. Together, these functions provide a comprehensive lifecycle approach to managing cybersecurity risk.;735291151388;eu-central-1;2026-07-10 18:08:16.187152;ra_5;Threats, vulnerabilities, likelihoods, and impacts are used to determine risk.;Identify (ID);Risk Assessment (ID.RA);;aws;;PASS;EventBridge event bus default is not exposed to everyone.;arn:aws:events:eu-central-1:735291151388:event-bus/default;eventbridge_bus_exposed;False;default;NIST-CSF;National Institute of Standards and Technology (NIST) Cybersecurity Framework (CSF) v2.0;
aws;The NIST Cybersecurity Framework (CSF) 2.0 offers a taxonomy of high-level cybersecurity outcomes that can be used by any organization regardless of its size, sector, or maturity to better understand, assess, prioritize, and communicate its cybersecurity efforts. The framework's core functions are organized into six key areas: Govern (new), Identify, Protect, Detect, Respond, and Recover. Together, these functions provide a comprehensive lifecycle approach to managing cybersecurity risk.;735291151388;eu-central-1;2026-07-10 18:08:16.187152;ac_4;Access permissions and authorizations are managed, incorporating the principles of least privilege and separation of duties.;Protect (PR);Identity Management and Access Control (PR.AC);;aws;;PASS;EventBridge event bus default is not exposed to everyone.;arn:aws:events:eu-central-1:735291151388:event-bus/default;eventbridge_bus_exposed;False;default;NIST-CSF;National Institute of Standards and Technology (NIST) Cybersecurity Framework (CSF) v2.0;
aws;The NIST Cybersecurity Framework (CSF) 2.0 offers a taxonomy of high-level cybersecurity outcomes that can be used by any organization regardless of its size, sector, or maturity to better understand, assess, prioritize, and communicate its cybersecurity efforts. The framework's core functions are organized into six key areas: Govern (new), Identify, Protect, Detect, Respond, and Recover. Together, these functions provide a comprehensive lifecycle approach to managing cybersecurity risk.;735291151388;eu-central-1;2026-07-10 18:08:16.187152;dp_4;Event detection information is communicated.;Detect (DE);Detection Processes (DE.DP);;aws;;PASS;EventBridge event bus default is not exposed to everyone.;arn:aws:events:eu-central-1:735291151388:event-bus/default;eventbridge_bus_exposed;False;default;NIST-CSF;National Institute of Standards and Technology (NIST) Cybersecurity Framework (CSF) v2.0;
aws;The NIST Cybersecurity Framework (CSF) 2.0 offers a taxonomy of high-level cybersecurity outcomes that can be used by any organization regardless of its size, sector, or maturity to better understand, assess, prioritize, and communicate its cybersecurity efforts. The framework's core functions are organized into six key areas: Govern (new), Identify, Protect, Detect, Respond, and Recover. Together, these functions provide a comprehensive lifecycle approach to managing cybersecurity risk.;735291151388;eu-north-1;2026-07-10 18:08:16.187152;ra_5;Threats, vulnerabilities, likelihoods, and impacts are used to determine risk.;Identify (ID);Risk Assessment (ID.RA);;aws;;PASS;EventBridge event bus default is not exposed to everyone.;arn:aws:events:eu-north-1:735291151388:event-bus/default;eventbridge_bus_exposed;False;default;NIST-CSF;National Institute of Standards and Technology (NIST) Cybersecurity Framework (CSF) v2.0;
aws;The NIST Cybersecurity Framework (CSF) 2.0 offers a taxonomy of high-level cybersecurity outcomes that can be used by any organization regardless of its size, sector, or maturity to better understand, assess, prioritize, and communicate its cybersecurity efforts. The framework's core functions are organized into six key areas: Govern (new), Identify, Protect, Detect, Respond, and Recover. Together, these functions provide a comprehensive lifecycle approach to managing cybersecurity risk.;735291151388;eu-north-1;2026-07-10 18:08:16.187152;ac_4;Access permissions and authorizations are managed, incorporating the principles of least privilege and separation of duties.;Protect (PR);Identity Management and Access Control (PR.AC);;aws;;PASS;EventBridge event bus default is not exposed to everyone.;arn:aws:events:eu-north-1:735291151388:event-bus/default;eventbridge_bus_exposed;False;default;NIST-CSF;National Institute of Standards and Technology (NIST) Cybersecurity Framework (CSF) v2.0;
aws;The NIST Cybersecurity Framework (CSF) 2.0 offers a taxonomy of high-level cybersecurity outcomes that can be used by any organization regardless of its size, sector, or maturity to better understand, assess, prioritize, and communicate its cybersecurity efforts. The framework's core functions are organized into six key areas: Govern (new), Identify, Protect, Detect, Respond, and Recover. Together, these functions provide a comprehensive lifecycle approach to managing cybersecurity risk.;735291151388;eu-north-1;2026-07-10 18:08:16.187152;dp_4;Event detection information is communicated.;Detect (DE);Detection Processes (DE.DP);;aws;;PASS;EventBridge event bus default is not exposed to everyone.;arn:aws:events:eu-north-1:735291151388:event-bus/default;eventbridge_bus_exposed;False;default;NIST-CSF;National Institute of Standards and Technology (NIST) Cybersecurity Framework (CSF) v2.0;
aws;The NIST Cybersecurity Framework (CSF) 2.0 offers a taxonomy of high-level cybersecurity outcomes that can be used by any organization regardless of its size, sector, or maturity to better understand, assess, prioritize, and communicate its cybersecurity efforts. The framework's core functions are organized into six key areas: Govern (new), Identify, Protect, Detect, Respond, and Recover. Together, these functions provide a comprehensive lifecycle approach to managing cybersecurity risk.;735291151388;eu-west-1;2026-07-10 18:08:16.187152;ra_5;Threats, vulnerabilities, likelihoods, and impacts are used to determine risk.;Identify (ID);Risk Assessment (ID.RA);;aws;;PASS;EventBridge event bus default is not exposed to everyone.;arn:aws:events:eu-west-1:735291151388:event-bus/default;eventbridge_bus_exposed;False;default;NIST-CSF;National Institute of Standards and Technology (NIST) Cybersecurity Framework (CSF) v2.0;
aws;The NIST Cybersecurity Framework (CSF) 2.0 offers a taxonomy of high-level cybersecurity outcomes that can be used by any organization regardless of its size, sector, or maturity to better understand, assess, prioritize, and communicate its cybersecurity efforts. The framework's core functions are organized into six key areas: Govern (new), Identify, Protect, Detect, Respond, and Recover. Together, these functions provide a comprehensive lifecycle approach to managing cybersecurity risk.;735291151388;eu-west-1;2026-07-10 18:08:16.187152;ac_4;Access permissions and authorizations are managed, incorporating the principles of least privilege and separation of duties.;Protect (PR);Identity Management and Access Control (PR.AC);;aws;;PASS;EventBridge event bus default is not exposed to everyone.;arn:aws:events:eu-west-1:735291151388:event-bus/default;eventbridge_bus_exposed;False;default;NIST-CSF;National Institute of Standards and Technology (NIST) Cybersecurity Framework (CSF) v2.0;
aws;The NIST Cybersecurity Framework (CSF) 2.0 offers a taxonomy of high-level cybersecurity outcomes that can be used by any organization regardless of its size, sector, or maturity to better understand, assess, prioritize, and communicate its cybersecurity efforts. The framework's core functions are organized into six key areas: Govern (new), Identify, Protect, Detect, Respond, and Recover. Together, these functions provide a comprehensive lifecycle approach to managing cybersecurity risk.;735291151388;eu-west-1;2026-07-10 18:08:16.187152;dp_4;Event detection information is communicated.;Detect (DE);Detection Processes (DE.DP);;aws;;PASS;EventBridge event bus default is not exposed to everyone.;arn:aws:events:eu-west-1:735291151388:event-bus/default;eventbridge_bus_exposed;False;default;NIST-CSF;National Institute of Standards and Technology (NIST) Cybersecurity Framework (CSF) v2.0;
aws;The NIST Cybersecurity Framework (CSF) 2.0 offers a taxonomy of high-level cybersecurity outcomes that can be used by any organization regardless of its size, sector, or maturity to better understand, assess, prioritize, and communicate its cybersecurity efforts. The framework's core functions are organized into six key areas: Govern (new), Identify, Protect, Detect, Respond, and Recover. Together, these functions provide a comprehensive lifecycle approach to managing cybersecurity risk.;735291151388;eu-west-2;2026-07-10 18:08:16.187152;ra_5;Threats, vulnerabilities, likelihoods, and impacts are used to determine risk.;Identify (ID);Risk Assessment (ID.RA);;aws;;PASS;EventBridge event bus default is not exposed to everyone.;arn:aws:events:eu-west-2:735291151388:event-bus/default;eventbridge_bus_exposed;False;default;NIST-CSF;National Institute of Standards and Technology (NIST) Cybersecurity Framework (CSF) v2.0;
aws;The NIST Cybersecurity Framework (CSF) 2.0 offers a taxonomy of high-level cybersecurity outcomes that can be used by any organization regardless of its size, sector, or maturity to better understand, assess, prioritize, and communicate its cybersecurity efforts. The framework's core functions are organized into six key areas: Govern (new), Identify, Protect, Detect, Respond, and Recover. Together, these functions provide a comprehensive lifecycle approach to managing cybersecurity risk.;735291151388;eu-west-2;2026-07-10 18:08:16.187152;ac_4;Access permissions and authorizations are managed, incorporating the principles of least privilege and separation of duties.;Protect (PR);Identity Management and Access Control (PR.AC);;aws;;PASS;EventBridge event bus default is not exposed to everyone.;arn:aws:events:eu-west-2:735291151388:event-bus/default;eventbridge_bus_exposed;False;default;NIST-CSF;National Institute of Standards and Technology (NIST) Cybersecurity Framework (CSF) v2.0;
aws;The NIST Cybersecurity Framework (CSF) 2.0 offers a taxonomy of high-level cybersecurity outcomes that can be used by any organization regardless of its size, sector, or maturity to better understand, assess, prioritize, and communicate its cybersecurity efforts. The framework's core functions are organized into six key areas: Govern (new), Identify, Protect, Detect, Respond, and Recover. Together, these functions provide a comprehensive lifecycle approach to managing cybersecurity risk.;735291151388;eu-west-2;2026-07-10 18:08:16.187152;dp_4;Event detection information is communicated.;Detect (DE);Detection Processes (DE.DP);;aws;;PASS;EventBridge event bus default is not exposed to everyone.;arn:aws:events:eu-west-2:735291151388:event-bus/default;eventbridge_bus_exposed;False;default;NIST-CSF;National Institute of Standards and Technology (NIST) Cybersecurity Framework (CSF) v2.0;
aws;The NIST Cybersecurity Framework (CSF) 2.0 offers a taxonomy of high-level cybersecurity outcomes that can be used by any organization regardless of its size, sector, or maturity to better understand, assess, prioritize, and communicate its cybersecurity efforts. The framework's core functions are organized into six key areas: Govern (new), Identify, Protect, Detect, Respond, and Recover. Together, these functions provide a comprehensive lifecycle approach to managing cybersecurity risk.;735291151388;eu-west-3;2026-07-10 18:08:16.187152;ra_5;Threats, vulnerabilities, likelihoods, and impacts are used to determine risk.;Identify (ID);Risk Assessment (ID.RA);;aws;;PASS;EventBridge event bus default is not exposed to everyone.;arn:aws:events:eu-west-3:735291151388:event-bus/default;eventbridge_bus_exposed;False;default;NIST-CSF;National Institute of Standards and Technology (NIST) Cybersecurity Framework (CSF) v2.0;
aws;The NIST Cybersecurity Framework (CSF) 2.0 offers a taxonomy of high-level cybersecurity outcomes that can be used by any organization regardless of its size, sector, or maturity to better understand, assess, prioritize, and communicate its cybersecurity efforts. The framework's core functions are organized into six key areas: Govern (new), Identify, Protect, Detect, Respond, and Recover. Together, these functions provide a comprehensive lifecycle approach to managing cybersecurity risk.;735291151388;eu-west-3;2026-07-10 18:08:16.187152;ac_4;Access permissions and authorizations are managed, incorporating the principles of least privilege and separation of duties.;Protect (PR);Identity Management and Access Control (PR.AC);;aws;;PASS;EventBridge event bus default is not exposed to everyone.;arn:aws:events:eu-west-3:735291151388:event-bus/default;eventbridge_bus_exposed;False;default;NIST-CSF;National Institute of Standards and Technology (NIST) Cybersecurity Framework (CSF) v2.0;
aws;The NIST Cybersecurity Framework (CSF) 2.0 offers a taxonomy of high-level cybersecurity outcomes that can be used by any organization regardless of its size, sector, or maturity to better understand, assess, prioritize, and communicate its cybersecurity efforts. The framework's core functions are organized into six key areas: Govern (new), Identify, Protect, Detect, Respond, and Recover. Together, these functions provide a comprehensive lifecycle approach to managing cybersecurity risk.;735291151388;eu-west-3;2026-07-10 18:08:16.187152;dp_4;Event detection information is communicated.;Detect (DE);Detection Processes (DE.DP);;aws;;PASS;EventBridge event bus default is not exposed to everyone.;arn:aws:events:eu-west-3:735291151388:event-bus/default;eventbridge_bus_exposed;False;default;NIST-CSF;National Institute of Standards and Technology (NIST) Cybersecurity Framework (CSF) v2.0;
aws;The NIST Cybersecurity Framework (CSF) 2.0 offers a taxonomy of high-level cybersecurity outcomes that can be used by any organization regardless of its size, sector, or maturity to better understand, assess, prioritize, and communicate its cybersecurity efforts. The framework's core functions are organized into six key areas: Govern (new), Identify, Protect, Detect, Respond, and Recover. Together, these functions provide a comprehensive lifecycle approach to managing cybersecurity risk.;735291151388;sa-east-1;2026-07-10 18:08:16.187152;ra_5;Threats, vulnerabilities, likelihoods, and impacts are used to determine risk.;Identify (ID);Risk Assessment (ID.RA);;aws;;PASS;EventBridge event bus default is not exposed to everyone.;arn:aws:events:sa-east-1:735291151388:event-bus/default;eventbridge_bus_exposed;False;default;NIST-CSF;National Institute of Standards and Technology (NIST) Cybersecurity Framework (CSF) v2.0;
aws;The NIST Cybersecurity Framework (CSF) 2.0 offers a taxonomy of high-level cybersecurity outcomes that can be used by any organization regardless of its size, sector, or maturity to better understand, assess, prioritize, and communicate its cybersecurity efforts. The framework's core functions are organized into six key areas: Govern (new), Identify, Protect, Detect, Respond, and Recover. Together, these functions provide a comprehensive lifecycle approach to managing cybersecurity risk.;735291151388;sa-east-1;2026-07-10 18:08:16.187152;ac_4;Access permissions and authorizations are managed, incorporating the principles of least privilege and separation of duties.;Protect (PR);Identity Management and Access Control (PR.AC);;aws;;PASS;EventBridge event bus default is not exposed to everyone.;arn:aws:events:sa-east-1:735291151388:event-bus/default;eventbridge_bus_exposed;False;default;NIST-CSF;National Institute of Standards and Technology (NIST) Cybersecurity Framework (CSF) v2.0;
aws;The NIST Cybersecurity Framework (CSF) 2.0 offers a taxonomy of high-level cybersecurity outcomes that can be used by any organization regardless of its size, sector, or maturity to better understand, assess, prioritize, and communicate its cybersecurity efforts. The framework's core functions are organized into six key areas: Govern (new), Identify, Protect, Detect, Respond, and Recover. Together, these functions provide a comprehensive lifecycle approach to managing cybersecurity risk.;735291151388;sa-east-1;2026-07-10 18:08:16.187152;dp_4;Event detection information is communicated.;Detect (DE);Detection Processes (DE.DP);;aws;;PASS;EventBridge event bus default is not exposed to everyone.;arn:aws:events:sa-east-1:735291151388:event-bus/default;eventbridge_bus_exposed;False;default;NIST-CSF;National Institute of Standards and Technology (NIST) Cybersecurity Framework (CSF) v2.0;
aws;The NIST Cybersecurity Framework (CSF) 2.0 offers a taxonomy of high-level cybersecurity outcomes that can be used by any organization regardless of its size, sector, or maturity to better understand, assess, prioritize, and communicate its cybersecurity efforts. The framework's core functions are organized into six key areas: Govern (new), Identify, Protect, Detect, Respond, and Recover. Together, these functions provide a comprehensive lifecycle approach to managing cybersecurity risk.;735291151388;us-east-1;2026-07-10 18:08:16.187152;ra_5;Threats, vulnerabilities, likelihoods, and impacts are used to determine risk.;Identify (ID);Risk Assessment (ID.RA);;aws;;PASS;EventBridge event bus default is not exposed to everyone.;arn:aws:events:us-east-1:735291151388:event-bus/default;eventbridge_bus_exposed;False;default;NIST-CSF;National Institute of Standards and Technology (NIST) Cybersecurity Framework (CSF) v2.0;
aws;The NIST Cybersecurity Framework (CSF) 2.0 offers a taxonomy of high-level cybersecurity outcomes that can be used by any organization regardless of its size, sector, or maturity to better understand, assess, prioritize, and communicate its cybersecurity efforts. The framework's core functions are organized into six key areas: Govern (new), Identify, Protect, Detect, Respond, and Recover. Together, these functions provide a comprehensive lifecycle approach to managing cybersecurity risk.;735291151388;us-east-1;2026-07-10 18:08:16.187152;ac_4;Access permissions and authorizations are managed, incorporating the principles of least privilege and separation of duties.;Protect (PR);Identity Management and Access Control (PR.AC);;aws;;PASS;EventBridge event bus default is not exposed to everyone.;arn:aws:events:us-east-1:735291151388:event-bus/default;eventbridge_bus_exposed;False;default;NIST-CSF;National Institute of Standards and Technology (NIST) Cybersecurity Framework (CSF) v2.0;
aws;The NIST Cybersecurity Framework (CSF) 2.0 offers a taxonomy of high-level cybersecurity outcomes that can be used by any organization regardless of its size, sector, or maturity to better understand, assess, prioritize, and communicate its cybersecurity efforts. The framework's core functions are organized into six key areas: Govern (new), Identify, Protect, Detect, Respond, and Recover. Together, these functions provide a comprehensive lifecycle approach to managing cybersecurity risk.;735291151388;us-east-1;2026-07-10 18:08:16.187152;dp_4;Event detection information is communicated.;Detect (DE);Detection Processes (DE.DP);;aws;;PASS;EventBridge event bus default is not exposed to everyone.;arn:aws:events:us-east-1:735291151388:event-bus/default;eventbridge_bus_exposed;False;default;NIST-CSF;National Institute of Standards and Technology (NIST) Cybersecurity Framework (CSF) v2.0;
aws;The NIST Cybersecurity Framework (CSF) 2.0 offers a taxonomy of high-level cybersecurity outcomes that can be used by any organization regardless of its size, sector, or maturity to better understand, assess, prioritize, and communicate its cybersecurity efforts. The framework's core functions are organized into six key areas: Govern (new), Identify, Protect, Detect, Respond, and Recover. Together, these functions provide a comprehensive lifecycle approach to managing cybersecurity risk.;735291151388;us-east-2;2026-07-10 18:08:16.187152;ra_5;Threats, vulnerabilities, likelihoods, and impacts are used to determine risk.;Identify (ID);Risk Assessment (ID.RA);;aws;;PASS;EventBridge event bus default is not exposed to everyone.;arn:aws:events:us-east-2:735291151388:event-bus/default;eventbridge_bus_exposed;False;default;NIST-CSF;National Institute of Standards and Technology (NIST) Cybersecurity Framework (CSF) v2.0;
aws;The NIST Cybersecurity Framework (CSF) 2.0 offers a taxonomy of high-level cybersecurity outcomes that can be used by any organization regardless of its size, sector, or maturity to better understand, assess, prioritize, and communicate its cybersecurity efforts. The framework's core functions are organized into six key areas: Govern (new), Identify, Protect, Detect, Respond, and Recover. Together, these functions provide a comprehensive lifecycle approach to managing cybersecurity risk.;735291151388;us-east-2;2026-07-10 18:08:16.187152;ac_4;Access permissions and authorizations are managed, incorporating the principles of least privilege and separation of duties.;Protect (PR);Identity Management and Access Control (PR.AC);;aws;;PASS;EventBridge event bus default is not exposed to everyone.;arn:aws:events:us-east-2:735291151388:event-bus/default;eventbridge_bus_exposed;False;default;NIST-CSF;National Institute of Standards and Technology (NIST) Cybersecurity Framework (CSF) v2.0;
aws;The NIST Cybersecurity Framework (CSF) 2.0 offers a taxonomy of high-level cybersecurity outcomes that can be used by any organization regardless of its size, sector, or maturity to better understand, assess, prioritize, and communicate its cybersecurity efforts. The framework's core functions are organized into six key areas: Govern (new), Identify, Protect, Detect, Respond, and Recover. Together, these functions provide a comprehensive lifecycle approach to managing cybersecurity risk.;735291151388;us-east-2;2026-07-10 18:08:16.187152;dp_4;Event detection information is communicated.;Detect (DE);Detection Processes (DE.DP);;aws;;PASS;EventBridge event bus default is not exposed to everyone.;arn:aws:events:us-east-2:735291151388:event-bus/default;eventbridge_bus_exposed;False;default;NIST-CSF;National Institute of Standards and Technology (NIST) Cybersecurity Framework (CSF) v2.0;
aws;The NIST Cybersecurity Framework (CSF) 2.0 offers a taxonomy of high-level cybersecurity outcomes that can be used by any organization regardless of its size, sector, or maturity to better understand, assess, prioritize, and communicate its cybersecurity efforts. The framework's core functions are organized into six key areas: Govern (new), Identify, Protect, Detect, Respond, and Recover. Together, these functions provide a comprehensive lifecycle approach to managing cybersecurity risk.;735291151388;us-west-1;2026-07-10 18:08:16.187152;ra_5;Threats, vulnerabilities, likelihoods, and impacts are used to determine risk.;Identify (ID);Risk Assessment (ID.RA);;aws;;PASS;EventBridge event bus default is not exposed to everyone.;arn:aws:events:us-west-1:735291151388:event-bus/default;eventbridge_bus_exposed;False;default;NIST-CSF;National Institute of Standards and Technology (NIST) Cybersecurity Framework (CSF) v2.0;
aws;The NIST Cybersecurity Framework (CSF) 2.0 offers a taxonomy of high-level cybersecurity outcomes that can be used by any organization regardless of its size, sector, or maturity to better understand, assess, prioritize, and communicate its cybersecurity efforts. The framework's core functions are organized into six key areas: Govern (new), Identify, Protect, Detect, Respond, and Recover. Together, these functions provide a comprehensive lifecycle approach to managing cybersecurity risk.;735291151388;us-west-1;2026-07-10 18:08:16.187152;ac_4;Access permissions and authorizations are managed, incorporating the principles of least privilege and separation of duties.;Protect (PR);Identity Management and Access Control (PR.AC);;aws;;PASS;EventBridge event bus default is not exposed to everyone.;arn:aws:events:us-west-1:735291151388:event-bus/default;eventbridge_bus_exposed;False;default;NIST-CSF;National Institute of Standards and Technology (NIST) Cybersecurity Framework (CSF) v2.0;
aws;The NIST Cybersecurity Framework (CSF) 2.0 offers a taxonomy of high-level cybersecurity outcomes that can be used by any organization regardless of its size, sector, or maturity to better understand, assess, prioritize, and communicate its cybersecurity efforts. The framework's core functions are organized into six key areas: Govern (new), Identify, Protect, Detect, Respond, and Recover. Together, these functions provide a comprehensive lifecycle approach to managing cybersecurity risk.;735291151388;us-west-1;2026-07-10 18:08:16.187152;dp_4;Event detection information is communicated.;Detect (DE);Detection Processes (DE.DP);;aws;;PASS;EventBridge event bus default is not exposed to everyone.;arn:aws:events:us-west-1:735291151388:event-bus/default;eventbridge_bus_exposed;False;default;NIST-CSF;National Institute of Standards and Technology (NIST) Cybersecurity Framework (CSF) v2.0;
aws;The NIST Cybersecurity Framework (CSF) 2.0 offers a taxonomy of high-level cybersecurity outcomes that can be used by any organization regardless of its size, sector, or maturity to better understand, assess, prioritize, and communicate its cybersecurity efforts. The framework's core functions are organized into six key areas: Govern (new), Identify, Protect, Detect, Respond, and Recover. Together, these functions provide a comprehensive lifecycle approach to managing cybersecurity risk.;735291151388;us-west-2;2026-07-10 18:08:16.187152;ra_5;Threats, vulnerabilities, likelihoods, and impacts are used to determine risk.;Identify (ID);Risk Assessment (ID.RA);;aws;;PASS;EventBridge event bus default is not exposed to everyone.;arn:aws:events:us-west-2:735291151388:event-bus/default;eventbridge_bus_exposed;False;default;NIST-CSF;National Institute of Standards and Technology (NIST) Cybersecurity Framework (CSF) v2.0;
aws;The NIST Cybersecurity Framework (CSF) 2.0 offers a taxonomy of high-level cybersecurity outcomes that can be used by any organization regardless of its size, sector, or maturity to better understand, assess, prioritize, and communicate its cybersecurity efforts. The framework's core functions are organized into six key areas: Govern (new), Identify, Protect, Detect, Respond, and Recover. Together, these functions provide a comprehensive lifecycle approach to managing cybersecurity risk.;735291151388;us-west-2;2026-07-10 18:08:16.187152;ac_4;Access permissions and authorizations are managed, incorporating the principles of least privilege and separation of duties.;Protect (PR);Identity Management and Access Control (PR.AC);;aws;;PASS;EventBridge event bus default is not exposed to everyone.;arn:aws:events:us-west-2:735291151388:event-bus/default;eventbridge_bus_exposed;False;default;NIST-CSF;National Institute of Standards and Technology (NIST) Cybersecurity Framework (CSF) v2.0;
aws;The NIST Cybersecurity Framework (CSF) 2.0 offers a taxonomy of high-level cybersecurity outcomes that can be used by any organization regardless of its size, sector, or maturity to better understand, assess, prioritize, and communicate its cybersecurity efforts. The framework's core functions are organized into six key areas: Govern (new), Identify, Protect, Detect, Respond, and Recover. Together, these functions provide a comprehensive lifecycle approach to managing cybersecurity risk.;735291151388;us-west-2;2026-07-10 18:08:16.187152;dp_4;Event detection information is communicated.;Detect (DE);Detection Processes (DE.DP);;aws;;PASS;EventBridge event bus default is not exposed to everyone.;arn:aws:events:us-west-2:735291151388:event-bus/default;eventbridge_bus_exposed;False;default;NIST-CSF;National Institute of Standards and Technology (NIST) Cybersecurity Framework (CSF) v2.0;
aws;The NIST Cybersecurity Framework (CSF) 2.0 offers a taxonomy of high-level cybersecurity outcomes that can be used by any organization regardless of its size, sector, or maturity to better understand, assess, prioritize, and communicate its cybersecurity efforts. The framework's core functions are organized into six key areas: Govern (new), Identify, Protect, Detect, Respond, and Recover. Together, these functions provide a comprehensive lifecycle approach to managing cybersecurity risk.;735291151388;ap-south-1;2026-07-10 18:08:16.187152;rr_1;Cybersecurity roles and responsibilities are coordinated and aligned with internal roles and external partners.;Govern (GV);Roles, Responsibilities, and Authorities (GV.RR);;iam;;FAIL;Group admin provides administrator access to User Alex with MFA disabled.;arn:aws:iam::735291151388:group/admin;iam_administrator_access_with_mfa;False;admin;NIST-CSF;National Institute of Standards and Technology (NIST) Cybersecurity Framework (CSF) v2.0;
aws;The NIST Cybersecurity Framework (CSF) 2.0 offers a taxonomy of high-level cybersecurity outcomes that can be used by any organization regardless of its size, sector, or maturity to better understand, assess, prioritize, and communicate its cybersecurity efforts. The framework's core functions are organized into six key areas: Govern (new), Identify, Protect, Detect, Respond, and Recover. Together, these functions provide a comprehensive lifecycle approach to managing cybersecurity risk.;735291151388;ap-south-1;2026-07-10 18:08:16.187152;ac_4;Access permissions and authorizations are managed, incorporating the principles of least privilege and separation of duties.;Protect (PR);Identity Management and Access Control (PR.AC);;aws;;FAIL;Group admin provides administrator access to User Alex with MFA disabled.;arn:aws:iam::735291151388:group/admin;iam_administrator_access_with_mfa;False;admin;NIST-CSF;National Institute of Standards and Technology (NIST) Cybersecurity Framework (CSF) v2.0;
aws;The NIST Cybersecurity Framework (CSF) 2.0 offers a taxonomy of high-level cybersecurity outcomes that can be used by any organization regardless of its size, sector, or maturity to better understand, assess, prioritize, and communicate its cybersecurity efforts. The framework's core functions are organized into six key areas: Govern (new), Identify, Protect, Detect, Respond, and Recover. Together, these functions provide a comprehensive lifecycle approach to managing cybersecurity risk.;735291151388;ap-south-1;2026-07-10 18:08:16.187152;ip_1;A baseline configuration of information technology/industrial control systems is created and maintained incorporating security principles (e.g. concept of least functionality).;Protect (PR);Information Protection Processes and Procedures (PR.IP);;aws;;FAIL;Group admin provides administrator access to User Alex with MFA disabled.;arn:aws:iam::735291151388:group/admin;iam_administrator_access_with_mfa;False;admin;NIST-CSF;National Institute of Standards and Technology (NIST) Cybersecurity Framework (CSF) v2.0;
aws;The NIST Cybersecurity Framework (CSF) 2.0 offers a taxonomy of high-level cybersecurity outcomes that can be used by any organization regardless of its size, sector, or maturity to better understand, assess, prioritize, and communicate its cybersecurity efforts. The framework's core functions are organized into six key areas: Govern (new), Identify, Protect, Detect, Respond, and Recover. Together, these functions provide a comprehensive lifecycle approach to managing cybersecurity risk.;735291151388;ap-south-1;2026-07-10 18:08:16.187152;rr_1;Cybersecurity roles and responsibilities are coordinated and aligned with internal roles and external partners.;Govern (GV);Roles, Responsibilities, and Authorities (GV.RR);;iam;;PASS;AWS policy AmazonRDSServiceRolePolicy is attached but does not allow '*:*' administrative privileges.;arn:aws:iam::aws:policy/aws-service-role/AmazonRDSServiceRolePolicy;iam_aws_attached_policy_no_administrative_privileges;False;AmazonRDSServiceRolePolicy;NIST-CSF;National Institute of Standards and Technology (NIST) Cybersecurity Framework (CSF) v2.0;
aws;The NIST Cybersecurity Framework (CSF) 2.0 offers a taxonomy of high-level cybersecurity outcomes that can be used by any organization regardless of its size, sector, or maturity to better understand, assess, prioritize, and communicate its cybersecurity efforts. The framework's core functions are organized into six key areas: Govern (new), Identify, Protect, Detect, Respond, and Recover. Together, these functions provide a comprehensive lifecycle approach to managing cybersecurity risk.;735291151388;ap-south-1;2026-07-10 18:08:16.187152;rr_2;Cybersecurity responsibilities are established and communicated.;Govern (GV);Roles, Responsibilities, and Authorities (GV.RR);;iam;;PASS;AWS policy AmazonRDSServiceRolePolicy is attached but does not allow '*:*' administrative privileges.;arn:aws:iam::aws:policy/aws-service-role/AmazonRDSServiceRolePolicy;iam_aws_attached_policy_no_administrative_privileges;False;AmazonRDSServiceRolePolicy;NIST-CSF;National Institute of Standards and Technology (NIST) Cybersecurity Framework (CSF) v2.0;
aws;The NIST Cybersecurity Framework (CSF) 2.0 offers a taxonomy of high-level cybersecurity outcomes that can be used by any organization regardless of its size, sector, or maturity to better understand, assess, prioritize, and communicate its cybersecurity efforts. The framework's core functions are organized into six key areas: Govern (new), Identify, Protect, Detect, Respond, and Recover. Together, these functions provide a comprehensive lifecycle approach to managing cybersecurity risk.;735291151388;ap-south-1;2026-07-10 18:08:16.187152;po_1;Cybersecurity policy is established, communicated, and enforced.;Govern (GV);Policies, Processes, and Procedures (GV.PO);;aws;;PASS;AWS policy AmazonRDSServiceRolePolicy is attached but does not allow '*:*' administrative privileges.;arn:aws:iam::aws:policy/aws-service-role/AmazonRDSServiceRolePolicy;iam_aws_attached_policy_no_administrative_privileges;False;AmazonRDSServiceRolePolicy;NIST-CSF;National Institute of Standards and Technology (NIST) Cybersecurity Framework (CSF) v2.0;
aws;The NIST Cybersecurity Framework (CSF) 2.0 offers a taxonomy of high-level cybersecurity outcomes that can be used by any organization regardless of its size, sector, or maturity to better understand, assess, prioritize, and communicate its cybersecurity efforts. The framework's core functions are organized into six key areas: Govern (new), Identify, Protect, Detect, Respond, and Recover. Together, these functions provide a comprehensive lifecycle approach to managing cybersecurity risk.;735291151388;ap-south-1;2026-07-10 18:08:16.187152;ac_1;Identities and credentials are issued, managed, verified, revoked, and audited for authorized devices, users and processes.;Protect (PR);Identity Management and Access Control (PR.AC);;aws;;PASS;AWS policy AmazonRDSServiceRolePolicy is attached but does not allow '*:*' administrative privileges.;arn:aws:iam::aws:policy/aws-service-role/AmazonRDSServiceRolePolicy;iam_aws_attached_policy_no_administrative_privileges;False;AmazonRDSServiceRolePolicy;NIST-CSF;National Institute of Standards and Technology (NIST) Cybersecurity Framework (CSF) v2.0;
aws;The NIST Cybersecurity Framework (CSF) 2.0 offers a taxonomy of high-level cybersecurity outcomes that can be used by any organization regardless of its size, sector, or maturity to better understand, assess, prioritize, and communicate its cybersecurity efforts. The framework's core functions are organized into six key areas: Govern (new), Identify, Protect, Detect, Respond, and Recover. Together, these functions provide a comprehensive lifecycle approach to managing cybersecurity risk.;735291151388;ap-south-1;2026-07-10 18:08:16.187152;rr_1;Cybersecurity roles and responsibilities are coordinated and aligned with internal roles and external partners.;Govern (GV);Roles, Responsibilities, and Authorities (GV.RR);;iam;;PASS;AWS policy AWSTrustedAdvisorServiceRolePolicy is attached but does not allow '*:*' administrative privileges.;arn:aws:iam::aws:policy/aws-service-role/AWSTrustedAdvisorServiceRolePolicy;iam_aws_attached_policy_no_administrative_privileges;False;AWSTrustedAdvisorServiceRolePolicy;NIST-CSF;National Institute of Standards and Technology (NIST) Cybersecurity Framework (CSF) v2.0;
aws;The NIST Cybersecurity Framework (CSF) 2.0 offers a taxonomy of high-level cybersecurity outcomes that can be used by any organization regardless of its size, sector, or maturity to better understand, assess, prioritize, and communicate its cybersecurity efforts. The framework's core functions are organized into six key areas: Govern (new), Identify, Protect, Detect, Respond, and Recover. Together, these functions provide a comprehensive lifecycle approach to managing cybersecurity risk.;735291151388;ap-south-1;2026-07-10 18:08:16.187152;rr_2;Cybersecurity responsibilities are established and communicated.;Govern (GV);Roles, Responsibilities, and Authorities (GV.RR);;iam;;PASS;AWS policy AWSTrustedAdvisorServiceRolePolicy is attached but does not allow '*:*' administrative privileges.;arn:aws:iam::aws:policy/aws-service-role/AWSTrustedAdvisorServiceRolePolicy;iam_aws_attached_policy_no_administrative_privileges;False;AWSTrustedAdvisorServiceRolePolicy;NIST-CSF;National Institute of Standards and Technology (NIST) Cybersecurity Framework (CSF) v2.0;
aws;The NIST Cybersecurity Framework (CSF) 2.0 offers a taxonomy of high-level cybersecurity outcomes that can be used by any organization regardless of its size, sector, or maturity to better understand, assess, prioritize, and communicate its cybersecurity efforts. The framework's core functions are organized into six key areas: Govern (new), Identify, Protect, Detect, Respond, and Recover. Together, these functions provide a comprehensive lifecycle approach to managing cybersecurity risk.;735291151388;ap-south-1;2026-07-10 18:08:16.187152;po_1;Cybersecurity policy is established, communicated, and enforced.;Govern (GV);Policies, Processes, and Procedures (GV.PO);;aws;;PASS;AWS policy AWSTrustedAdvisorServiceRolePolicy is attached but does not allow '*:*' administrative privileges.;arn:aws:iam::aws:policy/aws-service-role/AWSTrustedAdvisorServiceRolePolicy;iam_aws_attached_policy_no_administrative_privileges;False;AWSTrustedAdvisorServiceRolePolicy;NIST-CSF;National Institute of Standards and Technology (NIST) Cybersecurity Framework (CSF) v2.0;
aws;The NIST Cybersecurity Framework (CSF) 2.0 offers a taxonomy of high-level cybersecurity outcomes that can be used by any organization regardless of its size, sector, or maturity to better understand, assess, prioritize, and communicate its cybersecurity efforts. The framework's core functions are organized into six key areas: Govern (new), Identify, Protect, Detect, Respond, and Recover. Together, these functions provide a comprehensive lifecycle approach to managing cybersecurity risk.;735291151388;ap-south-1;2026-07-10 18:08:16.187152;ac_1;Identities and credentials are issued, managed, verified, revoked, and audited for authorized devices, users and processes.;Protect (PR);Identity Management and Access Control (PR.AC);;aws;;PASS;AWS policy AWSTrustedAdvisorServiceRolePolicy is attached but does not allow '*:*' administrative privileges.;arn:aws:iam::aws:policy/aws-service-role/AWSTrustedAdvisorServiceRolePolicy;iam_aws_attached_policy_no_administrative_privileges;False;AWSTrustedAdvisorServiceRolePolicy;NIST-CSF;National Institute of Standards and Technology (NIST) Cybersecurity Framework (CSF) v2.0;
aws;The NIST Cybersecurity Framework (CSF) 2.0 offers a taxonomy of high-level cybersecurity outcomes that can be used by any organization regardless of its size, sector, or maturity to better understand, assess, prioritize, and communicate its cybersecurity efforts. The framework's core functions are organized into six key areas: Govern (new), Identify, Protect, Detect, Respond, and Recover. Together, these functions provide a comprehensive lifecycle approach to managing cybersecurity risk.;735291151388;ap-south-1;2026-07-10 18:08:16.187152;rr_1;Cybersecurity roles and responsibilities are coordinated and aligned with internal roles and external partners.;Govern (GV);Roles, Responsibilities, and Authorities (GV.RR);;iam;;FAIL;AWS policy AdministratorAccess is attached and allows '*:*' administrative privileges.;arn:aws:iam::aws:policy/AdministratorAccess;iam_aws_attached_policy_no_administrative_privileges;False;AdministratorAccess;NIST-CSF;National Institute of Standards and Technology (NIST) Cybersecurity Framework (CSF) v2.0;
aws;The NIST Cybersecurity Framework (CSF) 2.0 offers a taxonomy of high-level cybersecurity outcomes that can be used by any organization regardless of its size, sector, or maturity to better understand, assess, prioritize, and communicate its cybersecurity efforts. The framework's core functions are organized into six key areas: Govern (new), Identify, Protect, Detect, Respond, and Recover. Together, these functions provide a comprehensive lifecycle approach to managing cybersecurity risk.;735291151388;ap-south-1;2026-07-10 18:08:16.187152;rr_2;Cybersecurity responsibilities are established and communicated.;Govern (GV);Roles, Responsibilities, and Authorities (GV.RR);;iam;;FAIL;AWS policy AdministratorAccess is attached and allows '*:*' administrative privileges.;arn:aws:iam::aws:policy/AdministratorAccess;iam_aws_attached_policy_no_administrative_privileges;False;AdministratorAccess;NIST-CSF;National Institute of Standards and Technology (NIST) Cybersecurity Framework (CSF) v2.0;
aws;The NIST Cybersecurity Framework (CSF) 2.0 offers a taxonomy of high-level cybersecurity outcomes that can be used by any organization regardless of its size, sector, or maturity to better understand, assess, prioritize, and communicate its cybersecurity efforts. The framework's core functions are organized into six key areas: Govern (new), Identify, Protect, Detect, Respond, and Recover. Together, these functions provide a comprehensive lifecycle approach to managing cybersecurity risk.;735291151388;ap-south-1;2026-07-10 18:08:16.187152;po_1;Cybersecurity policy is established, communicated, and enforced.;Govern (GV);Policies, Processes, and Procedures (GV.PO);;aws;;FAIL;AWS policy AdministratorAccess is attached and allows '*:*' administrative privileges.;arn:aws:iam::aws:policy/AdministratorAccess;iam_aws_attached_policy_no_administrative_privileges;False;AdministratorAccess;NIST-CSF;National Institute of Standards and Technology (NIST) Cybersecurity Framework (CSF) v2.0;
aws;The NIST Cybersecurity Framework (CSF) 2.0 offers a taxonomy of high-level cybersecurity outcomes that can be used by any organization regardless of its size, sector, or maturity to better understand, assess, prioritize, and communicate its cybersecurity efforts. The framework's core functions are organized into six key areas: Govern (new), Identify, Protect, Detect, Respond, and Recover. Together, these functions provide a comprehensive lifecycle approach to managing cybersecurity risk.;735291151388;ap-south-1;2026-07-10 18:08:16.187152;ac_1;Identities and credentials are issued, managed, verified, revoked, and audited for authorized devices, users and processes.;Protect (PR);Identity Management and Access Control (PR.AC);;aws;;FAIL;AWS policy AdministratorAccess is attached and allows '*:*' administrative privileges.;arn:aws:iam::aws:policy/AdministratorAccess;iam_aws_attached_policy_no_administrative_privileges;False;AdministratorAccess;NIST-CSF;National Institute of Standards and Technology (NIST) Cybersecurity Framework (CSF) v2.0;
aws;The NIST Cybersecurity Framework (CSF) 2.0 offers a taxonomy of high-level cybersecurity outcomes that can be used by any organization regardless of its size, sector, or maturity to better understand, assess, prioritize, and communicate its cybersecurity efforts. The framework's core functions are organized into six key areas: Govern (new), Identify, Protect, Detect, Respond, and Recover. Together, these functions provide a comprehensive lifecycle approach to managing cybersecurity risk.;735291151388;ap-south-1;2026-07-10 18:08:16.187152;rr_1;Cybersecurity roles and responsibilities are coordinated and aligned with internal roles and external partners.;Govern (GV);Roles, Responsibilities, and Authorities (GV.RR);;iam;;PASS;AWS policy AWSSupportServiceRolePolicy is attached but does not allow '*:*' administrative privileges.;arn:aws:iam::aws:policy/aws-service-role/AWSSupportServiceRolePolicy;iam_aws_attached_policy_no_administrative_privileges;False;AWSSupportServiceRolePolicy;NIST-CSF;National Institute of Standards and Technology (NIST) Cybersecurity Framework (CSF) v2.0;
aws;The NIST Cybersecurity Framework (CSF) 2.0 offers a taxonomy of high-level cybersecurity outcomes that can be used by any organization regardless of its size, sector, or maturity to better understand, assess, prioritize, and communicate its cybersecurity efforts. The framework's core functions are organized into six key areas: Govern (new), Identify, Protect, Detect, Respond, and Recover. Together, these functions provide a comprehensive lifecycle approach to managing cybersecurity risk.;735291151388;ap-south-1;2026-07-10 18:08:16.187152;rr_2;Cybersecurity responsibilities are established and communicated.;Govern (GV);Roles, Responsibilities, and Authorities (GV.RR);;iam;;PASS;AWS policy AWSSupportServiceRolePolicy is attached but does not allow '*:*' administrative privileges.;arn:aws:iam::aws:policy/aws-service-role/AWSSupportServiceRolePolicy;iam_aws_attached_policy_no_administrative_privileges;False;AWSSupportServiceRolePolicy;NIST-CSF;National Institute of Standards and Technology (NIST) Cybersecurity Framework (CSF) v2.0;
aws;The NIST Cybersecurity Framework (CSF) 2.0 offers a taxonomy of high-level cybersecurity outcomes that can be used by any organization regardless of its size, sector, or maturity to better understand, assess, prioritize, and communicate its cybersecurity efforts. The framework's core functions are organized into six key areas: Govern (new), Identify, Protect, Detect, Respond, and Recover. Together, these functions provide a comprehensive lifecycle approach to managing cybersecurity risk.;735291151388;ap-south-1;2026-07-10 18:08:16.187152;po_1;Cybersecurity policy is established, communicated, and enforced.;Govern (GV);Policies, Processes, and Procedures (GV.PO);;aws;;PASS;AWS policy AWSSupportServiceRolePolicy is attached but does not allow '*:*' administrative privileges.;arn:aws:iam::aws:policy/aws-service-role/AWSSupportServiceRolePolicy;iam_aws_attached_policy_no_administrative_privileges;False;AWSSupportServiceRolePolicy;NIST-CSF;National Institute of Standards and Technology (NIST) Cybersecurity Framework (CSF) v2.0;
aws;The NIST Cybersecurity Framework (CSF) 2.0 offers a taxonomy of high-level cybersecurity outcomes that can be used by any organization regardless of its size, sector, or maturity to better understand, assess, prioritize, and communicate its cybersecurity efforts. The framework's core functions are organized into six key areas: Govern (new), Identify, Protect, Detect, Respond, and Recover. Together, these functions provide a comprehensive lifecycle approach to managing cybersecurity risk.;735291151388;ap-south-1;2026-07-10 18:08:16.187152;ac_1;Identities and credentials are issued, managed, verified, revoked, and audited for authorized devices, users and processes.;Protect (PR);Identity Management and Access Control (PR.AC);;aws;;PASS;AWS policy AWSSupportServiceRolePolicy is attached but does not allow '*:*' administrative privileges.;arn:aws:iam::aws:policy/aws-service-role/AWSSupportServiceRolePolicy;iam_aws_attached_policy_no_administrative_privileges;False;AWSSupportServiceRolePolicy;NIST-CSF;National Institute of Standards and Technology (NIST) Cybersecurity Framework (CSF) v2.0;
aws;The NIST Cybersecurity Framework (CSF) 2.0 offers a taxonomy of high-level cybersecurity outcomes that can be used by any organization regardless of its size, sector, or maturity to better understand, assess, prioritize, and communicate its cybersecurity efforts. The framework's core functions are organized into six key areas: Govern (new), Identify, Protect, Detect, Respond, and Recover. Together, these functions provide a comprehensive lifecycle approach to managing cybersecurity risk.;735291151388;ap-south-1;2026-07-10 18:08:16.187152;rr_1;Cybersecurity roles and responsibilities are coordinated and aligned with internal roles and external partners.;Govern (GV);Roles, Responsibilities, and Authorities (GV.RR);;iam;;PASS;AWS policy AWSResourceExplorerServiceRolePolicy is attached but does not allow '*:*' administrative privileges.;arn:aws:iam::aws:policy/aws-service-role/AWSResourceExplorerServiceRolePolicy;iam_aws_attached_policy_no_administrative_privileges;False;AWSResourceExplorerServiceRolePolicy;NIST-CSF;National Institute of Standards and Technology (NIST) Cybersecurity Framework (CSF) v2.0;
aws;The NIST Cybersecurity Framework (CSF) 2.0 offers a taxonomy of high-level cybersecurity outcomes that can be used by any organization regardless of its size, sector, or maturity to better understand, assess, prioritize, and communicate its cybersecurity efforts. The framework's core functions are organized into six key areas: Govern (new), Identify, Protect, Detect, Respond, and Recover. Together, these functions provide a comprehensive lifecycle approach to managing cybersecurity risk.;735291151388;ap-south-1;2026-07-10 18:08:16.187152;rr_2;Cybersecurity responsibilities are established and communicated.;Govern (GV);Roles, Responsibilities, and Authorities (GV.RR);;iam;;PASS;AWS policy AWSResourceExplorerServiceRolePolicy is attached but does not allow '*:*' administrative privileges.;arn:aws:iam::aws:policy/aws-service-role/AWSResourceExplorerServiceRolePolicy;iam_aws_attached_policy_no_administrative_privileges;False;AWSResourceExplorerServiceRolePolicy;NIST-CSF;National Institute of Standards and Technology (NIST) Cybersecurity Framework (CSF) v2.0;
aws;The NIST Cybersecurity Framework (CSF) 2.0 offers a taxonomy of high-level cybersecurity outcomes that can be used by any organization regardless of its size, sector, or maturity to better understand, assess, prioritize, and communicate its cybersecurity efforts. The framework's core functions are organized into six key areas: Govern (new), Identify, Protect, Detect, Respond, and Recover. Together, these functions provide a comprehensive lifecycle approach to managing cybersecurity risk.;735291151388;ap-south-1;2026-07-10 18:08:16.187152;po_1;Cybersecurity policy is established, communicated, and enforced.;Govern (GV);Policies, Processes, and Procedures (GV.PO);;aws;;PASS;AWS policy AWSResourceExplorerServiceRolePolicy is attached but does not allow '*:*' administrative privileges.;arn:aws:iam::aws:policy/aws-service-role/AWSResourceExplorerServiceRolePolicy;iam_aws_attached_policy_no_administrative_privileges;False;AWSResourceExplorerServiceRolePolicy;NIST-CSF;National Institute of Standards and Technology (NIST) Cybersecurity Framework (CSF) v2.0;
aws;The NIST Cybersecurity Framework (CSF) 2.0 offers a taxonomy of high-level cybersecurity outcomes that can be used by any organization regardless of its size, sector, or maturity to better understand, assess, prioritize, and communicate its cybersecurity efforts. The framework's core functions are organized into six key areas: Govern (new), Identify, Protect, Detect, Respond, and Recover. Together, these functions provide a comprehensive lifecycle approach to managing cybersecurity risk.;735291151388;ap-south-1;2026-07-10 18:08:16.187152;ac_1;Identities and credentials are issued, managed, verified, revoked, and audited for authorized devices, users and processes.;Protect (PR);Identity Management and Access Control (PR.AC);;aws;;PASS;AWS policy AWSResourceExplorerServiceRolePolicy is attached but does not allow '*:*' administrative privileges.;arn:aws:iam::aws:policy/aws-service-role/AWSResourceExplorerServiceRolePolicy;iam_aws_attached_policy_no_administrative_privileges;False;AWSResourceExplorerServiceRolePolicy;NIST-CSF;National Institute of Standards and Technology (NIST) Cybersecurity Framework (CSF) v2.0;
aws;The NIST Cybersecurity Framework (CSF) 2.0 offers a taxonomy of high-level cybersecurity outcomes that can be used by any organization regardless of its size, sector, or maturity to better understand, assess, prioritize, and communicate its cybersecurity efforts. The framework's core functions are organized into six key areas: Govern (new), Identify, Protect, Detect, Respond, and Recover. Together, these functions provide a comprehensive lifecycle approach to managing cybersecurity risk.;735291151388;ap-south-1;2026-07-10 18:08:16.187152;ac_7;Users, devices, and other assets are authenticated (e.g., single-factor, multi-factor) commensurate with the risk of the transaction (e.g., individuals' security and privacy risks and other organizational risks).;Protect (PR);Identity Management and Access Control (PR.AC);;iam;;FAIL;No SAML Providers found.;arn:aws:iam::735291151388:root;iam_check_saml_providers_sts;False;735291151388;NIST-CSF;National Institute of Standards and Technology (NIST) Cybersecurity Framework (CSF) v2.0;
aws;The NIST Cybersecurity Framework (CSF) 2.0 offers a taxonomy of high-level cybersecurity outcomes that can be used by any organization regardless of its size, sector, or maturity to better understand, assess, prioritize, and communicate its cybersecurity efforts. The framework's core functions are organized into six key areas: Govern (new), Identify, Protect, Detect, Respond, and Recover. Together, these functions provide a comprehensive lifecycle approach to managing cybersecurity risk.;735291151388;ap-south-1;2026-07-10 18:08:16.187152;rr_1;Cybersecurity roles and responsibilities are coordinated and aligned with internal roles and external partners.;Govern (GV);Roles, Responsibilities, and Authorities (GV.RR);;iam;;FAIL;IAM Group admin has AdministratorAccess policy attached.;arn:aws:iam::735291151388:group/admin;iam_group_administrator_access_policy;False;admin;NIST-CSF;National Institute of Standards and Technology (NIST) Cybersecurity Framework (CSF) v2.0;
aws;The NIST Cybersecurity Framework (CSF) 2.0 offers a taxonomy of high-level cybersecurity outcomes that can be used by any organization regardless of its size, sector, or maturity to better understand, assess, prioritize, and communicate its cybersecurity efforts. The framework's core functions are organized into six key areas: Govern (new), Identify, Protect, Detect, Respond, and Recover. Together, these functions provide a comprehensive lifecycle approach to managing cybersecurity risk.;735291151388;ap-south-1;2026-07-10 18:08:16.187152;rr_2;Cybersecurity responsibilities are established and communicated.;Govern (GV);Roles, Responsibilities, and Authorities (GV.RR);;iam;;FAIL;IAM Group admin has AdministratorAccess policy attached.;arn:aws:iam::735291151388:group/admin;iam_group_administrator_access_policy;False;admin;NIST-CSF;National Institute of Standards and Technology (NIST) Cybersecurity Framework (CSF) v2.0;
aws;The NIST Cybersecurity Framework (CSF) 2.0 offers a taxonomy of high-level cybersecurity outcomes that can be used by any organization regardless of its size, sector, or maturity to better understand, assess, prioritize, and communicate its cybersecurity efforts. The framework's core functions are organized into six key areas: Govern (new), Identify, Protect, Detect, Respond, and Recover. Together, these functions provide a comprehensive lifecycle approach to managing cybersecurity risk.;735291151388;ap-south-1;2026-07-10 18:08:16.187152;po_1;Cybersecurity policy is established, communicated, and enforced.;Govern (GV);Policies, Processes, and Procedures (GV.PO);;aws;;FAIL;IAM Group admin has AdministratorAccess policy attached.;arn:aws:iam::735291151388:group/admin;iam_group_administrator_access_policy;False;admin;NIST-CSF;National Institute of Standards and Technology (NIST) Cybersecurity Framework (CSF) v2.0;
aws;The NIST Cybersecurity Framework (CSF) 2.0 offers a taxonomy of high-level cybersecurity outcomes that can be used by any organization regardless of its size, sector, or maturity to better understand, assess, prioritize, and communicate its cybersecurity efforts. The framework's core functions are organized into six key areas: Govern (new), Identify, Protect, Detect, Respond, and Recover. Together, these functions provide a comprehensive lifecycle approach to managing cybersecurity risk.;735291151388;ap-south-1;2026-07-10 18:08:16.187152;am_6;Cybersecurity roles and responsibilities for the entire workforce and third-party stakeholders (e.g., suppliers, customers, partners) are established.;Identify (ID);Asset Management (ID.AM);;iam;;FAIL;IAM Group admin has AdministratorAccess policy attached.;arn:aws:iam::735291151388:group/admin;iam_group_administrator_access_policy;False;admin;NIST-CSF;National Institute of Standards and Technology (NIST) Cybersecurity Framework (CSF) v2.0;
aws;The NIST Cybersecurity Framework (CSF) 2.0 offers a taxonomy of high-level cybersecurity outcomes that can be used by any organization regardless of its size, sector, or maturity to better understand, assess, prioritize, and communicate its cybersecurity efforts. The framework's core functions are organized into six key areas: Govern (new), Identify, Protect, Detect, Respond, and Recover. Together, these functions provide a comprehensive lifecycle approach to managing cybersecurity risk.;735291151388;ap-south-1;2026-07-10 18:08:16.187152;ac_1;Identities and credentials are issued, managed, verified, revoked, and audited for authorized devices, users and processes.;Protect (PR);Identity Management and Access Control (PR.AC);;aws;;FAIL;IAM Group admin has AdministratorAccess policy attached.;arn:aws:iam::735291151388:group/admin;iam_group_administrator_access_policy;False;admin;NIST-CSF;National Institute of Standards and Technology (NIST) Cybersecurity Framework (CSF) v2.0;
aws;The NIST Cybersecurity Framework (CSF) 2.0 offers a taxonomy of high-level cybersecurity outcomes that can be used by any organization regardless of its size, sector, or maturity to better understand, assess, prioritize, and communicate its cybersecurity efforts. The framework's core functions are organized into six key areas: Govern (new), Identify, Protect, Detect, Respond, and Recover. Together, these functions provide a comprehensive lifecycle approach to managing cybersecurity risk.;735291151388;ap-south-1;2026-07-10 18:08:16.187152;ac_4;Access permissions and authorizations are managed, incorporating the principles of least privilege and separation of duties.;Protect (PR);Identity Management and Access Control (PR.AC);;aws;;FAIL;IAM Group admin has AdministratorAccess policy attached.;arn:aws:iam::735291151388:group/admin;iam_group_administrator_access_policy;False;admin;NIST-CSF;National Institute of Standards and Technology (NIST) Cybersecurity Framework (CSF) v2.0;
aws;The NIST Cybersecurity Framework (CSF) 2.0 offers a taxonomy of high-level cybersecurity outcomes that can be used by any organization regardless of its size, sector, or maturity to better understand, assess, prioritize, and communicate its cybersecurity efforts. The framework's core functions are organized into six key areas: Govern (new), Identify, Protect, Detect, Respond, and Recover. Together, these functions provide a comprehensive lifecycle approach to managing cybersecurity risk.;735291151388;ap-south-1;2026-07-10 18:08:16.187152;ac_6;Identities are proofed and bound to credentials and asserted in interactions.;Protect (PR);Identity Management and Access Control (PR.AC);;aws;;FAIL;IAM Group admin has AdministratorAccess policy attached.;arn:aws:iam::735291151388:group/admin;iam_group_administrator_access_policy;False;admin;NIST-CSF;National Institute of Standards and Technology (NIST) Cybersecurity Framework (CSF) v2.0;
aws;The NIST Cybersecurity Framework (CSF) 2.0 offers a taxonomy of high-level cybersecurity outcomes that can be used by any organization regardless of its size, sector, or maturity to better understand, assess, prioritize, and communicate its cybersecurity efforts. The framework's core functions are organized into six key areas: Govern (new), Identify, Protect, Detect, Respond, and Recover. Together, these functions provide a comprehensive lifecycle approach to managing cybersecurity risk.;735291151388;ap-south-1;2026-07-10 18:08:16.187152;rr_1;Cybersecurity roles and responsibilities are coordinated and aligned with internal roles and external partners.;Govern (GV);Roles, Responsibilities, and Authorities (GV.RR);;iam;;PASS;Inline policy cloudguardian-s3-read-only attached to role cloudguardian-web-role does not allow privilege escalation.;arn:aws:iam::735291151388:role/cloudguardian-web-role;iam_inline_policy_allows_privilege_escalation;False;cloudguardian-web-role/cloudguardian-s3-read-only;NIST-CSF;National Institute of Standards and Technology (NIST) Cybersecurity Framework (CSF) v2.0;
aws;The NIST Cybersecurity Framework (CSF) 2.0 offers a taxonomy of high-level cybersecurity outcomes that can be used by any organization regardless of its size, sector, or maturity to better understand, assess, prioritize, and communicate its cybersecurity efforts. The framework's core functions are organized into six key areas: Govern (new), Identify, Protect, Detect, Respond, and Recover. Together, these functions provide a comprehensive lifecycle approach to managing cybersecurity risk.;735291151388;ap-south-1;2026-07-10 18:08:16.187152;rr_2;Cybersecurity responsibilities are established and communicated.;Govern (GV);Roles, Responsibilities, and Authorities (GV.RR);;iam;;PASS;Inline policy cloudguardian-s3-read-only attached to role cloudguardian-web-role does not allow privilege escalation.;arn:aws:iam::735291151388:role/cloudguardian-web-role;iam_inline_policy_allows_privilege_escalation;False;cloudguardian-web-role/cloudguardian-s3-read-only;NIST-CSF;National Institute of Standards and Technology (NIST) Cybersecurity Framework (CSF) v2.0;
aws;The NIST Cybersecurity Framework (CSF) 2.0 offers a taxonomy of high-level cybersecurity outcomes that can be used by any organization regardless of its size, sector, or maturity to better understand, assess, prioritize, and communicate its cybersecurity efforts. The framework's core functions are organized into six key areas: Govern (new), Identify, Protect, Detect, Respond, and Recover. Together, these functions provide a comprehensive lifecycle approach to managing cybersecurity risk.;735291151388;ap-south-1;2026-07-10 18:08:16.187152;po_1;Cybersecurity policy is established, communicated, and enforced.;Govern (GV);Policies, Processes, and Procedures (GV.PO);;aws;;PASS;Inline policy cloudguardian-s3-read-only attached to role cloudguardian-web-role does not allow privilege escalation.;arn:aws:iam::735291151388:role/cloudguardian-web-role;iam_inline_policy_allows_privilege_escalation;False;cloudguardian-web-role/cloudguardian-s3-read-only;NIST-CSF;National Institute of Standards and Technology (NIST) Cybersecurity Framework (CSF) v2.0;
aws;The NIST Cybersecurity Framework (CSF) 2.0 offers a taxonomy of high-level cybersecurity outcomes that can be used by any organization regardless of its size, sector, or maturity to better understand, assess, prioritize, and communicate its cybersecurity efforts. The framework's core functions are organized into six key areas: Govern (new), Identify, Protect, Detect, Respond, and Recover. Together, these functions provide a comprehensive lifecycle approach to managing cybersecurity risk.;735291151388;ap-south-1;2026-07-10 18:08:16.187152;ra_1;Asset vulnerabilities are identified and documented.;Identify (ID);Risk Assessment (ID.RA);;aws;;PASS;Inline policy cloudguardian-s3-read-only attached to role cloudguardian-web-role does not allow privilege escalation.;arn:aws:iam::735291151388:role/cloudguardian-web-role;iam_inline_policy_allows_privilege_escalation;False;cloudguardian-web-role/cloudguardian-s3-read-only;NIST-CSF;National Institute of Standards and Technology (NIST) Cybersecurity Framework (CSF) v2.0;
aws;The NIST Cybersecurity Framework (CSF) 2.0 offers a taxonomy of high-level cybersecurity outcomes that can be used by any organization regardless of its size, sector, or maturity to better understand, assess, prioritize, and communicate its cybersecurity efforts. The framework's core functions are organized into six key areas: Govern (new), Identify, Protect, Detect, Respond, and Recover. Together, these functions provide a comprehensive lifecycle approach to managing cybersecurity risk.;735291151388;ap-south-1;2026-07-10 18:08:16.187152;ac_1;Identities and credentials are issued, managed, verified, revoked, and audited for authorized devices, users and processes.;Protect (PR);Identity Management and Access Control (PR.AC);;aws;;PASS;Inline policy cloudguardian-s3-read-only attached to role cloudguardian-web-role does not allow privilege escalation.;arn:aws:iam::735291151388:role/cloudguardian-web-role;iam_inline_policy_allows_privilege_escalation;False;cloudguardian-web-role/cloudguardian-s3-read-only;NIST-CSF;National Institute of Standards and Technology (NIST) Cybersecurity Framework (CSF) v2.0;
aws;The NIST Cybersecurity Framework (CSF) 2.0 offers a taxonomy of high-level cybersecurity outcomes that can be used by any organization regardless of its size, sector, or maturity to better understand, assess, prioritize, and communicate its cybersecurity efforts. The framework's core functions are organized into six key areas: Govern (new), Identify, Protect, Detect, Respond, and Recover. Together, these functions provide a comprehensive lifecycle approach to managing cybersecurity risk.;735291151388;ap-south-1;2026-07-10 18:08:16.187152;ac_4;Access permissions and authorizations are managed, incorporating the principles of least privilege and separation of duties.;Protect (PR);Identity Management and Access Control (PR.AC);;aws;;PASS;Inline policy cloudguardian-s3-read-only attached to role cloudguardian-web-role does not allow privilege escalation.;arn:aws:iam::735291151388:role/cloudguardian-web-role;iam_inline_policy_allows_privilege_escalation;False;cloudguardian-web-role/cloudguardian-s3-read-only;NIST-CSF;National Institute of Standards and Technology (NIST) Cybersecurity Framework (CSF) v2.0;
aws;The NIST Cybersecurity Framework (CSF) 2.0 offers a taxonomy of high-level cybersecurity outcomes that can be used by any organization regardless of its size, sector, or maturity to better understand, assess, prioritize, and communicate its cybersecurity efforts. The framework's core functions are organized into six key areas: Govern (new), Identify, Protect, Detect, Respond, and Recover. Together, these functions provide a comprehensive lifecycle approach to managing cybersecurity risk.;735291151388;ap-south-1;2026-07-10 18:08:16.187152;ac_6;Identities are proofed and bound to credentials and asserted in interactions.;Protect (PR);Identity Management and Access Control (PR.AC);;aws;;PASS;Inline policy cloudguardian-s3-read-only attached to role cloudguardian-web-role does not allow privilege escalation.;arn:aws:iam::735291151388:role/cloudguardian-web-role;iam_inline_policy_allows_privilege_escalation;False;cloudguardian-web-role/cloudguardian-s3-read-only;NIST-CSF;National Institute of Standards and Technology (NIST) Cybersecurity Framework (CSF) v2.0;
aws;The NIST Cybersecurity Framework (CSF) 2.0 offers a taxonomy of high-level cybersecurity outcomes that can be used by any organization regardless of its size, sector, or maturity to better understand, assess, prioritize, and communicate its cybersecurity efforts. The framework's core functions are organized into six key areas: Govern (new), Identify, Protect, Detect, Respond, and Recover. Together, these functions provide a comprehensive lifecycle approach to managing cybersecurity risk.;735291151388;ap-south-1;2026-07-10 18:08:16.187152;ac_7;Users, devices, and other assets are authenticated (e.g., single-factor, multi-factor) commensurate with the risk of the transaction (e.g., individuals' security and privacy risks and other organizational risks).;Protect (PR);Identity Management and Access Control (PR.AC);;iam;;PASS;Inline policy cloudguardian-s3-read-only attached to role cloudguardian-web-role does not allow privilege escalation.;arn:aws:iam::735291151388:role/cloudguardian-web-role;iam_inline_policy_allows_privilege_escalation;False;cloudguardian-web-role/cloudguardian-s3-read-only;NIST-CSF;National Institute of Standards and Technology (NIST) Cybersecurity Framework (CSF) v2.0;
aws;The NIST Cybersecurity Framework (CSF) 2.0 offers a taxonomy of high-level cybersecurity outcomes that can be used by any organization regardless of its size, sector, or maturity to better understand, assess, prioritize, and communicate its cybersecurity efforts. The framework's core functions are organized into six key areas: Govern (new), Identify, Protect, Detect, Respond, and Recover. Together, these functions provide a comprehensive lifecycle approach to managing cybersecurity risk.;735291151388;ap-south-1;2026-07-10 18:08:16.187152;ip_1;A baseline configuration of information technology/industrial control systems is created and maintained incorporating security principles (e.g. concept of least functionality).;Protect (PR);Information Protection Processes and Procedures (PR.IP);;aws;;PASS;Inline policy cloudguardian-s3-read-only attached to role cloudguardian-web-role does not allow privilege escalation.;arn:aws:iam::735291151388:role/cloudguardian-web-role;iam_inline_policy_allows_privilege_escalation;False;cloudguardian-web-role/cloudguardian-s3-read-only;NIST-CSF;National Institute of Standards and Technology (NIST) Cybersecurity Framework (CSF) v2.0;
aws;The NIST Cybersecurity Framework (CSF) 2.0 offers a taxonomy of high-level cybersecurity outcomes that can be used by any organization regardless of its size, sector, or maturity to better understand, assess, prioritize, and communicate its cybersecurity efforts. The framework's core functions are organized into six key areas: Govern (new), Identify, Protect, Detect, Respond, and Recover. Together, these functions provide a comprehensive lifecycle approach to managing cybersecurity risk.;735291151388;ap-south-1;2026-07-10 18:08:16.187152;rr_1;Cybersecurity roles and responsibilities are coordinated and aligned with internal roles and external partners.;Govern (GV);Roles, Responsibilities, and Authorities (GV.RR);;iam;;PASS;Inline policy cloudguardian-s3-read-only attached to role cloudguardian-web-role does not allow '*:*' administrative privileges.;arn:aws:iam::735291151388:role/cloudguardian-web-role;iam_inline_policy_no_administrative_privileges;False;cloudguardian-web-role/cloudguardian-s3-read-only;NIST-CSF;National Institute of Standards and Technology (NIST) Cybersecurity Framework (CSF) v2.0;
aws;The NIST Cybersecurity Framework (CSF) 2.0 offers a taxonomy of high-level cybersecurity outcomes that can be used by any organization regardless of its size, sector, or maturity to better understand, assess, prioritize, and communicate its cybersecurity efforts. The framework's core functions are organized into six key areas: Govern (new), Identify, Protect, Detect, Respond, and Recover. Together, these functions provide a comprehensive lifecycle approach to managing cybersecurity risk.;735291151388;ap-south-1;2026-07-10 18:08:16.187152;rr_2;Cybersecurity responsibilities are established and communicated.;Govern (GV);Roles, Responsibilities, and Authorities (GV.RR);;iam;;PASS;Inline policy cloudguardian-s3-read-only attached to role cloudguardian-web-role does not allow '*:*' administrative privileges.;arn:aws:iam::735291151388:role/cloudguardian-web-role;iam_inline_policy_no_administrative_privileges;False;cloudguardian-web-role/cloudguardian-s3-read-only;NIST-CSF;National Institute of Standards and Technology (NIST) Cybersecurity Framework (CSF) v2.0;
aws;The NIST Cybersecurity Framework (CSF) 2.0 offers a taxonomy of high-level cybersecurity outcomes that can be used by any organization regardless of its size, sector, or maturity to better understand, assess, prioritize, and communicate its cybersecurity efforts. The framework's core functions are organized into six key areas: Govern (new), Identify, Protect, Detect, Respond, and Recover. Together, these functions provide a comprehensive lifecycle approach to managing cybersecurity risk.;735291151388;ap-south-1;2026-07-10 18:08:16.187152;po_1;Cybersecurity policy is established, communicated, and enforced.;Govern (GV);Policies, Processes, and Procedures (GV.PO);;aws;;PASS;Inline policy cloudguardian-s3-read-only attached to role cloudguardian-web-role does not allow '*:*' administrative privileges.;arn:aws:iam::735291151388:role/cloudguardian-web-role;iam_inline_policy_no_administrative_privileges;False;cloudguardian-web-role/cloudguardian-s3-read-only;NIST-CSF;National Institute of Standards and Technology (NIST) Cybersecurity Framework (CSF) v2.0;
aws;The NIST Cybersecurity Framework (CSF) 2.0 offers a taxonomy of high-level cybersecurity outcomes that can be used by any organization regardless of its size, sector, or maturity to better understand, assess, prioritize, and communicate its cybersecurity efforts. The framework's core functions are organized into six key areas: Govern (new), Identify, Protect, Detect, Respond, and Recover. Together, these functions provide a comprehensive lifecycle approach to managing cybersecurity risk.;735291151388;ap-south-1;2026-07-10 18:08:16.187152;po_1;Cybersecurity policy is established, communicated, and enforced.;Govern (GV);Policies, Processes, and Procedures (GV.PO);;aws;;PASS;Inline policy cloudguardian-s3-read-only attached to role cloudguardian-web-role does not allow 'cloudtrail:*' privileges.;arn:aws:iam::735291151388:role/cloudguardian-web-role;iam_inline_policy_no_full_access_to_cloudtrail;False;cloudguardian-web-role/cloudguardian-s3-read-only;NIST-CSF;National Institute of Standards and Technology (NIST) Cybersecurity Framework (CSF) v2.0;
aws;The NIST Cybersecurity Framework (CSF) 2.0 offers a taxonomy of high-level cybersecurity outcomes that can be used by any organization regardless of its size, sector, or maturity to better understand, assess, prioritize, and communicate its cybersecurity efforts. The framework's core functions are organized into six key areas: Govern (new), Identify, Protect, Detect, Respond, and Recover. Together, these functions provide a comprehensive lifecycle approach to managing cybersecurity risk.;735291151388;ap-south-1;2026-07-10 18:08:16.187152;ac_7;Users, devices, and other assets are authenticated (e.g., single-factor, multi-factor) commensurate with the risk of the transaction (e.g., individuals' security and privacy risks and other organizational risks).;Protect (PR);Identity Management and Access Control (PR.AC);;iam;;PASS;Inline policy cloudguardian-s3-read-only attached to role cloudguardian-web-role does not allow 'cloudtrail:*' privileges.;arn:aws:iam::735291151388:role/cloudguardian-web-role;iam_inline_policy_no_full_access_to_cloudtrail;False;cloudguardian-web-role/cloudguardian-s3-read-only;NIST-CSF;National Institute of Standards and Technology (NIST) Cybersecurity Framework (CSF) v2.0;
aws;The NIST Cybersecurity Framework (CSF) 2.0 offers a taxonomy of high-level cybersecurity outcomes that can be used by any organization regardless of its size, sector, or maturity to better understand, assess, prioritize, and communicate its cybersecurity efforts. The framework's core functions are organized into six key areas: Govern (new), Identify, Protect, Detect, Respond, and Recover. Together, these functions provide a comprehensive lifecycle approach to managing cybersecurity risk.;735291151388;ap-south-1;2026-07-10 18:08:16.187152;rr_1;Cybersecurity roles and responsibilities are coordinated and aligned with internal roles and external partners.;Govern (GV);Roles, Responsibilities, and Authorities (GV.RR);;iam;;PASS;Inline policy cloudguardian-s3-read-only attached to role cloudguardian-web-role does not allow 'kms:*' privileges.;arn:aws:iam::735291151388:role/cloudguardian-web-role;iam_inline_policy_no_full_access_to_kms;False;cloudguardian-web-role/cloudguardian-s3-read-only;NIST-CSF;National Institute of Standards and Technology (NIST) Cybersecurity Framework (CSF) v2.0;
aws;The NIST Cybersecurity Framework (CSF) 2.0 offers a taxonomy of high-level cybersecurity outcomes that can be used by any organization regardless of its size, sector, or maturity to better understand, assess, prioritize, and communicate its cybersecurity efforts. The framework's core functions are organized into six key areas: Govern (new), Identify, Protect, Detect, Respond, and Recover. Together, these functions provide a comprehensive lifecycle approach to managing cybersecurity risk.;735291151388;ap-south-1;2026-07-10 18:08:16.187152;po_1;Cybersecurity policy is established, communicated, and enforced.;Govern (GV);Policies, Processes, and Procedures (GV.PO);;aws;;PASS;Inline policy cloudguardian-s3-read-only attached to role cloudguardian-web-role does not allow 'kms:*' privileges.;arn:aws:iam::735291151388:role/cloudguardian-web-role;iam_inline_policy_no_full_access_to_kms;False;cloudguardian-web-role/cloudguardian-s3-read-only;NIST-CSF;National Institute of Standards and Technology (NIST) Cybersecurity Framework (CSF) v2.0;
aws;The NIST Cybersecurity Framework (CSF) 2.0 offers a taxonomy of high-level cybersecurity outcomes that can be used by any organization regardless of its size, sector, or maturity to better understand, assess, prioritize, and communicate its cybersecurity efforts. The framework's core functions are organized into six key areas: Govern (new), Identify, Protect, Detect, Respond, and Recover. Together, these functions provide a comprehensive lifecycle approach to managing cybersecurity risk.;735291151388;ap-south-1;2026-07-10 18:08:16.187152;ac_4;Access permissions and authorizations are managed, incorporating the principles of least privilege and separation of duties.;Protect (PR);Identity Management and Access Control (PR.AC);;aws;;PASS;Inline policy cloudguardian-s3-read-only attached to role cloudguardian-web-role does not allow 'aws-marketplace:Subscribe' on all resources.;arn:aws:iam::735291151388:role/cloudguardian-web-role;iam_inline_policy_no_wildcard_marketplace_subscribe;False;cloudguardian-web-role/cloudguardian-s3-read-only;NIST-CSF;National Institute of Standards and Technology (NIST) Cybersecurity Framework (CSF) v2.0;
aws;The NIST Cybersecurity Framework (CSF) 2.0 offers a taxonomy of high-level cybersecurity outcomes that can be used by any organization regardless of its size, sector, or maturity to better understand, assess, prioritize, and communicate its cybersecurity efforts. The framework's core functions are organized into six key areas: Govern (new), Identify, Protect, Detect, Respond, and Recover. Together, these functions provide a comprehensive lifecycle approach to managing cybersecurity risk.;735291151388;ap-south-1;2026-07-10 18:08:16.187152;ac_1;Identities and credentials are issued, managed, verified, revoked, and audited for authorized devices, users and processes.;Protect (PR);Identity Management and Access Control (PR.AC);;aws;;PASS;Root account does not have access keys.;arn:aws:iam::735291151388:root;iam_no_root_access_key;False;<root_account>;NIST-CSF;National Institute of Standards and Technology (NIST) Cybersecurity Framework (CSF) v2.0;
aws;The NIST Cybersecurity Framework (CSF) 2.0 offers a taxonomy of high-level cybersecurity outcomes that can be used by any organization regardless of its size, sector, or maturity to better understand, assess, prioritize, and communicate its cybersecurity efforts. The framework's core functions are organized into six key areas: Govern (new), Identify, Protect, Detect, Respond, and Recover. Together, these functions provide a comprehensive lifecycle approach to managing cybersecurity risk.;735291151388;ap-south-1;2026-07-10 18:08:16.187152;ac_6;Identities are proofed and bound to credentials and asserted in interactions.;Protect (PR);Identity Management and Access Control (PR.AC);;aws;;PASS;Root account does not have access keys.;arn:aws:iam::735291151388:root;iam_no_root_access_key;False;<root_account>;NIST-CSF;National Institute of Standards and Technology (NIST) Cybersecurity Framework (CSF) v2.0;
aws;The NIST Cybersecurity Framework (CSF) 2.0 offers a taxonomy of high-level cybersecurity outcomes that can be used by any organization regardless of its size, sector, or maturity to better understand, assess, prioritize, and communicate its cybersecurity efforts. The framework's core functions are organized into six key areas: Govern (new), Identify, Protect, Detect, Respond, and Recover. Together, these functions provide a comprehensive lifecycle approach to managing cybersecurity risk.;735291151388;ap-south-1;2026-07-10 18:08:16.187152;rr_1;Cybersecurity roles and responsibilities are coordinated and aligned with internal roles and external partners.;Govern (GV);Roles, Responsibilities, and Authorities (GV.RR);;iam;;PASS;User Alex has no inline or attached policies.;arn:aws:iam::735291151388:user/Alex;iam_policy_attached_only_to_group_or_roles;False;Alex;NIST-CSF;National Institute of Standards and Technology (NIST) Cybersecurity Framework (CSF) v2.0;
aws;The NIST Cybersecurity Framework (CSF) 2.0 offers a taxonomy of high-level cybersecurity outcomes that can be used by any organization regardless of its size, sector, or maturity to better understand, assess, prioritize, and communicate its cybersecurity efforts. The framework's core functions are organized into six key areas: Govern (new), Identify, Protect, Detect, Respond, and Recover. Together, these functions provide a comprehensive lifecycle approach to managing cybersecurity risk.;735291151388;ap-south-1;2026-07-10 18:08:16.187152;rr_2;Cybersecurity responsibilities are established and communicated.;Govern (GV);Roles, Responsibilities, and Authorities (GV.RR);;iam;;PASS;User Alex has no inline or attached policies.;arn:aws:iam::735291151388:user/Alex;iam_policy_attached_only_to_group_or_roles;False;Alex;NIST-CSF;National Institute of Standards and Technology (NIST) Cybersecurity Framework (CSF) v2.0;
aws;The NIST Cybersecurity Framework (CSF) 2.0 offers a taxonomy of high-level cybersecurity outcomes that can be used by any organization regardless of its size, sector, or maturity to better understand, assess, prioritize, and communicate its cybersecurity efforts. The framework's core functions are organized into six key areas: Govern (new), Identify, Protect, Detect, Respond, and Recover. Together, these functions provide a comprehensive lifecycle approach to managing cybersecurity risk.;735291151388;ap-south-1;2026-07-10 18:08:16.187152;po_1;Cybersecurity policy is established, communicated, and enforced.;Govern (GV);Policies, Processes, and Procedures (GV.PO);;aws;;PASS;User Alex has no inline or attached policies.;arn:aws:iam::735291151388:user/Alex;iam_policy_attached_only_to_group_or_roles;False;Alex;NIST-CSF;National Institute of Standards and Technology (NIST) Cybersecurity Framework (CSF) v2.0;
aws;The NIST Cybersecurity Framework (CSF) 2.0 offers a taxonomy of high-level cybersecurity outcomes that can be used by any organization regardless of its size, sector, or maturity to better understand, assess, prioritize, and communicate its cybersecurity efforts. The framework's core functions are organized into six key areas: Govern (new), Identify, Protect, Detect, Respond, and Recover. Together, these functions provide a comprehensive lifecycle approach to managing cybersecurity risk.;735291151388;ap-south-1;2026-07-10 18:08:16.187152;am_6;Cybersecurity roles and responsibilities for the entire workforce and third-party stakeholders (e.g., suppliers, customers, partners) are established.;Identify (ID);Asset Management (ID.AM);;iam;;PASS;User Alex has no inline or attached policies.;arn:aws:iam::735291151388:user/Alex;iam_policy_attached_only_to_group_or_roles;False;Alex;NIST-CSF;National Institute of Standards and Technology (NIST) Cybersecurity Framework (CSF) v2.0;
aws;The NIST Cybersecurity Framework (CSF) 2.0 offers a taxonomy of high-level cybersecurity outcomes that can be used by any organization regardless of its size, sector, or maturity to better understand, assess, prioritize, and communicate its cybersecurity efforts. The framework's core functions are organized into six key areas: Govern (new), Identify, Protect, Detect, Respond, and Recover. Together, these functions provide a comprehensive lifecycle approach to managing cybersecurity risk.;735291151388;ap-south-1;2026-07-10 18:08:16.187152;ac_1;Identities and credentials are issued, managed, verified, revoked, and audited for authorized devices, users and processes.;Protect (PR);Identity Management and Access Control (PR.AC);;aws;;PASS;User Alex has no inline or attached policies.;arn:aws:iam::735291151388:user/Alex;iam_policy_attached_only_to_group_or_roles;False;Alex;NIST-CSF;National Institute of Standards and Technology (NIST) Cybersecurity Framework (CSF) v2.0;
aws;The NIST Cybersecurity Framework (CSF) 2.0 offers a taxonomy of high-level cybersecurity outcomes that can be used by any organization regardless of its size, sector, or maturity to better understand, assess, prioritize, and communicate its cybersecurity efforts. The framework's core functions are organized into six key areas: Govern (new), Identify, Protect, Detect, Respond, and Recover. Together, these functions provide a comprehensive lifecycle approach to managing cybersecurity risk.;735291151388;ap-south-1;2026-07-10 18:08:16.187152;ac_4;Access permissions and authorizations are managed, incorporating the principles of least privilege and separation of duties.;Protect (PR);Identity Management and Access Control (PR.AC);;aws;;PASS;User Alex has no inline or attached policies.;arn:aws:iam::735291151388:user/Alex;iam_policy_attached_only_to_group_or_roles;False;Alex;NIST-CSF;National Institute of Standards and Technology (NIST) Cybersecurity Framework (CSF) v2.0;
aws;The NIST Cybersecurity Framework (CSF) 2.0 offers a taxonomy of high-level cybersecurity outcomes that can be used by any organization regardless of its size, sector, or maturity to better understand, assess, prioritize, and communicate its cybersecurity efforts. The framework's core functions are organized into six key areas: Govern (new), Identify, Protect, Detect, Respond, and Recover. Together, these functions provide a comprehensive lifecycle approach to managing cybersecurity risk.;735291151388;ap-south-1;2026-07-10 18:08:16.187152;ac_6;Identities are proofed and bound to credentials and asserted in interactions.;Protect (PR);Identity Management and Access Control (PR.AC);;aws;;PASS;User Alex has no inline or attached policies.;arn:aws:iam::735291151388:user/Alex;iam_policy_attached_only_to_group_or_roles;False;Alex;NIST-CSF;National Institute of Standards and Technology (NIST) Cybersecurity Framework (CSF) v2.0;
aws;The NIST Cybersecurity Framework (CSF) 2.0 offers a taxonomy of high-level cybersecurity outcomes that can be used by any organization regardless of its size, sector, or maturity to better understand, assess, prioritize, and communicate its cybersecurity efforts. The framework's core functions are organized into six key areas: Govern (new), Identify, Protect, Detect, Respond, and Recover. Together, these functions provide a comprehensive lifecycle approach to managing cybersecurity risk.;735291151388;ap-south-1;2026-07-10 18:08:16.187152;ac_7;Users, devices, and other assets are authenticated (e.g., single-factor, multi-factor) commensurate with the risk of the transaction (e.g., individuals' security and privacy risks and other organizational risks).;Protect (PR);Identity Management and Access Control (PR.AC);;iam;;PASS;User Alex has no inline or attached policies.;arn:aws:iam::735291151388:user/Alex;iam_policy_attached_only_to_group_or_roles;False;Alex;NIST-CSF;National Institute of Standards and Technology (NIST) Cybersecurity Framework (CSF) v2.0;
aws;The NIST Cybersecurity Framework (CSF) 2.0 offers a taxonomy of high-level cybersecurity outcomes that can be used by any organization regardless of its size, sector, or maturity to better understand, assess, prioritize, and communicate its cybersecurity efforts. The framework's core functions are organized into six key areas: Govern (new), Identify, Protect, Detect, Respond, and Recover. Together, these functions provide a comprehensive lifecycle approach to managing cybersecurity risk.;735291151388;ap-south-1;2026-07-10 18:08:16.187152;ip_1;A baseline configuration of information technology/industrial control systems is created and maintained incorporating security principles (e.g. concept of least functionality).;Protect (PR);Information Protection Processes and Procedures (PR.IP);;aws;;PASS;User Alex has no inline or attached policies.;arn:aws:iam::735291151388:user/Alex;iam_policy_attached_only_to_group_or_roles;False;Alex;NIST-CSF;National Institute of Standards and Technology (NIST) Cybersecurity Framework (CSF) v2.0;
aws;The NIST Cybersecurity Framework (CSF) 2.0 offers a taxonomy of high-level cybersecurity outcomes that can be used by any organization regardless of its size, sector, or maturity to better understand, assess, prioritize, and communicate its cybersecurity efforts. The framework's core functions are organized into six key areas: Govern (new), Identify, Protect, Detect, Respond, and Recover. Together, these functions provide a comprehensive lifecycle approach to managing cybersecurity risk.;735291151388;ap-south-1;2026-07-10 18:08:16.187152;ac_1;Identities and credentials are issued, managed, verified, revoked, and audited for authorized devices, users and processes.;Protect (PR);Identity Management and Access Control (PR.AC);;aws;;PASS;IAM Role AWSServiceRoleForResourceExplorer accessed Bedrock 0 days ago (threshold: 60 days).;arn:aws:iam::735291151388:role/aws-service-role/resource-explorer-2.amazonaws.com/AWSServiceRoleForResourceExplorer;iam_role_access_not_stale_to_bedrock;False;AWSServiceRoleForResourceExplorer;NIST-CSF;National Institute of Standards and Technology (NIST) Cybersecurity Framework (CSF) v2.0;
aws;The NIST Cybersecurity Framework (CSF) 2.0 offers a taxonomy of high-level cybersecurity outcomes that can be used by any organization regardless of its size, sector, or maturity to better understand, assess, prioritize, and communicate its cybersecurity efforts. The framework's core functions are organized into six key areas: Govern (new), Identify, Protect, Detect, Respond, and Recover. Together, these functions provide a comprehensive lifecycle approach to managing cybersecurity risk.;735291151388;ap-south-1;2026-07-10 18:08:16.187152;ac_1;Identities and credentials are issued, managed, verified, revoked, and audited for authorized devices, users and processes.;Protect (PR);Identity Management and Access Control (PR.AC);;aws;;FAIL;IAM Role AWSServiceRoleForSupport has Bedrock permissions but has never used them.;arn:aws:iam::735291151388:role/aws-service-role/support.amazonaws.com/AWSServiceRoleForSupport;iam_role_access_not_stale_to_bedrock;False;AWSServiceRoleForSupport;NIST-CSF;National Institute of Standards and Technology (NIST) Cybersecurity Framework (CSF) v2.0;
aws;The NIST Cybersecurity Framework (CSF) 2.0 offers a taxonomy of high-level cybersecurity outcomes that can be used by any organization regardless of its size, sector, or maturity to better understand, assess, prioritize, and communicate its cybersecurity efforts. The framework's core functions are organized into six key areas: Govern (new), Identify, Protect, Detect, Respond, and Recover. Together, these functions provide a comprehensive lifecycle approach to managing cybersecurity risk.;735291151388;ap-south-1;2026-07-10 18:08:16.187152;rr_1;Cybersecurity roles and responsibilities are coordinated and aligned with internal roles and external partners.;Govern (GV);Roles, Responsibilities, and Authorities (GV.RR);;iam;;PASS;MFA is enabled for root account.;arn:aws:iam::735291151388:root;iam_root_mfa_enabled;False;<root_account>;NIST-CSF;National Institute of Standards and Technology (NIST) Cybersecurity Framework (CSF) v2.0;
aws;The NIST Cybersecurity Framework (CSF) 2.0 offers a taxonomy of high-level cybersecurity outcomes that can be used by any organization regardless of its size, sector, or maturity to better understand, assess, prioritize, and communicate its cybersecurity efforts. The framework's core functions are organized into six key areas: Govern (new), Identify, Protect, Detect, Respond, and Recover. Together, these functions provide a comprehensive lifecycle approach to managing cybersecurity risk.;735291151388;ap-south-1;2026-07-10 18:08:16.187152;po_4;Governance and risk management processes address cybersecurity risks.;Govern (GV);Policies, Processes, and Procedures (GV.PO);;aws;;PASS;MFA is enabled for root account.;arn:aws:iam::735291151388:root;iam_root_mfa_enabled;False;<root_account>;NIST-CSF;National Institute of Standards and Technology (NIST) Cybersecurity Framework (CSF) v2.0;
aws;The NIST Cybersecurity Framework (CSF) 2.0 offers a taxonomy of high-level cybersecurity outcomes that can be used by any organization regardless of its size, sector, or maturity to better understand, assess, prioritize, and communicate its cybersecurity efforts. The framework's core functions are organized into six key areas: Govern (new), Identify, Protect, Detect, Respond, and Recover. Together, these functions provide a comprehensive lifecycle approach to managing cybersecurity risk.;735291151388;ap-south-1;2026-07-10 18:08:16.187152;ac_1;Identities and credentials are issued, managed, verified, revoked, and audited for authorized devices, users and processes.;Protect (PR);Identity Management and Access Control (PR.AC);;aws;;PASS;MFA is enabled for root account.;arn:aws:iam::735291151388:root;iam_root_mfa_enabled;False;<root_account>;NIST-CSF;National Institute of Standards and Technology (NIST) Cybersecurity Framework (CSF) v2.0;
aws;The NIST Cybersecurity Framework (CSF) 2.0 offers a taxonomy of high-level cybersecurity outcomes that can be used by any organization regardless of its size, sector, or maturity to better understand, assess, prioritize, and communicate its cybersecurity efforts. The framework's core functions are organized into six key areas: Govern (new), Identify, Protect, Detect, Respond, and Recover. Together, these functions provide a comprehensive lifecycle approach to managing cybersecurity risk.;735291151388;ap-south-1;2026-07-10 18:08:16.187152;ac_6;Identities are proofed and bound to credentials and asserted in interactions.;Protect (PR);Identity Management and Access Control (PR.AC);;aws;;PASS;MFA is enabled for root account.;arn:aws:iam::735291151388:root;iam_root_mfa_enabled;False;<root_account>;NIST-CSF;National Institute of Standards and Technology (NIST) Cybersecurity Framework (CSF) v2.0;
aws;The NIST Cybersecurity Framework (CSF) 2.0 offers a taxonomy of high-level cybersecurity outcomes that can be used by any organization regardless of its size, sector, or maturity to better understand, assess, prioritize, and communicate its cybersecurity efforts. The framework's core functions are organized into six key areas: Govern (new), Identify, Protect, Detect, Respond, and Recover. Together, these functions provide a comprehensive lifecycle approach to managing cybersecurity risk.;735291151388;ap-south-1;2026-07-10 18:08:16.187152;ac_7;Users, devices, and other assets are authenticated (e.g., single-factor, multi-factor) commensurate with the risk of the transaction (e.g., individuals' security and privacy risks and other organizational risks).;Protect (PR);Identity Management and Access Control (PR.AC);;iam;;PASS;MFA is enabled for root account.;arn:aws:iam::735291151388:root;iam_root_mfa_enabled;False;<root_account>;NIST-CSF;National Institute of Standards and Technology (NIST) Cybersecurity Framework (CSF) v2.0;
aws;The NIST Cybersecurity Framework (CSF) 2.0 offers a taxonomy of high-level cybersecurity outcomes that can be used by any organization regardless of its size, sector, or maturity to better understand, assess, prioritize, and communicate its cybersecurity efforts. The framework's core functions are organized into six key areas: Govern (new), Identify, Protect, Detect, Respond, and Recover. Together, these functions provide a comprehensive lifecycle approach to managing cybersecurity risk.;735291151388;ap-south-1;2026-07-10 18:08:16.187152;ip_1;A baseline configuration of information technology/industrial control systems is created and maintained incorporating security principles (e.g. concept of least functionality).;Protect (PR);Information Protection Processes and Procedures (PR.IP);;aws;;PASS;MFA is enabled for root account.;arn:aws:iam::735291151388:root;iam_root_mfa_enabled;False;<root_account>;NIST-CSF;National Institute of Standards and Technology (NIST) Cybersecurity Framework (CSF) v2.0;
aws;The NIST Cybersecurity Framework (CSF) 2.0 offers a taxonomy of high-level cybersecurity outcomes that can be used by any organization regardless of its size, sector, or maturity to better understand, assess, prioritize, and communicate its cybersecurity efforts. The framework's core functions are organized into six key areas: Govern (new), Identify, Protect, Detect, Respond, and Recover. Together, these functions provide a comprehensive lifecycle approach to managing cybersecurity risk.;735291151388;ap-south-1;2026-07-10 18:08:16.187152;ac_6;Identities are proofed and bound to credentials and asserted in interactions.;Protect (PR);Identity Management and Access Control (PR.AC);;aws;;PASS;User <root_account> does not have access keys.;arn:aws:iam::735291151388:root;iam_rotate_access_key_90_days;False;<root_account>;NIST-CSF;National Institute of Standards and Technology (NIST) Cybersecurity Framework (CSF) v2.0;
aws;The NIST Cybersecurity Framework (CSF) 2.0 offers a taxonomy of high-level cybersecurity outcomes that can be used by any organization regardless of its size, sector, or maturity to better understand, assess, prioritize, and communicate its cybersecurity efforts. The framework's core functions are organized into six key areas: Govern (new), Identify, Protect, Detect, Respond, and Recover. Together, these functions provide a comprehensive lifecycle approach to managing cybersecurity risk.;735291151388;ap-south-1;2026-07-10 18:08:16.187152;ac_6;Identities are proofed and bound to credentials and asserted in interactions.;Protect (PR);Identity Management and Access Control (PR.AC);;aws;;PASS;User Alex does not have access keys older than 90 days.;arn:aws:iam::735291151388:user/Alex;iam_rotate_access_key_90_days;False;Alex;NIST-CSF;National Institute of Standards and Technology (NIST) Cybersecurity Framework (CSF) v2.0;
aws;The NIST Cybersecurity Framework (CSF) 2.0 offers a taxonomy of high-level cybersecurity outcomes that can be used by any organization regardless of its size, sector, or maturity to better understand, assess, prioritize, and communicate its cybersecurity efforts. The framework's core functions are organized into six key areas: Govern (new), Identify, Protect, Detect, Respond, and Recover. Together, these functions provide a comprehensive lifecycle approach to managing cybersecurity risk.;735291151388;ap-south-1;2026-07-10 18:08:16.187152;ac_1;Identities and credentials are issued, managed, verified, revoked, and audited for authorized devices, users and processes.;Protect (PR);Identity Management and Access Control (PR.AC);;aws;;PASS;IAM User Alex accessed Bedrock 0 days ago (threshold: 60 days).;arn:aws:iam::735291151388:user/Alex;iam_user_access_not_stale_to_bedrock;False;Alex;NIST-CSF;National Institute of Standards and Technology (NIST) Cybersecurity Framework (CSF) v2.0;
aws;The NIST Cybersecurity Framework (CSF) 2.0 offers a taxonomy of high-level cybersecurity outcomes that can be used by any organization regardless of its size, sector, or maturity to better understand, assess, prioritize, and communicate its cybersecurity efforts. The framework's core functions are organized into six key areas: Govern (new), Identify, Protect, Detect, Respond, and Recover. Together, these functions provide a comprehensive lifecycle approach to managing cybersecurity risk.;735291151388;ap-south-1;2026-07-10 18:08:16.187152;ac_1;Identities and credentials are issued, managed, verified, revoked, and audited for authorized devices, users and processes.;Protect (PR);Identity Management and Access Control (PR.AC);;aws;;PASS;User <root_account> does not have access keys.;arn:aws:iam::735291151388:root;iam_user_accesskey_unused;False;<root_account>;NIST-CSF;National Institute of Standards and Technology (NIST) Cybersecurity Framework (CSF) v2.0;
aws;The NIST Cybersecurity Framework (CSF) 2.0 offers a taxonomy of high-level cybersecurity outcomes that can be used by any organization regardless of its size, sector, or maturity to better understand, assess, prioritize, and communicate its cybersecurity efforts. The framework's core functions are organized into six key areas: Govern (new), Identify, Protect, Detect, Respond, and Recover. Together, these functions provide a comprehensive lifecycle approach to managing cybersecurity risk.;735291151388;ap-south-1;2026-07-10 18:08:16.187152;ac_1;Identities and credentials are issued, managed, verified, revoked, and audited for authorized devices, users and processes.;Protect (PR);Identity Management and Access Control (PR.AC);;aws;;PASS;User Alex does not have unused access keys for 45 days.;arn:aws:iam::735291151388:user/Alex;iam_user_accesskey_unused;False;Alex;NIST-CSF;National Institute of Standards and Technology (NIST) Cybersecurity Framework (CSF) v2.0;
aws;The NIST Cybersecurity Framework (CSF) 2.0 offers a taxonomy of high-level cybersecurity outcomes that can be used by any organization regardless of its size, sector, or maturity to better understand, assess, prioritize, and communicate its cybersecurity efforts. The framework's core functions are organized into six key areas: Govern (new), Identify, Protect, Detect, Respond, and Recover. Together, these functions provide a comprehensive lifecycle approach to managing cybersecurity risk.;735291151388;ap-south-1;2026-07-10 18:08:16.187152;rr_1;Cybersecurity roles and responsibilities are coordinated and aligned with internal roles and external partners.;Govern (GV);Roles, Responsibilities, and Authorities (GV.RR);;iam;;PASS;IAM User Alex does not have AdministratorAccess policy.;arn:aws:iam::735291151388:user/Alex;iam_user_administrator_access_policy;False;Alex;NIST-CSF;National Institute of Standards and Technology (NIST) Cybersecurity Framework (CSF) v2.0;
aws;The NIST Cybersecurity Framework (CSF) 2.0 offers a taxonomy of high-level cybersecurity outcomes that can be used by any organization regardless of its size, sector, or maturity to better understand, assess, prioritize, and communicate its cybersecurity efforts. The framework's core functions are organized into six key areas: Govern (new), Identify, Protect, Detect, Respond, and Recover. Together, these functions provide a comprehensive lifecycle approach to managing cybersecurity risk.;735291151388;ap-south-1;2026-07-10 18:08:16.187152;rr_2;Cybersecurity responsibilities are established and communicated.;Govern (GV);Roles, Responsibilities, and Authorities (GV.RR);;iam;;PASS;IAM User Alex does not have AdministratorAccess policy.;arn:aws:iam::735291151388:user/Alex;iam_user_administrator_access_policy;False;Alex;NIST-CSF;National Institute of Standards and Technology (NIST) Cybersecurity Framework (CSF) v2.0;
aws;The NIST Cybersecurity Framework (CSF) 2.0 offers a taxonomy of high-level cybersecurity outcomes that can be used by any organization regardless of its size, sector, or maturity to better understand, assess, prioritize, and communicate its cybersecurity efforts. The framework's core functions are organized into six key areas: Govern (new), Identify, Protect, Detect, Respond, and Recover. Together, these functions provide a comprehensive lifecycle approach to managing cybersecurity risk.;735291151388;ap-south-1;2026-07-10 18:08:16.187152;po_1;Cybersecurity policy is established, communicated, and enforced.;Govern (GV);Policies, Processes, and Procedures (GV.PO);;aws;;PASS;IAM User Alex does not have AdministratorAccess policy.;arn:aws:iam::735291151388:user/Alex;iam_user_administrator_access_policy;False;Alex;NIST-CSF;National Institute of Standards and Technology (NIST) Cybersecurity Framework (CSF) v2.0;
aws;The NIST Cybersecurity Framework (CSF) 2.0 offers a taxonomy of high-level cybersecurity outcomes that can be used by any organization regardless of its size, sector, or maturity to better understand, assess, prioritize, and communicate its cybersecurity efforts. The framework's core functions are organized into six key areas: Govern (new), Identify, Protect, Detect, Respond, and Recover. Together, these functions provide a comprehensive lifecycle approach to managing cybersecurity risk.;735291151388;ap-south-1;2026-07-10 18:08:16.187152;am_6;Cybersecurity roles and responsibilities for the entire workforce and third-party stakeholders (e.g., suppliers, customers, partners) are established.;Identify (ID);Asset Management (ID.AM);;iam;;PASS;IAM User Alex does not have AdministratorAccess policy.;arn:aws:iam::735291151388:user/Alex;iam_user_administrator_access_policy;False;Alex;NIST-CSF;National Institute of Standards and Technology (NIST) Cybersecurity Framework (CSF) v2.0;
aws;The NIST Cybersecurity Framework (CSF) 2.0 offers a taxonomy of high-level cybersecurity outcomes that can be used by any organization regardless of its size, sector, or maturity to better understand, assess, prioritize, and communicate its cybersecurity efforts. The framework's core functions are organized into six key areas: Govern (new), Identify, Protect, Detect, Respond, and Recover. Together, these functions provide a comprehensive lifecycle approach to managing cybersecurity risk.;735291151388;ap-south-1;2026-07-10 18:08:16.187152;ac_4;Access permissions and authorizations are managed, incorporating the principles of least privilege and separation of duties.;Protect (PR);Identity Management and Access Control (PR.AC);;aws;;PASS;IAM User Alex does not have AdministratorAccess policy.;arn:aws:iam::735291151388:user/Alex;iam_user_administrator_access_policy;False;Alex;NIST-CSF;National Institute of Standards and Technology (NIST) Cybersecurity Framework (CSF) v2.0;
aws;The NIST Cybersecurity Framework (CSF) 2.0 offers a taxonomy of high-level cybersecurity outcomes that can be used by any organization regardless of its size, sector, or maturity to better understand, assess, prioritize, and communicate its cybersecurity efforts. The framework's core functions are organized into six key areas: Govern (new), Identify, Protect, Detect, Respond, and Recover. Together, these functions provide a comprehensive lifecycle approach to managing cybersecurity risk.;735291151388;ap-south-1;2026-07-10 18:08:16.187152;ac_1;Identities and credentials are issued, managed, verified, revoked, and audited for authorized devices, users and processes.;Protect (PR);Identity Management and Access Control (PR.AC);;aws;;PASS;User Alex does not have console access enabled or is unused.;arn:aws:iam::735291151388:user/Alex;iam_user_console_access_unused;False;Alex;NIST-CSF;National Institute of Standards and Technology (NIST) Cybersecurity Framework (CSF) v2.0;
aws;The NIST Cybersecurity Framework (CSF) 2.0 offers a taxonomy of high-level cybersecurity outcomes that can be used by any organization regardless of its size, sector, or maturity to better understand, assess, prioritize, and communicate its cybersecurity efforts. The framework's core functions are organized into six key areas: Govern (new), Identify, Protect, Detect, Respond, and Recover. Together, these functions provide a comprehensive lifecycle approach to managing cybersecurity risk.;735291151388;ap-south-1;2026-07-10 18:08:16.187152;ac_7;Users, devices, and other assets are authenticated (e.g., single-factor, multi-factor) commensurate with the risk of the transaction (e.g., individuals' security and privacy risks and other organizational risks).;Protect (PR);Identity Management and Access Control (PR.AC);;iam;;PASS;User Alex does not have Console Password enabled.;arn:aws:iam::735291151388:user/Alex;iam_user_mfa_enabled_console_access;False;Alex;NIST-CSF;National Institute of Standards and Technology (NIST) Cybersecurity Framework (CSF) v2.0;
aws;The NIST Cybersecurity Framework (CSF) 2.0 offers a taxonomy of high-level cybersecurity outcomes that can be used by any organization regardless of its size, sector, or maturity to better understand, assess, prioritize, and communicate its cybersecurity efforts. The framework's core functions are organized into six key areas: Govern (new), Identify, Protect, Detect, Respond, and Recover. Together, these functions provide a comprehensive lifecycle approach to managing cybersecurity risk.;735291151388;ap-south-1;2026-07-10 18:08:16.187152;ac_1;Identities and credentials are issued, managed, verified, revoked, and audited for authorized devices, users and processes.;Protect (PR);Identity Management and Access Control (PR.AC);;aws;;PASS;User <root_account> does not have 2 active access keys.;arn:aws:iam::735291151388:root;iam_user_two_active_access_key;False;<root_account>;NIST-CSF;National Institute of Standards and Technology (NIST) Cybersecurity Framework (CSF) v2.0;
aws;The NIST Cybersecurity Framework (CSF) 2.0 offers a taxonomy of high-level cybersecurity outcomes that can be used by any organization regardless of its size, sector, or maturity to better understand, assess, prioritize, and communicate its cybersecurity efforts. The framework's core functions are organized into six key areas: Govern (new), Identify, Protect, Detect, Respond, and Recover. Together, these functions provide a comprehensive lifecycle approach to managing cybersecurity risk.;735291151388;ap-south-1;2026-07-10 18:08:16.187152;ac_6;Identities are proofed and bound to credentials and asserted in interactions.;Protect (PR);Identity Management and Access Control (PR.AC);;aws;;PASS;User <root_account> does not have 2 active access keys.;arn:aws:iam::735291151388:root;iam_user_two_active_access_key;False;<root_account>;NIST-CSF;National Institute of Standards and Technology (NIST) Cybersecurity Framework (CSF) v2.0;
aws;The NIST Cybersecurity Framework (CSF) 2.0 offers a taxonomy of high-level cybersecurity outcomes that can be used by any organization regardless of its size, sector, or maturity to better understand, assess, prioritize, and communicate its cybersecurity efforts. The framework's core functions are organized into six key areas: Govern (new), Identify, Protect, Detect, Respond, and Recover. Together, these functions provide a comprehensive lifecycle approach to managing cybersecurity risk.;735291151388;ap-south-1;2026-07-10 18:08:16.187152;ac_1;Identities and credentials are issued, managed, verified, revoked, and audited for authorized devices, users and processes.;Protect (PR);Identity Management and Access Control (PR.AC);;aws;;PASS;User Alex does not have 2 active access keys.;arn:aws:iam::735291151388:user/Alex;iam_user_two_active_access_key;False;Alex;NIST-CSF;National Institute of Standards and Technology (NIST) Cybersecurity Framework (CSF) v2.0;
aws;The NIST Cybersecurity Framework (CSF) 2.0 offers a taxonomy of high-level cybersecurity outcomes that can be used by any organization regardless of its size, sector, or maturity to better understand, assess, prioritize, and communicate its cybersecurity efforts. The framework's core functions are organized into six key areas: Govern (new), Identify, Protect, Detect, Respond, and Recover. Together, these functions provide a comprehensive lifecycle approach to managing cybersecurity risk.;735291151388;ap-south-1;2026-07-10 18:08:16.187152;ac_6;Identities are proofed and bound to credentials and asserted in interactions.;Protect (PR);Identity Management and Access Control (PR.AC);;aws;;PASS;User Alex does not have 2 active access keys.;arn:aws:iam::735291151388:user/Alex;iam_user_two_active_access_key;False;Alex;NIST-CSF;National Institute of Standards and Technology (NIST) Cybersecurity Framework (CSF) v2.0;
aws;The NIST Cybersecurity Framework (CSF) 2.0 offers a taxonomy of high-level cybersecurity outcomes that can be used by any organization regardless of its size, sector, or maturity to better understand, assess, prioritize, and communicate its cybersecurity efforts. The framework's core functions are organized into six key areas: Govern (new), Identify, Protect, Detect, Respond, and Recover. Together, these functions provide a comprehensive lifecycle approach to managing cybersecurity risk.;735291151388;ap-south-1;2026-07-10 18:08:16.187152;ac_6;Identities are proofed and bound to credentials and asserted in interactions.;Protect (PR);Identity Management and Access Control (PR.AC);;aws;;FAIL;User Alex has long lived credentials with access to other services than IAM or STS.;arn:aws:iam::735291151388:user/Alex;iam_user_with_temporary_credentials;False;Alex;NIST-CSF;National Institute of Standards and Technology (NIST) Cybersecurity Framework (CSF) v2.0;
aws;The NIST Cybersecurity Framework (CSF) 2.0 offers a taxonomy of high-level cybersecurity outcomes that can be used by any organization regardless of its size, sector, or maturity to better understand, assess, prioritize, and communicate its cybersecurity efforts. The framework's core functions are organized into six key areas: Govern (new), Identify, Protect, Detect, Respond, and Recover. Together, these functions provide a comprehensive lifecycle approach to managing cybersecurity risk.;735291151388;ap-south-1;2026-07-10 18:08:16.187152;rm_1;Organizational cybersecurity risk management strategy is established, communicated, and maintained.;Govern (GV);Risk Management Strategy (GV.RM);;aws;;FAIL;AWS Organizations is not in-use for this AWS Account.;arn:aws:organizations::735291151388:unknown;organizations_account_part_of_organizations;False;unknown;NIST-CSF;National Institute of Standards and Technology (NIST) Cybersecurity Framework (CSF) v2.0;
aws;The NIST Cybersecurity Framework (CSF) 2.0 offers a taxonomy of high-level cybersecurity outcomes that can be used by any organization regardless of its size, sector, or maturity to better understand, assess, prioritize, and communicate its cybersecurity efforts. The framework's core functions are organized into six key areas: Govern (new), Identify, Protect, Detect, Respond, and Recover. Together, these functions provide a comprehensive lifecycle approach to managing cybersecurity risk.;735291151388;ap-south-1;2026-07-10 18:08:16.187152;rr_1;Cybersecurity roles and responsibilities are coordinated and aligned with internal roles and external partners.;Govern (GV);Roles, Responsibilities, and Authorities (GV.RR);;iam;;FAIL;AWS Organizations is not in-use for this AWS Account.;arn:aws:organizations::735291151388:unknown;organizations_account_part_of_organizations;False;unknown;NIST-CSF;National Institute of Standards and Technology (NIST) Cybersecurity Framework (CSF) v2.0;
aws;The NIST Cybersecurity Framework (CSF) 2.0 offers a taxonomy of high-level cybersecurity outcomes that can be used by any organization regardless of its size, sector, or maturity to better understand, assess, prioritize, and communicate its cybersecurity efforts. The framework's core functions are organized into six key areas: Govern (new), Identify, Protect, Detect, Respond, and Recover. Together, these functions provide a comprehensive lifecycle approach to managing cybersecurity risk.;735291151388;ap-south-1;2026-07-10 18:08:16.187152;rr_2;Cybersecurity responsibilities are established and communicated.;Govern (GV);Roles, Responsibilities, and Authorities (GV.RR);;iam;;FAIL;AWS Organizations is not in-use for this AWS Account.;arn:aws:organizations::735291151388:unknown;organizations_account_part_of_organizations;False;unknown;NIST-CSF;National Institute of Standards and Technology (NIST) Cybersecurity Framework (CSF) v2.0;
aws;The NIST Cybersecurity Framework (CSF) 2.0 offers a taxonomy of high-level cybersecurity outcomes that can be used by any organization regardless of its size, sector, or maturity to better understand, assess, prioritize, and communicate its cybersecurity efforts. The framework's core functions are organized into six key areas: Govern (new), Identify, Protect, Detect, Respond, and Recover. Together, these functions provide a comprehensive lifecycle approach to managing cybersecurity risk.;735291151388;ap-south-1;2026-07-10 18:08:16.187152;po_3;Legal and regulatory requirements regarding cybersecurity, including privacy and civil liberties obligations, are understood and managed.;Govern (GV);Policies, Processes, and Procedures (GV.PO);;aws;;FAIL;AWS Organizations is not in-use for this AWS Account.;arn:aws:organizations::735291151388:unknown;organizations_account_part_of_organizations;False;unknown;NIST-CSF;National Institute of Standards and Technology (NIST) Cybersecurity Framework (CSF) v2.0;
aws;The NIST Cybersecurity Framework (CSF) 2.0 offers a taxonomy of high-level cybersecurity outcomes that can be used by any organization regardless of its size, sector, or maturity to better understand, assess, prioritize, and communicate its cybersecurity efforts. The framework's core functions are organized into six key areas: Govern (new), Identify, Protect, Detect, Respond, and Recover. Together, these functions provide a comprehensive lifecycle approach to managing cybersecurity risk.;735291151388;ap-south-1;2026-07-10 18:08:16.187152;po_4;Governance and risk management processes address cybersecurity risks.;Govern (GV);Policies, Processes, and Procedures (GV.PO);;aws;;FAIL;AWS Organizations is not in-use for this AWS Account.;arn:aws:organizations::735291151388:unknown;organizations_account_part_of_organizations;False;unknown;NIST-CSF;National Institute of Standards and Technology (NIST) Cybersecurity Framework (CSF) v2.0;
aws;The NIST Cybersecurity Framework (CSF) 2.0 offers a taxonomy of high-level cybersecurity outcomes that can be used by any organization regardless of its size, sector, or maturity to better understand, assess, prioritize, and communicate its cybersecurity efforts. The framework's core functions are organized into six key areas: Govern (new), Identify, Protect, Detect, Respond, and Recover. Together, these functions provide a comprehensive lifecycle approach to managing cybersecurity risk.;735291151388;ap-south-1;2026-07-10 18:08:16.187152;am_6;Cybersecurity roles and responsibilities for the entire workforce and third-party stakeholders (e.g., suppliers, customers, partners) are established.;Identify (ID);Asset Management (ID.AM);;iam;;FAIL;AWS Organizations is not in-use for this AWS Account.;arn:aws:organizations::735291151388:unknown;organizations_account_part_of_organizations;False;unknown;NIST-CSF;National Institute of Standards and Technology (NIST) Cybersecurity Framework (CSF) v2.0;
aws;The NIST Cybersecurity Framework (CSF) 2.0 offers a taxonomy of high-level cybersecurity outcomes that can be used by any organization regardless of its size, sector, or maturity to better understand, assess, prioritize, and communicate its cybersecurity efforts. The framework's core functions are organized into six key areas: Govern (new), Identify, Protect, Detect, Respond, and Recover. Together, these functions provide a comprehensive lifecycle approach to managing cybersecurity risk.;735291151388;ap-south-1;2026-07-10 18:08:16.187152;rm_1;Organizational cybersecurity risk management strategy is established, communicated, and maintained.;Govern (GV);Risk Management Strategy (GV.RM);;aws;;FAIL;AWS Organizations is not in-use for this AWS Account.;arn:aws:organizations::735291151388:unknown;organizations_opt_out_ai_services_policy;False;unknown;NIST-CSF;National Institute of Standards and Technology (NIST) Cybersecurity Framework (CSF) v2.0;
aws;The NIST Cybersecurity Framework (CSF) 2.0 offers a taxonomy of high-level cybersecurity outcomes that can be used by any organization regardless of its size, sector, or maturity to better understand, assess, prioritize, and communicate its cybersecurity efforts. The framework's core functions are organized into six key areas: Govern (new), Identify, Protect, Detect, Respond, and Recover. Together, these functions provide a comprehensive lifecycle approach to managing cybersecurity risk.;735291151388;ap-south-1;2026-07-10 18:08:16.187152;rr_1;Cybersecurity roles and responsibilities are coordinated and aligned with internal roles and external partners.;Govern (GV);Roles, Responsibilities, and Authorities (GV.RR);;iam;;FAIL;AWS Organizations is not in-use for this AWS Account.;arn:aws:organizations::735291151388:unknown;organizations_opt_out_ai_services_policy;False;unknown;NIST-CSF;National Institute of Standards and Technology (NIST) Cybersecurity Framework (CSF) v2.0;
aws;The NIST Cybersecurity Framework (CSF) 2.0 offers a taxonomy of high-level cybersecurity outcomes that can be used by any organization regardless of its size, sector, or maturity to better understand, assess, prioritize, and communicate its cybersecurity efforts. The framework's core functions are organized into six key areas: Govern (new), Identify, Protect, Detect, Respond, and Recover. Together, these functions provide a comprehensive lifecycle approach to managing cybersecurity risk.;735291151388;ap-south-1;2026-07-10 18:08:16.187152;rr_2;Cybersecurity responsibilities are established and communicated.;Govern (GV);Roles, Responsibilities, and Authorities (GV.RR);;iam;;FAIL;AWS Organizations is not in-use for this AWS Account.;arn:aws:organizations::735291151388:unknown;organizations_opt_out_ai_services_policy;False;unknown;NIST-CSF;National Institute of Standards and Technology (NIST) Cybersecurity Framework (CSF) v2.0;
aws;The NIST Cybersecurity Framework (CSF) 2.0 offers a taxonomy of high-level cybersecurity outcomes that can be used by any organization regardless of its size, sector, or maturity to better understand, assess, prioritize, and communicate its cybersecurity efforts. The framework's core functions are organized into six key areas: Govern (new), Identify, Protect, Detect, Respond, and Recover. Together, these functions provide a comprehensive lifecycle approach to managing cybersecurity risk.;735291151388;ap-south-1;2026-07-10 18:08:16.187152;po_3;Legal and regulatory requirements regarding cybersecurity, including privacy and civil liberties obligations, are understood and managed.;Govern (GV);Policies, Processes, and Procedures (GV.PO);;aws;;FAIL;AWS Organizations is not in-use for this AWS Account.;arn:aws:organizations::735291151388:unknown;organizations_opt_out_ai_services_policy;False;unknown;NIST-CSF;National Institute of Standards and Technology (NIST) Cybersecurity Framework (CSF) v2.0;
aws;The NIST Cybersecurity Framework (CSF) 2.0 offers a taxonomy of high-level cybersecurity outcomes that can be used by any organization regardless of its size, sector, or maturity to better understand, assess, prioritize, and communicate its cybersecurity efforts. The framework's core functions are organized into six key areas: Govern (new), Identify, Protect, Detect, Respond, and Recover. Together, these functions provide a comprehensive lifecycle approach to managing cybersecurity risk.;735291151388;ap-south-1;2026-07-10 18:08:16.187152;rm_1;Organizational cybersecurity risk management strategy is established, communicated, and maintained.;Govern (GV);Risk Management Strategy (GV.RM);;aws;;FAIL;AWS Organizations is not in-use for this AWS Account.;arn:aws:organizations::735291151388:unknown;organizations_scp_check_deny_regions;False;unknown;NIST-CSF;National Institute of Standards and Technology (NIST) Cybersecurity Framework (CSF) v2.0;
aws;The NIST Cybersecurity Framework (CSF) 2.0 offers a taxonomy of high-level cybersecurity outcomes that can be used by any organization regardless of its size, sector, or maturity to better understand, assess, prioritize, and communicate its cybersecurity efforts. The framework's core functions are organized into six key areas: Govern (new), Identify, Protect, Detect, Respond, and Recover. Together, these functions provide a comprehensive lifecycle approach to managing cybersecurity risk.;735291151388;ap-south-1;2026-07-10 18:08:16.187152;rr_1;Cybersecurity roles and responsibilities are coordinated and aligned with internal roles and external partners.;Govern (GV);Roles, Responsibilities, and Authorities (GV.RR);;iam;;FAIL;AWS Organizations is not in-use for this AWS Account.;arn:aws:organizations::735291151388:unknown;organizations_scp_check_deny_regions;False;unknown;NIST-CSF;National Institute of Standards and Technology (NIST) Cybersecurity Framework (CSF) v2.0;
aws;The NIST Cybersecurity Framework (CSF) 2.0 offers a taxonomy of high-level cybersecurity outcomes that can be used by any organization regardless of its size, sector, or maturity to better understand, assess, prioritize, and communicate its cybersecurity efforts. The framework's core functions are organized into six key areas: Govern (new), Identify, Protect, Detect, Respond, and Recover. Together, these functions provide a comprehensive lifecycle approach to managing cybersecurity risk.;735291151388;ap-south-1;2026-07-10 18:08:16.187152;rr_2;Cybersecurity responsibilities are established and communicated.;Govern (GV);Roles, Responsibilities, and Authorities (GV.RR);;iam;;FAIL;AWS Organizations is not in-use for this AWS Account.;arn:aws:organizations::735291151388:unknown;organizations_scp_check_deny_regions;False;unknown;NIST-CSF;National Institute of Standards and Technology (NIST) Cybersecurity Framework (CSF) v2.0;
aws;The NIST Cybersecurity Framework (CSF) 2.0 offers a taxonomy of high-level cybersecurity outcomes that can be used by any organization regardless of its size, sector, or maturity to better understand, assess, prioritize, and communicate its cybersecurity efforts. The framework's core functions are organized into six key areas: Govern (new), Identify, Protect, Detect, Respond, and Recover. Together, these functions provide a comprehensive lifecycle approach to managing cybersecurity risk.;735291151388;ap-south-1;2026-07-10 18:08:16.187152;po_3;Legal and regulatory requirements regarding cybersecurity, including privacy and civil liberties obligations, are understood and managed.;Govern (GV);Policies, Processes, and Procedures (GV.PO);;aws;;FAIL;AWS Organizations is not in-use for this AWS Account.;arn:aws:organizations::735291151388:unknown;organizations_scp_check_deny_regions;False;unknown;NIST-CSF;National Institute of Standards and Technology (NIST) Cybersecurity Framework (CSF) v2.0;
aws;The NIST Cybersecurity Framework (CSF) 2.0 offers a taxonomy of high-level cybersecurity outcomes that can be used by any organization regardless of its size, sector, or maturity to better understand, assess, prioritize, and communicate its cybersecurity efforts. The framework's core functions are organized into six key areas: Govern (new), Identify, Protect, Detect, Respond, and Recover. Together, these functions provide a comprehensive lifecycle approach to managing cybersecurity risk.;735291151388;ap-south-1;2026-07-10 18:08:16.187152;po_4;Governance and risk management processes address cybersecurity risks.;Govern (GV);Policies, Processes, and Procedures (GV.PO);;aws;;FAIL;AWS Organizations is not in-use for this AWS Account.;arn:aws:organizations::735291151388:unknown;organizations_scp_check_deny_regions;False;unknown;NIST-CSF;National Institute of Standards and Technology (NIST) Cybersecurity Framework (CSF) v2.0;
aws;The NIST Cybersecurity Framework (CSF) 2.0 offers a taxonomy of high-level cybersecurity outcomes that can be used by any organization regardless of its size, sector, or maturity to better understand, assess, prioritize, and communicate its cybersecurity efforts. The framework's core functions are organized into six key areas: Govern (new), Identify, Protect, Detect, Respond, and Recover. Together, these functions provide a comprehensive lifecycle approach to managing cybersecurity risk.;735291151388;ap-south-1;2026-07-10 18:08:16.187152;ov_3;Cybersecurity risk management strategy and practices are reviewed and adjusted to adapt to changes in the threat landscape, technologies, or mission, business, or system environments.;Govern (GV);Oversight (GV.OV);;aws;;FAIL;AWS Organizations is not in-use for this AWS Account.;arn:aws:organizations::735291151388:unknown;organizations_scp_check_deny_regions;False;unknown;NIST-CSF;National Institute of Standards and Technology (NIST) Cybersecurity Framework (CSF) v2.0;
aws;The NIST Cybersecurity Framework (CSF) 2.0 offers a taxonomy of high-level cybersecurity outcomes that can be used by any organization regardless of its size, sector, or maturity to better understand, assess, prioritize, and communicate its cybersecurity efforts. The framework's core functions are organized into six key areas: Govern (new), Identify, Protect, Detect, Respond, and Recover. Together, these functions provide a comprehensive lifecycle approach to managing cybersecurity risk.;735291151388;ap-south-1;2026-07-10 18:08:16.187152;rm_1;Organizational cybersecurity risk management strategy is established, communicated, and maintained.;Govern (GV);Risk Management Strategy (GV.RM);;aws;;FAIL;AWS Organizations is not in-use for this AWS Account.;arn:aws:organizations::735291151388:unknown;organizations_tags_policies_enabled_and_attached;False;unknown;NIST-CSF;National Institute of Standards and Technology (NIST) Cybersecurity Framework (CSF) v2.0;
aws;The NIST Cybersecurity Framework (CSF) 2.0 offers a taxonomy of high-level cybersecurity outcomes that can be used by any organization regardless of its size, sector, or maturity to better understand, assess, prioritize, and communicate its cybersecurity efforts. The framework's core functions are organized into six key areas: Govern (new), Identify, Protect, Detect, Respond, and Recover. Together, these functions provide a comprehensive lifecycle approach to managing cybersecurity risk.;735291151388;ap-south-1;2026-07-10 18:08:16.187152;po_3;Legal and regulatory requirements regarding cybersecurity, including privacy and civil liberties obligations, are understood and managed.;Govern (GV);Policies, Processes, and Procedures (GV.PO);;aws;;FAIL;AWS Organizations is not in-use for this AWS Account.;arn:aws:organizations::735291151388:unknown;organizations_tags_policies_enabled_and_attached;False;unknown;NIST-CSF;National Institute of Standards and Technology (NIST) Cybersecurity Framework (CSF) v2.0;
aws;The NIST Cybersecurity Framework (CSF) 2.0 offers a taxonomy of high-level cybersecurity outcomes that can be used by any organization regardless of its size, sector, or maturity to better understand, assess, prioritize, and communicate its cybersecurity efforts. The framework's core functions are organized into six key areas: Govern (new), Identify, Protect, Detect, Respond, and Recover. Together, these functions provide a comprehensive lifecycle approach to managing cybersecurity risk.;735291151388;ap-south-1;2026-07-10 18:08:16.187152;ov_3;Cybersecurity risk management strategy and practices are reviewed and adjusted to adapt to changes in the threat landscape, technologies, or mission, business, or system environments.;Govern (GV);Oversight (GV.OV);;aws;;FAIL;AWS Organizations is not in-use for this AWS Account.;arn:aws:organizations::735291151388:unknown;organizations_tags_policies_enabled_and_attached;False;unknown;NIST-CSF;National Institute of Standards and Technology (NIST) Cybersecurity Framework (CSF) v2.0;
aws;The NIST Cybersecurity Framework (CSF) 2.0 offers a taxonomy of high-level cybersecurity outcomes that can be used by any organization regardless of its size, sector, or maturity to better understand, assess, prioritize, and communicate its cybersecurity efforts. The framework's core functions are organized into six key areas: Govern (new), Identify, Protect, Detect, Respond, and Recover. Together, these functions provide a comprehensive lifecycle approach to managing cybersecurity risk.;735291151388;ap-south-1;2026-07-10 18:08:16.187152;ds_3;Assets are formally managed throughout removal, transfers, and disposition.;Protect (PR);Data Security (PR.DS);;aws;;FAIL;RDS Instance cloudguardian-db does not have backup enabled.;arn:aws:rds:ap-south-1:735291151388:db:cloudguardian-db;rds_instance_backup_enabled;False;cloudguardian-db;NIST-CSF;National Institute of Standards and Technology (NIST) Cybersecurity Framework (CSF) v2.0;
aws;The NIST Cybersecurity Framework (CSF) 2.0 offers a taxonomy of high-level cybersecurity outcomes that can be used by any organization regardless of its size, sector, or maturity to better understand, assess, prioritize, and communicate its cybersecurity efforts. The framework's core functions are organized into six key areas: Govern (new), Identify, Protect, Detect, Respond, and Recover. Together, these functions provide a comprehensive lifecycle approach to managing cybersecurity risk.;735291151388;ap-south-1;2026-07-10 18:08:16.187152;ds_4;Adequate capacity to ensure availability is maintained.;Protect (PR);Data Security (PR.DS);;aws;;FAIL;RDS Instance cloudguardian-db does not have backup enabled.;arn:aws:rds:ap-south-1:735291151388:db:cloudguardian-db;rds_instance_backup_enabled;False;cloudguardian-db;NIST-CSF;National Institute of Standards and Technology (NIST) Cybersecurity Framework (CSF) v2.0;
aws;The NIST Cybersecurity Framework (CSF) 2.0 offers a taxonomy of high-level cybersecurity outcomes that can be used by any organization regardless of its size, sector, or maturity to better understand, assess, prioritize, and communicate its cybersecurity efforts. The framework's core functions are organized into six key areas: Govern (new), Identify, Protect, Detect, Respond, and Recover. Together, these functions provide a comprehensive lifecycle approach to managing cybersecurity risk.;735291151388;ap-south-1;2026-07-10 18:08:16.187152;ip_4;Backups of information are conducted, maintained, and tested periodically.;Protect (PR);Information Protection Processes and Procedures (PR.IP);;aws;;FAIL;RDS Instance cloudguardian-db does not have backup enabled.;arn:aws:rds:ap-south-1:735291151388:db:cloudguardian-db;rds_instance_backup_enabled;False;cloudguardian-db;NIST-CSF;National Institute of Standards and Technology (NIST) Cybersecurity Framework (CSF) v2.0;
aws;The NIST Cybersecurity Framework (CSF) 2.0 offers a taxonomy of high-level cybersecurity outcomes that can be used by any organization regardless of its size, sector, or maturity to better understand, assess, prioritize, and communicate its cybersecurity efforts. The framework's core functions are organized into six key areas: Govern (new), Identify, Protect, Detect, Respond, and Recover. Together, these functions provide a comprehensive lifecycle approach to managing cybersecurity risk.;735291151388;ap-south-1;2026-07-10 18:08:16.187152;rc_rp_1;Recovery plan is executed during or after a cybersecurity incident.;Recover (RC);Recovery Planning (RC.RP);;aws;;FAIL;RDS Instance cloudguardian-db does not have backup enabled.;arn:aws:rds:ap-south-1:735291151388:db:cloudguardian-db;rds_instance_backup_enabled;False;cloudguardian-db;NIST-CSF;National Institute of Standards and Technology (NIST) Cybersecurity Framework (CSF) v2.0;
aws;The NIST Cybersecurity Framework (CSF) 2.0 offers a taxonomy of high-level cybersecurity outcomes that can be used by any organization regardless of its size, sector, or maturity to better understand, assess, prioritize, and communicate its cybersecurity efforts. The framework's core functions are organized into six key areas: Govern (new), Identify, Protect, Detect, Respond, and Recover. Together, these functions provide a comprehensive lifecycle approach to managing cybersecurity risk.;735291151388;ap-south-1;2026-07-10 18:08:16.187152;ds_4;Adequate capacity to ensure availability is maintained.;Protect (PR);Data Security (PR.DS);;aws;;FAIL;RDS Instance cloudguardian-db deletion protection is not enabled.;arn:aws:rds:ap-south-1:735291151388:db:cloudguardian-db;rds_instance_deletion_protection;False;cloudguardian-db;NIST-CSF;National Institute of Standards and Technology (NIST) Cybersecurity Framework (CSF) v2.0;
aws;The NIST Cybersecurity Framework (CSF) 2.0 offers a taxonomy of high-level cybersecurity outcomes that can be used by any organization regardless of its size, sector, or maturity to better understand, assess, prioritize, and communicate its cybersecurity efforts. The framework's core functions are organized into six key areas: Govern (new), Identify, Protect, Detect, Respond, and Recover. Together, these functions provide a comprehensive lifecycle approach to managing cybersecurity risk.;735291151388;ap-south-1;2026-07-10 18:08:16.187152;pt_5;Mechanisms (e.g., failsafe, load balancing, hot swap) are implemented to achieve resilience requirements in normal and adverse situations.;Protect (PR);Protective Technology (PR.PT);;aws;;FAIL;RDS Instance cloudguardian-db deletion protection is not enabled.;arn:aws:rds:ap-south-1:735291151388:db:cloudguardian-db;rds_instance_deletion_protection;False;cloudguardian-db;NIST-CSF;National Institute of Standards and Technology (NIST) Cybersecurity Framework (CSF) v2.0;
aws;The NIST Cybersecurity Framework (CSF) 2.0 offers a taxonomy of high-level cybersecurity outcomes that can be used by any organization regardless of its size, sector, or maturity to better understand, assess, prioritize, and communicate its cybersecurity efforts. The framework's core functions are organized into six key areas: Govern (new), Identify, Protect, Detect, Respond, and Recover. Together, these functions provide a comprehensive lifecycle approach to managing cybersecurity risk.;735291151388;ap-south-1;2026-07-10 18:08:16.187152;ds_4;Adequate capacity to ensure availability is maintained.;Protect (PR);Data Security (PR.DS);;aws;;FAIL;RDS Instance cloudguardian-db does not have multi-AZ enabled.;arn:aws:rds:ap-south-1:735291151388:db:cloudguardian-db;rds_instance_multi_az;False;cloudguardian-db;NIST-CSF;National Institute of Standards and Technology (NIST) Cybersecurity Framework (CSF) v2.0;
aws;The NIST Cybersecurity Framework (CSF) 2.0 offers a taxonomy of high-level cybersecurity outcomes that can be used by any organization regardless of its size, sector, or maturity to better understand, assess, prioritize, and communicate its cybersecurity efforts. The framework's core functions are organized into six key areas: Govern (new), Identify, Protect, Detect, Respond, and Recover. Together, these functions provide a comprehensive lifecycle approach to managing cybersecurity risk.;735291151388;ap-south-1;2026-07-10 18:08:16.187152;ac_3;Remote access is managed.;Protect (PR);Identity Management and Access Control (PR.AC);;aws;;PASS;RDS Instance cloudguardian-db is not publicly accessible.;arn:aws:rds:ap-south-1:735291151388:db:cloudguardian-db;rds_instance_no_public_access;False;cloudguardian-db;NIST-CSF;National Institute of Standards and Technology (NIST) Cybersecurity Framework (CSF) v2.0;
aws;The NIST Cybersecurity Framework (CSF) 2.0 offers a taxonomy of high-level cybersecurity outcomes that can be used by any organization regardless of its size, sector, or maturity to better understand, assess, prioritize, and communicate its cybersecurity efforts. The framework's core functions are organized into six key areas: Govern (new), Identify, Protect, Detect, Respond, and Recover. Together, these functions provide a comprehensive lifecycle approach to managing cybersecurity risk.;735291151388;ap-south-1;2026-07-10 18:08:16.187152;be_5;Resilience requirements to support delivery of critical services are established for all operating states (e.g. under duress/attack, during recovery, normal operations);Identify (ID);Business Environment (ID.BE);;aws;;FAIL;RDS Instance cloudguardian-db is not protected by a backup plan.;arn:aws:rds:ap-south-1:735291151388:db:cloudguardian-db;rds_instance_protected_by_backup_plan;False;cloudguardian-db;NIST-CSF;National Institute of Standards and Technology (NIST) Cybersecurity Framework (CSF) v2.0;
aws;The NIST Cybersecurity Framework (CSF) 2.0 offers a taxonomy of high-level cybersecurity outcomes that can be used by any organization regardless of its size, sector, or maturity to better understand, assess, prioritize, and communicate its cybersecurity efforts. The framework's core functions are organized into six key areas: Govern (new), Identify, Protect, Detect, Respond, and Recover. Together, these functions provide a comprehensive lifecycle approach to managing cybersecurity risk.;735291151388;ap-south-1;2026-07-10 18:08:16.187152;ds_4;Adequate capacity to ensure availability is maintained.;Protect (PR);Data Security (PR.DS);;aws;;FAIL;RDS Instance cloudguardian-db is not protected by a backup plan.;arn:aws:rds:ap-south-1:735291151388:db:cloudguardian-db;rds_instance_protected_by_backup_plan;False;cloudguardian-db;NIST-CSF;National Institute of Standards and Technology (NIST) Cybersecurity Framework (CSF) v2.0;
aws;The NIST Cybersecurity Framework (CSF) 2.0 offers a taxonomy of high-level cybersecurity outcomes that can be used by any organization regardless of its size, sector, or maturity to better understand, assess, prioritize, and communicate its cybersecurity efforts. The framework's core functions are organized into six key areas: Govern (new), Identify, Protect, Detect, Respond, and Recover. Together, these functions provide a comprehensive lifecycle approach to managing cybersecurity risk.;735291151388;ap-south-1;2026-07-10 18:08:16.187152;ip_4;Backups of information are conducted, maintained, and tested periodically.;Protect (PR);Information Protection Processes and Procedures (PR.IP);;aws;;FAIL;RDS Instance cloudguardian-db is not protected by a backup plan.;arn:aws:rds:ap-south-1:735291151388:db:cloudguardian-db;rds_instance_protected_by_backup_plan;False;cloudguardian-db;NIST-CSF;National Institute of Standards and Technology (NIST) Cybersecurity Framework (CSF) v2.0;
aws;The NIST Cybersecurity Framework (CSF) 2.0 offers a taxonomy of high-level cybersecurity outcomes that can be used by any organization regardless of its size, sector, or maturity to better understand, assess, prioritize, and communicate its cybersecurity efforts. The framework's core functions are organized into six key areas: Govern (new), Identify, Protect, Detect, Respond, and Recover. Together, these functions provide a comprehensive lifecycle approach to managing cybersecurity risk.;735291151388;ap-south-1;2026-07-10 18:08:16.187152;rc_rp_1;Recovery plan is executed during or after a cybersecurity incident.;Recover (RC);Recovery Planning (RC.RP);;aws;;FAIL;RDS Instance cloudguardian-db is not protected by a backup plan.;arn:aws:rds:ap-south-1:735291151388:db:cloudguardian-db;rds_instance_protected_by_backup_plan;False;cloudguardian-db;NIST-CSF;National Institute of Standards and Technology (NIST) Cybersecurity Framework (CSF) v2.0;
aws;The NIST Cybersecurity Framework (CSF) 2.0 offers a taxonomy of high-level cybersecurity outcomes that can be used by any organization regardless of its size, sector, or maturity to better understand, assess, prioritize, and communicate its cybersecurity efforts. The framework's core functions are organized into six key areas: Govern (new), Identify, Protect, Detect, Respond, and Recover. Together, these functions provide a comprehensive lifecycle approach to managing cybersecurity risk.;735291151388;ap-south-1;2026-07-10 18:08:16.187152;ds_1;Data-at-rest is protected.;Protect (PR);Data Security (PR.DS);;aws;;PASS;RDS Instance cloudguardian-db is encrypted.;arn:aws:rds:ap-south-1:735291151388:db:cloudguardian-db;rds_instance_storage_encrypted;False;cloudguardian-db;NIST-CSF;National Institute of Standards and Technology (NIST) Cybersecurity Framework (CSF) v2.0;
aws;The NIST Cybersecurity Framework (CSF) 2.0 offers a taxonomy of high-level cybersecurity outcomes that can be used by any organization regardless of its size, sector, or maturity to better understand, assess, prioritize, and communicate its cybersecurity efforts. The framework's core functions are organized into six key areas: Govern (new), Identify, Protect, Detect, Respond, and Recover. Together, these functions provide a comprehensive lifecycle approach to managing cybersecurity risk.;735291151388;ap-south-1;2026-07-10 18:08:16.187152;ds_2;Data-in-transit is protected.;Protect (PR);Data Security (PR.DS);;aws;;FAIL;RDS Instance cloudguardian-db connections are not encrypted.;arn:aws:rds:ap-south-1:735291151388:db:cloudguardian-db;rds_instance_transport_encrypted;False;cloudguardian-db;NIST-CSF;National Institute of Standards and Technology (NIST) Cybersecurity Framework (CSF) v2.0;
aws;The NIST Cybersecurity Framework (CSF) 2.0 offers a taxonomy of high-level cybersecurity outcomes that can be used by any organization regardless of its size, sector, or maturity to better understand, assess, prioritize, and communicate its cybersecurity efforts. The framework's core functions are organized into six key areas: Govern (new), Identify, Protect, Detect, Respond, and Recover. Together, these functions provide a comprehensive lifecycle approach to managing cybersecurity risk.;735291151388;ap-south-1;2026-07-10 18:08:16.187152;ac_3;Remote access is managed.;Protect (PR);Identity Management and Access Control (PR.AC);;aws;;FAIL;Block Public Access is not configured for the account 735291151388.;arn:aws:s3:ap-south-1:735291151388:account;s3_account_level_public_access_blocks;False;735291151388;NIST-CSF;National Institute of Standards and Technology (NIST) Cybersecurity Framework (CSF) v2.0;
aws;The NIST Cybersecurity Framework (CSF) 2.0 offers a taxonomy of high-level cybersecurity outcomes that can be used by any organization regardless of its size, sector, or maturity to better understand, assess, prioritize, and communicate its cybersecurity efforts. The framework's core functions are organized into six key areas: Govern (new), Identify, Protect, Detect, Respond, and Recover. Together, these functions provide a comprehensive lifecycle approach to managing cybersecurity risk.;735291151388;ap-south-1;2026-07-10 18:08:16.187152;ds_5;Protections against data leaks are implemented.;Protect (PR);Data Security (PR.DS);;aws;;PASS;S3 Bucket cloudguardian-data-c8f4e2a3 has bucket ACLs disabled.;arn:aws:s3:::cloudguardian-data-c8f4e2a3;s3_bucket_acl_prohibited;False;cloudguardian-data-c8f4e2a3;NIST-CSF;National Institute of Standards and Technology (NIST) Cybersecurity Framework (CSF) v2.0;
aws;The NIST Cybersecurity Framework (CSF) 2.0 offers a taxonomy of high-level cybersecurity outcomes that can be used by any organization regardless of its size, sector, or maturity to better understand, assess, prioritize, and communicate its cybersecurity efforts. The framework's core functions are organized into six key areas: Govern (new), Identify, Protect, Detect, Respond, and Recover. Together, these functions provide a comprehensive lifecycle approach to managing cybersecurity risk.;735291151388;ap-south-1;2026-07-10 18:08:16.187152;ra_1;Asset vulnerabilities are identified and documented.;Identify (ID);Risk Assessment (ID.RA);;aws;;PASS;S3 Bucket cloudguardian-data-c8f4e2a3 does not have a bucket policy.;arn:aws:s3:::cloudguardian-data-c8f4e2a3;s3_bucket_cross_account_access;False;cloudguardian-data-c8f4e2a3;NIST-CSF;National Institute of Standards and Technology (NIST) Cybersecurity Framework (CSF) v2.0;
aws;The NIST Cybersecurity Framework (CSF) 2.0 offers a taxonomy of high-level cybersecurity outcomes that can be used by any organization regardless of its size, sector, or maturity to better understand, assess, prioritize, and communicate its cybersecurity efforts. The framework's core functions are organized into six key areas: Govern (new), Identify, Protect, Detect, Respond, and Recover. Together, these functions provide a comprehensive lifecycle approach to managing cybersecurity risk.;735291151388;ap-south-1;2026-07-10 18:08:16.187152;ds_5;Protections against data leaks are implemented.;Protect (PR);Data Security (PR.DS);;aws;;PASS;S3 Bucket cloudguardian-data-c8f4e2a3 does not have a bucket policy.;arn:aws:s3:::cloudguardian-data-c8f4e2a3;s3_bucket_cross_account_access;False;cloudguardian-data-c8f4e2a3;NIST-CSF;National Institute of Standards and Technology (NIST) Cybersecurity Framework (CSF) v2.0;
aws;The NIST Cybersecurity Framework (CSF) 2.0 offers a taxonomy of high-level cybersecurity outcomes that can be used by any organization regardless of its size, sector, or maturity to better understand, assess, prioritize, and communicate its cybersecurity efforts. The framework's core functions are organized into six key areas: Govern (new), Identify, Protect, Detect, Respond, and Recover. Together, these functions provide a comprehensive lifecycle approach to managing cybersecurity risk.;735291151388;ap-south-1;2026-07-10 18:08:16.187152;ip_1;A baseline configuration of information technology/industrial control systems is created and maintained incorporating security principles (e.g. concept of least functionality).;Protect (PR);Information Protection Processes and Procedures (PR.IP);;aws;;PASS;S3 Bucket cloudguardian-data-c8f4e2a3 does not have a bucket policy.;arn:aws:s3:::cloudguardian-data-c8f4e2a3;s3_bucket_cross_account_access;False;cloudguardian-data-c8f4e2a3;NIST-CSF;National Institute of Standards and Technology (NIST) Cybersecurity Framework (CSF) v2.0;
aws;The NIST Cybersecurity Framework (CSF) 2.0 offers a taxonomy of high-level cybersecurity outcomes that can be used by any organization regardless of its size, sector, or maturity to better understand, assess, prioritize, and communicate its cybersecurity efforts. The framework's core functions are organized into six key areas: Govern (new), Identify, Protect, Detect, Respond, and Recover. Together, these functions provide a comprehensive lifecycle approach to managing cybersecurity risk.;735291151388;ap-south-1;2026-07-10 18:08:16.187152;be_5;Resilience requirements to support delivery of critical services are established for all operating states (e.g. under duress/attack, during recovery, normal operations);Identify (ID);Business Environment (ID.BE);;aws;;FAIL;S3 Bucket cloudguardian-data-c8f4e2a3 does not have correct cross region replication configuration.;arn:aws:s3:::cloudguardian-data-c8f4e2a3;s3_bucket_cross_region_replication;False;cloudguardian-data-c8f4e2a3;NIST-CSF;National Institute of Standards and Technology (NIST) Cybersecurity Framework (CSF) v2.0;
aws;The NIST Cybersecurity Framework (CSF) 2.0 offers a taxonomy of high-level cybersecurity outcomes that can be used by any organization regardless of its size, sector, or maturity to better understand, assess, prioritize, and communicate its cybersecurity efforts. The framework's core functions are organized into six key areas: Govern (new), Identify, Protect, Detect, Respond, and Recover. Together, these functions provide a comprehensive lifecycle approach to managing cybersecurity risk.;735291151388;ap-south-1;2026-07-10 18:08:16.187152;ds_4;Adequate capacity to ensure availability is maintained.;Protect (PR);Data Security (PR.DS);;aws;;FAIL;S3 Bucket cloudguardian-data-c8f4e2a3 does not have correct cross region replication configuration.;arn:aws:s3:::cloudguardian-data-c8f4e2a3;s3_bucket_cross_region_replication;False;cloudguardian-data-c8f4e2a3;NIST-CSF;National Institute of Standards and Technology (NIST) Cybersecurity Framework (CSF) v2.0;
aws;The NIST Cybersecurity Framework (CSF) 2.0 offers a taxonomy of high-level cybersecurity outcomes that can be used by any organization regardless of its size, sector, or maturity to better understand, assess, prioritize, and communicate its cybersecurity efforts. The framework's core functions are organized into six key areas: Govern (new), Identify, Protect, Detect, Respond, and Recover. Together, these functions provide a comprehensive lifecycle approach to managing cybersecurity risk.;735291151388;ap-south-1;2026-07-10 18:08:16.187152;pt_5;Mechanisms (e.g., failsafe, load balancing, hot swap) are implemented to achieve resilience requirements in normal and adverse situations.;Protect (PR);Protective Technology (PR.PT);;aws;;FAIL;S3 Bucket cloudguardian-data-c8f4e2a3 does not have correct cross region replication configuration.;arn:aws:s3:::cloudguardian-data-c8f4e2a3;s3_bucket_cross_region_replication;False;cloudguardian-data-c8f4e2a3;NIST-CSF;National Institute of Standards and Technology (NIST) Cybersecurity Framework (CSF) v2.0;
aws;The NIST Cybersecurity Framework (CSF) 2.0 offers a taxonomy of high-level cybersecurity outcomes that can be used by any organization regardless of its size, sector, or maturity to better understand, assess, prioritize, and communicate its cybersecurity efforts. The framework's core functions are organized into six key areas: Govern (new), Identify, Protect, Detect, Respond, and Recover. Together, these functions provide a comprehensive lifecycle approach to managing cybersecurity risk.;735291151388;ap-south-1;2026-07-10 18:08:16.187152;ds_1;Data-at-rest is protected.;Protect (PR);Data Security (PR.DS);;aws;;PASS;S3 Bucket cloudguardian-data-c8f4e2a3 has Server Side Encryption with AES256.;arn:aws:s3:::cloudguardian-data-c8f4e2a3;s3_bucket_default_encryption;False;cloudguardian-data-c8f4e2a3;NIST-CSF;National Institute of Standards and Technology (NIST) Cybersecurity Framework (CSF) v2.0;
aws;The NIST Cybersecurity Framework (CSF) 2.0 offers a taxonomy of high-level cybersecurity outcomes that can be used by any organization regardless of its size, sector, or maturity to better understand, assess, prioritize, and communicate its cybersecurity efforts. The framework's core functions are organized into six key areas: Govern (new), Identify, Protect, Detect, Respond, and Recover. Together, these functions provide a comprehensive lifecycle approach to managing cybersecurity risk.;735291151388;ap-south-1;2026-07-10 18:08:16.187152;ds_3;Assets are formally managed throughout removal, transfers, and disposition.;Protect (PR);Data Security (PR.DS);;aws;;PASS;S3 Bucket cloudguardian-data-c8f4e2a3 has Server Side Encryption with AES256.;arn:aws:s3:::cloudguardian-data-c8f4e2a3;s3_bucket_default_encryption;False;cloudguardian-data-c8f4e2a3;NIST-CSF;National Institute of Standards and Technology (NIST) Cybersecurity Framework (CSF) v2.0;
aws;The NIST Cybersecurity Framework (CSF) 2.0 offers a taxonomy of high-level cybersecurity outcomes that can be used by any organization regardless of its size, sector, or maturity to better understand, assess, prioritize, and communicate its cybersecurity efforts. The framework's core functions are organized into six key areas: Govern (new), Identify, Protect, Detect, Respond, and Recover. Together, these functions provide a comprehensive lifecycle approach to managing cybersecurity risk.;735291151388;ap-south-1;2026-07-10 18:08:16.187152;dp_4;Event detection information is communicated.;Detect (DE);Detection Processes (DE.DP);;aws;;FAIL;S3 Bucket cloudguardian-data-c8f4e2a3 does not have event notifications enabled.;arn:aws:s3:::cloudguardian-data-c8f4e2a3;s3_bucket_event_notifications_enabled;False;cloudguardian-data-c8f4e2a3;NIST-CSF;National Institute of Standards and Technology (NIST) Cybersecurity Framework (CSF) v2.0;
aws;The NIST Cybersecurity Framework (CSF) 2.0 offers a taxonomy of high-level cybersecurity outcomes that can be used by any organization regardless of its size, sector, or maturity to better understand, assess, prioritize, and communicate its cybersecurity efforts. The framework's core functions are organized into six key areas: Govern (new), Identify, Protect, Detect, Respond, and Recover. Together, these functions provide a comprehensive lifecycle approach to managing cybersecurity risk.;735291151388;ap-south-1;2026-07-10 18:08:16.187152;ds_1;Data-at-rest is protected.;Protect (PR);Data Security (PR.DS);;aws;;FAIL;Server Side Encryption is not configured with kms for S3 Bucket cloudguardian-data-c8f4e2a3.;arn:aws:s3:::cloudguardian-data-c8f4e2a3;s3_bucket_kms_encryption;False;cloudguardian-data-c8f4e2a3;NIST-CSF;National Institute of Standards and Technology (NIST) Cybersecurity Framework (CSF) v2.0;
aws;The NIST Cybersecurity Framework (CSF) 2.0 offers a taxonomy of high-level cybersecurity outcomes that can be used by any organization regardless of its size, sector, or maturity to better understand, assess, prioritize, and communicate its cybersecurity efforts. The framework's core functions are organized into six key areas: Govern (new), Identify, Protect, Detect, Respond, and Recover. Together, these functions provide a comprehensive lifecycle approach to managing cybersecurity risk.;735291151388;ap-south-1;2026-07-10 18:08:16.187152;ds_3;Assets are formally managed throughout removal, transfers, and disposition.;Protect (PR);Data Security (PR.DS);;aws;;FAIL;Server Side Encryption is not configured with kms for S3 Bucket cloudguardian-data-c8f4e2a3.;arn:aws:s3:::cloudguardian-data-c8f4e2a3;s3_bucket_kms_encryption;False;cloudguardian-data-c8f4e2a3;NIST-CSF;National Institute of Standards and Technology (NIST) Cybersecurity Framework (CSF) v2.0;
aws;The NIST Cybersecurity Framework (CSF) 2.0 offers a taxonomy of high-level cybersecurity outcomes that can be used by any organization regardless of its size, sector, or maturity to better understand, assess, prioritize, and communicate its cybersecurity efforts. The framework's core functions are organized into six key areas: Govern (new), Identify, Protect, Detect, Respond, and Recover. Together, these functions provide a comprehensive lifecycle approach to managing cybersecurity risk.;735291151388;ap-south-1;2026-07-10 18:08:16.187152;ds_5;Protections against data leaks are implemented.;Protect (PR);Data Security (PR.DS);;aws;;FAIL;Server Side Encryption is not configured with kms for S3 Bucket cloudguardian-data-c8f4e2a3.;arn:aws:s3:::cloudguardian-data-c8f4e2a3;s3_bucket_kms_encryption;False;cloudguardian-data-c8f4e2a3;NIST-CSF;National Institute of Standards and Technology (NIST) Cybersecurity Framework (CSF) v2.0;
aws;The NIST Cybersecurity Framework (CSF) 2.0 offers a taxonomy of high-level cybersecurity outcomes that can be used by any organization regardless of its size, sector, or maturity to better understand, assess, prioritize, and communicate its cybersecurity efforts. The framework's core functions are organized into six key areas: Govern (new), Identify, Protect, Detect, Respond, and Recover. Together, these functions provide a comprehensive lifecycle approach to managing cybersecurity risk.;735291151388;ap-south-1;2026-07-10 18:08:16.187152;pt_4;Communications and control networks are protected.;Protect (PR);Protective Technology (PR.PT);;aws;;FAIL;Server Side Encryption is not configured with kms for S3 Bucket cloudguardian-data-c8f4e2a3.;arn:aws:s3:::cloudguardian-data-c8f4e2a3;s3_bucket_kms_encryption;False;cloudguardian-data-c8f4e2a3;NIST-CSF;National Institute of Standards and Technology (NIST) Cybersecurity Framework (CSF) v2.0;
aws;The NIST Cybersecurity Framework (CSF) 2.0 offers a taxonomy of high-level cybersecurity outcomes that can be used by any organization regardless of its size, sector, or maturity to better understand, assess, prioritize, and communicate its cybersecurity efforts. The framework's core functions are organized into six key areas: Govern (new), Identify, Protect, Detect, Respond, and Recover. Together, these functions provide a comprehensive lifecycle approach to managing cybersecurity risk.;735291151388;ap-south-1;2026-07-10 18:08:16.187152;ac_3;Remote access is managed.;Protect (PR);Identity Management and Access Control (PR.AC);;aws;;PASS;Block Public Access is configured for the S3 Bucket cloudguardian-data-c8f4e2a3.;arn:aws:s3:::cloudguardian-data-c8f4e2a3;s3_bucket_level_public_access_block;False;cloudguardian-data-c8f4e2a3;NIST-CSF;National Institute of Standards and Technology (NIST) Cybersecurity Framework (CSF) v2.0;
aws;The NIST Cybersecurity Framework (CSF) 2.0 offers a taxonomy of high-level cybersecurity outcomes that can be used by any organization regardless of its size, sector, or maturity to better understand, assess, prioritize, and communicate its cybersecurity efforts. The framework's core functions are organized into six key areas: Govern (new), Identify, Protect, Detect, Respond, and Recover. Together, these functions provide a comprehensive lifecycle approach to managing cybersecurity risk.;735291151388;ap-south-1;2026-07-10 18:08:16.187152;ds_3;Assets are formally managed throughout removal, transfers, and disposition.;Protect (PR);Data Security (PR.DS);;aws;;FAIL;S3 Bucket cloudguardian-data-c8f4e2a3 does not have a lifecycle configuration enabled.;arn:aws:s3:::cloudguardian-data-c8f4e2a3;s3_bucket_lifecycle_enabled;False;cloudguardian-data-c8f4e2a3;NIST-CSF;National Institute of Standards and Technology (NIST) Cybersecurity Framework (CSF) v2.0;
aws;The NIST Cybersecurity Framework (CSF) 2.0 offers a taxonomy of high-level cybersecurity outcomes that can be used by any organization regardless of its size, sector, or maturity to better understand, assess, prioritize, and communicate its cybersecurity efforts. The framework's core functions are organized into six key areas: Govern (new), Identify, Protect, Detect, Respond, and Recover. Together, these functions provide a comprehensive lifecycle approach to managing cybersecurity risk.;735291151388;ap-south-1;2026-07-10 18:08:16.187152;ds_4;Adequate capacity to ensure availability is maintained.;Protect (PR);Data Security (PR.DS);;aws;;FAIL;S3 Bucket cloudguardian-data-c8f4e2a3 does not have a lifecycle configuration enabled.;arn:aws:s3:::cloudguardian-data-c8f4e2a3;s3_bucket_lifecycle_enabled;False;cloudguardian-data-c8f4e2a3;NIST-CSF;National Institute of Standards and Technology (NIST) Cybersecurity Framework (CSF) v2.0;
aws;The NIST Cybersecurity Framework (CSF) 2.0 offers a taxonomy of high-level cybersecurity outcomes that can be used by any organization regardless of its size, sector, or maturity to better understand, assess, prioritize, and communicate its cybersecurity efforts. The framework's core functions are organized into six key areas: Govern (new), Identify, Protect, Detect, Respond, and Recover. Together, these functions provide a comprehensive lifecycle approach to managing cybersecurity risk.;735291151388;ap-south-1;2026-07-10 18:08:16.187152;ra_1;Asset vulnerabilities are identified and documented.;Identify (ID);Risk Assessment (ID.RA);;aws;;PASS;S3 Bucket cloudguardian-data-c8f4e2a3 is not public.;arn:aws:s3:::cloudguardian-data-c8f4e2a3;s3_bucket_public_access;False;cloudguardian-data-c8f4e2a3;NIST-CSF;National Institute of Standards and Technology (NIST) Cybersecurity Framework (CSF) v2.0;
aws;The NIST Cybersecurity Framework (CSF) 2.0 offers a taxonomy of high-level cybersecurity outcomes that can be used by any organization regardless of its size, sector, or maturity to better understand, assess, prioritize, and communicate its cybersecurity efforts. The framework's core functions are organized into six key areas: Govern (new), Identify, Protect, Detect, Respond, and Recover. Together, these functions provide a comprehensive lifecycle approach to managing cybersecurity risk.;735291151388;ap-south-1;2026-07-10 18:08:16.187152;ac_3;Remote access is managed.;Protect (PR);Identity Management and Access Control (PR.AC);;aws;;PASS;S3 Bucket cloudguardian-data-c8f4e2a3 is not public.;arn:aws:s3:::cloudguardian-data-c8f4e2a3;s3_bucket_public_access;False;cloudguardian-data-c8f4e2a3;NIST-CSF;National Institute of Standards and Technology (NIST) Cybersecurity Framework (CSF) v2.0;
aws;The NIST Cybersecurity Framework (CSF) 2.0 offers a taxonomy of high-level cybersecurity outcomes that can be used by any organization regardless of its size, sector, or maturity to better understand, assess, prioritize, and communicate its cybersecurity efforts. The framework's core functions are organized into six key areas: Govern (new), Identify, Protect, Detect, Respond, and Recover. Together, these functions provide a comprehensive lifecycle approach to managing cybersecurity risk.;735291151388;ap-south-1;2026-07-10 18:08:16.187152;ds_5;Protections against data leaks are implemented.;Protect (PR);Data Security (PR.DS);;aws;;PASS;S3 Bucket cloudguardian-data-c8f4e2a3 is not public.;arn:aws:s3:::cloudguardian-data-c8f4e2a3;s3_bucket_public_access;False;cloudguardian-data-c8f4e2a3;NIST-CSF;National Institute of Standards and Technology (NIST) Cybersecurity Framework (CSF) v2.0;
aws;The NIST Cybersecurity Framework (CSF) 2.0 offers a taxonomy of high-level cybersecurity outcomes that can be used by any organization regardless of its size, sector, or maturity to better understand, assess, prioritize, and communicate its cybersecurity efforts. The framework's core functions are organized into six key areas: Govern (new), Identify, Protect, Detect, Respond, and Recover. Together, these functions provide a comprehensive lifecycle approach to managing cybersecurity risk.;735291151388;ap-south-1;2026-07-10 18:08:16.187152;ip_1;A baseline configuration of information technology/industrial control systems is created and maintained incorporating security principles (e.g. concept of least functionality).;Protect (PR);Information Protection Processes and Procedures (PR.IP);;aws;;PASS;S3 Bucket cloudguardian-data-c8f4e2a3 is not public.;arn:aws:s3:::cloudguardian-data-c8f4e2a3;s3_bucket_public_access;False;cloudguardian-data-c8f4e2a3;NIST-CSF;National Institute of Standards and Technology (NIST) Cybersecurity Framework (CSF) v2.0;
aws;The NIST Cybersecurity Framework (CSF) 2.0 offers a taxonomy of high-level cybersecurity outcomes that can be used by any organization regardless of its size, sector, or maturity to better understand, assess, prioritize, and communicate its cybersecurity efforts. The framework's core functions are organized into six key areas: Govern (new), Identify, Protect, Detect, Respond, and Recover. Together, these functions provide a comprehensive lifecycle approach to managing cybersecurity risk.;735291151388;ap-south-1;2026-07-10 18:08:16.187152;ds_5;Protections against data leaks are implemented.;Protect (PR);Data Security (PR.DS);;aws;;PASS;S3 Bucket cloudguardian-data-c8f4e2a3 is not publicly listable.;arn:aws:s3:::cloudguardian-data-c8f4e2a3;s3_bucket_public_list_acl;False;cloudguardian-data-c8f4e2a3;NIST-CSF;National Institute of Standards and Technology (NIST) Cybersecurity Framework (CSF) v2.0;
aws;The NIST Cybersecurity Framework (CSF) 2.0 offers a taxonomy of high-level cybersecurity outcomes that can be used by any organization regardless of its size, sector, or maturity to better understand, assess, prioritize, and communicate its cybersecurity efforts. The framework's core functions are organized into six key areas: Govern (new), Identify, Protect, Detect, Respond, and Recover. Together, these functions provide a comprehensive lifecycle approach to managing cybersecurity risk.;735291151388;ap-south-1;2026-07-10 18:08:16.187152;ra_1;Asset vulnerabilities are identified and documented.;Identify (ID);Risk Assessment (ID.RA);;aws;;PASS;S3 Bucket cloudguardian-data-c8f4e2a3 is not publicly writable.;arn:aws:s3:::cloudguardian-data-c8f4e2a3;s3_bucket_public_write_acl;False;cloudguardian-data-c8f4e2a3;NIST-CSF;National Institute of Standards and Technology (NIST) Cybersecurity Framework (CSF) v2.0;
aws;The NIST Cybersecurity Framework (CSF) 2.0 offers a taxonomy of high-level cybersecurity outcomes that can be used by any organization regardless of its size, sector, or maturity to better understand, assess, prioritize, and communicate its cybersecurity efforts. The framework's core functions are organized into six key areas: Govern (new), Identify, Protect, Detect, Respond, and Recover. Together, these functions provide a comprehensive lifecycle approach to managing cybersecurity risk.;735291151388;ap-south-1;2026-07-10 18:08:16.187152;ds_5;Protections against data leaks are implemented.;Protect (PR);Data Security (PR.DS);;aws;;PASS;S3 Bucket cloudguardian-data-c8f4e2a3 is not publicly writable.;arn:aws:s3:::cloudguardian-data-c8f4e2a3;s3_bucket_public_write_acl;False;cloudguardian-data-c8f4e2a3;NIST-CSF;National Institute of Standards and Technology (NIST) Cybersecurity Framework (CSF) v2.0;
aws;The NIST Cybersecurity Framework (CSF) 2.0 offers a taxonomy of high-level cybersecurity outcomes that can be used by any organization regardless of its size, sector, or maturity to better understand, assess, prioritize, and communicate its cybersecurity efforts. The framework's core functions are organized into six key areas: Govern (new), Identify, Protect, Detect, Respond, and Recover. Together, these functions provide a comprehensive lifecycle approach to managing cybersecurity risk.;735291151388;ap-south-1;2026-07-10 18:08:16.187152;ds_2;Data-in-transit is protected.;Protect (PR);Data Security (PR.DS);;aws;;FAIL;S3 Bucket cloudguardian-data-c8f4e2a3 does not have a bucket policy, thus it allows HTTP requests.;arn:aws:s3:::cloudguardian-data-c8f4e2a3;s3_bucket_secure_transport_policy;False;cloudguardian-data-c8f4e2a3;NIST-CSF;National Institute of Standards and Technology (NIST) Cybersecurity Framework (CSF) v2.0;
aws;The NIST Cybersecurity Framework (CSF) 2.0 offers a taxonomy of high-level cybersecurity outcomes that can be used by any organization regardless of its size, sector, or maturity to better understand, assess, prioritize, and communicate its cybersecurity efforts. The framework's core functions are organized into six key areas: Govern (new), Identify, Protect, Detect, Respond, and Recover. Together, these functions provide a comprehensive lifecycle approach to managing cybersecurity risk.;735291151388;ap-south-1;2026-07-10 18:08:16.187152;pt_4;Communications and control networks are protected.;Protect (PR);Protective Technology (PR.PT);;aws;;FAIL;S3 Bucket cloudguardian-data-c8f4e2a3 does not have a bucket policy, thus it allows HTTP requests.;arn:aws:s3:::cloudguardian-data-c8f4e2a3;s3_bucket_secure_transport_policy;False;cloudguardian-data-c8f4e2a3;NIST-CSF;National Institute of Standards and Technology (NIST) Cybersecurity Framework (CSF) v2.0;
aws;The NIST Cybersecurity Framework (CSF) 2.0 offers a taxonomy of high-level cybersecurity outcomes that can be used by any organization regardless of its size, sector, or maturity to better understand, assess, prioritize, and communicate its cybersecurity efforts. The framework's core functions are organized into six key areas: Govern (new), Identify, Protect, Detect, Respond, and Recover. Together, these functions provide a comprehensive lifecycle approach to managing cybersecurity risk.;735291151388;ap-south-1;2026-07-10 18:08:16.187152;ip_9;Response plans (Incident Response and Business Continuity) and recovery plans (Incident Recovery and Disaster Recovery) are in place and managed.;Protect (PR);Information Protection Processes and Procedures (PR.IP);;aws;;FAIL;No SSM Incidents replication set exists.;arn:aws:ssm-incidents:ap-south-1:735291151388:replication-set;ssmincidents_enabled_with_plans;False;735291151388;NIST-CSF;National Institute of Standards and Technology (NIST) Cybersecurity Framework (CSF) v2.0;
aws;The NIST Cybersecurity Framework (CSF) 2.0 offers a taxonomy of high-level cybersecurity outcomes that can be used by any organization regardless of its size, sector, or maturity to better understand, assess, prioritize, and communicate its cybersecurity efforts. The framework's core functions are organized into six key areas: Govern (new), Identify, Protect, Detect, Respond, and Recover. Together, these functions provide a comprehensive lifecycle approach to managing cybersecurity risk.;735291151388;ap-south-1;2026-07-10 18:08:16.187152;rp_1;Response plan is executed during or after an incident.;Respond (RS);Response Planning (RS.RP);;aws;;FAIL;No SSM Incidents replication set exists.;arn:aws:ssm-incidents:ap-south-1:735291151388:replication-set;ssmincidents_enabled_with_plans;False;735291151388;NIST-CSF;National Institute of Standards and Technology (NIST) Cybersecurity Framework (CSF) v2.0;
aws;The NIST Cybersecurity Framework (CSF) 2.0 offers a taxonomy of high-level cybersecurity outcomes that can be used by any organization regardless of its size, sector, or maturity to better understand, assess, prioritize, and communicate its cybersecurity efforts. The framework's core functions are organized into six key areas: Govern (new), Identify, Protect, Detect, Respond, and Recover. Together, these functions provide a comprehensive lifecycle approach to managing cybersecurity risk.;735291151388;us-east-1;2026-07-10 18:08:16.187152;rm_1;Organizational cybersecurity risk management strategy is established, communicated, and maintained.;Govern (GV);Risk Management Strategy (GV.RM);;aws;;MANUAL;Amazon Web Services Premium Support Subscription is required to use this service.;arn:aws:trusted-advisor:us-east-1:735291151388:account;trustedadvisor_errors_and_warnings;False;735291151388;NIST-CSF;National Institute of Standards and Technology (NIST) Cybersecurity Framework (CSF) v2.0;
aws;The NIST Cybersecurity Framework (CSF) 2.0 offers a taxonomy of high-level cybersecurity outcomes that can be used by any organization regardless of its size, sector, or maturity to better understand, assess, prioritize, and communicate its cybersecurity efforts. The framework's core functions are organized into six key areas: Govern (new), Identify, Protect, Detect, Respond, and Recover. Together, these functions provide a comprehensive lifecycle approach to managing cybersecurity risk.;735291151388;us-east-1;2026-07-10 18:08:16.187152;po_3;Legal and regulatory requirements regarding cybersecurity, including privacy and civil liberties obligations, are understood and managed.;Govern (GV);Policies, Processes, and Procedures (GV.PO);;aws;;MANUAL;Amazon Web Services Premium Support Subscription is required to use this service.;arn:aws:trusted-advisor:us-east-1:735291151388:account;trustedadvisor_errors_and_warnings;False;735291151388;NIST-CSF;National Institute of Standards and Technology (NIST) Cybersecurity Framework (CSF) v2.0;
aws;The NIST Cybersecurity Framework (CSF) 2.0 offers a taxonomy of high-level cybersecurity outcomes that can be used by any organization regardless of its size, sector, or maturity to better understand, assess, prioritize, and communicate its cybersecurity efforts. The framework's core functions are organized into six key areas: Govern (new), Identify, Protect, Detect, Respond, and Recover. Together, these functions provide a comprehensive lifecycle approach to managing cybersecurity risk.;735291151388;us-east-1;2026-07-10 18:08:16.187152;po_4;Governance and risk management processes address cybersecurity risks.;Govern (GV);Policies, Processes, and Procedures (GV.PO);;aws;;MANUAL;Amazon Web Services Premium Support Subscription is required to use this service.;arn:aws:trusted-advisor:us-east-1:735291151388:account;trustedadvisor_errors_and_warnings;False;735291151388;NIST-CSF;National Institute of Standards and Technology (NIST) Cybersecurity Framework (CSF) v2.0;
aws;The NIST Cybersecurity Framework (CSF) 2.0 offers a taxonomy of high-level cybersecurity outcomes that can be used by any organization regardless of its size, sector, or maturity to better understand, assess, prioritize, and communicate its cybersecurity efforts. The framework's core functions are organized into six key areas: Govern (new), Identify, Protect, Detect, Respond, and Recover. Together, these functions provide a comprehensive lifecycle approach to managing cybersecurity risk.;735291151388;us-east-1;2026-07-10 18:08:16.187152;ov_2;Cybersecurity risk management performance is measured and reported.;Govern (GV);Oversight (GV.OV);;aws;;MANUAL;Amazon Web Services Premium Support Subscription is required to use this service.;arn:aws:trusted-advisor:us-east-1:735291151388:account;trustedadvisor_errors_and_warnings;False;735291151388;NIST-CSF;National Institute of Standards and Technology (NIST) Cybersecurity Framework (CSF) v2.0;
aws;The NIST Cybersecurity Framework (CSF) 2.0 offers a taxonomy of high-level cybersecurity outcomes that can be used by any organization regardless of its size, sector, or maturity to better understand, assess, prioritize, and communicate its cybersecurity efforts. The framework's core functions are organized into six key areas: Govern (new), Identify, Protect, Detect, Respond, and Recover. Together, these functions provide a comprehensive lifecycle approach to managing cybersecurity risk.;735291151388;us-east-1;2026-07-10 18:08:16.187152;ov_3;Cybersecurity risk management strategy and practices are reviewed and adjusted to adapt to changes in the threat landscape, technologies, or mission, business, or system environments.;Govern (GV);Oversight (GV.OV);;aws;;MANUAL;Amazon Web Services Premium Support Subscription is required to use this service.;arn:aws:trusted-advisor:us-east-1:735291151388:account;trustedadvisor_errors_and_warnings;False;735291151388;NIST-CSF;National Institute of Standards and Technology (NIST) Cybersecurity Framework (CSF) v2.0;
aws;The NIST Cybersecurity Framework (CSF) 2.0 offers a taxonomy of high-level cybersecurity outcomes that can be used by any organization regardless of its size, sector, or maturity to better understand, assess, prioritize, and communicate its cybersecurity efforts. The framework's core functions are organized into six key areas: Govern (new), Identify, Protect, Detect, Respond, and Recover. Together, these functions provide a comprehensive lifecycle approach to managing cybersecurity risk.;735291151388;us-east-1;2026-07-10 18:08:16.187152;rm_1;Organizational cybersecurity risk management strategy is established, communicated, and maintained.;Govern (GV);Risk Management Strategy (GV.RM);;aws;;FAIL;Amazon Web Services Premium Support Plan isn't subscribed.;arn:aws:trusted-advisor:us-east-1:735291151388:account;trustedadvisor_premium_support_plan_subscribed;False;735291151388;NIST-CSF;National Institute of Standards and Technology (NIST) Cybersecurity Framework (CSF) v2.0;
aws;The NIST Cybersecurity Framework (CSF) 2.0 offers a taxonomy of high-level cybersecurity outcomes that can be used by any organization regardless of its size, sector, or maturity to better understand, assess, prioritize, and communicate its cybersecurity efforts. The framework's core functions are organized into six key areas: Govern (new), Identify, Protect, Detect, Respond, and Recover. Together, these functions provide a comprehensive lifecycle approach to managing cybersecurity risk.;735291151388;us-east-1;2026-07-10 18:08:16.187152;po_3;Legal and regulatory requirements regarding cybersecurity, including privacy and civil liberties obligations, are understood and managed.;Govern (GV);Policies, Processes, and Procedures (GV.PO);;aws;;FAIL;Amazon Web Services Premium Support Plan isn't subscribed.;arn:aws:trusted-advisor:us-east-1:735291151388:account;trustedadvisor_premium_support_plan_subscribed;False;735291151388;NIST-CSF;National Institute of Standards and Technology (NIST) Cybersecurity Framework (CSF) v2.0;
aws;The NIST Cybersecurity Framework (CSF) 2.0 offers a taxonomy of high-level cybersecurity outcomes that can be used by any organization regardless of its size, sector, or maturity to better understand, assess, prioritize, and communicate its cybersecurity efforts. The framework's core functions are organized into six key areas: Govern (new), Identify, Protect, Detect, Respond, and Recover. Together, these functions provide a comprehensive lifecycle approach to managing cybersecurity risk.;735291151388;us-east-1;2026-07-10 18:08:16.187152;po_4;Governance and risk management processes address cybersecurity risks.;Govern (GV);Policies, Processes, and Procedures (GV.PO);;aws;;FAIL;Amazon Web Services Premium Support Plan isn't subscribed.;arn:aws:trusted-advisor:us-east-1:735291151388:account;trustedadvisor_premium_support_plan_subscribed;False;735291151388;NIST-CSF;National Institute of Standards and Technology (NIST) Cybersecurity Framework (CSF) v2.0;
aws;The NIST Cybersecurity Framework (CSF) 2.0 offers a taxonomy of high-level cybersecurity outcomes that can be used by any organization regardless of its size, sector, or maturity to better understand, assess, prioritize, and communicate its cybersecurity efforts. The framework's core functions are organized into six key areas: Govern (new), Identify, Protect, Detect, Respond, and Recover. Together, these functions provide a comprehensive lifecycle approach to managing cybersecurity risk.;735291151388;us-east-1;2026-07-10 18:08:16.187152;ov_3;Cybersecurity risk management strategy and practices are reviewed and adjusted to adapt to changes in the threat landscape, technologies, or mission, business, or system environments.;Govern (GV);Oversight (GV.OV);;aws;;FAIL;Amazon Web Services Premium Support Plan isn't subscribed.;arn:aws:trusted-advisor:us-east-1:735291151388:account;trustedadvisor_premium_support_plan_subscribed;False;735291151388;NIST-CSF;National Institute of Standards and Technology (NIST) Cybersecurity Framework (CSF) v2.0;
aws;The NIST Cybersecurity Framework (CSF) 2.0 offers a taxonomy of high-level cybersecurity outcomes that can be used by any organization regardless of its size, sector, or maturity to better understand, assess, prioritize, and communicate its cybersecurity efforts. The framework's core functions are organized into six key areas: Govern (new), Identify, Protect, Detect, Respond, and Recover. Together, these functions provide a comprehensive lifecycle approach to managing cybersecurity risk.;735291151388;ap-south-1;2026-07-10 18:08:16.187152;ra_5;Threats, vulnerabilities, likelihoods, and impacts are used to determine risk.;Identify (ID);Risk Assessment (ID.RA);;aws;;FAIL;VPC vpc-056acc9b951114346 has no EC2 endpoint.;arn:aws:ec2:ap-south-1:735291151388:vpc/vpc-056acc9b951114346;vpc_endpoint_for_ec2_enabled;False;vpc-056acc9b951114346;NIST-CSF;National Institute of Standards and Technology (NIST) Cybersecurity Framework (CSF) v2.0;
aws;The NIST Cybersecurity Framework (CSF) 2.0 offers a taxonomy of high-level cybersecurity outcomes that can be used by any organization regardless of its size, sector, or maturity to better understand, assess, prioritize, and communicate its cybersecurity efforts. The framework's core functions are organized into six key areas: Govern (new), Identify, Protect, Detect, Respond, and Recover. Together, these functions provide a comprehensive lifecycle approach to managing cybersecurity risk.;735291151388;ap-south-1;2026-07-10 18:08:16.187152;ae_1;A baseline of network operations and expected data flows for users and systems is established and managed.;Detect (DE);Anomalies and Events (DE.AE);;aws;;FAIL;VPC vpc-056acc9b951114346 has no EC2 endpoint.;arn:aws:ec2:ap-south-1:735291151388:vpc/vpc-056acc9b951114346;vpc_endpoint_for_ec2_enabled;False;vpc-056acc9b951114346;NIST-CSF;National Institute of Standards and Technology (NIST) Cybersecurity Framework (CSF) v2.0;
aws;The NIST Cybersecurity Framework (CSF) 2.0 offers a taxonomy of high-level cybersecurity outcomes that can be used by any organization regardless of its size, sector, or maturity to better understand, assess, prioritize, and communicate its cybersecurity efforts. The framework's core functions are organized into six key areas: Govern (new), Identify, Protect, Detect, Respond, and Recover. Together, these functions provide a comprehensive lifecycle approach to managing cybersecurity risk.;735291151388;ap-south-1;2026-07-10 18:08:16.187152;po_4;Governance and risk management processes address cybersecurity risks.;Govern (GV);Policies, Processes, and Procedures (GV.PO);;aws;;FAIL;VPC cloudguardian-vpc Flow logs are disabled.;arn:aws:ec2:ap-south-1:735291151388:vpc/vpc-056acc9b951114346;vpc_flow_logs_enabled;False;vpc-056acc9b951114346;NIST-CSF;National Institute of Standards and Technology (NIST) Cybersecurity Framework (CSF) v2.0;
aws;The NIST Cybersecurity Framework (CSF) 2.0 offers a taxonomy of high-level cybersecurity outcomes that can be used by any organization regardless of its size, sector, or maturity to better understand, assess, prioritize, and communicate its cybersecurity efforts. The framework's core functions are organized into six key areas: Govern (new), Identify, Protect, Detect, Respond, and Recover. Together, these functions provide a comprehensive lifecycle approach to managing cybersecurity risk.;735291151388;ap-south-1;2026-07-10 18:08:16.187152;pt_1;Audit/log records are determined, documented, implemented, and reviewed in accordance with policy.;Protect (PR);Protective Technology (PR.PT);;aws;;FAIL;VPC cloudguardian-vpc Flow logs are disabled.;arn:aws:ec2:ap-south-1:735291151388:vpc/vpc-056acc9b951114346;vpc_flow_logs_enabled;False;vpc-056acc9b951114346;NIST-CSF;National Institute of Standards and Technology (NIST) Cybersecurity Framework (CSF) v2.0;
aws;The NIST Cybersecurity Framework (CSF) 2.0 offers a taxonomy of high-level cybersecurity outcomes that can be used by any organization regardless of its size, sector, or maturity to better understand, assess, prioritize, and communicate its cybersecurity efforts. The framework's core functions are organized into six key areas: Govern (new), Identify, Protect, Detect, Respond, and Recover. Together, these functions provide a comprehensive lifecycle approach to managing cybersecurity risk.;735291151388;ap-south-1;2026-07-10 18:08:16.187152;pt_4;Communications and control networks are protected.;Protect (PR);Protective Technology (PR.PT);;aws;;FAIL;VPC cloudguardian-vpc Flow logs are disabled.;arn:aws:ec2:ap-south-1:735291151388:vpc/vpc-056acc9b951114346;vpc_flow_logs_enabled;False;vpc-056acc9b951114346;NIST-CSF;National Institute of Standards and Technology (NIST) Cybersecurity Framework (CSF) v2.0;
aws;The NIST Cybersecurity Framework (CSF) 2.0 offers a taxonomy of high-level cybersecurity outcomes that can be used by any organization regardless of its size, sector, or maturity to better understand, assess, prioritize, and communicate its cybersecurity efforts. The framework's core functions are organized into six key areas: Govern (new), Identify, Protect, Detect, Respond, and Recover. Together, these functions provide a comprehensive lifecycle approach to managing cybersecurity risk.;735291151388;ap-south-1;2026-07-10 18:08:16.187152;ae_1;A baseline of network operations and expected data flows for users and systems is established and managed.;Detect (DE);Anomalies and Events (DE.AE);;aws;;FAIL;VPC cloudguardian-vpc Flow logs are disabled.;arn:aws:ec2:ap-south-1:735291151388:vpc/vpc-056acc9b951114346;vpc_flow_logs_enabled;False;vpc-056acc9b951114346;NIST-CSF;National Institute of Standards and Technology (NIST) Cybersecurity Framework (CSF) v2.0;
aws;The NIST Cybersecurity Framework (CSF) 2.0 offers a taxonomy of high-level cybersecurity outcomes that can be used by any organization regardless of its size, sector, or maturity to better understand, assess, prioritize, and communicate its cybersecurity efforts. The framework's core functions are organized into six key areas: Govern (new), Identify, Protect, Detect, Respond, and Recover. Together, these functions provide a comprehensive lifecycle approach to managing cybersecurity risk.;735291151388;ap-south-1;2026-07-10 18:08:16.187152;cm_1;The network is monitored to detect potential cybersecurity events.;Detect (DE);Security Continuous Monitoring (DE.CM);;aws;;FAIL;VPC cloudguardian-vpc Flow logs are disabled.;arn:aws:ec2:ap-south-1:735291151388:vpc/vpc-056acc9b951114346;vpc_flow_logs_enabled;False;vpc-056acc9b951114346;NIST-CSF;National Institute of Standards and Technology (NIST) Cybersecurity Framework (CSF) v2.0;
aws;The NIST Cybersecurity Framework (CSF) 2.0 offers a taxonomy of high-level cybersecurity outcomes that can be used by any organization regardless of its size, sector, or maturity to better understand, assess, prioritize, and communicate its cybersecurity efforts. The framework's core functions are organized into six key areas: Govern (new), Identify, Protect, Detect, Respond, and Recover. Together, these functions provide a comprehensive lifecycle approach to managing cybersecurity risk.;735291151388;ap-south-1;2026-07-10 18:08:16.187152;be_5;Resilience requirements to support delivery of critical services are established for all operating states (e.g. under duress/attack, during recovery, normal operations);Identify (ID);Business Environment (ID.BE);;aws;;PASS;VPC cloudguardian-vpc has subnets in more than one availability zone.;arn:aws:ec2:ap-south-1:735291151388:vpc/vpc-056acc9b951114346;vpc_subnet_different_az;False;vpc-056acc9b951114346;NIST-CSF;National Institute of Standards and Technology (NIST) Cybersecurity Framework (CSF) v2.0;
aws;The NIST Cybersecurity Framework (CSF) 2.0 offers a taxonomy of high-level cybersecurity outcomes that can be used by any organization regardless of its size, sector, or maturity to better understand, assess, prioritize, and communicate its cybersecurity efforts. The framework's core functions are organized into six key areas: Govern (new), Identify, Protect, Detect, Respond, and Recover. Together, these functions provide a comprehensive lifecycle approach to managing cybersecurity risk.;735291151388;ap-south-1;2026-07-10 18:08:16.187152;ac_5;Network integrity is protected (e.g., network segregation, network segmentation).;Protect (PR);Identity Management and Access Control (PR.AC);;aws;;PASS;VPC cloudguardian-vpc has subnets in more than one availability zone.;arn:aws:ec2:ap-south-1:735291151388:vpc/vpc-056acc9b951114346;vpc_subnet_different_az;False;vpc-056acc9b951114346;NIST-CSF;National Institute of Standards and Technology (NIST) Cybersecurity Framework (CSF) v2.0;
aws;The NIST Cybersecurity Framework (CSF) 2.0 offers a taxonomy of high-level cybersecurity outcomes that can be used by any organization regardless of its size, sector, or maturity to better understand, assess, prioritize, and communicate its cybersecurity efforts. The framework's core functions are organized into six key areas: Govern (new), Identify, Protect, Detect, Respond, and Recover. Together, these functions provide a comprehensive lifecycle approach to managing cybersecurity risk.;735291151388;ap-south-1;2026-07-10 18:08:16.187152;be_5;Resilience requirements to support delivery of critical services are established for all operating states (e.g. under duress/attack, during recovery, normal operations);Identify (ID);Business Environment (ID.BE);;aws;;FAIL;VPC subnet cloudguardian-public assigns public IP by default.;arn:aws:ec2:ap-south-1:735291151388:subnet/subnet-014929246c544396c;vpc_subnet_no_public_ip_by_default;False;subnet-014929246c544396c;NIST-CSF;National Institute of Standards and Technology (NIST) Cybersecurity Framework (CSF) v2.0;
aws;The NIST Cybersecurity Framework (CSF) 2.0 offers a taxonomy of high-level cybersecurity outcomes that can be used by any organization regardless of its size, sector, or maturity to better understand, assess, prioritize, and communicate its cybersecurity efforts. The framework's core functions are organized into six key areas: Govern (new), Identify, Protect, Detect, Respond, and Recover. Together, these functions provide a comprehensive lifecycle approach to managing cybersecurity risk.;735291151388;ap-south-1;2026-07-10 18:08:16.187152;be_5;Resilience requirements to support delivery of critical services are established for all operating states (e.g. under duress/attack, during recovery, normal operations);Identify (ID);Business Environment (ID.BE);;aws;;PASS;VPC subnet cloudguardian-private does NOT assign public IP by default.;arn:aws:ec2:ap-south-1:735291151388:subnet/subnet-06415df4407c53071;vpc_subnet_no_public_ip_by_default;False;subnet-06415df4407c53071;NIST-CSF;National Institute of Standards and Technology (NIST) Cybersecurity Framework (CSF) v2.0;
aws;The NIST Cybersecurity Framework (CSF) 2.0 offers a taxonomy of high-level cybersecurity outcomes that can be used by any organization regardless of its size, sector, or maturity to better understand, assess, prioritize, and communicate its cybersecurity efforts. The framework's core functions are organized into six key areas: Govern (new), Identify, Protect, Detect, Respond, and Recover. Together, these functions provide a comprehensive lifecycle approach to managing cybersecurity risk.;735291151388;ap-south-1;2026-07-10 18:08:16.187152;be_5;Resilience requirements to support delivery of critical services are established for all operating states (e.g. under duress/attack, during recovery, normal operations);Identify (ID);Business Environment (ID.BE);;aws;;FAIL;VPC cloudguardian-vpc has only public subnets.;arn:aws:ec2:ap-south-1:735291151388:vpc/vpc-056acc9b951114346;vpc_subnet_separate_private_public;False;vpc-056acc9b951114346;NIST-CSF;National Institute of Standards and Technology (NIST) Cybersecurity Framework (CSF) v2.0;
aws;The NIST Cybersecurity Framework (CSF) 2.0 offers a taxonomy of high-level cybersecurity outcomes that can be used by any organization regardless of its size, sector, or maturity to better understand, assess, prioritize, and communicate its cybersecurity efforts. The framework's core functions are organized into six key areas: Govern (new), Identify, Protect, Detect, Respond, and Recover. Together, these functions provide a comprehensive lifecycle approach to managing cybersecurity risk.;735291151388;ap-south-1;2026-07-10 18:08:16.187152;ac_5;Network integrity is protected (e.g., network segregation, network segmentation).;Protect (PR);Identity Management and Access Control (PR.AC);;aws;;FAIL;VPC cloudguardian-vpc has only public subnets.;arn:aws:ec2:ap-south-1:735291151388:vpc/vpc-056acc9b951114346;vpc_subnet_separate_private_public;False;vpc-056acc9b951114346;NIST-CSF;National Institute of Standards and Technology (NIST) Cybersecurity Framework (CSF) v2.0;
aws;The NIST Cybersecurity Framework (CSF) 2.0 offers a taxonomy of high-level cybersecurity outcomes that can be used by any organization regardless of its size, sector, or maturity to better understand, assess, prioritize, and communicate its cybersecurity efforts. The framework's core functions are organized into six key areas: Govern (new), Identify, Protect, Detect, Respond, and Recover. Together, these functions provide a comprehensive lifecycle approach to managing cybersecurity risk.;;;2026-07-10 18:08:16.187152;oc_1;The organization's role in the supply chain is identified and communicated.;Govern (GV);Organizational Context (GV.OC);;aws;;MANUAL;Manual check;manual_check;manual;False;Manual check;NIST-CSF;National Institute of Standards and Technology (NIST) Cybersecurity Framework (CSF) v2.0;
aws;The NIST Cybersecurity Framework (CSF) 2.0 offers a taxonomy of high-level cybersecurity outcomes that can be used by any organization regardless of its size, sector, or maturity to better understand, assess, prioritize, and communicate its cybersecurity efforts. The framework's core functions are organized into six key areas: Govern (new), Identify, Protect, Detect, Respond, and Recover. Together, these functions provide a comprehensive lifecycle approach to managing cybersecurity risk.;;;2026-07-10 18:08:16.187152;oc_2;Legal, regulatory, and contractual requirements regarding cybersecurity including privacy and civil liberties obligations are understood and managed.;Govern (GV);Organizational Context (GV.OC);;aws;;MANUAL;Manual check;manual_check;manual;False;Manual check;NIST-CSF;National Institute of Standards and Technology (NIST) Cybersecurity Framework (CSF) v2.0;
aws;The NIST Cybersecurity Framework (CSF) 2.0 offers a taxonomy of high-level cybersecurity outcomes that can be used by any organization regardless of its size, sector, or maturity to better understand, assess, prioritize, and communicate its cybersecurity efforts. The framework's core functions are organized into six key areas: Govern (new), Identify, Protect, Detect, Respond, and Recover. Together, these functions provide a comprehensive lifecycle approach to managing cybersecurity risk.;;;2026-07-10 18:08:16.187152;oc_3;The organization's place in critical infrastructure and its industry sector is identified and communicated.;Govern (GV);Organizational Context (GV.OC);;aws;;MANUAL;Manual check;manual_check;manual;False;Manual check;NIST-CSF;National Institute of Standards and Technology (NIST) Cybersecurity Framework (CSF) v2.0;
aws;The NIST Cybersecurity Framework (CSF) 2.0 offers a taxonomy of high-level cybersecurity outcomes that can be used by any organization regardless of its size, sector, or maturity to better understand, assess, prioritize, and communicate its cybersecurity efforts. The framework's core functions are organized into six key areas: Govern (new), Identify, Protect, Detect, Respond, and Recover. Together, these functions provide a comprehensive lifecycle approach to managing cybersecurity risk.;;;2026-07-10 18:08:16.187152;rm_2;Organizational risk tolerance is determined and clearly expressed.;Govern (GV);Risk Management Strategy (GV.RM);;aws;;MANUAL;Manual check;manual_check;manual;False;Manual check;NIST-CSF;National Institute of Standards and Technology (NIST) Cybersecurity Framework (CSF) v2.0;
aws;The NIST Cybersecurity Framework (CSF) 2.0 offers a taxonomy of high-level cybersecurity outcomes that can be used by any organization regardless of its size, sector, or maturity to better understand, assess, prioritize, and communicate its cybersecurity efforts. The framework's core functions are organized into six key areas: Govern (new), Identify, Protect, Detect, Respond, and Recover. Together, these functions provide a comprehensive lifecycle approach to managing cybersecurity risk.;;;2026-07-10 18:08:16.187152;rm_3;The organization's determination of risk tolerance is informed by its role in critical infrastructure, sector-specific risk analysis, or organizational risk analysis.;Govern (GV);Risk Management Strategy (GV.RM);;aws;;MANUAL;Manual check;manual_check;manual;False;Manual check;NIST-CSF;National Institute of Standards and Technology (NIST) Cybersecurity Framework (CSF) v2.0;
aws;The NIST Cybersecurity Framework (CSF) 2.0 offers a taxonomy of high-level cybersecurity outcomes that can be used by any organization regardless of its size, sector, or maturity to better understand, assess, prioritize, and communicate its cybersecurity efforts. The framework's core functions are organized into six key areas: Govern (new), Identify, Protect, Detect, Respond, and Recover. Together, these functions provide a comprehensive lifecycle approach to managing cybersecurity risk.;;;2026-07-10 18:08:16.187152;sc_4;Supply chain risk management processes are continuously improved.;Govern (GV);Cybersecurity Supply Chain Risk Management (GV.SC);;aws;;MANUAL;Manual check;manual_check;manual;False;Manual check;NIST-CSF;National Institute of Standards and Technology (NIST) Cybersecurity Framework (CSF) v2.0;
aws;The NIST Cybersecurity Framework (CSF) 2.0 offers a taxonomy of high-level cybersecurity outcomes that can be used by any organization regardless of its size, sector, or maturity to better understand, assess, prioritize, and communicate its cybersecurity efforts. The framework's core functions are organized into six key areas: Govern (new), Identify, Protect, Detect, Respond, and Recover. Together, these functions provide a comprehensive lifecycle approach to managing cybersecurity risk.;;;2026-07-10 18:08:16.187152;rr_3;Senior executives are accountable for cybersecurity risk.;Govern (GV);Roles, Responsibilities, and Authorities (GV.RR);;aws;;MANUAL;Manual check;manual_check;manual;False;Manual check;NIST-CSF;National Institute of Standards and Technology (NIST) Cybersecurity Framework (CSF) v2.0;
aws;The NIST Cybersecurity Framework (CSF) 2.0 offers a taxonomy of high-level cybersecurity outcomes that can be used by any organization regardless of its size, sector, or maturity to better understand, assess, prioritize, and communicate its cybersecurity efforts. The framework's core functions are organized into six key areas: Govern (new), Identify, Protect, Detect, Respond, and Recover. Together, these functions provide a comprehensive lifecycle approach to managing cybersecurity risk.;;;2026-07-10 18:08:16.187152;po_2;Cybersecurity policy is updated as needed to reflect changes in organizational priorities, threat landscape, or technology.;Govern (GV);Policies, Processes, and Procedures (GV.PO);;aws;;MANUAL;Manual check;manual_check;manual;False;Manual check;NIST-CSF;National Institute of Standards and Technology (NIST) Cybersecurity Framework (CSF) v2.0;
aws;The NIST Cybersecurity Framework (CSF) 2.0 offers a taxonomy of high-level cybersecurity outcomes that can be used by any organization regardless of its size, sector, or maturity to better understand, assess, prioritize, and communicate its cybersecurity efforts. The framework's core functions are organized into six key areas: Govern (new), Identify, Protect, Detect, Respond, and Recover. Together, these functions provide a comprehensive lifecycle approach to managing cybersecurity risk.;;;2026-07-10 18:08:16.187152;ov_1;Cybersecurity risk management strategy outcomes are reviewed to inform and adjust organizational priorities.;Govern (GV);Oversight (GV.OV);;aws;;MANUAL;Manual check;manual_check;manual;False;Manual check;NIST-CSF;National Institute of Standards and Technology (NIST) Cybersecurity Framework (CSF) v2.0;
aws;The NIST Cybersecurity Framework (CSF) 2.0 offers a taxonomy of high-level cybersecurity outcomes that can be used by any organization regardless of its size, sector, or maturity to better understand, assess, prioritize, and communicate its cybersecurity efforts. The framework's core functions are organized into six key areas: Govern (new), Identify, Protect, Detect, Respond, and Recover. Together, these functions provide a comprehensive lifecycle approach to managing cybersecurity risk.;;;2026-07-10 18:08:16.187152;ov_4;Cybersecurity risk management processes are reviewed to ensure they meet legal and regulatory requirements.;Govern (GV);Oversight (GV.OV);;aws;;MANUAL;Manual check;manual_check;manual;False;Manual check;NIST-CSF;National Institute of Standards and Technology (NIST) Cybersecurity Framework (CSF) v2.0;
aws;The NIST Cybersecurity Framework (CSF) 2.0 offers a taxonomy of high-level cybersecurity outcomes that can be used by any organization regardless of its size, sector, or maturity to better understand, assess, prioritize, and communicate its cybersecurity efforts. The framework's core functions are organized into six key areas: Govern (new), Identify, Protect, Detect, Respond, and Recover. Together, these functions provide a comprehensive lifecycle approach to managing cybersecurity risk.;;;2026-07-10 18:08:16.187152;am_1;Physical devices and systems within the organization are inventoried.;Identify (ID);Asset Management (ID.AM);;aws;;MANUAL;Manual check;manual_check;manual;False;Manual check;NIST-CSF;National Institute of Standards and Technology (NIST) Cybersecurity Framework (CSF) v2.0;
aws;The NIST Cybersecurity Framework (CSF) 2.0 offers a taxonomy of high-level cybersecurity outcomes that can be used by any organization regardless of its size, sector, or maturity to better understand, assess, prioritize, and communicate its cybersecurity efforts. The framework's core functions are organized into six key areas: Govern (new), Identify, Protect, Detect, Respond, and Recover. Together, these functions provide a comprehensive lifecycle approach to managing cybersecurity risk.;;;2026-07-10 18:08:16.187152;am_2;Software platforms and applications within the organization are inventoried.;Identify (ID);Asset Management (ID.AM);;aws;;MANUAL;Manual check;manual_check;manual;False;Manual check;NIST-CSF;National Institute of Standards and Technology (NIST) Cybersecurity Framework (CSF) v2.0;
aws;The NIST Cybersecurity Framework (CSF) 2.0 offers a taxonomy of high-level cybersecurity outcomes that can be used by any organization regardless of its size, sector, or maturity to better understand, assess, prioritize, and communicate its cybersecurity efforts. The framework's core functions are organized into six key areas: Govern (new), Identify, Protect, Detect, Respond, and Recover. Together, these functions provide a comprehensive lifecycle approach to managing cybersecurity risk.;;;2026-07-10 18:08:16.187152;am_3;Organizational communication and data flows are mapped.;Identify (ID);Asset Management (ID.AM);;aws;;MANUAL;Manual check;manual_check;manual;False;Manual check;NIST-CSF;National Institute of Standards and Technology (NIST) Cybersecurity Framework (CSF) v2.0;
aws;The NIST Cybersecurity Framework (CSF) 2.0 offers a taxonomy of high-level cybersecurity outcomes that can be used by any organization regardless of its size, sector, or maturity to better understand, assess, prioritize, and communicate its cybersecurity efforts. The framework's core functions are organized into six key areas: Govern (new), Identify, Protect, Detect, Respond, and Recover. Together, these functions provide a comprehensive lifecycle approach to managing cybersecurity risk.;;;2026-07-10 18:08:16.187152;am_5;Resources (e.g., hardware, devices, data, time, personnel, and software) are prioritized based on their classification, criticality, and business value.;Identify (ID);Asset Management (ID.AM);;aws;;MANUAL;Manual check;manual_check;manual;False;Manual check;NIST-CSF;National Institute of Standards and Technology (NIST) Cybersecurity Framework (CSF) v2.0;
aws;The NIST Cybersecurity Framework (CSF) 2.0 offers a taxonomy of high-level cybersecurity outcomes that can be used by any organization regardless of its size, sector, or maturity to better understand, assess, prioritize, and communicate its cybersecurity efforts. The framework's core functions are organized into six key areas: Govern (new), Identify, Protect, Detect, Respond, and Recover. Together, these functions provide a comprehensive lifecycle approach to managing cybersecurity risk.;;;2026-07-10 18:08:16.187152;ra_2;Cyber threat intelligence is received from information sharing forums and sources.;Identify (ID);Risk Assessment (ID.RA);;aws;;MANUAL;Manual check;manual_check;manual;False;Manual check;NIST-CSF;National Institute of Standards and Technology (NIST) Cybersecurity Framework (CSF) v2.0;
aws;The NIST Cybersecurity Framework (CSF) 2.0 offers a taxonomy of high-level cybersecurity outcomes that can be used by any organization regardless of its size, sector, or maturity to better understand, assess, prioritize, and communicate its cybersecurity efforts. The framework's core functions are organized into six key areas: Govern (new), Identify, Protect, Detect, Respond, and Recover. Together, these functions provide a comprehensive lifecycle approach to managing cybersecurity risk.;;;2026-07-10 18:08:16.187152;id_sc_4;Suppliers and third-party partners are routinely assessed using audits, test results, or other forms of evaluations to confirm they are meeting their contractual obligations.;Identify (ID);Supply Chain Risk Management (ID.SC);;aws;;MANUAL;Manual check;manual_check;manual;False;Manual check;NIST-CSF;National Institute of Standards and Technology (NIST) Cybersecurity Framework (CSF) v2.0;
aws;The NIST Cybersecurity Framework (CSF) 2.0 offers a taxonomy of high-level cybersecurity outcomes that can be used by any organization regardless of its size, sector, or maturity to better understand, assess, prioritize, and communicate its cybersecurity efforts. The framework's core functions are organized into six key areas: Govern (new), Identify, Protect, Detect, Respond, and Recover. Together, these functions provide a comprehensive lifecycle approach to managing cybersecurity risk.;;;2026-07-10 18:08:16.187152;ds_7;The development and testing environment(s) are separate from the production environment.;Protect (PR);Data Security (PR.DS);;aws;;MANUAL;Manual check;manual_check;manual;False;Manual check;NIST-CSF;National Institute of Standards and Technology (NIST) Cybersecurity Framework (CSF) v2.0;
aws;The NIST Cybersecurity Framework (CSF) 2.0 offers a taxonomy of high-level cybersecurity outcomes that can be used by any organization regardless of its size, sector, or maturity to better understand, assess, prioritize, and communicate its cybersecurity efforts. The framework's core functions are organized into six key areas: Govern (new), Identify, Protect, Detect, Respond, and Recover. Together, these functions provide a comprehensive lifecycle approach to managing cybersecurity risk.;;;2026-07-10 18:08:16.187152;ds_8;Integrity checking mechanisms are used to verify hardware integrity.;Protect (PR);Data Security (PR.DS);;aws;;MANUAL;Manual check;manual_check;manual;False;Manual check;NIST-CSF;National Institute of Standards and Technology (NIST) Cybersecurity Framework (CSF) v2.0;
aws;The NIST Cybersecurity Framework (CSF) 2.0 offers a taxonomy of high-level cybersecurity outcomes that can be used by any organization regardless of its size, sector, or maturity to better understand, assess, prioritize, and communicate its cybersecurity efforts. The framework's core functions are organized into six key areas: Govern (new), Identify, Protect, Detect, Respond, and Recover. Together, these functions provide a comprehensive lifecycle approach to managing cybersecurity risk.;;;2026-07-10 18:08:16.187152;ip_3;Configuration change control processes are in place.;Protect (PR);Information Protection Processes and Procedures (PR.IP);;elb;;MANUAL;Manual check;manual_check;manual;False;Manual check;NIST-CSF;National Institute of Standards and Technology (NIST) Cybersecurity Framework (CSF) v2.0;
aws;The NIST Cybersecurity Framework (CSF) 2.0 offers a taxonomy of high-level cybersecurity outcomes that can be used by any organization regardless of its size, sector, or maturity to better understand, assess, prioritize, and communicate its cybersecurity efforts. The framework's core functions are organized into six key areas: Govern (new), Identify, Protect, Detect, Respond, and Recover. Together, these functions provide a comprehensive lifecycle approach to managing cybersecurity risk.;;;2026-07-10 18:08:16.187152;ma_2;Remote maintenance of organizational assets is approved, logged, and performed in a manner that prevents unauthorized access.;Protect (PR);Maintenance (PR.MA);;cloudtrail;;MANUAL;Manual check;manual_check;manual;False;Manual check;NIST-CSF;National Institute of Standards and Technology (NIST) Cybersecurity Framework (CSF) v2.0;
aws;The NIST Cybersecurity Framework (CSF) 2.0 offers a taxonomy of high-level cybersecurity outcomes that can be used by any organization regardless of its size, sector, or maturity to better understand, assess, prioritize, and communicate its cybersecurity efforts. The framework's core functions are organized into six key areas: Govern (new), Identify, Protect, Detect, Respond, and Recover. Together, these functions provide a comprehensive lifecycle approach to managing cybersecurity risk.;;;2026-07-10 18:08:16.187152;pt_3;The principle of least functionality is incorporated by configuring systems to provide only essential capabilities.;Protect (PR);Protective Technology (PR.PT);;aws;;MANUAL;Manual check;manual_check;manual;False;Manual check;NIST-CSF;National Institute of Standards and Technology (NIST) Cybersecurity Framework (CSF) v2.0;
aws;The NIST Cybersecurity Framework (CSF) 2.0 offers a taxonomy of high-level cybersecurity outcomes that can be used by any organization regardless of its size, sector, or maturity to better understand, assess, prioritize, and communicate its cybersecurity efforts. The framework's core functions are organized into six key areas: Govern (new), Identify, Protect, Detect, Respond, and Recover. Together, these functions provide a comprehensive lifecycle approach to managing cybersecurity risk.;;;2026-07-10 18:08:16.187152;ae_4;Impact of events is determined.;Detect (DE);Anomalies and Events (DE.AE);;aws;;MANUAL;Manual check;manual_check;manual;False;Manual check;NIST-CSF;National Institute of Standards and Technology (NIST) Cybersecurity Framework (CSF) v2.0;
aws;The NIST Cybersecurity Framework (CSF) 2.0 offers a taxonomy of high-level cybersecurity outcomes that can be used by any organization regardless of its size, sector, or maturity to better understand, assess, prioritize, and communicate its cybersecurity efforts. The framework's core functions are organized into six key areas: Govern (new), Identify, Protect, Detect, Respond, and Recover. Together, these functions provide a comprehensive lifecycle approach to managing cybersecurity risk.;;;2026-07-10 18:08:16.187152;ae_5;Incident alert thresholds are established.;Detect (DE);Anomalies and Events (DE.AE);;aws;;MANUAL;Manual check;manual_check;manual;False;Manual check;NIST-CSF;National Institute of Standards and Technology (NIST) Cybersecurity Framework (CSF) v2.0;
aws;The NIST Cybersecurity Framework (CSF) 2.0 offers a taxonomy of high-level cybersecurity outcomes that can be used by any organization regardless of its size, sector, or maturity to better understand, assess, prioritize, and communicate its cybersecurity efforts. The framework's core functions are organized into six key areas: Govern (new), Identify, Protect, Detect, Respond, and Recover. Together, these functions provide a comprehensive lifecycle approach to managing cybersecurity risk.;;;2026-07-10 18:08:16.187152;cm_2;The physical environment is monitored to detect potential cybersecurity events.;Detect (DE);Security Continuous Monitoring (DE.CM);;aws;;MANUAL;Manual check;manual_check;manual;False;Manual check;NIST-CSF;National Institute of Standards and Technology (NIST) Cybersecurity Framework (CSF) v2.0;
aws;The NIST Cybersecurity Framework (CSF) 2.0 offers a taxonomy of high-level cybersecurity outcomes that can be used by any organization regardless of its size, sector, or maturity to better understand, assess, prioritize, and communicate its cybersecurity efforts. The framework's core functions are organized into six key areas: Govern (new), Identify, Protect, Detect, Respond, and Recover. Together, these functions provide a comprehensive lifecycle approach to managing cybersecurity risk.;;;2026-07-10 18:08:16.187152;cm_5;Unauthorized mobile code is detected.;Detect (DE);Security Continuous Monitoring (DE.CM);;aws;;MANUAL;Manual check;manual_check;manual;False;Manual check;NIST-CSF;National Institute of Standards and Technology (NIST) Cybersecurity Framework (CSF) v2.0;
aws;The NIST Cybersecurity Framework (CSF) 2.0 offers a taxonomy of high-level cybersecurity outcomes that can be used by any organization regardless of its size, sector, or maturity to better understand, assess, prioritize, and communicate its cybersecurity efforts. The framework's core functions are organized into six key areas: Govern (new), Identify, Protect, Detect, Respond, and Recover. Together, these functions provide a comprehensive lifecycle approach to managing cybersecurity risk.;;;2026-07-10 18:08:16.187152;dp_5;Detection processes are continuously improved.;Detect (DE);Detection Processes (DE.DP);;ec2;;MANUAL;Manual check;manual_check;manual;False;Manual check;NIST-CSF;National Institute of Standards and Technology (NIST) Cybersecurity Framework (CSF) v2.0;
aws;The NIST Cybersecurity Framework (CSF) 2.0 offers a taxonomy of high-level cybersecurity outcomes that can be used by any organization regardless of its size, sector, or maturity to better understand, assess, prioritize, and communicate its cybersecurity efforts. The framework's core functions are organized into six key areas: Govern (new), Identify, Protect, Detect, Respond, and Recover. Together, these functions provide a comprehensive lifecycle approach to managing cybersecurity risk.;;;2026-07-10 18:08:16.187152;an_2;The impact of the incident is understood.;Respond (RS);Analysis (RS.AN);;guardduty;;MANUAL;Manual check;manual_check;manual;False;Manual check;NIST-CSF;National Institute of Standards and Technology (NIST) Cybersecurity Framework (CSF) v2.0;
aws;The NIST Cybersecurity Framework (CSF) 2.0 offers a taxonomy of high-level cybersecurity outcomes that can be used by any organization regardless of its size, sector, or maturity to better understand, assess, prioritize, and communicate its cybersecurity efforts. The framework's core functions are organized into six key areas: Govern (new), Identify, Protect, Detect, Respond, and Recover. Together, these functions provide a comprehensive lifecycle approach to managing cybersecurity risk.;;;2026-07-10 18:08:16.187152;mi_3;Newly identified vulnerabilities are mitigated or documented as accepted risks.;Respond (RS);Mitigation (RS.MI);;guardduty;;MANUAL;Manual check;manual_check;manual;False;Manual check;NIST-CSF;National Institute of Standards and Technology (NIST) Cybersecurity Framework (CSF) v2.0;
