PROVIDER;DESCRIPTION;ACCOUNTID;REGION;ASSESSMENTDATE;REQUIREMENTS_ID;REQUIREMENTS_DESCRIPTION;REQUIREMENTS_ATTRIBUTES_SECTION;REQUIREMENTS_ATTRIBUTES_SUBSECTION;REQUIREMENTS_ATTRIBUTES_SUBGROUP;REQUIREMENTS_ATTRIBUTES_SERVICE;REQUIREMENTS_ATTRIBUTES_TYPE;STATUS;STATUSEXTENDED;RESOURCEID;CHECKID;MUTED;RESOURCENAME;FRAMEWORK;NAME;REQUIREMENTS_ATTRIBUTES_COMMENT
aws;The Federal Risk and Authorization Management Program (FedRAMP) was established in 2011. It provides a cost-effective, risk-based approach for the adoption and use of cloud services by the U.S. federal government. FedRAMP empowers federal agencies to use modern cloud technologies, with an emphasis on the security and protection of federal information.;735291151388;ap-south-1;2026-07-10 18:08:16.187152;au-2-a-d;The organization: a. Determines that the information system is capable of auditing the following events: Successful and unsuccessful account logon events, account management events, object access, policy change, privilege functions, process tracking, and system events. For Web applications: all administrator activity, authentication checks, authorization checks, data deletions, data access, data changes, and permission changes. d. Determines that the following events are to be audited within the information system: [organization-defined subset of the auditable events defined in AU-2 a to be audited continually for each identified event].;Audit and Accountability (AU);Audit Events (AU-2);;aws;;FAIL;No CloudTrail trails are configured to log Amazon Bedrock API calls.;arn:aws:cloudtrail:ap-south-1:735291151388:trail;cloudtrail_bedrock_logging_enabled;False;735291151388;FedRamp-Moderate-Revision-4;FedRAMP Moderate Revision 4;
aws;The Federal Risk and Authorization Management Program (FedRAMP) was established in 2011. It provides a cost-effective, risk-based approach for the adoption and use of cloud services by the U.S. federal government. FedRAMP empowers federal agencies to use modern cloud technologies, with an emphasis on the security and protection of federal information.;735291151388;ap-south-1;2026-07-10 18:08:16.187152;au-12-a-c;The information system: a. Provides audit record generation capability for the auditable events defined in AU-2 a. at all information system and network components where audit capability is deployed/available c. Generates audit records for the events defined in AU-2 d. with the content defined in AU-3.;Audit and Accountability (AU);Audit Generation (AU-12);;aws;;FAIL;No CloudTrail trails are configured to log Amazon Bedrock API calls.;arn:aws:cloudtrail:ap-south-1:735291151388:trail;cloudtrail_bedrock_logging_enabled;False;735291151388;FedRamp-Moderate-Revision-4;FedRAMP Moderate Revision 4;
aws;The Federal Risk and Authorization Management Program (FedRAMP) was established in 2011. It provides a cost-effective, risk-based approach for the adoption and use of cloud services by the U.S. federal government. FedRAMP empowers federal agencies to use modern cloud technologies, with an emphasis on the security and protection of federal information.;735291151388;ap-northeast-1;2026-07-10 18:08:16.187152;ac-2-4;The information system automatically audits account creation, modification, enabling, disabling, and removal actions, and notifies [Assignment: organization-defined personnel or roles].;Access Control (AC);Account Management (AC-2);;aws;;FAIL;No CloudTrail trails enabled with logging were found.;arn:aws:cloudtrail:ap-northeast-1:735291151388:trail;cloudtrail_multi_region_enabled;False;735291151388;FedRamp-Moderate-Revision-4;FedRAMP Moderate Revision 4;
aws;The Federal Risk and Authorization Management Program (FedRAMP) was established in 2011. It provides a cost-effective, risk-based approach for the adoption and use of cloud services by the U.S. federal government. FedRAMP empowers federal agencies to use modern cloud technologies, with an emphasis on the security and protection of federal information.;735291151388;ap-northeast-1;2026-07-10 18:08:16.187152;ac-2-g;The organization: g. Monitors the use of information system accounts.;Access Control (AC);Account Management (AC-2);;aws;;FAIL;No CloudTrail trails enabled with logging were found.;arn:aws:cloudtrail:ap-northeast-1:735291151388:trail;cloudtrail_multi_region_enabled;False;735291151388;FedRamp-Moderate-Revision-4;FedRAMP Moderate Revision 4;
aws;The Federal Risk and Authorization Management Program (FedRAMP) was established in 2011. It provides a cost-effective, risk-based approach for the adoption and use of cloud services by the U.S. federal government. FedRAMP empowers federal agencies to use modern cloud technologies, with an emphasis on the security and protection of federal information.;735291151388;ap-northeast-1;2026-07-10 18:08:16.187152;au-2-a-d;The organization: a. Determines that the information system is capable of auditing the following events: Successful and unsuccessful account logon events, account management events, object access, policy change, privilege functions, process tracking, and system events. For Web applications: all administrator activity, authentication checks, authorization checks, data deletions, data access, data changes, and permission changes. d. Determines that the following events are to be audited within the information system: [organization-defined subset of the auditable events defined in AU-2 a to be audited continually for each identified event].;Audit and Accountability (AU);Audit Events (AU-2);;aws;;FAIL;No CloudTrail trails enabled with logging were found.;arn:aws:cloudtrail:ap-northeast-1:735291151388:trail;cloudtrail_multi_region_enabled;False;735291151388;FedRamp-Moderate-Revision-4;FedRAMP Moderate Revision 4;
aws;The Federal Risk and Authorization Management Program (FedRAMP) was established in 2011. It provides a cost-effective, risk-based approach for the adoption and use of cloud services by the U.S. federal government. FedRAMP empowers federal agencies to use modern cloud technologies, with an emphasis on the security and protection of federal information.;735291151388;ap-northeast-1;2026-07-10 18:08:16.187152;au-3;The information system generates audit records containing information that establishes what type of event occurred, when the event occurred, where the event occurred, the source of the event, the outcome of the event, and the identity of any individuals or subjects associated with the event.;Audit and Accountability (AU);;;aws;;FAIL;No CloudTrail trails enabled with logging were found.;arn:aws:cloudtrail:ap-northeast-1:735291151388:trail;cloudtrail_multi_region_enabled;False;735291151388;FedRamp-Moderate-Revision-4;FedRAMP Moderate Revision 4;
aws;The Federal Risk and Authorization Management Program (FedRAMP) was established in 2011. It provides a cost-effective, risk-based approach for the adoption and use of cloud services by the U.S. federal government. FedRAMP empowers federal agencies to use modern cloud technologies, with an emphasis on the security and protection of federal information.;735291151388;ap-northeast-1;2026-07-10 18:08:16.187152;au-6-1-3;(1) The organization employs automated mechanisms to integrate audit review, analysis, and reporting processes to support organizational processes for investigation and response to suspicious activities. (3) The organization analyzes and correlates audit records across different repositories to gain organization-wide situational awareness.;Audit and Accountability (AU);Audit Review, Analysis And Reporting (AU-6);;aws;;FAIL;No CloudTrail trails enabled with logging were found.;arn:aws:cloudtrail:ap-northeast-1:735291151388:trail;cloudtrail_multi_region_enabled;False;735291151388;FedRamp-Moderate-Revision-4;FedRAMP Moderate Revision 4;
aws;The Federal Risk and Authorization Management Program (FedRAMP) was established in 2011. It provides a cost-effective, risk-based approach for the adoption and use of cloud services by the U.S. federal government. FedRAMP empowers federal agencies to use modern cloud technologies, with an emphasis on the security and protection of federal information.;735291151388;ap-northeast-1;2026-07-10 18:08:16.187152;au-12-a-c;The information system: a. Provides audit record generation capability for the auditable events defined in AU-2 a. at all information system and network components where audit capability is deployed/available c. Generates audit records for the events defined in AU-2 d. with the content defined in AU-3.;Audit and Accountability (AU);Audit Generation (AU-12);;aws;;FAIL;No CloudTrail trails enabled with logging were found.;arn:aws:cloudtrail:ap-northeast-1:735291151388:trail;cloudtrail_multi_region_enabled;False;735291151388;FedRamp-Moderate-Revision-4;FedRAMP Moderate Revision 4;
aws;The Federal Risk and Authorization Management Program (FedRAMP) was established in 2011. It provides a cost-effective, risk-based approach for the adoption and use of cloud services by the U.S. federal government. FedRAMP empowers federal agencies to use modern cloud technologies, with an emphasis on the security and protection of federal information.;735291151388;ap-northeast-1;2026-07-10 18:08:16.187152;ca-7-a-b;"The organization develops a continuous monitoring strategy and implements a continuous monitoring program that includes: a. Establishment of [Assignment: organization-defined metrics] to be monitored; b. Establishment of [Assignment: organization-defined frequencies] for monitoring and [Assignment: organization-defined frequencies] for assessments supporting such monitoring.";Security Assessment And Authorization (CA);Continuous Monitoring (CA-7);;aws;;FAIL;No CloudTrail trails enabled with logging were found.;arn:aws:cloudtrail:ap-northeast-1:735291151388:trail;cloudtrail_multi_region_enabled;False;735291151388;FedRamp-Moderate-Revision-4;FedRAMP Moderate Revision 4;
aws;The Federal Risk and Authorization Management Program (FedRAMP) was established in 2011. It provides a cost-effective, risk-based approach for the adoption and use of cloud services by the U.S. federal government. FedRAMP empowers federal agencies to use modern cloud technologies, with an emphasis on the security and protection of federal information.;735291151388;ap-northeast-1;2026-07-10 18:08:16.187152;si-4-16;The organization correlates information from monitoring tools employed throughout the information system.;System and Information Integrity (SI);Information System Monitoring (SI-4);;aws;;FAIL;No CloudTrail trails enabled with logging were found.;arn:aws:cloudtrail:ap-northeast-1:735291151388:trail;cloudtrail_multi_region_enabled;False;735291151388;FedRamp-Moderate-Revision-4;FedRAMP Moderate Revision 4;
aws;The Federal Risk and Authorization Management Program (FedRAMP) was established in 2011. It provides a cost-effective, risk-based approach for the adoption and use of cloud services by the U.S. federal government. FedRAMP empowers federal agencies to use modern cloud technologies, with an emphasis on the security and protection of federal information.;735291151388;ap-northeast-1;2026-07-10 18:08:16.187152;si-4-2;The organization employs automated tools to support near real-time analysis of events.;System and Information Integrity (SI);Information System Monitoring (SI-4);;aws;;FAIL;No CloudTrail trails enabled with logging were found.;arn:aws:cloudtrail:ap-northeast-1:735291151388:trail;cloudtrail_multi_region_enabled;False;735291151388;FedRamp-Moderate-Revision-4;FedRAMP Moderate Revision 4;
aws;The Federal Risk and Authorization Management Program (FedRAMP) was established in 2011. It provides a cost-effective, risk-based approach for the adoption and use of cloud services by the U.S. federal government. FedRAMP empowers federal agencies to use modern cloud technologies, with an emphasis on the security and protection of federal information.;735291151388;ap-northeast-1;2026-07-10 18:08:16.187152;si-4-4;The information system monitors inbound and outbound communications traffic continuously for unusual or unauthorized activities or conditions.;System and Information Integrity (SI);Information System Monitoring (SI-4);;aws;;FAIL;No CloudTrail trails enabled with logging were found.;arn:aws:cloudtrail:ap-northeast-1:735291151388:trail;cloudtrail_multi_region_enabled;False;735291151388;FedRamp-Moderate-Revision-4;FedRAMP Moderate Revision 4;
aws;The Federal Risk and Authorization Management Program (FedRAMP) was established in 2011. It provides a cost-effective, risk-based approach for the adoption and use of cloud services by the U.S. federal government. FedRAMP empowers federal agencies to use modern cloud technologies, with an emphasis on the security and protection of federal information.;735291151388;ap-northeast-1;2026-07-10 18:08:16.187152;si-4-5;The information system alerts organization-defined personnel or roles when the following indications of compromise or potential compromise occur: [Assignment: organization-defined compromise indicators].;System and Information Integrity (SI);Information System Monitoring (SI-4);;aws;;FAIL;No CloudTrail trails enabled with logging were found.;arn:aws:cloudtrail:ap-northeast-1:735291151388:trail;cloudtrail_multi_region_enabled;False;735291151388;FedRamp-Moderate-Revision-4;FedRAMP Moderate Revision 4;
aws;The Federal Risk and Authorization Management Program (FedRAMP) was established in 2011. It provides a cost-effective, risk-based approach for the adoption and use of cloud services by the U.S. federal government. FedRAMP empowers federal agencies to use modern cloud technologies, with an emphasis on the security and protection of federal information.;735291151388;ap-northeast-2;2026-07-10 18:08:16.187152;ac-2-4;The information system automatically audits account creation, modification, enabling, disabling, and removal actions, and notifies [Assignment: organization-defined personnel or roles].;Access Control (AC);Account Management (AC-2);;aws;;FAIL;No CloudTrail trails enabled with logging were found.;arn:aws:cloudtrail:ap-northeast-2:735291151388:trail;cloudtrail_multi_region_enabled;False;735291151388;FedRamp-Moderate-Revision-4;FedRAMP Moderate Revision 4;
aws;The Federal Risk and Authorization Management Program (FedRAMP) was established in 2011. It provides a cost-effective, risk-based approach for the adoption and use of cloud services by the U.S. federal government. FedRAMP empowers federal agencies to use modern cloud technologies, with an emphasis on the security and protection of federal information.;735291151388;ap-northeast-2;2026-07-10 18:08:16.187152;ac-2-g;The organization: g. Monitors the use of information system accounts.;Access Control (AC);Account Management (AC-2);;aws;;FAIL;No CloudTrail trails enabled with logging were found.;arn:aws:cloudtrail:ap-northeast-2:735291151388:trail;cloudtrail_multi_region_enabled;False;735291151388;FedRamp-Moderate-Revision-4;FedRAMP Moderate Revision 4;
aws;The Federal Risk and Authorization Management Program (FedRAMP) was established in 2011. It provides a cost-effective, risk-based approach for the adoption and use of cloud services by the U.S. federal government. FedRAMP empowers federal agencies to use modern cloud technologies, with an emphasis on the security and protection of federal information.;735291151388;ap-northeast-2;2026-07-10 18:08:16.187152;au-2-a-d;The organization: a. Determines that the information system is capable of auditing the following events: Successful and unsuccessful account logon events, account management events, object access, policy change, privilege functions, process tracking, and system events. For Web applications: all administrator activity, authentication checks, authorization checks, data deletions, data access, data changes, and permission changes. d. Determines that the following events are to be audited within the information system: [organization-defined subset of the auditable events defined in AU-2 a to be audited continually for each identified event].;Audit and Accountability (AU);Audit Events (AU-2);;aws;;FAIL;No CloudTrail trails enabled with logging were found.;arn:aws:cloudtrail:ap-northeast-2:735291151388:trail;cloudtrail_multi_region_enabled;False;735291151388;FedRamp-Moderate-Revision-4;FedRAMP Moderate Revision 4;
aws;The Federal Risk and Authorization Management Program (FedRAMP) was established in 2011. It provides a cost-effective, risk-based approach for the adoption and use of cloud services by the U.S. federal government. FedRAMP empowers federal agencies to use modern cloud technologies, with an emphasis on the security and protection of federal information.;735291151388;ap-northeast-2;2026-07-10 18:08:16.187152;au-3;The information system generates audit records containing information that establishes what type of event occurred, when the event occurred, where the event occurred, the source of the event, the outcome of the event, and the identity of any individuals or subjects associated with the event.;Audit and Accountability (AU);;;aws;;FAIL;No CloudTrail trails enabled with logging were found.;arn:aws:cloudtrail:ap-northeast-2:735291151388:trail;cloudtrail_multi_region_enabled;False;735291151388;FedRamp-Moderate-Revision-4;FedRAMP Moderate Revision 4;
aws;The Federal Risk and Authorization Management Program (FedRAMP) was established in 2011. It provides a cost-effective, risk-based approach for the adoption and use of cloud services by the U.S. federal government. FedRAMP empowers federal agencies to use modern cloud technologies, with an emphasis on the security and protection of federal information.;735291151388;ap-northeast-2;2026-07-10 18:08:16.187152;au-6-1-3;(1) The organization employs automated mechanisms to integrate audit review, analysis, and reporting processes to support organizational processes for investigation and response to suspicious activities. (3) The organization analyzes and correlates audit records across different repositories to gain organization-wide situational awareness.;Audit and Accountability (AU);Audit Review, Analysis And Reporting (AU-6);;aws;;FAIL;No CloudTrail trails enabled with logging were found.;arn:aws:cloudtrail:ap-northeast-2:735291151388:trail;cloudtrail_multi_region_enabled;False;735291151388;FedRamp-Moderate-Revision-4;FedRAMP Moderate Revision 4;
aws;The Federal Risk and Authorization Management Program (FedRAMP) was established in 2011. It provides a cost-effective, risk-based approach for the adoption and use of cloud services by the U.S. federal government. FedRAMP empowers federal agencies to use modern cloud technologies, with an emphasis on the security and protection of federal information.;735291151388;ap-northeast-2;2026-07-10 18:08:16.187152;au-12-a-c;The information system: a. Provides audit record generation capability for the auditable events defined in AU-2 a. at all information system and network components where audit capability is deployed/available c. Generates audit records for the events defined in AU-2 d. with the content defined in AU-3.;Audit and Accountability (AU);Audit Generation (AU-12);;aws;;FAIL;No CloudTrail trails enabled with logging were found.;arn:aws:cloudtrail:ap-northeast-2:735291151388:trail;cloudtrail_multi_region_enabled;False;735291151388;FedRamp-Moderate-Revision-4;FedRAMP Moderate Revision 4;
aws;The Federal Risk and Authorization Management Program (FedRAMP) was established in 2011. It provides a cost-effective, risk-based approach for the adoption and use of cloud services by the U.S. federal government. FedRAMP empowers federal agencies to use modern cloud technologies, with an emphasis on the security and protection of federal information.;735291151388;ap-northeast-2;2026-07-10 18:08:16.187152;ca-7-a-b;"The organization develops a continuous monitoring strategy and implements a continuous monitoring program that includes: a. Establishment of [Assignment: organization-defined metrics] to be monitored; b. Establishment of [Assignment: organization-defined frequencies] for monitoring and [Assignment: organization-defined frequencies] for assessments supporting such monitoring.";Security Assessment And Authorization (CA);Continuous Monitoring (CA-7);;aws;;FAIL;No CloudTrail trails enabled with logging were found.;arn:aws:cloudtrail:ap-northeast-2:735291151388:trail;cloudtrail_multi_region_enabled;False;735291151388;FedRamp-Moderate-Revision-4;FedRAMP Moderate Revision 4;
aws;The Federal Risk and Authorization Management Program (FedRAMP) was established in 2011. It provides a cost-effective, risk-based approach for the adoption and use of cloud services by the U.S. federal government. FedRAMP empowers federal agencies to use modern cloud technologies, with an emphasis on the security and protection of federal information.;735291151388;ap-northeast-2;2026-07-10 18:08:16.187152;si-4-16;The organization correlates information from monitoring tools employed throughout the information system.;System and Information Integrity (SI);Information System Monitoring (SI-4);;aws;;FAIL;No CloudTrail trails enabled with logging were found.;arn:aws:cloudtrail:ap-northeast-2:735291151388:trail;cloudtrail_multi_region_enabled;False;735291151388;FedRamp-Moderate-Revision-4;FedRAMP Moderate Revision 4;
aws;The Federal Risk and Authorization Management Program (FedRAMP) was established in 2011. It provides a cost-effective, risk-based approach for the adoption and use of cloud services by the U.S. federal government. FedRAMP empowers federal agencies to use modern cloud technologies, with an emphasis on the security and protection of federal information.;735291151388;ap-northeast-2;2026-07-10 18:08:16.187152;si-4-2;The organization employs automated tools to support near real-time analysis of events.;System and Information Integrity (SI);Information System Monitoring (SI-4);;aws;;FAIL;No CloudTrail trails enabled with logging were found.;arn:aws:cloudtrail:ap-northeast-2:735291151388:trail;cloudtrail_multi_region_enabled;False;735291151388;FedRamp-Moderate-Revision-4;FedRAMP Moderate Revision 4;
aws;The Federal Risk and Authorization Management Program (FedRAMP) was established in 2011. It provides a cost-effective, risk-based approach for the adoption and use of cloud services by the U.S. federal government. FedRAMP empowers federal agencies to use modern cloud technologies, with an emphasis on the security and protection of federal information.;735291151388;ap-northeast-2;2026-07-10 18:08:16.187152;si-4-4;The information system monitors inbound and outbound communications traffic continuously for unusual or unauthorized activities or conditions.;System and Information Integrity (SI);Information System Monitoring (SI-4);;aws;;FAIL;No CloudTrail trails enabled with logging were found.;arn:aws:cloudtrail:ap-northeast-2:735291151388:trail;cloudtrail_multi_region_enabled;False;735291151388;FedRamp-Moderate-Revision-4;FedRAMP Moderate Revision 4;
aws;The Federal Risk and Authorization Management Program (FedRAMP) was established in 2011. It provides a cost-effective, risk-based approach for the adoption and use of cloud services by the U.S. federal government. FedRAMP empowers federal agencies to use modern cloud technologies, with an emphasis on the security and protection of federal information.;735291151388;ap-northeast-2;2026-07-10 18:08:16.187152;si-4-5;The information system alerts organization-defined personnel or roles when the following indications of compromise or potential compromise occur: [Assignment: organization-defined compromise indicators].;System and Information Integrity (SI);Information System Monitoring (SI-4);;aws;;FAIL;No CloudTrail trails enabled with logging were found.;arn:aws:cloudtrail:ap-northeast-2:735291151388:trail;cloudtrail_multi_region_enabled;False;735291151388;FedRamp-Moderate-Revision-4;FedRAMP Moderate Revision 4;
aws;The Federal Risk and Authorization Management Program (FedRAMP) was established in 2011. It provides a cost-effective, risk-based approach for the adoption and use of cloud services by the U.S. federal government. FedRAMP empowers federal agencies to use modern cloud technologies, with an emphasis on the security and protection of federal information.;735291151388;ap-northeast-3;2026-07-10 18:08:16.187152;ac-2-4;The information system automatically audits account creation, modification, enabling, disabling, and removal actions, and notifies [Assignment: organization-defined personnel or roles].;Access Control (AC);Account Management (AC-2);;aws;;FAIL;No CloudTrail trails enabled with logging were found.;arn:aws:cloudtrail:ap-northeast-3:735291151388:trail;cloudtrail_multi_region_enabled;False;735291151388;FedRamp-Moderate-Revision-4;FedRAMP Moderate Revision 4;
aws;The Federal Risk and Authorization Management Program (FedRAMP) was established in 2011. It provides a cost-effective, risk-based approach for the adoption and use of cloud services by the U.S. federal government. FedRAMP empowers federal agencies to use modern cloud technologies, with an emphasis on the security and protection of federal information.;735291151388;ap-northeast-3;2026-07-10 18:08:16.187152;ac-2-g;The organization: g. Monitors the use of information system accounts.;Access Control (AC);Account Management (AC-2);;aws;;FAIL;No CloudTrail trails enabled with logging were found.;arn:aws:cloudtrail:ap-northeast-3:735291151388:trail;cloudtrail_multi_region_enabled;False;735291151388;FedRamp-Moderate-Revision-4;FedRAMP Moderate Revision 4;
aws;The Federal Risk and Authorization Management Program (FedRAMP) was established in 2011. It provides a cost-effective, risk-based approach for the adoption and use of cloud services by the U.S. federal government. FedRAMP empowers federal agencies to use modern cloud technologies, with an emphasis on the security and protection of federal information.;735291151388;ap-northeast-3;2026-07-10 18:08:16.187152;au-2-a-d;The organization: a. Determines that the information system is capable of auditing the following events: Successful and unsuccessful account logon events, account management events, object access, policy change, privilege functions, process tracking, and system events. For Web applications: all administrator activity, authentication checks, authorization checks, data deletions, data access, data changes, and permission changes. d. Determines that the following events are to be audited within the information system: [organization-defined subset of the auditable events defined in AU-2 a to be audited continually for each identified event].;Audit and Accountability (AU);Audit Events (AU-2);;aws;;FAIL;No CloudTrail trails enabled with logging were found.;arn:aws:cloudtrail:ap-northeast-3:735291151388:trail;cloudtrail_multi_region_enabled;False;735291151388;FedRamp-Moderate-Revision-4;FedRAMP Moderate Revision 4;
aws;The Federal Risk and Authorization Management Program (FedRAMP) was established in 2011. It provides a cost-effective, risk-based approach for the adoption and use of cloud services by the U.S. federal government. FedRAMP empowers federal agencies to use modern cloud technologies, with an emphasis on the security and protection of federal information.;735291151388;ap-northeast-3;2026-07-10 18:08:16.187152;au-3;The information system generates audit records containing information that establishes what type of event occurred, when the event occurred, where the event occurred, the source of the event, the outcome of the event, and the identity of any individuals or subjects associated with the event.;Audit and Accountability (AU);;;aws;;FAIL;No CloudTrail trails enabled with logging were found.;arn:aws:cloudtrail:ap-northeast-3:735291151388:trail;cloudtrail_multi_region_enabled;False;735291151388;FedRamp-Moderate-Revision-4;FedRAMP Moderate Revision 4;
aws;The Federal Risk and Authorization Management Program (FedRAMP) was established in 2011. It provides a cost-effective, risk-based approach for the adoption and use of cloud services by the U.S. federal government. FedRAMP empowers federal agencies to use modern cloud technologies, with an emphasis on the security and protection of federal information.;735291151388;ap-northeast-3;2026-07-10 18:08:16.187152;au-6-1-3;(1) The organization employs automated mechanisms to integrate audit review, analysis, and reporting processes to support organizational processes for investigation and response to suspicious activities. (3) The organization analyzes and correlates audit records across different repositories to gain organization-wide situational awareness.;Audit and Accountability (AU);Audit Review, Analysis And Reporting (AU-6);;aws;;FAIL;No CloudTrail trails enabled with logging were found.;arn:aws:cloudtrail:ap-northeast-3:735291151388:trail;cloudtrail_multi_region_enabled;False;735291151388;FedRamp-Moderate-Revision-4;FedRAMP Moderate Revision 4;
aws;The Federal Risk and Authorization Management Program (FedRAMP) was established in 2011. It provides a cost-effective, risk-based approach for the adoption and use of cloud services by the U.S. federal government. FedRAMP empowers federal agencies to use modern cloud technologies, with an emphasis on the security and protection of federal information.;735291151388;ap-northeast-3;2026-07-10 18:08:16.187152;au-12-a-c;The information system: a. Provides audit record generation capability for the auditable events defined in AU-2 a. at all information system and network components where audit capability is deployed/available c. Generates audit records for the events defined in AU-2 d. with the content defined in AU-3.;Audit and Accountability (AU);Audit Generation (AU-12);;aws;;FAIL;No CloudTrail trails enabled with logging were found.;arn:aws:cloudtrail:ap-northeast-3:735291151388:trail;cloudtrail_multi_region_enabled;False;735291151388;FedRamp-Moderate-Revision-4;FedRAMP Moderate Revision 4;
aws;The Federal Risk and Authorization Management Program (FedRAMP) was established in 2011. It provides a cost-effective, risk-based approach for the adoption and use of cloud services by the U.S. federal government. FedRAMP empowers federal agencies to use modern cloud technologies, with an emphasis on the security and protection of federal information.;735291151388;ap-northeast-3;2026-07-10 18:08:16.187152;ca-7-a-b;"The organization develops a continuous monitoring strategy and implements a continuous monitoring program that includes: a. Establishment of [Assignment: organization-defined metrics] to be monitored; b. Establishment of [Assignment: organization-defined frequencies] for monitoring and [Assignment: organization-defined frequencies] for assessments supporting such monitoring.";Security Assessment And Authorization (CA);Continuous Monitoring (CA-7);;aws;;FAIL;No CloudTrail trails enabled with logging were found.;arn:aws:cloudtrail:ap-northeast-3:735291151388:trail;cloudtrail_multi_region_enabled;False;735291151388;FedRamp-Moderate-Revision-4;FedRAMP Moderate Revision 4;
aws;The Federal Risk and Authorization Management Program (FedRAMP) was established in 2011. It provides a cost-effective, risk-based approach for the adoption and use of cloud services by the U.S. federal government. FedRAMP empowers federal agencies to use modern cloud technologies, with an emphasis on the security and protection of federal information.;735291151388;ap-northeast-3;2026-07-10 18:08:16.187152;si-4-16;The organization correlates information from monitoring tools employed throughout the information system.;System and Information Integrity (SI);Information System Monitoring (SI-4);;aws;;FAIL;No CloudTrail trails enabled with logging were found.;arn:aws:cloudtrail:ap-northeast-3:735291151388:trail;cloudtrail_multi_region_enabled;False;735291151388;FedRamp-Moderate-Revision-4;FedRAMP Moderate Revision 4;
aws;The Federal Risk and Authorization Management Program (FedRAMP) was established in 2011. It provides a cost-effective, risk-based approach for the adoption and use of cloud services by the U.S. federal government. FedRAMP empowers federal agencies to use modern cloud technologies, with an emphasis on the security and protection of federal information.;735291151388;ap-northeast-3;2026-07-10 18:08:16.187152;si-4-2;The organization employs automated tools to support near real-time analysis of events.;System and Information Integrity (SI);Information System Monitoring (SI-4);;aws;;FAIL;No CloudTrail trails enabled with logging were found.;arn:aws:cloudtrail:ap-northeast-3:735291151388:trail;cloudtrail_multi_region_enabled;False;735291151388;FedRamp-Moderate-Revision-4;FedRAMP Moderate Revision 4;
aws;The Federal Risk and Authorization Management Program (FedRAMP) was established in 2011. It provides a cost-effective, risk-based approach for the adoption and use of cloud services by the U.S. federal government. FedRAMP empowers federal agencies to use modern cloud technologies, with an emphasis on the security and protection of federal information.;735291151388;ap-northeast-3;2026-07-10 18:08:16.187152;si-4-4;The information system monitors inbound and outbound communications traffic continuously for unusual or unauthorized activities or conditions.;System and Information Integrity (SI);Information System Monitoring (SI-4);;aws;;FAIL;No CloudTrail trails enabled with logging were found.;arn:aws:cloudtrail:ap-northeast-3:735291151388:trail;cloudtrail_multi_region_enabled;False;735291151388;FedRamp-Moderate-Revision-4;FedRAMP Moderate Revision 4;
aws;The Federal Risk and Authorization Management Program (FedRAMP) was established in 2011. It provides a cost-effective, risk-based approach for the adoption and use of cloud services by the U.S. federal government. FedRAMP empowers federal agencies to use modern cloud technologies, with an emphasis on the security and protection of federal information.;735291151388;ap-northeast-3;2026-07-10 18:08:16.187152;si-4-5;The information system alerts organization-defined personnel or roles when the following indications of compromise or potential compromise occur: [Assignment: organization-defined compromise indicators].;System and Information Integrity (SI);Information System Monitoring (SI-4);;aws;;FAIL;No CloudTrail trails enabled with logging were found.;arn:aws:cloudtrail:ap-northeast-3:735291151388:trail;cloudtrail_multi_region_enabled;False;735291151388;FedRamp-Moderate-Revision-4;FedRAMP Moderate Revision 4;
aws;The Federal Risk and Authorization Management Program (FedRAMP) was established in 2011. It provides a cost-effective, risk-based approach for the adoption and use of cloud services by the U.S. federal government. FedRAMP empowers federal agencies to use modern cloud technologies, with an emphasis on the security and protection of federal information.;735291151388;ap-south-1;2026-07-10 18:08:16.187152;ac-2-4;The information system automatically audits account creation, modification, enabling, disabling, and removal actions, and notifies [Assignment: organization-defined personnel or roles].;Access Control (AC);Account Management (AC-2);;aws;;FAIL;No CloudTrail trails enabled with logging were found.;arn:aws:cloudtrail:ap-south-1:735291151388:trail;cloudtrail_multi_region_enabled;False;735291151388;FedRamp-Moderate-Revision-4;FedRAMP Moderate Revision 4;
aws;The Federal Risk and Authorization Management Program (FedRAMP) was established in 2011. It provides a cost-effective, risk-based approach for the adoption and use of cloud services by the U.S. federal government. FedRAMP empowers federal agencies to use modern cloud technologies, with an emphasis on the security and protection of federal information.;735291151388;ap-south-1;2026-07-10 18:08:16.187152;ac-2-g;The organization: g. Monitors the use of information system accounts.;Access Control (AC);Account Management (AC-2);;aws;;FAIL;No CloudTrail trails enabled with logging were found.;arn:aws:cloudtrail:ap-south-1:735291151388:trail;cloudtrail_multi_region_enabled;False;735291151388;FedRamp-Moderate-Revision-4;FedRAMP Moderate Revision 4;
aws;The Federal Risk and Authorization Management Program (FedRAMP) was established in 2011. It provides a cost-effective, risk-based approach for the adoption and use of cloud services by the U.S. federal government. FedRAMP empowers federal agencies to use modern cloud technologies, with an emphasis on the security and protection of federal information.;735291151388;ap-south-1;2026-07-10 18:08:16.187152;au-2-a-d;The organization: a. Determines that the information system is capable of auditing the following events: Successful and unsuccessful account logon events, account management events, object access, policy change, privilege functions, process tracking, and system events. For Web applications: all administrator activity, authentication checks, authorization checks, data deletions, data access, data changes, and permission changes. d. Determines that the following events are to be audited within the information system: [organization-defined subset of the auditable events defined in AU-2 a to be audited continually for each identified event].;Audit and Accountability (AU);Audit Events (AU-2);;aws;;FAIL;No CloudTrail trails enabled with logging were found.;arn:aws:cloudtrail:ap-south-1:735291151388:trail;cloudtrail_multi_region_enabled;False;735291151388;FedRamp-Moderate-Revision-4;FedRAMP Moderate Revision 4;
aws;The Federal Risk and Authorization Management Program (FedRAMP) was established in 2011. It provides a cost-effective, risk-based approach for the adoption and use of cloud services by the U.S. federal government. FedRAMP empowers federal agencies to use modern cloud technologies, with an emphasis on the security and protection of federal information.;735291151388;ap-south-1;2026-07-10 18:08:16.187152;au-3;The information system generates audit records containing information that establishes what type of event occurred, when the event occurred, where the event occurred, the source of the event, the outcome of the event, and the identity of any individuals or subjects associated with the event.;Audit and Accountability (AU);;;aws;;FAIL;No CloudTrail trails enabled with logging were found.;arn:aws:cloudtrail:ap-south-1:735291151388:trail;cloudtrail_multi_region_enabled;False;735291151388;FedRamp-Moderate-Revision-4;FedRAMP Moderate Revision 4;
aws;The Federal Risk and Authorization Management Program (FedRAMP) was established in 2011. It provides a cost-effective, risk-based approach for the adoption and use of cloud services by the U.S. federal government. FedRAMP empowers federal agencies to use modern cloud technologies, with an emphasis on the security and protection of federal information.;735291151388;ap-south-1;2026-07-10 18:08:16.187152;au-6-1-3;(1) The organization employs automated mechanisms to integrate audit review, analysis, and reporting processes to support organizational processes for investigation and response to suspicious activities. (3) The organization analyzes and correlates audit records across different repositories to gain organization-wide situational awareness.;Audit and Accountability (AU);Audit Review, Analysis And Reporting (AU-6);;aws;;FAIL;No CloudTrail trails enabled with logging were found.;arn:aws:cloudtrail:ap-south-1:735291151388:trail;cloudtrail_multi_region_enabled;False;735291151388;FedRamp-Moderate-Revision-4;FedRAMP Moderate Revision 4;
aws;The Federal Risk and Authorization Management Program (FedRAMP) was established in 2011. It provides a cost-effective, risk-based approach for the adoption and use of cloud services by the U.S. federal government. FedRAMP empowers federal agencies to use modern cloud technologies, with an emphasis on the security and protection of federal information.;735291151388;ap-south-1;2026-07-10 18:08:16.187152;au-12-a-c;The information system: a. Provides audit record generation capability for the auditable events defined in AU-2 a. at all information system and network components where audit capability is deployed/available c. Generates audit records for the events defined in AU-2 d. with the content defined in AU-3.;Audit and Accountability (AU);Audit Generation (AU-12);;aws;;FAIL;No CloudTrail trails enabled with logging were found.;arn:aws:cloudtrail:ap-south-1:735291151388:trail;cloudtrail_multi_region_enabled;False;735291151388;FedRamp-Moderate-Revision-4;FedRAMP Moderate Revision 4;
aws;The Federal Risk and Authorization Management Program (FedRAMP) was established in 2011. It provides a cost-effective, risk-based approach for the adoption and use of cloud services by the U.S. federal government. FedRAMP empowers federal agencies to use modern cloud technologies, with an emphasis on the security and protection of federal information.;735291151388;ap-south-1;2026-07-10 18:08:16.187152;ca-7-a-b;"The organization develops a continuous monitoring strategy and implements a continuous monitoring program that includes: a. Establishment of [Assignment: organization-defined metrics] to be monitored; b. Establishment of [Assignment: organization-defined frequencies] for monitoring and [Assignment: organization-defined frequencies] for assessments supporting such monitoring.";Security Assessment And Authorization (CA);Continuous Monitoring (CA-7);;aws;;FAIL;No CloudTrail trails enabled with logging were found.;arn:aws:cloudtrail:ap-south-1:735291151388:trail;cloudtrail_multi_region_enabled;False;735291151388;FedRamp-Moderate-Revision-4;FedRAMP Moderate Revision 4;
aws;The Federal Risk and Authorization Management Program (FedRAMP) was established in 2011. It provides a cost-effective, risk-based approach for the adoption and use of cloud services by the U.S. federal government. FedRAMP empowers federal agencies to use modern cloud technologies, with an emphasis on the security and protection of federal information.;735291151388;ap-south-1;2026-07-10 18:08:16.187152;si-4-16;The organization correlates information from monitoring tools employed throughout the information system.;System and Information Integrity (SI);Information System Monitoring (SI-4);;aws;;FAIL;No CloudTrail trails enabled with logging were found.;arn:aws:cloudtrail:ap-south-1:735291151388:trail;cloudtrail_multi_region_enabled;False;735291151388;FedRamp-Moderate-Revision-4;FedRAMP Moderate Revision 4;
aws;The Federal Risk and Authorization Management Program (FedRAMP) was established in 2011. It provides a cost-effective, risk-based approach for the adoption and use of cloud services by the U.S. federal government. FedRAMP empowers federal agencies to use modern cloud technologies, with an emphasis on the security and protection of federal information.;735291151388;ap-south-1;2026-07-10 18:08:16.187152;si-4-2;The organization employs automated tools to support near real-time analysis of events.;System and Information Integrity (SI);Information System Monitoring (SI-4);;aws;;FAIL;No CloudTrail trails enabled with logging were found.;arn:aws:cloudtrail:ap-south-1:735291151388:trail;cloudtrail_multi_region_enabled;False;735291151388;FedRamp-Moderate-Revision-4;FedRAMP Moderate Revision 4;
aws;The Federal Risk and Authorization Management Program (FedRAMP) was established in 2011. It provides a cost-effective, risk-based approach for the adoption and use of cloud services by the U.S. federal government. FedRAMP empowers federal agencies to use modern cloud technologies, with an emphasis on the security and protection of federal information.;735291151388;ap-south-1;2026-07-10 18:08:16.187152;si-4-4;The information system monitors inbound and outbound communications traffic continuously for unusual or unauthorized activities or conditions.;System and Information Integrity (SI);Information System Monitoring (SI-4);;aws;;FAIL;No CloudTrail trails enabled with logging were found.;arn:aws:cloudtrail:ap-south-1:735291151388:trail;cloudtrail_multi_region_enabled;False;735291151388;FedRamp-Moderate-Revision-4;FedRAMP Moderate Revision 4;
aws;The Federal Risk and Authorization Management Program (FedRAMP) was established in 2011. It provides a cost-effective, risk-based approach for the adoption and use of cloud services by the U.S. federal government. FedRAMP empowers federal agencies to use modern cloud technologies, with an emphasis on the security and protection of federal information.;735291151388;ap-south-1;2026-07-10 18:08:16.187152;si-4-5;The information system alerts organization-defined personnel or roles when the following indications of compromise or potential compromise occur: [Assignment: organization-defined compromise indicators].;System and Information Integrity (SI);Information System Monitoring (SI-4);;aws;;FAIL;No CloudTrail trails enabled with logging were found.;arn:aws:cloudtrail:ap-south-1:735291151388:trail;cloudtrail_multi_region_enabled;False;735291151388;FedRamp-Moderate-Revision-4;FedRAMP Moderate Revision 4;
aws;The Federal Risk and Authorization Management Program (FedRAMP) was established in 2011. It provides a cost-effective, risk-based approach for the adoption and use of cloud services by the U.S. federal government. FedRAMP empowers federal agencies to use modern cloud technologies, with an emphasis on the security and protection of federal information.;735291151388;ap-southeast-1;2026-07-10 18:08:16.187152;ac-2-4;The information system automatically audits account creation, modification, enabling, disabling, and removal actions, and notifies [Assignment: organization-defined personnel or roles].;Access Control (AC);Account Management (AC-2);;aws;;FAIL;No CloudTrail trails enabled with logging were found.;arn:aws:cloudtrail:ap-southeast-1:735291151388:trail;cloudtrail_multi_region_enabled;False;735291151388;FedRamp-Moderate-Revision-4;FedRAMP Moderate Revision 4;
aws;The Federal Risk and Authorization Management Program (FedRAMP) was established in 2011. It provides a cost-effective, risk-based approach for the adoption and use of cloud services by the U.S. federal government. FedRAMP empowers federal agencies to use modern cloud technologies, with an emphasis on the security and protection of federal information.;735291151388;ap-southeast-1;2026-07-10 18:08:16.187152;ac-2-g;The organization: g. Monitors the use of information system accounts.;Access Control (AC);Account Management (AC-2);;aws;;FAIL;No CloudTrail trails enabled with logging were found.;arn:aws:cloudtrail:ap-southeast-1:735291151388:trail;cloudtrail_multi_region_enabled;False;735291151388;FedRamp-Moderate-Revision-4;FedRAMP Moderate Revision 4;
aws;The Federal Risk and Authorization Management Program (FedRAMP) was established in 2011. It provides a cost-effective, risk-based approach for the adoption and use of cloud services by the U.S. federal government. FedRAMP empowers federal agencies to use modern cloud technologies, with an emphasis on the security and protection of federal information.;735291151388;ap-southeast-1;2026-07-10 18:08:16.187152;au-2-a-d;The organization: a. Determines that the information system is capable of auditing the following events: Successful and unsuccessful account logon events, account management events, object access, policy change, privilege functions, process tracking, and system events. For Web applications: all administrator activity, authentication checks, authorization checks, data deletions, data access, data changes, and permission changes. d. Determines that the following events are to be audited within the information system: [organization-defined subset of the auditable events defined in AU-2 a to be audited continually for each identified event].;Audit and Accountability (AU);Audit Events (AU-2);;aws;;FAIL;No CloudTrail trails enabled with logging were found.;arn:aws:cloudtrail:ap-southeast-1:735291151388:trail;cloudtrail_multi_region_enabled;False;735291151388;FedRamp-Moderate-Revision-4;FedRAMP Moderate Revision 4;
aws;The Federal Risk and Authorization Management Program (FedRAMP) was established in 2011. It provides a cost-effective, risk-based approach for the adoption and use of cloud services by the U.S. federal government. FedRAMP empowers federal agencies to use modern cloud technologies, with an emphasis on the security and protection of federal information.;735291151388;ap-southeast-1;2026-07-10 18:08:16.187152;au-3;The information system generates audit records containing information that establishes what type of event occurred, when the event occurred, where the event occurred, the source of the event, the outcome of the event, and the identity of any individuals or subjects associated with the event.;Audit and Accountability (AU);;;aws;;FAIL;No CloudTrail trails enabled with logging were found.;arn:aws:cloudtrail:ap-southeast-1:735291151388:trail;cloudtrail_multi_region_enabled;False;735291151388;FedRamp-Moderate-Revision-4;FedRAMP Moderate Revision 4;
aws;The Federal Risk and Authorization Management Program (FedRAMP) was established in 2011. It provides a cost-effective, risk-based approach for the adoption and use of cloud services by the U.S. federal government. FedRAMP empowers federal agencies to use modern cloud technologies, with an emphasis on the security and protection of federal information.;735291151388;ap-southeast-1;2026-07-10 18:08:16.187152;au-6-1-3;(1) The organization employs automated mechanisms to integrate audit review, analysis, and reporting processes to support organizational processes for investigation and response to suspicious activities. (3) The organization analyzes and correlates audit records across different repositories to gain organization-wide situational awareness.;Audit and Accountability (AU);Audit Review, Analysis And Reporting (AU-6);;aws;;FAIL;No CloudTrail trails enabled with logging were found.;arn:aws:cloudtrail:ap-southeast-1:735291151388:trail;cloudtrail_multi_region_enabled;False;735291151388;FedRamp-Moderate-Revision-4;FedRAMP Moderate Revision 4;
aws;The Federal Risk and Authorization Management Program (FedRAMP) was established in 2011. It provides a cost-effective, risk-based approach for the adoption and use of cloud services by the U.S. federal government. FedRAMP empowers federal agencies to use modern cloud technologies, with an emphasis on the security and protection of federal information.;735291151388;ap-southeast-1;2026-07-10 18:08:16.187152;au-12-a-c;The information system: a. Provides audit record generation capability for the auditable events defined in AU-2 a. at all information system and network components where audit capability is deployed/available c. Generates audit records for the events defined in AU-2 d. with the content defined in AU-3.;Audit and Accountability (AU);Audit Generation (AU-12);;aws;;FAIL;No CloudTrail trails enabled with logging were found.;arn:aws:cloudtrail:ap-southeast-1:735291151388:trail;cloudtrail_multi_region_enabled;False;735291151388;FedRamp-Moderate-Revision-4;FedRAMP Moderate Revision 4;
aws;The Federal Risk and Authorization Management Program (FedRAMP) was established in 2011. It provides a cost-effective, risk-based approach for the adoption and use of cloud services by the U.S. federal government. FedRAMP empowers federal agencies to use modern cloud technologies, with an emphasis on the security and protection of federal information.;735291151388;ap-southeast-1;2026-07-10 18:08:16.187152;ca-7-a-b;"The organization develops a continuous monitoring strategy and implements a continuous monitoring program that includes: a. Establishment of [Assignment: organization-defined metrics] to be monitored; b. Establishment of [Assignment: organization-defined frequencies] for monitoring and [Assignment: organization-defined frequencies] for assessments supporting such monitoring.";Security Assessment And Authorization (CA);Continuous Monitoring (CA-7);;aws;;FAIL;No CloudTrail trails enabled with logging were found.;arn:aws:cloudtrail:ap-southeast-1:735291151388:trail;cloudtrail_multi_region_enabled;False;735291151388;FedRamp-Moderate-Revision-4;FedRAMP Moderate Revision 4;
aws;The Federal Risk and Authorization Management Program (FedRAMP) was established in 2011. It provides a cost-effective, risk-based approach for the adoption and use of cloud services by the U.S. federal government. FedRAMP empowers federal agencies to use modern cloud technologies, with an emphasis on the security and protection of federal information.;735291151388;ap-southeast-1;2026-07-10 18:08:16.187152;si-4-16;The organization correlates information from monitoring tools employed throughout the information system.;System and Information Integrity (SI);Information System Monitoring (SI-4);;aws;;FAIL;No CloudTrail trails enabled with logging were found.;arn:aws:cloudtrail:ap-southeast-1:735291151388:trail;cloudtrail_multi_region_enabled;False;735291151388;FedRamp-Moderate-Revision-4;FedRAMP Moderate Revision 4;
aws;The Federal Risk and Authorization Management Program (FedRAMP) was established in 2011. It provides a cost-effective, risk-based approach for the adoption and use of cloud services by the U.S. federal government. FedRAMP empowers federal agencies to use modern cloud technologies, with an emphasis on the security and protection of federal information.;735291151388;ap-southeast-1;2026-07-10 18:08:16.187152;si-4-2;The organization employs automated tools to support near real-time analysis of events.;System and Information Integrity (SI);Information System Monitoring (SI-4);;aws;;FAIL;No CloudTrail trails enabled with logging were found.;arn:aws:cloudtrail:ap-southeast-1:735291151388:trail;cloudtrail_multi_region_enabled;False;735291151388;FedRamp-Moderate-Revision-4;FedRAMP Moderate Revision 4;
aws;The Federal Risk and Authorization Management Program (FedRAMP) was established in 2011. It provides a cost-effective, risk-based approach for the adoption and use of cloud services by the U.S. federal government. FedRAMP empowers federal agencies to use modern cloud technologies, with an emphasis on the security and protection of federal information.;735291151388;ap-southeast-1;2026-07-10 18:08:16.187152;si-4-4;The information system monitors inbound and outbound communications traffic continuously for unusual or unauthorized activities or conditions.;System and Information Integrity (SI);Information System Monitoring (SI-4);;aws;;FAIL;No CloudTrail trails enabled with logging were found.;arn:aws:cloudtrail:ap-southeast-1:735291151388:trail;cloudtrail_multi_region_enabled;False;735291151388;FedRamp-Moderate-Revision-4;FedRAMP Moderate Revision 4;
aws;The Federal Risk and Authorization Management Program (FedRAMP) was established in 2011. It provides a cost-effective, risk-based approach for the adoption and use of cloud services by the U.S. federal government. FedRAMP empowers federal agencies to use modern cloud technologies, with an emphasis on the security and protection of federal information.;735291151388;ap-southeast-1;2026-07-10 18:08:16.187152;si-4-5;The information system alerts organization-defined personnel or roles when the following indications of compromise or potential compromise occur: [Assignment: organization-defined compromise indicators].;System and Information Integrity (SI);Information System Monitoring (SI-4);;aws;;FAIL;No CloudTrail trails enabled with logging were found.;arn:aws:cloudtrail:ap-southeast-1:735291151388:trail;cloudtrail_multi_region_enabled;False;735291151388;FedRamp-Moderate-Revision-4;FedRAMP Moderate Revision 4;
aws;The Federal Risk and Authorization Management Program (FedRAMP) was established in 2011. It provides a cost-effective, risk-based approach for the adoption and use of cloud services by the U.S. federal government. FedRAMP empowers federal agencies to use modern cloud technologies, with an emphasis on the security and protection of federal information.;735291151388;ap-southeast-2;2026-07-10 18:08:16.187152;ac-2-4;The information system automatically audits account creation, modification, enabling, disabling, and removal actions, and notifies [Assignment: organization-defined personnel or roles].;Access Control (AC);Account Management (AC-2);;aws;;FAIL;No CloudTrail trails enabled with logging were found.;arn:aws:cloudtrail:ap-southeast-2:735291151388:trail;cloudtrail_multi_region_enabled;False;735291151388;FedRamp-Moderate-Revision-4;FedRAMP Moderate Revision 4;
aws;The Federal Risk and Authorization Management Program (FedRAMP) was established in 2011. It provides a cost-effective, risk-based approach for the adoption and use of cloud services by the U.S. federal government. FedRAMP empowers federal agencies to use modern cloud technologies, with an emphasis on the security and protection of federal information.;735291151388;ap-southeast-2;2026-07-10 18:08:16.187152;ac-2-g;The organization: g. Monitors the use of information system accounts.;Access Control (AC);Account Management (AC-2);;aws;;FAIL;No CloudTrail trails enabled with logging were found.;arn:aws:cloudtrail:ap-southeast-2:735291151388:trail;cloudtrail_multi_region_enabled;False;735291151388;FedRamp-Moderate-Revision-4;FedRAMP Moderate Revision 4;
aws;The Federal Risk and Authorization Management Program (FedRAMP) was established in 2011. It provides a cost-effective, risk-based approach for the adoption and use of cloud services by the U.S. federal government. FedRAMP empowers federal agencies to use modern cloud technologies, with an emphasis on the security and protection of federal information.;735291151388;ap-southeast-2;2026-07-10 18:08:16.187152;au-2-a-d;The organization: a. Determines that the information system is capable of auditing the following events: Successful and unsuccessful account logon events, account management events, object access, policy change, privilege functions, process tracking, and system events. For Web applications: all administrator activity, authentication checks, authorization checks, data deletions, data access, data changes, and permission changes. d. Determines that the following events are to be audited within the information system: [organization-defined subset of the auditable events defined in AU-2 a to be audited continually for each identified event].;Audit and Accountability (AU);Audit Events (AU-2);;aws;;FAIL;No CloudTrail trails enabled with logging were found.;arn:aws:cloudtrail:ap-southeast-2:735291151388:trail;cloudtrail_multi_region_enabled;False;735291151388;FedRamp-Moderate-Revision-4;FedRAMP Moderate Revision 4;
aws;The Federal Risk and Authorization Management Program (FedRAMP) was established in 2011. It provides a cost-effective, risk-based approach for the adoption and use of cloud services by the U.S. federal government. FedRAMP empowers federal agencies to use modern cloud technologies, with an emphasis on the security and protection of federal information.;735291151388;ap-southeast-2;2026-07-10 18:08:16.187152;au-3;The information system generates audit records containing information that establishes what type of event occurred, when the event occurred, where the event occurred, the source of the event, the outcome of the event, and the identity of any individuals or subjects associated with the event.;Audit and Accountability (AU);;;aws;;FAIL;No CloudTrail trails enabled with logging were found.;arn:aws:cloudtrail:ap-southeast-2:735291151388:trail;cloudtrail_multi_region_enabled;False;735291151388;FedRamp-Moderate-Revision-4;FedRAMP Moderate Revision 4;
aws;The Federal Risk and Authorization Management Program (FedRAMP) was established in 2011. It provides a cost-effective, risk-based approach for the adoption and use of cloud services by the U.S. federal government. FedRAMP empowers federal agencies to use modern cloud technologies, with an emphasis on the security and protection of federal information.;735291151388;ap-southeast-2;2026-07-10 18:08:16.187152;au-6-1-3;(1) The organization employs automated mechanisms to integrate audit review, analysis, and reporting processes to support organizational processes for investigation and response to suspicious activities. (3) The organization analyzes and correlates audit records across different repositories to gain organization-wide situational awareness.;Audit and Accountability (AU);Audit Review, Analysis And Reporting (AU-6);;aws;;FAIL;No CloudTrail trails enabled with logging were found.;arn:aws:cloudtrail:ap-southeast-2:735291151388:trail;cloudtrail_multi_region_enabled;False;735291151388;FedRamp-Moderate-Revision-4;FedRAMP Moderate Revision 4;
aws;The Federal Risk and Authorization Management Program (FedRAMP) was established in 2011. It provides a cost-effective, risk-based approach for the adoption and use of cloud services by the U.S. federal government. FedRAMP empowers federal agencies to use modern cloud technologies, with an emphasis on the security and protection of federal information.;735291151388;ap-southeast-2;2026-07-10 18:08:16.187152;au-12-a-c;The information system: a. Provides audit record generation capability for the auditable events defined in AU-2 a. at all information system and network components where audit capability is deployed/available c. Generates audit records for the events defined in AU-2 d. with the content defined in AU-3.;Audit and Accountability (AU);Audit Generation (AU-12);;aws;;FAIL;No CloudTrail trails enabled with logging were found.;arn:aws:cloudtrail:ap-southeast-2:735291151388:trail;cloudtrail_multi_region_enabled;False;735291151388;FedRamp-Moderate-Revision-4;FedRAMP Moderate Revision 4;
aws;The Federal Risk and Authorization Management Program (FedRAMP) was established in 2011. It provides a cost-effective, risk-based approach for the adoption and use of cloud services by the U.S. federal government. FedRAMP empowers federal agencies to use modern cloud technologies, with an emphasis on the security and protection of federal information.;735291151388;ap-southeast-2;2026-07-10 18:08:16.187152;ca-7-a-b;"The organization develops a continuous monitoring strategy and implements a continuous monitoring program that includes: a. Establishment of [Assignment: organization-defined metrics] to be monitored; b. Establishment of [Assignment: organization-defined frequencies] for monitoring and [Assignment: organization-defined frequencies] for assessments supporting such monitoring.";Security Assessment And Authorization (CA);Continuous Monitoring (CA-7);;aws;;FAIL;No CloudTrail trails enabled with logging were found.;arn:aws:cloudtrail:ap-southeast-2:735291151388:trail;cloudtrail_multi_region_enabled;False;735291151388;FedRamp-Moderate-Revision-4;FedRAMP Moderate Revision 4;
aws;The Federal Risk and Authorization Management Program (FedRAMP) was established in 2011. It provides a cost-effective, risk-based approach for the adoption and use of cloud services by the U.S. federal government. FedRAMP empowers federal agencies to use modern cloud technologies, with an emphasis on the security and protection of federal information.;735291151388;ap-southeast-2;2026-07-10 18:08:16.187152;si-4-16;The organization correlates information from monitoring tools employed throughout the information system.;System and Information Integrity (SI);Information System Monitoring (SI-4);;aws;;FAIL;No CloudTrail trails enabled with logging were found.;arn:aws:cloudtrail:ap-southeast-2:735291151388:trail;cloudtrail_multi_region_enabled;False;735291151388;FedRamp-Moderate-Revision-4;FedRAMP Moderate Revision 4;
aws;The Federal Risk and Authorization Management Program (FedRAMP) was established in 2011. It provides a cost-effective, risk-based approach for the adoption and use of cloud services by the U.S. federal government. FedRAMP empowers federal agencies to use modern cloud technologies, with an emphasis on the security and protection of federal information.;735291151388;ap-southeast-2;2026-07-10 18:08:16.187152;si-4-2;The organization employs automated tools to support near real-time analysis of events.;System and Information Integrity (SI);Information System Monitoring (SI-4);;aws;;FAIL;No CloudTrail trails enabled with logging were found.;arn:aws:cloudtrail:ap-southeast-2:735291151388:trail;cloudtrail_multi_region_enabled;False;735291151388;FedRamp-Moderate-Revision-4;FedRAMP Moderate Revision 4;
aws;The Federal Risk and Authorization Management Program (FedRAMP) was established in 2011. It provides a cost-effective, risk-based approach for the adoption and use of cloud services by the U.S. federal government. FedRAMP empowers federal agencies to use modern cloud technologies, with an emphasis on the security and protection of federal information.;735291151388;ap-southeast-2;2026-07-10 18:08:16.187152;si-4-4;The information system monitors inbound and outbound communications traffic continuously for unusual or unauthorized activities or conditions.;System and Information Integrity (SI);Information System Monitoring (SI-4);;aws;;FAIL;No CloudTrail trails enabled with logging were found.;arn:aws:cloudtrail:ap-southeast-2:735291151388:trail;cloudtrail_multi_region_enabled;False;735291151388;FedRamp-Moderate-Revision-4;FedRAMP Moderate Revision 4;
aws;The Federal Risk and Authorization Management Program (FedRAMP) was established in 2011. It provides a cost-effective, risk-based approach for the adoption and use of cloud services by the U.S. federal government. FedRAMP empowers federal agencies to use modern cloud technologies, with an emphasis on the security and protection of federal information.;735291151388;ap-southeast-2;2026-07-10 18:08:16.187152;si-4-5;The information system alerts organization-defined personnel or roles when the following indications of compromise or potential compromise occur: [Assignment: organization-defined compromise indicators].;System and Information Integrity (SI);Information System Monitoring (SI-4);;aws;;FAIL;No CloudTrail trails enabled with logging were found.;arn:aws:cloudtrail:ap-southeast-2:735291151388:trail;cloudtrail_multi_region_enabled;False;735291151388;FedRamp-Moderate-Revision-4;FedRAMP Moderate Revision 4;
aws;The Federal Risk and Authorization Management Program (FedRAMP) was established in 2011. It provides a cost-effective, risk-based approach for the adoption and use of cloud services by the U.S. federal government. FedRAMP empowers federal agencies to use modern cloud technologies, with an emphasis on the security and protection of federal information.;735291151388;ca-central-1;2026-07-10 18:08:16.187152;ac-2-4;The information system automatically audits account creation, modification, enabling, disabling, and removal actions, and notifies [Assignment: organization-defined personnel or roles].;Access Control (AC);Account Management (AC-2);;aws;;FAIL;No CloudTrail trails enabled with logging were found.;arn:aws:cloudtrail:ca-central-1:735291151388:trail;cloudtrail_multi_region_enabled;False;735291151388;FedRamp-Moderate-Revision-4;FedRAMP Moderate Revision 4;
aws;The Federal Risk and Authorization Management Program (FedRAMP) was established in 2011. It provides a cost-effective, risk-based approach for the adoption and use of cloud services by the U.S. federal government. FedRAMP empowers federal agencies to use modern cloud technologies, with an emphasis on the security and protection of federal information.;735291151388;ca-central-1;2026-07-10 18:08:16.187152;ac-2-g;The organization: g. Monitors the use of information system accounts.;Access Control (AC);Account Management (AC-2);;aws;;FAIL;No CloudTrail trails enabled with logging were found.;arn:aws:cloudtrail:ca-central-1:735291151388:trail;cloudtrail_multi_region_enabled;False;735291151388;FedRamp-Moderate-Revision-4;FedRAMP Moderate Revision 4;
aws;The Federal Risk and Authorization Management Program (FedRAMP) was established in 2011. It provides a cost-effective, risk-based approach for the adoption and use of cloud services by the U.S. federal government. FedRAMP empowers federal agencies to use modern cloud technologies, with an emphasis on the security and protection of federal information.;735291151388;ca-central-1;2026-07-10 18:08:16.187152;au-2-a-d;The organization: a. Determines that the information system is capable of auditing the following events: Successful and unsuccessful account logon events, account management events, object access, policy change, privilege functions, process tracking, and system events. For Web applications: all administrator activity, authentication checks, authorization checks, data deletions, data access, data changes, and permission changes. d. Determines that the following events are to be audited within the information system: [organization-defined subset of the auditable events defined in AU-2 a to be audited continually for each identified event].;Audit and Accountability (AU);Audit Events (AU-2);;aws;;FAIL;No CloudTrail trails enabled with logging were found.;arn:aws:cloudtrail:ca-central-1:735291151388:trail;cloudtrail_multi_region_enabled;False;735291151388;FedRamp-Moderate-Revision-4;FedRAMP Moderate Revision 4;
aws;The Federal Risk and Authorization Management Program (FedRAMP) was established in 2011. It provides a cost-effective, risk-based approach for the adoption and use of cloud services by the U.S. federal government. FedRAMP empowers federal agencies to use modern cloud technologies, with an emphasis on the security and protection of federal information.;735291151388;ca-central-1;2026-07-10 18:08:16.187152;au-3;The information system generates audit records containing information that establishes what type of event occurred, when the event occurred, where the event occurred, the source of the event, the outcome of the event, and the identity of any individuals or subjects associated with the event.;Audit and Accountability (AU);;;aws;;FAIL;No CloudTrail trails enabled with logging were found.;arn:aws:cloudtrail:ca-central-1:735291151388:trail;cloudtrail_multi_region_enabled;False;735291151388;FedRamp-Moderate-Revision-4;FedRAMP Moderate Revision 4;
aws;The Federal Risk and Authorization Management Program (FedRAMP) was established in 2011. It provides a cost-effective, risk-based approach for the adoption and use of cloud services by the U.S. federal government. FedRAMP empowers federal agencies to use modern cloud technologies, with an emphasis on the security and protection of federal information.;735291151388;ca-central-1;2026-07-10 18:08:16.187152;au-6-1-3;(1) The organization employs automated mechanisms to integrate audit review, analysis, and reporting processes to support organizational processes for investigation and response to suspicious activities. (3) The organization analyzes and correlates audit records across different repositories to gain organization-wide situational awareness.;Audit and Accountability (AU);Audit Review, Analysis And Reporting (AU-6);;aws;;FAIL;No CloudTrail trails enabled with logging were found.;arn:aws:cloudtrail:ca-central-1:735291151388:trail;cloudtrail_multi_region_enabled;False;735291151388;FedRamp-Moderate-Revision-4;FedRAMP Moderate Revision 4;
aws;The Federal Risk and Authorization Management Program (FedRAMP) was established in 2011. It provides a cost-effective, risk-based approach for the adoption and use of cloud services by the U.S. federal government. FedRAMP empowers federal agencies to use modern cloud technologies, with an emphasis on the security and protection of federal information.;735291151388;ca-central-1;2026-07-10 18:08:16.187152;au-12-a-c;The information system: a. Provides audit record generation capability for the auditable events defined in AU-2 a. at all information system and network components where audit capability is deployed/available c. Generates audit records for the events defined in AU-2 d. with the content defined in AU-3.;Audit and Accountability (AU);Audit Generation (AU-12);;aws;;FAIL;No CloudTrail trails enabled with logging were found.;arn:aws:cloudtrail:ca-central-1:735291151388:trail;cloudtrail_multi_region_enabled;False;735291151388;FedRamp-Moderate-Revision-4;FedRAMP Moderate Revision 4;
aws;The Federal Risk and Authorization Management Program (FedRAMP) was established in 2011. It provides a cost-effective, risk-based approach for the adoption and use of cloud services by the U.S. federal government. FedRAMP empowers federal agencies to use modern cloud technologies, with an emphasis on the security and protection of federal information.;735291151388;ca-central-1;2026-07-10 18:08:16.187152;ca-7-a-b;"The organization develops a continuous monitoring strategy and implements a continuous monitoring program that includes: a. Establishment of [Assignment: organization-defined metrics] to be monitored; b. Establishment of [Assignment: organization-defined frequencies] for monitoring and [Assignment: organization-defined frequencies] for assessments supporting such monitoring.";Security Assessment And Authorization (CA);Continuous Monitoring (CA-7);;aws;;FAIL;No CloudTrail trails enabled with logging were found.;arn:aws:cloudtrail:ca-central-1:735291151388:trail;cloudtrail_multi_region_enabled;False;735291151388;FedRamp-Moderate-Revision-4;FedRAMP Moderate Revision 4;
aws;The Federal Risk and Authorization Management Program (FedRAMP) was established in 2011. It provides a cost-effective, risk-based approach for the adoption and use of cloud services by the U.S. federal government. FedRAMP empowers federal agencies to use modern cloud technologies, with an emphasis on the security and protection of federal information.;735291151388;ca-central-1;2026-07-10 18:08:16.187152;si-4-16;The organization correlates information from monitoring tools employed throughout the information system.;System and Information Integrity (SI);Information System Monitoring (SI-4);;aws;;FAIL;No CloudTrail trails enabled with logging were found.;arn:aws:cloudtrail:ca-central-1:735291151388:trail;cloudtrail_multi_region_enabled;False;735291151388;FedRamp-Moderate-Revision-4;FedRAMP Moderate Revision 4;
aws;The Federal Risk and Authorization Management Program (FedRAMP) was established in 2011. It provides a cost-effective, risk-based approach for the adoption and use of cloud services by the U.S. federal government. FedRAMP empowers federal agencies to use modern cloud technologies, with an emphasis on the security and protection of federal information.;735291151388;ca-central-1;2026-07-10 18:08:16.187152;si-4-2;The organization employs automated tools to support near real-time analysis of events.;System and Information Integrity (SI);Information System Monitoring (SI-4);;aws;;FAIL;No CloudTrail trails enabled with logging were found.;arn:aws:cloudtrail:ca-central-1:735291151388:trail;cloudtrail_multi_region_enabled;False;735291151388;FedRamp-Moderate-Revision-4;FedRAMP Moderate Revision 4;
aws;The Federal Risk and Authorization Management Program (FedRAMP) was established in 2011. It provides a cost-effective, risk-based approach for the adoption and use of cloud services by the U.S. federal government. FedRAMP empowers federal agencies to use modern cloud technologies, with an emphasis on the security and protection of federal information.;735291151388;ca-central-1;2026-07-10 18:08:16.187152;si-4-4;The information system monitors inbound and outbound communications traffic continuously for unusual or unauthorized activities or conditions.;System and Information Integrity (SI);Information System Monitoring (SI-4);;aws;;FAIL;No CloudTrail trails enabled with logging were found.;arn:aws:cloudtrail:ca-central-1:735291151388:trail;cloudtrail_multi_region_enabled;False;735291151388;FedRamp-Moderate-Revision-4;FedRAMP Moderate Revision 4;
aws;The Federal Risk and Authorization Management Program (FedRAMP) was established in 2011. It provides a cost-effective, risk-based approach for the adoption and use of cloud services by the U.S. federal government. FedRAMP empowers federal agencies to use modern cloud technologies, with an emphasis on the security and protection of federal information.;735291151388;ca-central-1;2026-07-10 18:08:16.187152;si-4-5;The information system alerts organization-defined personnel or roles when the following indications of compromise or potential compromise occur: [Assignment: organization-defined compromise indicators].;System and Information Integrity (SI);Information System Monitoring (SI-4);;aws;;FAIL;No CloudTrail trails enabled with logging were found.;arn:aws:cloudtrail:ca-central-1:735291151388:trail;cloudtrail_multi_region_enabled;False;735291151388;FedRamp-Moderate-Revision-4;FedRAMP Moderate Revision 4;
aws;The Federal Risk and Authorization Management Program (FedRAMP) was established in 2011. It provides a cost-effective, risk-based approach for the adoption and use of cloud services by the U.S. federal government. FedRAMP empowers federal agencies to use modern cloud technologies, with an emphasis on the security and protection of federal information.;735291151388;eu-central-1;2026-07-10 18:08:16.187152;ac-2-4;The information system automatically audits account creation, modification, enabling, disabling, and removal actions, and notifies [Assignment: organization-defined personnel or roles].;Access Control (AC);Account Management (AC-2);;aws;;FAIL;No CloudTrail trails enabled with logging were found.;arn:aws:cloudtrail:eu-central-1:735291151388:trail;cloudtrail_multi_region_enabled;False;735291151388;FedRamp-Moderate-Revision-4;FedRAMP Moderate Revision 4;
aws;The Federal Risk and Authorization Management Program (FedRAMP) was established in 2011. It provides a cost-effective, risk-based approach for the adoption and use of cloud services by the U.S. federal government. FedRAMP empowers federal agencies to use modern cloud technologies, with an emphasis on the security and protection of federal information.;735291151388;eu-central-1;2026-07-10 18:08:16.187152;ac-2-g;The organization: g. Monitors the use of information system accounts.;Access Control (AC);Account Management (AC-2);;aws;;FAIL;No CloudTrail trails enabled with logging were found.;arn:aws:cloudtrail:eu-central-1:735291151388:trail;cloudtrail_multi_region_enabled;False;735291151388;FedRamp-Moderate-Revision-4;FedRAMP Moderate Revision 4;
aws;The Federal Risk and Authorization Management Program (FedRAMP) was established in 2011. It provides a cost-effective, risk-based approach for the adoption and use of cloud services by the U.S. federal government. FedRAMP empowers federal agencies to use modern cloud technologies, with an emphasis on the security and protection of federal information.;735291151388;eu-central-1;2026-07-10 18:08:16.187152;au-2-a-d;The organization: a. Determines that the information system is capable of auditing the following events: Successful and unsuccessful account logon events, account management events, object access, policy change, privilege functions, process tracking, and system events. For Web applications: all administrator activity, authentication checks, authorization checks, data deletions, data access, data changes, and permission changes. d. Determines that the following events are to be audited within the information system: [organization-defined subset of the auditable events defined in AU-2 a to be audited continually for each identified event].;Audit and Accountability (AU);Audit Events (AU-2);;aws;;FAIL;No CloudTrail trails enabled with logging were found.;arn:aws:cloudtrail:eu-central-1:735291151388:trail;cloudtrail_multi_region_enabled;False;735291151388;FedRamp-Moderate-Revision-4;FedRAMP Moderate Revision 4;
aws;The Federal Risk and Authorization Management Program (FedRAMP) was established in 2011. It provides a cost-effective, risk-based approach for the adoption and use of cloud services by the U.S. federal government. FedRAMP empowers federal agencies to use modern cloud technologies, with an emphasis on the security and protection of federal information.;735291151388;eu-central-1;2026-07-10 18:08:16.187152;au-3;The information system generates audit records containing information that establishes what type of event occurred, when the event occurred, where the event occurred, the source of the event, the outcome of the event, and the identity of any individuals or subjects associated with the event.;Audit and Accountability (AU);;;aws;;FAIL;No CloudTrail trails enabled with logging were found.;arn:aws:cloudtrail:eu-central-1:735291151388:trail;cloudtrail_multi_region_enabled;False;735291151388;FedRamp-Moderate-Revision-4;FedRAMP Moderate Revision 4;
aws;The Federal Risk and Authorization Management Program (FedRAMP) was established in 2011. It provides a cost-effective, risk-based approach for the adoption and use of cloud services by the U.S. federal government. FedRAMP empowers federal agencies to use modern cloud technologies, with an emphasis on the security and protection of federal information.;735291151388;eu-central-1;2026-07-10 18:08:16.187152;au-6-1-3;(1) The organization employs automated mechanisms to integrate audit review, analysis, and reporting processes to support organizational processes for investigation and response to suspicious activities. (3) The organization analyzes and correlates audit records across different repositories to gain organization-wide situational awareness.;Audit and Accountability (AU);Audit Review, Analysis And Reporting (AU-6);;aws;;FAIL;No CloudTrail trails enabled with logging were found.;arn:aws:cloudtrail:eu-central-1:735291151388:trail;cloudtrail_multi_region_enabled;False;735291151388;FedRamp-Moderate-Revision-4;FedRAMP Moderate Revision 4;
aws;The Federal Risk and Authorization Management Program (FedRAMP) was established in 2011. It provides a cost-effective, risk-based approach for the adoption and use of cloud services by the U.S. federal government. FedRAMP empowers federal agencies to use modern cloud technologies, with an emphasis on the security and protection of federal information.;735291151388;eu-central-1;2026-07-10 18:08:16.187152;au-12-a-c;The information system: a. Provides audit record generation capability for the auditable events defined in AU-2 a. at all information system and network components where audit capability is deployed/available c. Generates audit records for the events defined in AU-2 d. with the content defined in AU-3.;Audit and Accountability (AU);Audit Generation (AU-12);;aws;;FAIL;No CloudTrail trails enabled with logging were found.;arn:aws:cloudtrail:eu-central-1:735291151388:trail;cloudtrail_multi_region_enabled;False;735291151388;FedRamp-Moderate-Revision-4;FedRAMP Moderate Revision 4;
aws;The Federal Risk and Authorization Management Program (FedRAMP) was established in 2011. It provides a cost-effective, risk-based approach for the adoption and use of cloud services by the U.S. federal government. FedRAMP empowers federal agencies to use modern cloud technologies, with an emphasis on the security and protection of federal information.;735291151388;eu-central-1;2026-07-10 18:08:16.187152;ca-7-a-b;"The organization develops a continuous monitoring strategy and implements a continuous monitoring program that includes: a. Establishment of [Assignment: organization-defined metrics] to be monitored; b. Establishment of [Assignment: organization-defined frequencies] for monitoring and [Assignment: organization-defined frequencies] for assessments supporting such monitoring.";Security Assessment And Authorization (CA);Continuous Monitoring (CA-7);;aws;;FAIL;No CloudTrail trails enabled with logging were found.;arn:aws:cloudtrail:eu-central-1:735291151388:trail;cloudtrail_multi_region_enabled;False;735291151388;FedRamp-Moderate-Revision-4;FedRAMP Moderate Revision 4;
aws;The Federal Risk and Authorization Management Program (FedRAMP) was established in 2011. It provides a cost-effective, risk-based approach for the adoption and use of cloud services by the U.S. federal government. FedRAMP empowers federal agencies to use modern cloud technologies, with an emphasis on the security and protection of federal information.;735291151388;eu-central-1;2026-07-10 18:08:16.187152;si-4-16;The organization correlates information from monitoring tools employed throughout the information system.;System and Information Integrity (SI);Information System Monitoring (SI-4);;aws;;FAIL;No CloudTrail trails enabled with logging were found.;arn:aws:cloudtrail:eu-central-1:735291151388:trail;cloudtrail_multi_region_enabled;False;735291151388;FedRamp-Moderate-Revision-4;FedRAMP Moderate Revision 4;
aws;The Federal Risk and Authorization Management Program (FedRAMP) was established in 2011. It provides a cost-effective, risk-based approach for the adoption and use of cloud services by the U.S. federal government. FedRAMP empowers federal agencies to use modern cloud technologies, with an emphasis on the security and protection of federal information.;735291151388;eu-central-1;2026-07-10 18:08:16.187152;si-4-2;The organization employs automated tools to support near real-time analysis of events.;System and Information Integrity (SI);Information System Monitoring (SI-4);;aws;;FAIL;No CloudTrail trails enabled with logging were found.;arn:aws:cloudtrail:eu-central-1:735291151388:trail;cloudtrail_multi_region_enabled;False;735291151388;FedRamp-Moderate-Revision-4;FedRAMP Moderate Revision 4;
aws;The Federal Risk and Authorization Management Program (FedRAMP) was established in 2011. It provides a cost-effective, risk-based approach for the adoption and use of cloud services by the U.S. federal government. FedRAMP empowers federal agencies to use modern cloud technologies, with an emphasis on the security and protection of federal information.;735291151388;eu-central-1;2026-07-10 18:08:16.187152;si-4-4;The information system monitors inbound and outbound communications traffic continuously for unusual or unauthorized activities or conditions.;System and Information Integrity (SI);Information System Monitoring (SI-4);;aws;;FAIL;No CloudTrail trails enabled with logging were found.;arn:aws:cloudtrail:eu-central-1:735291151388:trail;cloudtrail_multi_region_enabled;False;735291151388;FedRamp-Moderate-Revision-4;FedRAMP Moderate Revision 4;
aws;The Federal Risk and Authorization Management Program (FedRAMP) was established in 2011. It provides a cost-effective, risk-based approach for the adoption and use of cloud services by the U.S. federal government. FedRAMP empowers federal agencies to use modern cloud technologies, with an emphasis on the security and protection of federal information.;735291151388;eu-central-1;2026-07-10 18:08:16.187152;si-4-5;The information system alerts organization-defined personnel or roles when the following indications of compromise or potential compromise occur: [Assignment: organization-defined compromise indicators].;System and Information Integrity (SI);Information System Monitoring (SI-4);;aws;;FAIL;No CloudTrail trails enabled with logging were found.;arn:aws:cloudtrail:eu-central-1:735291151388:trail;cloudtrail_multi_region_enabled;False;735291151388;FedRamp-Moderate-Revision-4;FedRAMP Moderate Revision 4;
aws;The Federal Risk and Authorization Management Program (FedRAMP) was established in 2011. It provides a cost-effective, risk-based approach for the adoption and use of cloud services by the U.S. federal government. FedRAMP empowers federal agencies to use modern cloud technologies, with an emphasis on the security and protection of federal information.;735291151388;eu-north-1;2026-07-10 18:08:16.187152;ac-2-4;The information system automatically audits account creation, modification, enabling, disabling, and removal actions, and notifies [Assignment: organization-defined personnel or roles].;Access Control (AC);Account Management (AC-2);;aws;;FAIL;No CloudTrail trails enabled with logging were found.;arn:aws:cloudtrail:eu-north-1:735291151388:trail;cloudtrail_multi_region_enabled;False;735291151388;FedRamp-Moderate-Revision-4;FedRAMP Moderate Revision 4;
aws;The Federal Risk and Authorization Management Program (FedRAMP) was established in 2011. It provides a cost-effective, risk-based approach for the adoption and use of cloud services by the U.S. federal government. FedRAMP empowers federal agencies to use modern cloud technologies, with an emphasis on the security and protection of federal information.;735291151388;eu-north-1;2026-07-10 18:08:16.187152;ac-2-g;The organization: g. Monitors the use of information system accounts.;Access Control (AC);Account Management (AC-2);;aws;;FAIL;No CloudTrail trails enabled with logging were found.;arn:aws:cloudtrail:eu-north-1:735291151388:trail;cloudtrail_multi_region_enabled;False;735291151388;FedRamp-Moderate-Revision-4;FedRAMP Moderate Revision 4;
aws;The Federal Risk and Authorization Management Program (FedRAMP) was established in 2011. It provides a cost-effective, risk-based approach for the adoption and use of cloud services by the U.S. federal government. FedRAMP empowers federal agencies to use modern cloud technologies, with an emphasis on the security and protection of federal information.;735291151388;eu-north-1;2026-07-10 18:08:16.187152;au-2-a-d;The organization: a. Determines that the information system is capable of auditing the following events: Successful and unsuccessful account logon events, account management events, object access, policy change, privilege functions, process tracking, and system events. For Web applications: all administrator activity, authentication checks, authorization checks, data deletions, data access, data changes, and permission changes. d. Determines that the following events are to be audited within the information system: [organization-defined subset of the auditable events defined in AU-2 a to be audited continually for each identified event].;Audit and Accountability (AU);Audit Events (AU-2);;aws;;FAIL;No CloudTrail trails enabled with logging were found.;arn:aws:cloudtrail:eu-north-1:735291151388:trail;cloudtrail_multi_region_enabled;False;735291151388;FedRamp-Moderate-Revision-4;FedRAMP Moderate Revision 4;
aws;The Federal Risk and Authorization Management Program (FedRAMP) was established in 2011. It provides a cost-effective, risk-based approach for the adoption and use of cloud services by the U.S. federal government. FedRAMP empowers federal agencies to use modern cloud technologies, with an emphasis on the security and protection of federal information.;735291151388;eu-north-1;2026-07-10 18:08:16.187152;au-3;The information system generates audit records containing information that establishes what type of event occurred, when the event occurred, where the event occurred, the source of the event, the outcome of the event, and the identity of any individuals or subjects associated with the event.;Audit and Accountability (AU);;;aws;;FAIL;No CloudTrail trails enabled with logging were found.;arn:aws:cloudtrail:eu-north-1:735291151388:trail;cloudtrail_multi_region_enabled;False;735291151388;FedRamp-Moderate-Revision-4;FedRAMP Moderate Revision 4;
aws;The Federal Risk and Authorization Management Program (FedRAMP) was established in 2011. It provides a cost-effective, risk-based approach for the adoption and use of cloud services by the U.S. federal government. FedRAMP empowers federal agencies to use modern cloud technologies, with an emphasis on the security and protection of federal information.;735291151388;eu-north-1;2026-07-10 18:08:16.187152;au-6-1-3;(1) The organization employs automated mechanisms to integrate audit review, analysis, and reporting processes to support organizational processes for investigation and response to suspicious activities. (3) The organization analyzes and correlates audit records across different repositories to gain organization-wide situational awareness.;Audit and Accountability (AU);Audit Review, Analysis And Reporting (AU-6);;aws;;FAIL;No CloudTrail trails enabled with logging were found.;arn:aws:cloudtrail:eu-north-1:735291151388:trail;cloudtrail_multi_region_enabled;False;735291151388;FedRamp-Moderate-Revision-4;FedRAMP Moderate Revision 4;
aws;The Federal Risk and Authorization Management Program (FedRAMP) was established in 2011. It provides a cost-effective, risk-based approach for the adoption and use of cloud services by the U.S. federal government. FedRAMP empowers federal agencies to use modern cloud technologies, with an emphasis on the security and protection of federal information.;735291151388;eu-north-1;2026-07-10 18:08:16.187152;au-12-a-c;The information system: a. Provides audit record generation capability for the auditable events defined in AU-2 a. at all information system and network components where audit capability is deployed/available c. Generates audit records for the events defined in AU-2 d. with the content defined in AU-3.;Audit and Accountability (AU);Audit Generation (AU-12);;aws;;FAIL;No CloudTrail trails enabled with logging were found.;arn:aws:cloudtrail:eu-north-1:735291151388:trail;cloudtrail_multi_region_enabled;False;735291151388;FedRamp-Moderate-Revision-4;FedRAMP Moderate Revision 4;
aws;The Federal Risk and Authorization Management Program (FedRAMP) was established in 2011. It provides a cost-effective, risk-based approach for the adoption and use of cloud services by the U.S. federal government. FedRAMP empowers federal agencies to use modern cloud technologies, with an emphasis on the security and protection of federal information.;735291151388;eu-north-1;2026-07-10 18:08:16.187152;ca-7-a-b;"The organization develops a continuous monitoring strategy and implements a continuous monitoring program that includes: a. Establishment of [Assignment: organization-defined metrics] to be monitored; b. Establishment of [Assignment: organization-defined frequencies] for monitoring and [Assignment: organization-defined frequencies] for assessments supporting such monitoring.";Security Assessment And Authorization (CA);Continuous Monitoring (CA-7);;aws;;FAIL;No CloudTrail trails enabled with logging were found.;arn:aws:cloudtrail:eu-north-1:735291151388:trail;cloudtrail_multi_region_enabled;False;735291151388;FedRamp-Moderate-Revision-4;FedRAMP Moderate Revision 4;
aws;The Federal Risk and Authorization Management Program (FedRAMP) was established in 2011. It provides a cost-effective, risk-based approach for the adoption and use of cloud services by the U.S. federal government. FedRAMP empowers federal agencies to use modern cloud technologies, with an emphasis on the security and protection of federal information.;735291151388;eu-north-1;2026-07-10 18:08:16.187152;si-4-16;The organization correlates information from monitoring tools employed throughout the information system.;System and Information Integrity (SI);Information System Monitoring (SI-4);;aws;;FAIL;No CloudTrail trails enabled with logging were found.;arn:aws:cloudtrail:eu-north-1:735291151388:trail;cloudtrail_multi_region_enabled;False;735291151388;FedRamp-Moderate-Revision-4;FedRAMP Moderate Revision 4;
aws;The Federal Risk and Authorization Management Program (FedRAMP) was established in 2011. It provides a cost-effective, risk-based approach for the adoption and use of cloud services by the U.S. federal government. FedRAMP empowers federal agencies to use modern cloud technologies, with an emphasis on the security and protection of federal information.;735291151388;eu-north-1;2026-07-10 18:08:16.187152;si-4-2;The organization employs automated tools to support near real-time analysis of events.;System and Information Integrity (SI);Information System Monitoring (SI-4);;aws;;FAIL;No CloudTrail trails enabled with logging were found.;arn:aws:cloudtrail:eu-north-1:735291151388:trail;cloudtrail_multi_region_enabled;False;735291151388;FedRamp-Moderate-Revision-4;FedRAMP Moderate Revision 4;
aws;The Federal Risk and Authorization Management Program (FedRAMP) was established in 2011. It provides a cost-effective, risk-based approach for the adoption and use of cloud services by the U.S. federal government. FedRAMP empowers federal agencies to use modern cloud technologies, with an emphasis on the security and protection of federal information.;735291151388;eu-north-1;2026-07-10 18:08:16.187152;si-4-4;The information system monitors inbound and outbound communications traffic continuously for unusual or unauthorized activities or conditions.;System and Information Integrity (SI);Information System Monitoring (SI-4);;aws;;FAIL;No CloudTrail trails enabled with logging were found.;arn:aws:cloudtrail:eu-north-1:735291151388:trail;cloudtrail_multi_region_enabled;False;735291151388;FedRamp-Moderate-Revision-4;FedRAMP Moderate Revision 4;
aws;The Federal Risk and Authorization Management Program (FedRAMP) was established in 2011. It provides a cost-effective, risk-based approach for the adoption and use of cloud services by the U.S. federal government. FedRAMP empowers federal agencies to use modern cloud technologies, with an emphasis on the security and protection of federal information.;735291151388;eu-north-1;2026-07-10 18:08:16.187152;si-4-5;The information system alerts organization-defined personnel or roles when the following indications of compromise or potential compromise occur: [Assignment: organization-defined compromise indicators].;System and Information Integrity (SI);Information System Monitoring (SI-4);;aws;;FAIL;No CloudTrail trails enabled with logging were found.;arn:aws:cloudtrail:eu-north-1:735291151388:trail;cloudtrail_multi_region_enabled;False;735291151388;FedRamp-Moderate-Revision-4;FedRAMP Moderate Revision 4;
aws;The Federal Risk and Authorization Management Program (FedRAMP) was established in 2011. It provides a cost-effective, risk-based approach for the adoption and use of cloud services by the U.S. federal government. FedRAMP empowers federal agencies to use modern cloud technologies, with an emphasis on the security and protection of federal information.;735291151388;eu-west-1;2026-07-10 18:08:16.187152;ac-2-4;The information system automatically audits account creation, modification, enabling, disabling, and removal actions, and notifies [Assignment: organization-defined personnel or roles].;Access Control (AC);Account Management (AC-2);;aws;;FAIL;No CloudTrail trails enabled with logging were found.;arn:aws:cloudtrail:eu-west-1:735291151388:trail;cloudtrail_multi_region_enabled;False;735291151388;FedRamp-Moderate-Revision-4;FedRAMP Moderate Revision 4;
aws;The Federal Risk and Authorization Management Program (FedRAMP) was established in 2011. It provides a cost-effective, risk-based approach for the adoption and use of cloud services by the U.S. federal government. FedRAMP empowers federal agencies to use modern cloud technologies, with an emphasis on the security and protection of federal information.;735291151388;eu-west-1;2026-07-10 18:08:16.187152;ac-2-g;The organization: g. Monitors the use of information system accounts.;Access Control (AC);Account Management (AC-2);;aws;;FAIL;No CloudTrail trails enabled with logging were found.;arn:aws:cloudtrail:eu-west-1:735291151388:trail;cloudtrail_multi_region_enabled;False;735291151388;FedRamp-Moderate-Revision-4;FedRAMP Moderate Revision 4;
aws;The Federal Risk and Authorization Management Program (FedRAMP) was established in 2011. It provides a cost-effective, risk-based approach for the adoption and use of cloud services by the U.S. federal government. FedRAMP empowers federal agencies to use modern cloud technologies, with an emphasis on the security and protection of federal information.;735291151388;eu-west-1;2026-07-10 18:08:16.187152;au-2-a-d;The organization: a. Determines that the information system is capable of auditing the following events: Successful and unsuccessful account logon events, account management events, object access, policy change, privilege functions, process tracking, and system events. For Web applications: all administrator activity, authentication checks, authorization checks, data deletions, data access, data changes, and permission changes. d. Determines that the following events are to be audited within the information system: [organization-defined subset of the auditable events defined in AU-2 a to be audited continually for each identified event].;Audit and Accountability (AU);Audit Events (AU-2);;aws;;FAIL;No CloudTrail trails enabled with logging were found.;arn:aws:cloudtrail:eu-west-1:735291151388:trail;cloudtrail_multi_region_enabled;False;735291151388;FedRamp-Moderate-Revision-4;FedRAMP Moderate Revision 4;
aws;The Federal Risk and Authorization Management Program (FedRAMP) was established in 2011. It provides a cost-effective, risk-based approach for the adoption and use of cloud services by the U.S. federal government. FedRAMP empowers federal agencies to use modern cloud technologies, with an emphasis on the security and protection of federal information.;735291151388;eu-west-1;2026-07-10 18:08:16.187152;au-3;The information system generates audit records containing information that establishes what type of event occurred, when the event occurred, where the event occurred, the source of the event, the outcome of the event, and the identity of any individuals or subjects associated with the event.;Audit and Accountability (AU);;;aws;;FAIL;No CloudTrail trails enabled with logging were found.;arn:aws:cloudtrail:eu-west-1:735291151388:trail;cloudtrail_multi_region_enabled;False;735291151388;FedRamp-Moderate-Revision-4;FedRAMP Moderate Revision 4;
aws;The Federal Risk and Authorization Management Program (FedRAMP) was established in 2011. It provides a cost-effective, risk-based approach for the adoption and use of cloud services by the U.S. federal government. FedRAMP empowers federal agencies to use modern cloud technologies, with an emphasis on the security and protection of federal information.;735291151388;eu-west-1;2026-07-10 18:08:16.187152;au-6-1-3;(1) The organization employs automated mechanisms to integrate audit review, analysis, and reporting processes to support organizational processes for investigation and response to suspicious activities. (3) The organization analyzes and correlates audit records across different repositories to gain organization-wide situational awareness.;Audit and Accountability (AU);Audit Review, Analysis And Reporting (AU-6);;aws;;FAIL;No CloudTrail trails enabled with logging were found.;arn:aws:cloudtrail:eu-west-1:735291151388:trail;cloudtrail_multi_region_enabled;False;735291151388;FedRamp-Moderate-Revision-4;FedRAMP Moderate Revision 4;
aws;The Federal Risk and Authorization Management Program (FedRAMP) was established in 2011. It provides a cost-effective, risk-based approach for the adoption and use of cloud services by the U.S. federal government. FedRAMP empowers federal agencies to use modern cloud technologies, with an emphasis on the security and protection of federal information.;735291151388;eu-west-1;2026-07-10 18:08:16.187152;au-12-a-c;The information system: a. Provides audit record generation capability for the auditable events defined in AU-2 a. at all information system and network components where audit capability is deployed/available c. Generates audit records for the events defined in AU-2 d. with the content defined in AU-3.;Audit and Accountability (AU);Audit Generation (AU-12);;aws;;FAIL;No CloudTrail trails enabled with logging were found.;arn:aws:cloudtrail:eu-west-1:735291151388:trail;cloudtrail_multi_region_enabled;False;735291151388;FedRamp-Moderate-Revision-4;FedRAMP Moderate Revision 4;
aws;The Federal Risk and Authorization Management Program (FedRAMP) was established in 2011. It provides a cost-effective, risk-based approach for the adoption and use of cloud services by the U.S. federal government. FedRAMP empowers federal agencies to use modern cloud technologies, with an emphasis on the security and protection of federal information.;735291151388;eu-west-1;2026-07-10 18:08:16.187152;ca-7-a-b;"The organization develops a continuous monitoring strategy and implements a continuous monitoring program that includes: a. Establishment of [Assignment: organization-defined metrics] to be monitored; b. Establishment of [Assignment: organization-defined frequencies] for monitoring and [Assignment: organization-defined frequencies] for assessments supporting such monitoring.";Security Assessment And Authorization (CA);Continuous Monitoring (CA-7);;aws;;FAIL;No CloudTrail trails enabled with logging were found.;arn:aws:cloudtrail:eu-west-1:735291151388:trail;cloudtrail_multi_region_enabled;False;735291151388;FedRamp-Moderate-Revision-4;FedRAMP Moderate Revision 4;
aws;The Federal Risk and Authorization Management Program (FedRAMP) was established in 2011. It provides a cost-effective, risk-based approach for the adoption and use of cloud services by the U.S. federal government. FedRAMP empowers federal agencies to use modern cloud technologies, with an emphasis on the security and protection of federal information.;735291151388;eu-west-1;2026-07-10 18:08:16.187152;si-4-16;The organization correlates information from monitoring tools employed throughout the information system.;System and Information Integrity (SI);Information System Monitoring (SI-4);;aws;;FAIL;No CloudTrail trails enabled with logging were found.;arn:aws:cloudtrail:eu-west-1:735291151388:trail;cloudtrail_multi_region_enabled;False;735291151388;FedRamp-Moderate-Revision-4;FedRAMP Moderate Revision 4;
aws;The Federal Risk and Authorization Management Program (FedRAMP) was established in 2011. It provides a cost-effective, risk-based approach for the adoption and use of cloud services by the U.S. federal government. FedRAMP empowers federal agencies to use modern cloud technologies, with an emphasis on the security and protection of federal information.;735291151388;eu-west-1;2026-07-10 18:08:16.187152;si-4-2;The organization employs automated tools to support near real-time analysis of events.;System and Information Integrity (SI);Information System Monitoring (SI-4);;aws;;FAIL;No CloudTrail trails enabled with logging were found.;arn:aws:cloudtrail:eu-west-1:735291151388:trail;cloudtrail_multi_region_enabled;False;735291151388;FedRamp-Moderate-Revision-4;FedRAMP Moderate Revision 4;
aws;The Federal Risk and Authorization Management Program (FedRAMP) was established in 2011. It provides a cost-effective, risk-based approach for the adoption and use of cloud services by the U.S. federal government. FedRAMP empowers federal agencies to use modern cloud technologies, with an emphasis on the security and protection of federal information.;735291151388;eu-west-1;2026-07-10 18:08:16.187152;si-4-4;The information system monitors inbound and outbound communications traffic continuously for unusual or unauthorized activities or conditions.;System and Information Integrity (SI);Information System Monitoring (SI-4);;aws;;FAIL;No CloudTrail trails enabled with logging were found.;arn:aws:cloudtrail:eu-west-1:735291151388:trail;cloudtrail_multi_region_enabled;False;735291151388;FedRamp-Moderate-Revision-4;FedRAMP Moderate Revision 4;
aws;The Federal Risk and Authorization Management Program (FedRAMP) was established in 2011. It provides a cost-effective, risk-based approach for the adoption and use of cloud services by the U.S. federal government. FedRAMP empowers federal agencies to use modern cloud technologies, with an emphasis on the security and protection of federal information.;735291151388;eu-west-1;2026-07-10 18:08:16.187152;si-4-5;The information system alerts organization-defined personnel or roles when the following indications of compromise or potential compromise occur: [Assignment: organization-defined compromise indicators].;System and Information Integrity (SI);Information System Monitoring (SI-4);;aws;;FAIL;No CloudTrail trails enabled with logging were found.;arn:aws:cloudtrail:eu-west-1:735291151388:trail;cloudtrail_multi_region_enabled;False;735291151388;FedRamp-Moderate-Revision-4;FedRAMP Moderate Revision 4;
aws;The Federal Risk and Authorization Management Program (FedRAMP) was established in 2011. It provides a cost-effective, risk-based approach for the adoption and use of cloud services by the U.S. federal government. FedRAMP empowers federal agencies to use modern cloud technologies, with an emphasis on the security and protection of federal information.;735291151388;eu-west-2;2026-07-10 18:08:16.187152;ac-2-4;The information system automatically audits account creation, modification, enabling, disabling, and removal actions, and notifies [Assignment: organization-defined personnel or roles].;Access Control (AC);Account Management (AC-2);;aws;;FAIL;No CloudTrail trails enabled with logging were found.;arn:aws:cloudtrail:eu-west-2:735291151388:trail;cloudtrail_multi_region_enabled;False;735291151388;FedRamp-Moderate-Revision-4;FedRAMP Moderate Revision 4;
aws;The Federal Risk and Authorization Management Program (FedRAMP) was established in 2011. It provides a cost-effective, risk-based approach for the adoption and use of cloud services by the U.S. federal government. FedRAMP empowers federal agencies to use modern cloud technologies, with an emphasis on the security and protection of federal information.;735291151388;eu-west-2;2026-07-10 18:08:16.187152;ac-2-g;The organization: g. Monitors the use of information system accounts.;Access Control (AC);Account Management (AC-2);;aws;;FAIL;No CloudTrail trails enabled with logging were found.;arn:aws:cloudtrail:eu-west-2:735291151388:trail;cloudtrail_multi_region_enabled;False;735291151388;FedRamp-Moderate-Revision-4;FedRAMP Moderate Revision 4;
aws;The Federal Risk and Authorization Management Program (FedRAMP) was established in 2011. It provides a cost-effective, risk-based approach for the adoption and use of cloud services by the U.S. federal government. FedRAMP empowers federal agencies to use modern cloud technologies, with an emphasis on the security and protection of federal information.;735291151388;eu-west-2;2026-07-10 18:08:16.187152;au-2-a-d;The organization: a. Determines that the information system is capable of auditing the following events: Successful and unsuccessful account logon events, account management events, object access, policy change, privilege functions, process tracking, and system events. For Web applications: all administrator activity, authentication checks, authorization checks, data deletions, data access, data changes, and permission changes. d. Determines that the following events are to be audited within the information system: [organization-defined subset of the auditable events defined in AU-2 a to be audited continually for each identified event].;Audit and Accountability (AU);Audit Events (AU-2);;aws;;FAIL;No CloudTrail trails enabled with logging were found.;arn:aws:cloudtrail:eu-west-2:735291151388:trail;cloudtrail_multi_region_enabled;False;735291151388;FedRamp-Moderate-Revision-4;FedRAMP Moderate Revision 4;
aws;The Federal Risk and Authorization Management Program (FedRAMP) was established in 2011. It provides a cost-effective, risk-based approach for the adoption and use of cloud services by the U.S. federal government. FedRAMP empowers federal agencies to use modern cloud technologies, with an emphasis on the security and protection of federal information.;735291151388;eu-west-2;2026-07-10 18:08:16.187152;au-3;The information system generates audit records containing information that establishes what type of event occurred, when the event occurred, where the event occurred, the source of the event, the outcome of the event, and the identity of any individuals or subjects associated with the event.;Audit and Accountability (AU);;;aws;;FAIL;No CloudTrail trails enabled with logging were found.;arn:aws:cloudtrail:eu-west-2:735291151388:trail;cloudtrail_multi_region_enabled;False;735291151388;FedRamp-Moderate-Revision-4;FedRAMP Moderate Revision 4;
aws;The Federal Risk and Authorization Management Program (FedRAMP) was established in 2011. It provides a cost-effective, risk-based approach for the adoption and use of cloud services by the U.S. federal government. FedRAMP empowers federal agencies to use modern cloud technologies, with an emphasis on the security and protection of federal information.;735291151388;eu-west-2;2026-07-10 18:08:16.187152;au-6-1-3;(1) The organization employs automated mechanisms to integrate audit review, analysis, and reporting processes to support organizational processes for investigation and response to suspicious activities. (3) The organization analyzes and correlates audit records across different repositories to gain organization-wide situational awareness.;Audit and Accountability (AU);Audit Review, Analysis And Reporting (AU-6);;aws;;FAIL;No CloudTrail trails enabled with logging were found.;arn:aws:cloudtrail:eu-west-2:735291151388:trail;cloudtrail_multi_region_enabled;False;735291151388;FedRamp-Moderate-Revision-4;FedRAMP Moderate Revision 4;
aws;The Federal Risk and Authorization Management Program (FedRAMP) was established in 2011. It provides a cost-effective, risk-based approach for the adoption and use of cloud services by the U.S. federal government. FedRAMP empowers federal agencies to use modern cloud technologies, with an emphasis on the security and protection of federal information.;735291151388;eu-west-2;2026-07-10 18:08:16.187152;au-12-a-c;The information system: a. Provides audit record generation capability for the auditable events defined in AU-2 a. at all information system and network components where audit capability is deployed/available c. Generates audit records for the events defined in AU-2 d. with the content defined in AU-3.;Audit and Accountability (AU);Audit Generation (AU-12);;aws;;FAIL;No CloudTrail trails enabled with logging were found.;arn:aws:cloudtrail:eu-west-2:735291151388:trail;cloudtrail_multi_region_enabled;False;735291151388;FedRamp-Moderate-Revision-4;FedRAMP Moderate Revision 4;
aws;The Federal Risk and Authorization Management Program (FedRAMP) was established in 2011. It provides a cost-effective, risk-based approach for the adoption and use of cloud services by the U.S. federal government. FedRAMP empowers federal agencies to use modern cloud technologies, with an emphasis on the security and protection of federal information.;735291151388;eu-west-2;2026-07-10 18:08:16.187152;ca-7-a-b;"The organization develops a continuous monitoring strategy and implements a continuous monitoring program that includes: a. Establishment of [Assignment: organization-defined metrics] to be monitored; b. Establishment of [Assignment: organization-defined frequencies] for monitoring and [Assignment: organization-defined frequencies] for assessments supporting such monitoring.";Security Assessment And Authorization (CA);Continuous Monitoring (CA-7);;aws;;FAIL;No CloudTrail trails enabled with logging were found.;arn:aws:cloudtrail:eu-west-2:735291151388:trail;cloudtrail_multi_region_enabled;False;735291151388;FedRamp-Moderate-Revision-4;FedRAMP Moderate Revision 4;
aws;The Federal Risk and Authorization Management Program (FedRAMP) was established in 2011. It provides a cost-effective, risk-based approach for the adoption and use of cloud services by the U.S. federal government. FedRAMP empowers federal agencies to use modern cloud technologies, with an emphasis on the security and protection of federal information.;735291151388;eu-west-2;2026-07-10 18:08:16.187152;si-4-16;The organization correlates information from monitoring tools employed throughout the information system.;System and Information Integrity (SI);Information System Monitoring (SI-4);;aws;;FAIL;No CloudTrail trails enabled with logging were found.;arn:aws:cloudtrail:eu-west-2:735291151388:trail;cloudtrail_multi_region_enabled;False;735291151388;FedRamp-Moderate-Revision-4;FedRAMP Moderate Revision 4;
aws;The Federal Risk and Authorization Management Program (FedRAMP) was established in 2011. It provides a cost-effective, risk-based approach for the adoption and use of cloud services by the U.S. federal government. FedRAMP empowers federal agencies to use modern cloud technologies, with an emphasis on the security and protection of federal information.;735291151388;eu-west-2;2026-07-10 18:08:16.187152;si-4-2;The organization employs automated tools to support near real-time analysis of events.;System and Information Integrity (SI);Information System Monitoring (SI-4);;aws;;FAIL;No CloudTrail trails enabled with logging were found.;arn:aws:cloudtrail:eu-west-2:735291151388:trail;cloudtrail_multi_region_enabled;False;735291151388;FedRamp-Moderate-Revision-4;FedRAMP Moderate Revision 4;
aws;The Federal Risk and Authorization Management Program (FedRAMP) was established in 2011. It provides a cost-effective, risk-based approach for the adoption and use of cloud services by the U.S. federal government. FedRAMP empowers federal agencies to use modern cloud technologies, with an emphasis on the security and protection of federal information.;735291151388;eu-west-2;2026-07-10 18:08:16.187152;si-4-4;The information system monitors inbound and outbound communications traffic continuously for unusual or unauthorized activities or conditions.;System and Information Integrity (SI);Information System Monitoring (SI-4);;aws;;FAIL;No CloudTrail trails enabled with logging were found.;arn:aws:cloudtrail:eu-west-2:735291151388:trail;cloudtrail_multi_region_enabled;False;735291151388;FedRamp-Moderate-Revision-4;FedRAMP Moderate Revision 4;
aws;The Federal Risk and Authorization Management Program (FedRAMP) was established in 2011. It provides a cost-effective, risk-based approach for the adoption and use of cloud services by the U.S. federal government. FedRAMP empowers federal agencies to use modern cloud technologies, with an emphasis on the security and protection of federal information.;735291151388;eu-west-2;2026-07-10 18:08:16.187152;si-4-5;The information system alerts organization-defined personnel or roles when the following indications of compromise or potential compromise occur: [Assignment: organization-defined compromise indicators].;System and Information Integrity (SI);Information System Monitoring (SI-4);;aws;;FAIL;No CloudTrail trails enabled with logging were found.;arn:aws:cloudtrail:eu-west-2:735291151388:trail;cloudtrail_multi_region_enabled;False;735291151388;FedRamp-Moderate-Revision-4;FedRAMP Moderate Revision 4;
aws;The Federal Risk and Authorization Management Program (FedRAMP) was established in 2011. It provides a cost-effective, risk-based approach for the adoption and use of cloud services by the U.S. federal government. FedRAMP empowers federal agencies to use modern cloud technologies, with an emphasis on the security and protection of federal information.;735291151388;eu-west-3;2026-07-10 18:08:16.187152;ac-2-4;The information system automatically audits account creation, modification, enabling, disabling, and removal actions, and notifies [Assignment: organization-defined personnel or roles].;Access Control (AC);Account Management (AC-2);;aws;;FAIL;No CloudTrail trails enabled with logging were found.;arn:aws:cloudtrail:eu-west-3:735291151388:trail;cloudtrail_multi_region_enabled;False;735291151388;FedRamp-Moderate-Revision-4;FedRAMP Moderate Revision 4;
aws;The Federal Risk and Authorization Management Program (FedRAMP) was established in 2011. It provides a cost-effective, risk-based approach for the adoption and use of cloud services by the U.S. federal government. FedRAMP empowers federal agencies to use modern cloud technologies, with an emphasis on the security and protection of federal information.;735291151388;eu-west-3;2026-07-10 18:08:16.187152;ac-2-g;The organization: g. Monitors the use of information system accounts.;Access Control (AC);Account Management (AC-2);;aws;;FAIL;No CloudTrail trails enabled with logging were found.;arn:aws:cloudtrail:eu-west-3:735291151388:trail;cloudtrail_multi_region_enabled;False;735291151388;FedRamp-Moderate-Revision-4;FedRAMP Moderate Revision 4;
aws;The Federal Risk and Authorization Management Program (FedRAMP) was established in 2011. It provides a cost-effective, risk-based approach for the adoption and use of cloud services by the U.S. federal government. FedRAMP empowers federal agencies to use modern cloud technologies, with an emphasis on the security and protection of federal information.;735291151388;eu-west-3;2026-07-10 18:08:16.187152;au-2-a-d;The organization: a. Determines that the information system is capable of auditing the following events: Successful and unsuccessful account logon events, account management events, object access, policy change, privilege functions, process tracking, and system events. For Web applications: all administrator activity, authentication checks, authorization checks, data deletions, data access, data changes, and permission changes. d. Determines that the following events are to be audited within the information system: [organization-defined subset of the auditable events defined in AU-2 a to be audited continually for each identified event].;Audit and Accountability (AU);Audit Events (AU-2);;aws;;FAIL;No CloudTrail trails enabled with logging were found.;arn:aws:cloudtrail:eu-west-3:735291151388:trail;cloudtrail_multi_region_enabled;False;735291151388;FedRamp-Moderate-Revision-4;FedRAMP Moderate Revision 4;
aws;The Federal Risk and Authorization Management Program (FedRAMP) was established in 2011. It provides a cost-effective, risk-based approach for the adoption and use of cloud services by the U.S. federal government. FedRAMP empowers federal agencies to use modern cloud technologies, with an emphasis on the security and protection of federal information.;735291151388;eu-west-3;2026-07-10 18:08:16.187152;au-3;The information system generates audit records containing information that establishes what type of event occurred, when the event occurred, where the event occurred, the source of the event, the outcome of the event, and the identity of any individuals or subjects associated with the event.;Audit and Accountability (AU);;;aws;;FAIL;No CloudTrail trails enabled with logging were found.;arn:aws:cloudtrail:eu-west-3:735291151388:trail;cloudtrail_multi_region_enabled;False;735291151388;FedRamp-Moderate-Revision-4;FedRAMP Moderate Revision 4;
aws;The Federal Risk and Authorization Management Program (FedRAMP) was established in 2011. It provides a cost-effective, risk-based approach for the adoption and use of cloud services by the U.S. federal government. FedRAMP empowers federal agencies to use modern cloud technologies, with an emphasis on the security and protection of federal information.;735291151388;eu-west-3;2026-07-10 18:08:16.187152;au-6-1-3;(1) The organization employs automated mechanisms to integrate audit review, analysis, and reporting processes to support organizational processes for investigation and response to suspicious activities. (3) The organization analyzes and correlates audit records across different repositories to gain organization-wide situational awareness.;Audit and Accountability (AU);Audit Review, Analysis And Reporting (AU-6);;aws;;FAIL;No CloudTrail trails enabled with logging were found.;arn:aws:cloudtrail:eu-west-3:735291151388:trail;cloudtrail_multi_region_enabled;False;735291151388;FedRamp-Moderate-Revision-4;FedRAMP Moderate Revision 4;
aws;The Federal Risk and Authorization Management Program (FedRAMP) was established in 2011. It provides a cost-effective, risk-based approach for the adoption and use of cloud services by the U.S. federal government. FedRAMP empowers federal agencies to use modern cloud technologies, with an emphasis on the security and protection of federal information.;735291151388;eu-west-3;2026-07-10 18:08:16.187152;au-12-a-c;The information system: a. Provides audit record generation capability for the auditable events defined in AU-2 a. at all information system and network components where audit capability is deployed/available c. Generates audit records for the events defined in AU-2 d. with the content defined in AU-3.;Audit and Accountability (AU);Audit Generation (AU-12);;aws;;FAIL;No CloudTrail trails enabled with logging were found.;arn:aws:cloudtrail:eu-west-3:735291151388:trail;cloudtrail_multi_region_enabled;False;735291151388;FedRamp-Moderate-Revision-4;FedRAMP Moderate Revision 4;
aws;The Federal Risk and Authorization Management Program (FedRAMP) was established in 2011. It provides a cost-effective, risk-based approach for the adoption and use of cloud services by the U.S. federal government. FedRAMP empowers federal agencies to use modern cloud technologies, with an emphasis on the security and protection of federal information.;735291151388;eu-west-3;2026-07-10 18:08:16.187152;ca-7-a-b;"The organization develops a continuous monitoring strategy and implements a continuous monitoring program that includes: a. Establishment of [Assignment: organization-defined metrics] to be monitored; b. Establishment of [Assignment: organization-defined frequencies] for monitoring and [Assignment: organization-defined frequencies] for assessments supporting such monitoring.";Security Assessment And Authorization (CA);Continuous Monitoring (CA-7);;aws;;FAIL;No CloudTrail trails enabled with logging were found.;arn:aws:cloudtrail:eu-west-3:735291151388:trail;cloudtrail_multi_region_enabled;False;735291151388;FedRamp-Moderate-Revision-4;FedRAMP Moderate Revision 4;
aws;The Federal Risk and Authorization Management Program (FedRAMP) was established in 2011. It provides a cost-effective, risk-based approach for the adoption and use of cloud services by the U.S. federal government. FedRAMP empowers federal agencies to use modern cloud technologies, with an emphasis on the security and protection of federal information.;735291151388;eu-west-3;2026-07-10 18:08:16.187152;si-4-16;The organization correlates information from monitoring tools employed throughout the information system.;System and Information Integrity (SI);Information System Monitoring (SI-4);;aws;;FAIL;No CloudTrail trails enabled with logging were found.;arn:aws:cloudtrail:eu-west-3:735291151388:trail;cloudtrail_multi_region_enabled;False;735291151388;FedRamp-Moderate-Revision-4;FedRAMP Moderate Revision 4;
aws;The Federal Risk and Authorization Management Program (FedRAMP) was established in 2011. It provides a cost-effective, risk-based approach for the adoption and use of cloud services by the U.S. federal government. FedRAMP empowers federal agencies to use modern cloud technologies, with an emphasis on the security and protection of federal information.;735291151388;eu-west-3;2026-07-10 18:08:16.187152;si-4-2;The organization employs automated tools to support near real-time analysis of events.;System and Information Integrity (SI);Information System Monitoring (SI-4);;aws;;FAIL;No CloudTrail trails enabled with logging were found.;arn:aws:cloudtrail:eu-west-3:735291151388:trail;cloudtrail_multi_region_enabled;False;735291151388;FedRamp-Moderate-Revision-4;FedRAMP Moderate Revision 4;
aws;The Federal Risk and Authorization Management Program (FedRAMP) was established in 2011. It provides a cost-effective, risk-based approach for the adoption and use of cloud services by the U.S. federal government. FedRAMP empowers federal agencies to use modern cloud technologies, with an emphasis on the security and protection of federal information.;735291151388;eu-west-3;2026-07-10 18:08:16.187152;si-4-4;The information system monitors inbound and outbound communications traffic continuously for unusual or unauthorized activities or conditions.;System and Information Integrity (SI);Information System Monitoring (SI-4);;aws;;FAIL;No CloudTrail trails enabled with logging were found.;arn:aws:cloudtrail:eu-west-3:735291151388:trail;cloudtrail_multi_region_enabled;False;735291151388;FedRamp-Moderate-Revision-4;FedRAMP Moderate Revision 4;
aws;The Federal Risk and Authorization Management Program (FedRAMP) was established in 2011. It provides a cost-effective, risk-based approach for the adoption and use of cloud services by the U.S. federal government. FedRAMP empowers federal agencies to use modern cloud technologies, with an emphasis on the security and protection of federal information.;735291151388;eu-west-3;2026-07-10 18:08:16.187152;si-4-5;The information system alerts organization-defined personnel or roles when the following indications of compromise or potential compromise occur: [Assignment: organization-defined compromise indicators].;System and Information Integrity (SI);Information System Monitoring (SI-4);;aws;;FAIL;No CloudTrail trails enabled with logging were found.;arn:aws:cloudtrail:eu-west-3:735291151388:trail;cloudtrail_multi_region_enabled;False;735291151388;FedRamp-Moderate-Revision-4;FedRAMP Moderate Revision 4;
aws;The Federal Risk and Authorization Management Program (FedRAMP) was established in 2011. It provides a cost-effective, risk-based approach for the adoption and use of cloud services by the U.S. federal government. FedRAMP empowers federal agencies to use modern cloud technologies, with an emphasis on the security and protection of federal information.;735291151388;sa-east-1;2026-07-10 18:08:16.187152;ac-2-4;The information system automatically audits account creation, modification, enabling, disabling, and removal actions, and notifies [Assignment: organization-defined personnel or roles].;Access Control (AC);Account Management (AC-2);;aws;;FAIL;No CloudTrail trails enabled with logging were found.;arn:aws:cloudtrail:sa-east-1:735291151388:trail;cloudtrail_multi_region_enabled;False;735291151388;FedRamp-Moderate-Revision-4;FedRAMP Moderate Revision 4;
aws;The Federal Risk and Authorization Management Program (FedRAMP) was established in 2011. It provides a cost-effective, risk-based approach for the adoption and use of cloud services by the U.S. federal government. FedRAMP empowers federal agencies to use modern cloud technologies, with an emphasis on the security and protection of federal information.;735291151388;sa-east-1;2026-07-10 18:08:16.187152;ac-2-g;The organization: g. Monitors the use of information system accounts.;Access Control (AC);Account Management (AC-2);;aws;;FAIL;No CloudTrail trails enabled with logging were found.;arn:aws:cloudtrail:sa-east-1:735291151388:trail;cloudtrail_multi_region_enabled;False;735291151388;FedRamp-Moderate-Revision-4;FedRAMP Moderate Revision 4;
aws;The Federal Risk and Authorization Management Program (FedRAMP) was established in 2011. It provides a cost-effective, risk-based approach for the adoption and use of cloud services by the U.S. federal government. FedRAMP empowers federal agencies to use modern cloud technologies, with an emphasis on the security and protection of federal information.;735291151388;sa-east-1;2026-07-10 18:08:16.187152;au-2-a-d;The organization: a. Determines that the information system is capable of auditing the following events: Successful and unsuccessful account logon events, account management events, object access, policy change, privilege functions, process tracking, and system events. For Web applications: all administrator activity, authentication checks, authorization checks, data deletions, data access, data changes, and permission changes. d. Determines that the following events are to be audited within the information system: [organization-defined subset of the auditable events defined in AU-2 a to be audited continually for each identified event].;Audit and Accountability (AU);Audit Events (AU-2);;aws;;FAIL;No CloudTrail trails enabled with logging were found.;arn:aws:cloudtrail:sa-east-1:735291151388:trail;cloudtrail_multi_region_enabled;False;735291151388;FedRamp-Moderate-Revision-4;FedRAMP Moderate Revision 4;
aws;The Federal Risk and Authorization Management Program (FedRAMP) was established in 2011. It provides a cost-effective, risk-based approach for the adoption and use of cloud services by the U.S. federal government. FedRAMP empowers federal agencies to use modern cloud technologies, with an emphasis on the security and protection of federal information.;735291151388;sa-east-1;2026-07-10 18:08:16.187152;au-3;The information system generates audit records containing information that establishes what type of event occurred, when the event occurred, where the event occurred, the source of the event, the outcome of the event, and the identity of any individuals or subjects associated with the event.;Audit and Accountability (AU);;;aws;;FAIL;No CloudTrail trails enabled with logging were found.;arn:aws:cloudtrail:sa-east-1:735291151388:trail;cloudtrail_multi_region_enabled;False;735291151388;FedRamp-Moderate-Revision-4;FedRAMP Moderate Revision 4;
aws;The Federal Risk and Authorization Management Program (FedRAMP) was established in 2011. It provides a cost-effective, risk-based approach for the adoption and use of cloud services by the U.S. federal government. FedRAMP empowers federal agencies to use modern cloud technologies, with an emphasis on the security and protection of federal information.;735291151388;sa-east-1;2026-07-10 18:08:16.187152;au-6-1-3;(1) The organization employs automated mechanisms to integrate audit review, analysis, and reporting processes to support organizational processes for investigation and response to suspicious activities. (3) The organization analyzes and correlates audit records across different repositories to gain organization-wide situational awareness.;Audit and Accountability (AU);Audit Review, Analysis And Reporting (AU-6);;aws;;FAIL;No CloudTrail trails enabled with logging were found.;arn:aws:cloudtrail:sa-east-1:735291151388:trail;cloudtrail_multi_region_enabled;False;735291151388;FedRamp-Moderate-Revision-4;FedRAMP Moderate Revision 4;
aws;The Federal Risk and Authorization Management Program (FedRAMP) was established in 2011. It provides a cost-effective, risk-based approach for the adoption and use of cloud services by the U.S. federal government. FedRAMP empowers federal agencies to use modern cloud technologies, with an emphasis on the security and protection of federal information.;735291151388;sa-east-1;2026-07-10 18:08:16.187152;au-12-a-c;The information system: a. Provides audit record generation capability for the auditable events defined in AU-2 a. at all information system and network components where audit capability is deployed/available c. Generates audit records for the events defined in AU-2 d. with the content defined in AU-3.;Audit and Accountability (AU);Audit Generation (AU-12);;aws;;FAIL;No CloudTrail trails enabled with logging were found.;arn:aws:cloudtrail:sa-east-1:735291151388:trail;cloudtrail_multi_region_enabled;False;735291151388;FedRamp-Moderate-Revision-4;FedRAMP Moderate Revision 4;
aws;The Federal Risk and Authorization Management Program (FedRAMP) was established in 2011. It provides a cost-effective, risk-based approach for the adoption and use of cloud services by the U.S. federal government. FedRAMP empowers federal agencies to use modern cloud technologies, with an emphasis on the security and protection of federal information.;735291151388;sa-east-1;2026-07-10 18:08:16.187152;ca-7-a-b;"The organization develops a continuous monitoring strategy and implements a continuous monitoring program that includes: a. Establishment of [Assignment: organization-defined metrics] to be monitored; b. Establishment of [Assignment: organization-defined frequencies] for monitoring and [Assignment: organization-defined frequencies] for assessments supporting such monitoring.";Security Assessment And Authorization (CA);Continuous Monitoring (CA-7);;aws;;FAIL;No CloudTrail trails enabled with logging were found.;arn:aws:cloudtrail:sa-east-1:735291151388:trail;cloudtrail_multi_region_enabled;False;735291151388;FedRamp-Moderate-Revision-4;FedRAMP Moderate Revision 4;
aws;The Federal Risk and Authorization Management Program (FedRAMP) was established in 2011. It provides a cost-effective, risk-based approach for the adoption and use of cloud services by the U.S. federal government. FedRAMP empowers federal agencies to use modern cloud technologies, with an emphasis on the security and protection of federal information.;735291151388;sa-east-1;2026-07-10 18:08:16.187152;si-4-16;The organization correlates information from monitoring tools employed throughout the information system.;System and Information Integrity (SI);Information System Monitoring (SI-4);;aws;;FAIL;No CloudTrail trails enabled with logging were found.;arn:aws:cloudtrail:sa-east-1:735291151388:trail;cloudtrail_multi_region_enabled;False;735291151388;FedRamp-Moderate-Revision-4;FedRAMP Moderate Revision 4;
aws;The Federal Risk and Authorization Management Program (FedRAMP) was established in 2011. It provides a cost-effective, risk-based approach for the adoption and use of cloud services by the U.S. federal government. FedRAMP empowers federal agencies to use modern cloud technologies, with an emphasis on the security and protection of federal information.;735291151388;sa-east-1;2026-07-10 18:08:16.187152;si-4-2;The organization employs automated tools to support near real-time analysis of events.;System and Information Integrity (SI);Information System Monitoring (SI-4);;aws;;FAIL;No CloudTrail trails enabled with logging were found.;arn:aws:cloudtrail:sa-east-1:735291151388:trail;cloudtrail_multi_region_enabled;False;735291151388;FedRamp-Moderate-Revision-4;FedRAMP Moderate Revision 4;
aws;The Federal Risk and Authorization Management Program (FedRAMP) was established in 2011. It provides a cost-effective, risk-based approach for the adoption and use of cloud services by the U.S. federal government. FedRAMP empowers federal agencies to use modern cloud technologies, with an emphasis on the security and protection of federal information.;735291151388;sa-east-1;2026-07-10 18:08:16.187152;si-4-4;The information system monitors inbound and outbound communications traffic continuously for unusual or unauthorized activities or conditions.;System and Information Integrity (SI);Information System Monitoring (SI-4);;aws;;FAIL;No CloudTrail trails enabled with logging were found.;arn:aws:cloudtrail:sa-east-1:735291151388:trail;cloudtrail_multi_region_enabled;False;735291151388;FedRamp-Moderate-Revision-4;FedRAMP Moderate Revision 4;
aws;The Federal Risk and Authorization Management Program (FedRAMP) was established in 2011. It provides a cost-effective, risk-based approach for the adoption and use of cloud services by the U.S. federal government. FedRAMP empowers federal agencies to use modern cloud technologies, with an emphasis on the security and protection of federal information.;735291151388;sa-east-1;2026-07-10 18:08:16.187152;si-4-5;The information system alerts organization-defined personnel or roles when the following indications of compromise or potential compromise occur: [Assignment: organization-defined compromise indicators].;System and Information Integrity (SI);Information System Monitoring (SI-4);;aws;;FAIL;No CloudTrail trails enabled with logging were found.;arn:aws:cloudtrail:sa-east-1:735291151388:trail;cloudtrail_multi_region_enabled;False;735291151388;FedRamp-Moderate-Revision-4;FedRAMP Moderate Revision 4;
aws;The Federal Risk and Authorization Management Program (FedRAMP) was established in 2011. It provides a cost-effective, risk-based approach for the adoption and use of cloud services by the U.S. federal government. FedRAMP empowers federal agencies to use modern cloud technologies, with an emphasis on the security and protection of federal information.;735291151388;us-east-1;2026-07-10 18:08:16.187152;ac-2-4;The information system automatically audits account creation, modification, enabling, disabling, and removal actions, and notifies [Assignment: organization-defined personnel or roles].;Access Control (AC);Account Management (AC-2);;aws;;FAIL;No CloudTrail trails enabled with logging were found.;arn:aws:cloudtrail:us-east-1:735291151388:trail;cloudtrail_multi_region_enabled;False;735291151388;FedRamp-Moderate-Revision-4;FedRAMP Moderate Revision 4;
aws;The Federal Risk and Authorization Management Program (FedRAMP) was established in 2011. It provides a cost-effective, risk-based approach for the adoption and use of cloud services by the U.S. federal government. FedRAMP empowers federal agencies to use modern cloud technologies, with an emphasis on the security and protection of federal information.;735291151388;us-east-1;2026-07-10 18:08:16.187152;ac-2-g;The organization: g. Monitors the use of information system accounts.;Access Control (AC);Account Management (AC-2);;aws;;FAIL;No CloudTrail trails enabled with logging were found.;arn:aws:cloudtrail:us-east-1:735291151388:trail;cloudtrail_multi_region_enabled;False;735291151388;FedRamp-Moderate-Revision-4;FedRAMP Moderate Revision 4;
aws;The Federal Risk and Authorization Management Program (FedRAMP) was established in 2011. It provides a cost-effective, risk-based approach for the adoption and use of cloud services by the U.S. federal government. FedRAMP empowers federal agencies to use modern cloud technologies, with an emphasis on the security and protection of federal information.;735291151388;us-east-1;2026-07-10 18:08:16.187152;au-2-a-d;The organization: a. Determines that the information system is capable of auditing the following events: Successful and unsuccessful account logon events, account management events, object access, policy change, privilege functions, process tracking, and system events. For Web applications: all administrator activity, authentication checks, authorization checks, data deletions, data access, data changes, and permission changes. d. Determines that the following events are to be audited within the information system: [organization-defined subset of the auditable events defined in AU-2 a to be audited continually for each identified event].;Audit and Accountability (AU);Audit Events (AU-2);;aws;;FAIL;No CloudTrail trails enabled with logging were found.;arn:aws:cloudtrail:us-east-1:735291151388:trail;cloudtrail_multi_region_enabled;False;735291151388;FedRamp-Moderate-Revision-4;FedRAMP Moderate Revision 4;
aws;The Federal Risk and Authorization Management Program (FedRAMP) was established in 2011. It provides a cost-effective, risk-based approach for the adoption and use of cloud services by the U.S. federal government. FedRAMP empowers federal agencies to use modern cloud technologies, with an emphasis on the security and protection of federal information.;735291151388;us-east-1;2026-07-10 18:08:16.187152;au-3;The information system generates audit records containing information that establishes what type of event occurred, when the event occurred, where the event occurred, the source of the event, the outcome of the event, and the identity of any individuals or subjects associated with the event.;Audit and Accountability (AU);;;aws;;FAIL;No CloudTrail trails enabled with logging were found.;arn:aws:cloudtrail:us-east-1:735291151388:trail;cloudtrail_multi_region_enabled;False;735291151388;FedRamp-Moderate-Revision-4;FedRAMP Moderate Revision 4;
aws;The Federal Risk and Authorization Management Program (FedRAMP) was established in 2011. It provides a cost-effective, risk-based approach for the adoption and use of cloud services by the U.S. federal government. FedRAMP empowers federal agencies to use modern cloud technologies, with an emphasis on the security and protection of federal information.;735291151388;us-east-1;2026-07-10 18:08:16.187152;au-6-1-3;(1) The organization employs automated mechanisms to integrate audit review, analysis, and reporting processes to support organizational processes for investigation and response to suspicious activities. (3) The organization analyzes and correlates audit records across different repositories to gain organization-wide situational awareness.;Audit and Accountability (AU);Audit Review, Analysis And Reporting (AU-6);;aws;;FAIL;No CloudTrail trails enabled with logging were found.;arn:aws:cloudtrail:us-east-1:735291151388:trail;cloudtrail_multi_region_enabled;False;735291151388;FedRamp-Moderate-Revision-4;FedRAMP Moderate Revision 4;
aws;The Federal Risk and Authorization Management Program (FedRAMP) was established in 2011. It provides a cost-effective, risk-based approach for the adoption and use of cloud services by the U.S. federal government. FedRAMP empowers federal agencies to use modern cloud technologies, with an emphasis on the security and protection of federal information.;735291151388;us-east-1;2026-07-10 18:08:16.187152;au-12-a-c;The information system: a. Provides audit record generation capability for the auditable events defined in AU-2 a. at all information system and network components where audit capability is deployed/available c. Generates audit records for the events defined in AU-2 d. with the content defined in AU-3.;Audit and Accountability (AU);Audit Generation (AU-12);;aws;;FAIL;No CloudTrail trails enabled with logging were found.;arn:aws:cloudtrail:us-east-1:735291151388:trail;cloudtrail_multi_region_enabled;False;735291151388;FedRamp-Moderate-Revision-4;FedRAMP Moderate Revision 4;
aws;The Federal Risk and Authorization Management Program (FedRAMP) was established in 2011. It provides a cost-effective, risk-based approach for the adoption and use of cloud services by the U.S. federal government. FedRAMP empowers federal agencies to use modern cloud technologies, with an emphasis on the security and protection of federal information.;735291151388;us-east-1;2026-07-10 18:08:16.187152;ca-7-a-b;"The organization develops a continuous monitoring strategy and implements a continuous monitoring program that includes: a. Establishment of [Assignment: organization-defined metrics] to be monitored; b. Establishment of [Assignment: organization-defined frequencies] for monitoring and [Assignment: organization-defined frequencies] for assessments supporting such monitoring.";Security Assessment And Authorization (CA);Continuous Monitoring (CA-7);;aws;;FAIL;No CloudTrail trails enabled with logging were found.;arn:aws:cloudtrail:us-east-1:735291151388:trail;cloudtrail_multi_region_enabled;False;735291151388;FedRamp-Moderate-Revision-4;FedRAMP Moderate Revision 4;
aws;The Federal Risk and Authorization Management Program (FedRAMP) was established in 2011. It provides a cost-effective, risk-based approach for the adoption and use of cloud services by the U.S. federal government. FedRAMP empowers federal agencies to use modern cloud technologies, with an emphasis on the security and protection of federal information.;735291151388;us-east-1;2026-07-10 18:08:16.187152;si-4-16;The organization correlates information from monitoring tools employed throughout the information system.;System and Information Integrity (SI);Information System Monitoring (SI-4);;aws;;FAIL;No CloudTrail trails enabled with logging were found.;arn:aws:cloudtrail:us-east-1:735291151388:trail;cloudtrail_multi_region_enabled;False;735291151388;FedRamp-Moderate-Revision-4;FedRAMP Moderate Revision 4;
aws;The Federal Risk and Authorization Management Program (FedRAMP) was established in 2011. It provides a cost-effective, risk-based approach for the adoption and use of cloud services by the U.S. federal government. FedRAMP empowers federal agencies to use modern cloud technologies, with an emphasis on the security and protection of federal information.;735291151388;us-east-1;2026-07-10 18:08:16.187152;si-4-2;The organization employs automated tools to support near real-time analysis of events.;System and Information Integrity (SI);Information System Monitoring (SI-4);;aws;;FAIL;No CloudTrail trails enabled with logging were found.;arn:aws:cloudtrail:us-east-1:735291151388:trail;cloudtrail_multi_region_enabled;False;735291151388;FedRamp-Moderate-Revision-4;FedRAMP Moderate Revision 4;
aws;The Federal Risk and Authorization Management Program (FedRAMP) was established in 2011. It provides a cost-effective, risk-based approach for the adoption and use of cloud services by the U.S. federal government. FedRAMP empowers federal agencies to use modern cloud technologies, with an emphasis on the security and protection of federal information.;735291151388;us-east-1;2026-07-10 18:08:16.187152;si-4-4;The information system monitors inbound and outbound communications traffic continuously for unusual or unauthorized activities or conditions.;System and Information Integrity (SI);Information System Monitoring (SI-4);;aws;;FAIL;No CloudTrail trails enabled with logging were found.;arn:aws:cloudtrail:us-east-1:735291151388:trail;cloudtrail_multi_region_enabled;False;735291151388;FedRamp-Moderate-Revision-4;FedRAMP Moderate Revision 4;
aws;The Federal Risk and Authorization Management Program (FedRAMP) was established in 2011. It provides a cost-effective, risk-based approach for the adoption and use of cloud services by the U.S. federal government. FedRAMP empowers federal agencies to use modern cloud technologies, with an emphasis on the security and protection of federal information.;735291151388;us-east-1;2026-07-10 18:08:16.187152;si-4-5;The information system alerts organization-defined personnel or roles when the following indications of compromise or potential compromise occur: [Assignment: organization-defined compromise indicators].;System and Information Integrity (SI);Information System Monitoring (SI-4);;aws;;FAIL;No CloudTrail trails enabled with logging were found.;arn:aws:cloudtrail:us-east-1:735291151388:trail;cloudtrail_multi_region_enabled;False;735291151388;FedRamp-Moderate-Revision-4;FedRAMP Moderate Revision 4;
aws;The Federal Risk and Authorization Management Program (FedRAMP) was established in 2011. It provides a cost-effective, risk-based approach for the adoption and use of cloud services by the U.S. federal government. FedRAMP empowers federal agencies to use modern cloud technologies, with an emphasis on the security and protection of federal information.;735291151388;us-east-2;2026-07-10 18:08:16.187152;ac-2-4;The information system automatically audits account creation, modification, enabling, disabling, and removal actions, and notifies [Assignment: organization-defined personnel or roles].;Access Control (AC);Account Management (AC-2);;aws;;FAIL;No CloudTrail trails enabled with logging were found.;arn:aws:cloudtrail:us-east-2:735291151388:trail;cloudtrail_multi_region_enabled;False;735291151388;FedRamp-Moderate-Revision-4;FedRAMP Moderate Revision 4;
aws;The Federal Risk and Authorization Management Program (FedRAMP) was established in 2011. It provides a cost-effective, risk-based approach for the adoption and use of cloud services by the U.S. federal government. FedRAMP empowers federal agencies to use modern cloud technologies, with an emphasis on the security and protection of federal information.;735291151388;us-east-2;2026-07-10 18:08:16.187152;ac-2-g;The organization: g. Monitors the use of information system accounts.;Access Control (AC);Account Management (AC-2);;aws;;FAIL;No CloudTrail trails enabled with logging were found.;arn:aws:cloudtrail:us-east-2:735291151388:trail;cloudtrail_multi_region_enabled;False;735291151388;FedRamp-Moderate-Revision-4;FedRAMP Moderate Revision 4;
aws;The Federal Risk and Authorization Management Program (FedRAMP) was established in 2011. It provides a cost-effective, risk-based approach for the adoption and use of cloud services by the U.S. federal government. FedRAMP empowers federal agencies to use modern cloud technologies, with an emphasis on the security and protection of federal information.;735291151388;us-east-2;2026-07-10 18:08:16.187152;au-2-a-d;The organization: a. Determines that the information system is capable of auditing the following events: Successful and unsuccessful account logon events, account management events, object access, policy change, privilege functions, process tracking, and system events. For Web applications: all administrator activity, authentication checks, authorization checks, data deletions, data access, data changes, and permission changes. d. Determines that the following events are to be audited within the information system: [organization-defined subset of the auditable events defined in AU-2 a to be audited continually for each identified event].;Audit and Accountability (AU);Audit Events (AU-2);;aws;;FAIL;No CloudTrail trails enabled with logging were found.;arn:aws:cloudtrail:us-east-2:735291151388:trail;cloudtrail_multi_region_enabled;False;735291151388;FedRamp-Moderate-Revision-4;FedRAMP Moderate Revision 4;
aws;The Federal Risk and Authorization Management Program (FedRAMP) was established in 2011. It provides a cost-effective, risk-based approach for the adoption and use of cloud services by the U.S. federal government. FedRAMP empowers federal agencies to use modern cloud technologies, with an emphasis on the security and protection of federal information.;735291151388;us-east-2;2026-07-10 18:08:16.187152;au-3;The information system generates audit records containing information that establishes what type of event occurred, when the event occurred, where the event occurred, the source of the event, the outcome of the event, and the identity of any individuals or subjects associated with the event.;Audit and Accountability (AU);;;aws;;FAIL;No CloudTrail trails enabled with logging were found.;arn:aws:cloudtrail:us-east-2:735291151388:trail;cloudtrail_multi_region_enabled;False;735291151388;FedRamp-Moderate-Revision-4;FedRAMP Moderate Revision 4;
aws;The Federal Risk and Authorization Management Program (FedRAMP) was established in 2011. It provides a cost-effective, risk-based approach for the adoption and use of cloud services by the U.S. federal government. FedRAMP empowers federal agencies to use modern cloud technologies, with an emphasis on the security and protection of federal information.;735291151388;us-east-2;2026-07-10 18:08:16.187152;au-6-1-3;(1) The organization employs automated mechanisms to integrate audit review, analysis, and reporting processes to support organizational processes for investigation and response to suspicious activities. (3) The organization analyzes and correlates audit records across different repositories to gain organization-wide situational awareness.;Audit and Accountability (AU);Audit Review, Analysis And Reporting (AU-6);;aws;;FAIL;No CloudTrail trails enabled with logging were found.;arn:aws:cloudtrail:us-east-2:735291151388:trail;cloudtrail_multi_region_enabled;False;735291151388;FedRamp-Moderate-Revision-4;FedRAMP Moderate Revision 4;
aws;The Federal Risk and Authorization Management Program (FedRAMP) was established in 2011. It provides a cost-effective, risk-based approach for the adoption and use of cloud services by the U.S. federal government. FedRAMP empowers federal agencies to use modern cloud technologies, with an emphasis on the security and protection of federal information.;735291151388;us-east-2;2026-07-10 18:08:16.187152;au-12-a-c;The information system: a. Provides audit record generation capability for the auditable events defined in AU-2 a. at all information system and network components where audit capability is deployed/available c. Generates audit records for the events defined in AU-2 d. with the content defined in AU-3.;Audit and Accountability (AU);Audit Generation (AU-12);;aws;;FAIL;No CloudTrail trails enabled with logging were found.;arn:aws:cloudtrail:us-east-2:735291151388:trail;cloudtrail_multi_region_enabled;False;735291151388;FedRamp-Moderate-Revision-4;FedRAMP Moderate Revision 4;
aws;The Federal Risk and Authorization Management Program (FedRAMP) was established in 2011. It provides a cost-effective, risk-based approach for the adoption and use of cloud services by the U.S. federal government. FedRAMP empowers federal agencies to use modern cloud technologies, with an emphasis on the security and protection of federal information.;735291151388;us-east-2;2026-07-10 18:08:16.187152;ca-7-a-b;"The organization develops a continuous monitoring strategy and implements a continuous monitoring program that includes: a. Establishment of [Assignment: organization-defined metrics] to be monitored; b. Establishment of [Assignment: organization-defined frequencies] for monitoring and [Assignment: organization-defined frequencies] for assessments supporting such monitoring.";Security Assessment And Authorization (CA);Continuous Monitoring (CA-7);;aws;;FAIL;No CloudTrail trails enabled with logging were found.;arn:aws:cloudtrail:us-east-2:735291151388:trail;cloudtrail_multi_region_enabled;False;735291151388;FedRamp-Moderate-Revision-4;FedRAMP Moderate Revision 4;
aws;The Federal Risk and Authorization Management Program (FedRAMP) was established in 2011. It provides a cost-effective, risk-based approach for the adoption and use of cloud services by the U.S. federal government. FedRAMP empowers federal agencies to use modern cloud technologies, with an emphasis on the security and protection of federal information.;735291151388;us-east-2;2026-07-10 18:08:16.187152;si-4-16;The organization correlates information from monitoring tools employed throughout the information system.;System and Information Integrity (SI);Information System Monitoring (SI-4);;aws;;FAIL;No CloudTrail trails enabled with logging were found.;arn:aws:cloudtrail:us-east-2:735291151388:trail;cloudtrail_multi_region_enabled;False;735291151388;FedRamp-Moderate-Revision-4;FedRAMP Moderate Revision 4;
aws;The Federal Risk and Authorization Management Program (FedRAMP) was established in 2011. It provides a cost-effective, risk-based approach for the adoption and use of cloud services by the U.S. federal government. FedRAMP empowers federal agencies to use modern cloud technologies, with an emphasis on the security and protection of federal information.;735291151388;us-east-2;2026-07-10 18:08:16.187152;si-4-2;The organization employs automated tools to support near real-time analysis of events.;System and Information Integrity (SI);Information System Monitoring (SI-4);;aws;;FAIL;No CloudTrail trails enabled with logging were found.;arn:aws:cloudtrail:us-east-2:735291151388:trail;cloudtrail_multi_region_enabled;False;735291151388;FedRamp-Moderate-Revision-4;FedRAMP Moderate Revision 4;
aws;The Federal Risk and Authorization Management Program (FedRAMP) was established in 2011. It provides a cost-effective, risk-based approach for the adoption and use of cloud services by the U.S. federal government. FedRAMP empowers federal agencies to use modern cloud technologies, with an emphasis on the security and protection of federal information.;735291151388;us-east-2;2026-07-10 18:08:16.187152;si-4-4;The information system monitors inbound and outbound communications traffic continuously for unusual or unauthorized activities or conditions.;System and Information Integrity (SI);Information System Monitoring (SI-4);;aws;;FAIL;No CloudTrail trails enabled with logging were found.;arn:aws:cloudtrail:us-east-2:735291151388:trail;cloudtrail_multi_region_enabled;False;735291151388;FedRamp-Moderate-Revision-4;FedRAMP Moderate Revision 4;
aws;The Federal Risk and Authorization Management Program (FedRAMP) was established in 2011. It provides a cost-effective, risk-based approach for the adoption and use of cloud services by the U.S. federal government. FedRAMP empowers federal agencies to use modern cloud technologies, with an emphasis on the security and protection of federal information.;735291151388;us-east-2;2026-07-10 18:08:16.187152;si-4-5;The information system alerts organization-defined personnel or roles when the following indications of compromise or potential compromise occur: [Assignment: organization-defined compromise indicators].;System and Information Integrity (SI);Information System Monitoring (SI-4);;aws;;FAIL;No CloudTrail trails enabled with logging were found.;arn:aws:cloudtrail:us-east-2:735291151388:trail;cloudtrail_multi_region_enabled;False;735291151388;FedRamp-Moderate-Revision-4;FedRAMP Moderate Revision 4;
aws;The Federal Risk and Authorization Management Program (FedRAMP) was established in 2011. It provides a cost-effective, risk-based approach for the adoption and use of cloud services by the U.S. federal government. FedRAMP empowers federal agencies to use modern cloud technologies, with an emphasis on the security and protection of federal information.;735291151388;us-west-1;2026-07-10 18:08:16.187152;ac-2-4;The information system automatically audits account creation, modification, enabling, disabling, and removal actions, and notifies [Assignment: organization-defined personnel or roles].;Access Control (AC);Account Management (AC-2);;aws;;FAIL;No CloudTrail trails enabled with logging were found.;arn:aws:cloudtrail:us-west-1:735291151388:trail;cloudtrail_multi_region_enabled;False;735291151388;FedRamp-Moderate-Revision-4;FedRAMP Moderate Revision 4;
aws;The Federal Risk and Authorization Management Program (FedRAMP) was established in 2011. It provides a cost-effective, risk-based approach for the adoption and use of cloud services by the U.S. federal government. FedRAMP empowers federal agencies to use modern cloud technologies, with an emphasis on the security and protection of federal information.;735291151388;us-west-1;2026-07-10 18:08:16.187152;ac-2-g;The organization: g. Monitors the use of information system accounts.;Access Control (AC);Account Management (AC-2);;aws;;FAIL;No CloudTrail trails enabled with logging were found.;arn:aws:cloudtrail:us-west-1:735291151388:trail;cloudtrail_multi_region_enabled;False;735291151388;FedRamp-Moderate-Revision-4;FedRAMP Moderate Revision 4;
aws;The Federal Risk and Authorization Management Program (FedRAMP) was established in 2011. It provides a cost-effective, risk-based approach for the adoption and use of cloud services by the U.S. federal government. FedRAMP empowers federal agencies to use modern cloud technologies, with an emphasis on the security and protection of federal information.;735291151388;us-west-1;2026-07-10 18:08:16.187152;au-2-a-d;The organization: a. Determines that the information system is capable of auditing the following events: Successful and unsuccessful account logon events, account management events, object access, policy change, privilege functions, process tracking, and system events. For Web applications: all administrator activity, authentication checks, authorization checks, data deletions, data access, data changes, and permission changes. d. Determines that the following events are to be audited within the information system: [organization-defined subset of the auditable events defined in AU-2 a to be audited continually for each identified event].;Audit and Accountability (AU);Audit Events (AU-2);;aws;;FAIL;No CloudTrail trails enabled with logging were found.;arn:aws:cloudtrail:us-west-1:735291151388:trail;cloudtrail_multi_region_enabled;False;735291151388;FedRamp-Moderate-Revision-4;FedRAMP Moderate Revision 4;
aws;The Federal Risk and Authorization Management Program (FedRAMP) was established in 2011. It provides a cost-effective, risk-based approach for the adoption and use of cloud services by the U.S. federal government. FedRAMP empowers federal agencies to use modern cloud technologies, with an emphasis on the security and protection of federal information.;735291151388;us-west-1;2026-07-10 18:08:16.187152;au-3;The information system generates audit records containing information that establishes what type of event occurred, when the event occurred, where the event occurred, the source of the event, the outcome of the event, and the identity of any individuals or subjects associated with the event.;Audit and Accountability (AU);;;aws;;FAIL;No CloudTrail trails enabled with logging were found.;arn:aws:cloudtrail:us-west-1:735291151388:trail;cloudtrail_multi_region_enabled;False;735291151388;FedRamp-Moderate-Revision-4;FedRAMP Moderate Revision 4;
aws;The Federal Risk and Authorization Management Program (FedRAMP) was established in 2011. It provides a cost-effective, risk-based approach for the adoption and use of cloud services by the U.S. federal government. FedRAMP empowers federal agencies to use modern cloud technologies, with an emphasis on the security and protection of federal information.;735291151388;us-west-1;2026-07-10 18:08:16.187152;au-6-1-3;(1) The organization employs automated mechanisms to integrate audit review, analysis, and reporting processes to support organizational processes for investigation and response to suspicious activities. (3) The organization analyzes and correlates audit records across different repositories to gain organization-wide situational awareness.;Audit and Accountability (AU);Audit Review, Analysis And Reporting (AU-6);;aws;;FAIL;No CloudTrail trails enabled with logging were found.;arn:aws:cloudtrail:us-west-1:735291151388:trail;cloudtrail_multi_region_enabled;False;735291151388;FedRamp-Moderate-Revision-4;FedRAMP Moderate Revision 4;
aws;The Federal Risk and Authorization Management Program (FedRAMP) was established in 2011. It provides a cost-effective, risk-based approach for the adoption and use of cloud services by the U.S. federal government. FedRAMP empowers federal agencies to use modern cloud technologies, with an emphasis on the security and protection of federal information.;735291151388;us-west-1;2026-07-10 18:08:16.187152;au-12-a-c;The information system: a. Provides audit record generation capability for the auditable events defined in AU-2 a. at all information system and network components where audit capability is deployed/available c. Generates audit records for the events defined in AU-2 d. with the content defined in AU-3.;Audit and Accountability (AU);Audit Generation (AU-12);;aws;;FAIL;No CloudTrail trails enabled with logging were found.;arn:aws:cloudtrail:us-west-1:735291151388:trail;cloudtrail_multi_region_enabled;False;735291151388;FedRamp-Moderate-Revision-4;FedRAMP Moderate Revision 4;
aws;The Federal Risk and Authorization Management Program (FedRAMP) was established in 2011. It provides a cost-effective, risk-based approach for the adoption and use of cloud services by the U.S. federal government. FedRAMP empowers federal agencies to use modern cloud technologies, with an emphasis on the security and protection of federal information.;735291151388;us-west-1;2026-07-10 18:08:16.187152;ca-7-a-b;"The organization develops a continuous monitoring strategy and implements a continuous monitoring program that includes: a. Establishment of [Assignment: organization-defined metrics] to be monitored; b. Establishment of [Assignment: organization-defined frequencies] for monitoring and [Assignment: organization-defined frequencies] for assessments supporting such monitoring.";Security Assessment And Authorization (CA);Continuous Monitoring (CA-7);;aws;;FAIL;No CloudTrail trails enabled with logging were found.;arn:aws:cloudtrail:us-west-1:735291151388:trail;cloudtrail_multi_region_enabled;False;735291151388;FedRamp-Moderate-Revision-4;FedRAMP Moderate Revision 4;
aws;The Federal Risk and Authorization Management Program (FedRAMP) was established in 2011. It provides a cost-effective, risk-based approach for the adoption and use of cloud services by the U.S. federal government. FedRAMP empowers federal agencies to use modern cloud technologies, with an emphasis on the security and protection of federal information.;735291151388;us-west-1;2026-07-10 18:08:16.187152;si-4-16;The organization correlates information from monitoring tools employed throughout the information system.;System and Information Integrity (SI);Information System Monitoring (SI-4);;aws;;FAIL;No CloudTrail trails enabled with logging were found.;arn:aws:cloudtrail:us-west-1:735291151388:trail;cloudtrail_multi_region_enabled;False;735291151388;FedRamp-Moderate-Revision-4;FedRAMP Moderate Revision 4;
aws;The Federal Risk and Authorization Management Program (FedRAMP) was established in 2011. It provides a cost-effective, risk-based approach for the adoption and use of cloud services by the U.S. federal government. FedRAMP empowers federal agencies to use modern cloud technologies, with an emphasis on the security and protection of federal information.;735291151388;us-west-1;2026-07-10 18:08:16.187152;si-4-2;The organization employs automated tools to support near real-time analysis of events.;System and Information Integrity (SI);Information System Monitoring (SI-4);;aws;;FAIL;No CloudTrail trails enabled with logging were found.;arn:aws:cloudtrail:us-west-1:735291151388:trail;cloudtrail_multi_region_enabled;False;735291151388;FedRamp-Moderate-Revision-4;FedRAMP Moderate Revision 4;
aws;The Federal Risk and Authorization Management Program (FedRAMP) was established in 2011. It provides a cost-effective, risk-based approach for the adoption and use of cloud services by the U.S. federal government. FedRAMP empowers federal agencies to use modern cloud technologies, with an emphasis on the security and protection of federal information.;735291151388;us-west-1;2026-07-10 18:08:16.187152;si-4-4;The information system monitors inbound and outbound communications traffic continuously for unusual or unauthorized activities or conditions.;System and Information Integrity (SI);Information System Monitoring (SI-4);;aws;;FAIL;No CloudTrail trails enabled with logging were found.;arn:aws:cloudtrail:us-west-1:735291151388:trail;cloudtrail_multi_region_enabled;False;735291151388;FedRamp-Moderate-Revision-4;FedRAMP Moderate Revision 4;
aws;The Federal Risk and Authorization Management Program (FedRAMP) was established in 2011. It provides a cost-effective, risk-based approach for the adoption and use of cloud services by the U.S. federal government. FedRAMP empowers federal agencies to use modern cloud technologies, with an emphasis on the security and protection of federal information.;735291151388;us-west-1;2026-07-10 18:08:16.187152;si-4-5;The information system alerts organization-defined personnel or roles when the following indications of compromise or potential compromise occur: [Assignment: organization-defined compromise indicators].;System and Information Integrity (SI);Information System Monitoring (SI-4);;aws;;FAIL;No CloudTrail trails enabled with logging were found.;arn:aws:cloudtrail:us-west-1:735291151388:trail;cloudtrail_multi_region_enabled;False;735291151388;FedRamp-Moderate-Revision-4;FedRAMP Moderate Revision 4;
aws;The Federal Risk and Authorization Management Program (FedRAMP) was established in 2011. It provides a cost-effective, risk-based approach for the adoption and use of cloud services by the U.S. federal government. FedRAMP empowers federal agencies to use modern cloud technologies, with an emphasis on the security and protection of federal information.;735291151388;us-west-2;2026-07-10 18:08:16.187152;ac-2-4;The information system automatically audits account creation, modification, enabling, disabling, and removal actions, and notifies [Assignment: organization-defined personnel or roles].;Access Control (AC);Account Management (AC-2);;aws;;FAIL;No CloudTrail trails enabled with logging were found.;arn:aws:cloudtrail:us-west-2:735291151388:trail;cloudtrail_multi_region_enabled;False;735291151388;FedRamp-Moderate-Revision-4;FedRAMP Moderate Revision 4;
aws;The Federal Risk and Authorization Management Program (FedRAMP) was established in 2011. It provides a cost-effective, risk-based approach for the adoption and use of cloud services by the U.S. federal government. FedRAMP empowers federal agencies to use modern cloud technologies, with an emphasis on the security and protection of federal information.;735291151388;us-west-2;2026-07-10 18:08:16.187152;ac-2-g;The organization: g. Monitors the use of information system accounts.;Access Control (AC);Account Management (AC-2);;aws;;FAIL;No CloudTrail trails enabled with logging were found.;arn:aws:cloudtrail:us-west-2:735291151388:trail;cloudtrail_multi_region_enabled;False;735291151388;FedRamp-Moderate-Revision-4;FedRAMP Moderate Revision 4;
aws;The Federal Risk and Authorization Management Program (FedRAMP) was established in 2011. It provides a cost-effective, risk-based approach for the adoption and use of cloud services by the U.S. federal government. FedRAMP empowers federal agencies to use modern cloud technologies, with an emphasis on the security and protection of federal information.;735291151388;us-west-2;2026-07-10 18:08:16.187152;au-2-a-d;The organization: a. Determines that the information system is capable of auditing the following events: Successful and unsuccessful account logon events, account management events, object access, policy change, privilege functions, process tracking, and system events. For Web applications: all administrator activity, authentication checks, authorization checks, data deletions, data access, data changes, and permission changes. d. Determines that the following events are to be audited within the information system: [organization-defined subset of the auditable events defined in AU-2 a to be audited continually for each identified event].;Audit and Accountability (AU);Audit Events (AU-2);;aws;;FAIL;No CloudTrail trails enabled with logging were found.;arn:aws:cloudtrail:us-west-2:735291151388:trail;cloudtrail_multi_region_enabled;False;735291151388;FedRamp-Moderate-Revision-4;FedRAMP Moderate Revision 4;
aws;The Federal Risk and Authorization Management Program (FedRAMP) was established in 2011. It provides a cost-effective, risk-based approach for the adoption and use of cloud services by the U.S. federal government. FedRAMP empowers federal agencies to use modern cloud technologies, with an emphasis on the security and protection of federal information.;735291151388;us-west-2;2026-07-10 18:08:16.187152;au-3;The information system generates audit records containing information that establishes what type of event occurred, when the event occurred, where the event occurred, the source of the event, the outcome of the event, and the identity of any individuals or subjects associated with the event.;Audit and Accountability (AU);;;aws;;FAIL;No CloudTrail trails enabled with logging were found.;arn:aws:cloudtrail:us-west-2:735291151388:trail;cloudtrail_multi_region_enabled;False;735291151388;FedRamp-Moderate-Revision-4;FedRAMP Moderate Revision 4;
aws;The Federal Risk and Authorization Management Program (FedRAMP) was established in 2011. It provides a cost-effective, risk-based approach for the adoption and use of cloud services by the U.S. federal government. FedRAMP empowers federal agencies to use modern cloud technologies, with an emphasis on the security and protection of federal information.;735291151388;us-west-2;2026-07-10 18:08:16.187152;au-6-1-3;(1) The organization employs automated mechanisms to integrate audit review, analysis, and reporting processes to support organizational processes for investigation and response to suspicious activities. (3) The organization analyzes and correlates audit records across different repositories to gain organization-wide situational awareness.;Audit and Accountability (AU);Audit Review, Analysis And Reporting (AU-6);;aws;;FAIL;No CloudTrail trails enabled with logging were found.;arn:aws:cloudtrail:us-west-2:735291151388:trail;cloudtrail_multi_region_enabled;False;735291151388;FedRamp-Moderate-Revision-4;FedRAMP Moderate Revision 4;
aws;The Federal Risk and Authorization Management Program (FedRAMP) was established in 2011. It provides a cost-effective, risk-based approach for the adoption and use of cloud services by the U.S. federal government. FedRAMP empowers federal agencies to use modern cloud technologies, with an emphasis on the security and protection of federal information.;735291151388;us-west-2;2026-07-10 18:08:16.187152;au-12-a-c;The information system: a. Provides audit record generation capability for the auditable events defined in AU-2 a. at all information system and network components where audit capability is deployed/available c. Generates audit records for the events defined in AU-2 d. with the content defined in AU-3.;Audit and Accountability (AU);Audit Generation (AU-12);;aws;;FAIL;No CloudTrail trails enabled with logging were found.;arn:aws:cloudtrail:us-west-2:735291151388:trail;cloudtrail_multi_region_enabled;False;735291151388;FedRamp-Moderate-Revision-4;FedRAMP Moderate Revision 4;
aws;The Federal Risk and Authorization Management Program (FedRAMP) was established in 2011. It provides a cost-effective, risk-based approach for the adoption and use of cloud services by the U.S. federal government. FedRAMP empowers federal agencies to use modern cloud technologies, with an emphasis on the security and protection of federal information.;735291151388;us-west-2;2026-07-10 18:08:16.187152;ca-7-a-b;"The organization develops a continuous monitoring strategy and implements a continuous monitoring program that includes: a. Establishment of [Assignment: organization-defined metrics] to be monitored; b. Establishment of [Assignment: organization-defined frequencies] for monitoring and [Assignment: organization-defined frequencies] for assessments supporting such monitoring.";Security Assessment And Authorization (CA);Continuous Monitoring (CA-7);;aws;;FAIL;No CloudTrail trails enabled with logging were found.;arn:aws:cloudtrail:us-west-2:735291151388:trail;cloudtrail_multi_region_enabled;False;735291151388;FedRamp-Moderate-Revision-4;FedRAMP Moderate Revision 4;
aws;The Federal Risk and Authorization Management Program (FedRAMP) was established in 2011. It provides a cost-effective, risk-based approach for the adoption and use of cloud services by the U.S. federal government. FedRAMP empowers federal agencies to use modern cloud technologies, with an emphasis on the security and protection of federal information.;735291151388;us-west-2;2026-07-10 18:08:16.187152;si-4-16;The organization correlates information from monitoring tools employed throughout the information system.;System and Information Integrity (SI);Information System Monitoring (SI-4);;aws;;FAIL;No CloudTrail trails enabled with logging were found.;arn:aws:cloudtrail:us-west-2:735291151388:trail;cloudtrail_multi_region_enabled;False;735291151388;FedRamp-Moderate-Revision-4;FedRAMP Moderate Revision 4;
aws;The Federal Risk and Authorization Management Program (FedRAMP) was established in 2011. It provides a cost-effective, risk-based approach for the adoption and use of cloud services by the U.S. federal government. FedRAMP empowers federal agencies to use modern cloud technologies, with an emphasis on the security and protection of federal information.;735291151388;us-west-2;2026-07-10 18:08:16.187152;si-4-2;The organization employs automated tools to support near real-time analysis of events.;System and Information Integrity (SI);Information System Monitoring (SI-4);;aws;;FAIL;No CloudTrail trails enabled with logging were found.;arn:aws:cloudtrail:us-west-2:735291151388:trail;cloudtrail_multi_region_enabled;False;735291151388;FedRamp-Moderate-Revision-4;FedRAMP Moderate Revision 4;
aws;The Federal Risk and Authorization Management Program (FedRAMP) was established in 2011. It provides a cost-effective, risk-based approach for the adoption and use of cloud services by the U.S. federal government. FedRAMP empowers federal agencies to use modern cloud technologies, with an emphasis on the security and protection of federal information.;735291151388;us-west-2;2026-07-10 18:08:16.187152;si-4-4;The information system monitors inbound and outbound communications traffic continuously for unusual or unauthorized activities or conditions.;System and Information Integrity (SI);Information System Monitoring (SI-4);;aws;;FAIL;No CloudTrail trails enabled with logging were found.;arn:aws:cloudtrail:us-west-2:735291151388:trail;cloudtrail_multi_region_enabled;False;735291151388;FedRamp-Moderate-Revision-4;FedRAMP Moderate Revision 4;
aws;The Federal Risk and Authorization Management Program (FedRAMP) was established in 2011. It provides a cost-effective, risk-based approach for the adoption and use of cloud services by the U.S. federal government. FedRAMP empowers federal agencies to use modern cloud technologies, with an emphasis on the security and protection of federal information.;735291151388;us-west-2;2026-07-10 18:08:16.187152;si-4-5;The information system alerts organization-defined personnel or roles when the following indications of compromise or potential compromise occur: [Assignment: organization-defined compromise indicators].;System and Information Integrity (SI);Information System Monitoring (SI-4);;aws;;FAIL;No CloudTrail trails enabled with logging were found.;arn:aws:cloudtrail:us-west-2:735291151388:trail;cloudtrail_multi_region_enabled;False;735291151388;FedRamp-Moderate-Revision-4;FedRAMP Moderate Revision 4;
aws;The Federal Risk and Authorization Management Program (FedRAMP) was established in 2011. It provides a cost-effective, risk-based approach for the adoption and use of cloud services by the U.S. federal government. FedRAMP empowers federal agencies to use modern cloud technologies, with an emphasis on the security and protection of federal information.;735291151388;ap-south-1;2026-07-10 18:08:16.187152;ac-2-4;The information system automatically audits account creation, modification, enabling, disabling, and removal actions, and notifies [Assignment: organization-defined personnel or roles].;Access Control (AC);Account Management (AC-2);;aws;;FAIL;No CloudTrail trails have a data event to record all S3 object-level API operations.;arn:aws:cloudtrail:ap-south-1:735291151388:trail;cloudtrail_s3_dataevents_read_enabled;False;735291151388;FedRamp-Moderate-Revision-4;FedRAMP Moderate Revision 4;
aws;The Federal Risk and Authorization Management Program (FedRAMP) was established in 2011. It provides a cost-effective, risk-based approach for the adoption and use of cloud services by the U.S. federal government. FedRAMP empowers federal agencies to use modern cloud technologies, with an emphasis on the security and protection of federal information.;735291151388;ap-south-1;2026-07-10 18:08:16.187152;ac-2-g;The organization: g. Monitors the use of information system accounts.;Access Control (AC);Account Management (AC-2);;aws;;FAIL;No CloudTrail trails have a data event to record all S3 object-level API operations.;arn:aws:cloudtrail:ap-south-1:735291151388:trail;cloudtrail_s3_dataevents_read_enabled;False;735291151388;FedRamp-Moderate-Revision-4;FedRAMP Moderate Revision 4;
aws;The Federal Risk and Authorization Management Program (FedRAMP) was established in 2011. It provides a cost-effective, risk-based approach for the adoption and use of cloud services by the U.S. federal government. FedRAMP empowers federal agencies to use modern cloud technologies, with an emphasis on the security and protection of federal information.;735291151388;ap-south-1;2026-07-10 18:08:16.187152;au-2-a-d;The organization: a. Determines that the information system is capable of auditing the following events: Successful and unsuccessful account logon events, account management events, object access, policy change, privilege functions, process tracking, and system events. For Web applications: all administrator activity, authentication checks, authorization checks, data deletions, data access, data changes, and permission changes. d. Determines that the following events are to be audited within the information system: [organization-defined subset of the auditable events defined in AU-2 a to be audited continually for each identified event].;Audit and Accountability (AU);Audit Events (AU-2);;aws;;FAIL;No CloudTrail trails have a data event to record all S3 object-level API operations.;arn:aws:cloudtrail:ap-south-1:735291151388:trail;cloudtrail_s3_dataevents_read_enabled;False;735291151388;FedRamp-Moderate-Revision-4;FedRAMP Moderate Revision 4;
aws;The Federal Risk and Authorization Management Program (FedRAMP) was established in 2011. It provides a cost-effective, risk-based approach for the adoption and use of cloud services by the U.S. federal government. FedRAMP empowers federal agencies to use modern cloud technologies, with an emphasis on the security and protection of federal information.;735291151388;ap-south-1;2026-07-10 18:08:16.187152;au-3;The information system generates audit records containing information that establishes what type of event occurred, when the event occurred, where the event occurred, the source of the event, the outcome of the event, and the identity of any individuals or subjects associated with the event.;Audit and Accountability (AU);;;aws;;FAIL;No CloudTrail trails have a data event to record all S3 object-level API operations.;arn:aws:cloudtrail:ap-south-1:735291151388:trail;cloudtrail_s3_dataevents_read_enabled;False;735291151388;FedRamp-Moderate-Revision-4;FedRAMP Moderate Revision 4;
aws;The Federal Risk and Authorization Management Program (FedRAMP) was established in 2011. It provides a cost-effective, risk-based approach for the adoption and use of cloud services by the U.S. federal government. FedRAMP empowers federal agencies to use modern cloud technologies, with an emphasis on the security and protection of federal information.;735291151388;ap-south-1;2026-07-10 18:08:16.187152;au-6-1-3;(1) The organization employs automated mechanisms to integrate audit review, analysis, and reporting processes to support organizational processes for investigation and response to suspicious activities. (3) The organization analyzes and correlates audit records across different repositories to gain organization-wide situational awareness.;Audit and Accountability (AU);Audit Review, Analysis And Reporting (AU-6);;aws;;FAIL;No CloudTrail trails have a data event to record all S3 object-level API operations.;arn:aws:cloudtrail:ap-south-1:735291151388:trail;cloudtrail_s3_dataevents_read_enabled;False;735291151388;FedRamp-Moderate-Revision-4;FedRAMP Moderate Revision 4;
aws;The Federal Risk and Authorization Management Program (FedRAMP) was established in 2011. It provides a cost-effective, risk-based approach for the adoption and use of cloud services by the U.S. federal government. FedRAMP empowers federal agencies to use modern cloud technologies, with an emphasis on the security and protection of federal information.;735291151388;ap-south-1;2026-07-10 18:08:16.187152;au-12-a-c;The information system: a. Provides audit record generation capability for the auditable events defined in AU-2 a. at all information system and network components where audit capability is deployed/available c. Generates audit records for the events defined in AU-2 d. with the content defined in AU-3.;Audit and Accountability (AU);Audit Generation (AU-12);;aws;;FAIL;No CloudTrail trails have a data event to record all S3 object-level API operations.;arn:aws:cloudtrail:ap-south-1:735291151388:trail;cloudtrail_s3_dataevents_read_enabled;False;735291151388;FedRamp-Moderate-Revision-4;FedRAMP Moderate Revision 4;
aws;The Federal Risk and Authorization Management Program (FedRAMP) was established in 2011. It provides a cost-effective, risk-based approach for the adoption and use of cloud services by the U.S. federal government. FedRAMP empowers federal agencies to use modern cloud technologies, with an emphasis on the security and protection of federal information.;735291151388;ap-south-1;2026-07-10 18:08:16.187152;ca-7-a-b;"The organization develops a continuous monitoring strategy and implements a continuous monitoring program that includes: a. Establishment of [Assignment: organization-defined metrics] to be monitored; b. Establishment of [Assignment: organization-defined frequencies] for monitoring and [Assignment: organization-defined frequencies] for assessments supporting such monitoring.";Security Assessment And Authorization (CA);Continuous Monitoring (CA-7);;aws;;FAIL;No CloudTrail trails have a data event to record all S3 object-level API operations.;arn:aws:cloudtrail:ap-south-1:735291151388:trail;cloudtrail_s3_dataevents_read_enabled;False;735291151388;FedRamp-Moderate-Revision-4;FedRAMP Moderate Revision 4;
aws;The Federal Risk and Authorization Management Program (FedRAMP) was established in 2011. It provides a cost-effective, risk-based approach for the adoption and use of cloud services by the U.S. federal government. FedRAMP empowers federal agencies to use modern cloud technologies, with an emphasis on the security and protection of federal information.;735291151388;ap-south-1;2026-07-10 18:08:16.187152;si-4-16;The organization correlates information from monitoring tools employed throughout the information system.;System and Information Integrity (SI);Information System Monitoring (SI-4);;aws;;FAIL;No CloudTrail trails have a data event to record all S3 object-level API operations.;arn:aws:cloudtrail:ap-south-1:735291151388:trail;cloudtrail_s3_dataevents_read_enabled;False;735291151388;FedRamp-Moderate-Revision-4;FedRAMP Moderate Revision 4;
aws;The Federal Risk and Authorization Management Program (FedRAMP) was established in 2011. It provides a cost-effective, risk-based approach for the adoption and use of cloud services by the U.S. federal government. FedRAMP empowers federal agencies to use modern cloud technologies, with an emphasis on the security and protection of federal information.;735291151388;ap-south-1;2026-07-10 18:08:16.187152;si-4-2;The organization employs automated tools to support near real-time analysis of events.;System and Information Integrity (SI);Information System Monitoring (SI-4);;aws;;FAIL;No CloudTrail trails have a data event to record all S3 object-level API operations.;arn:aws:cloudtrail:ap-south-1:735291151388:trail;cloudtrail_s3_dataevents_read_enabled;False;735291151388;FedRamp-Moderate-Revision-4;FedRAMP Moderate Revision 4;
aws;The Federal Risk and Authorization Management Program (FedRAMP) was established in 2011. It provides a cost-effective, risk-based approach for the adoption and use of cloud services by the U.S. federal government. FedRAMP empowers federal agencies to use modern cloud technologies, with an emphasis on the security and protection of federal information.;735291151388;ap-south-1;2026-07-10 18:08:16.187152;si-4-4;The information system monitors inbound and outbound communications traffic continuously for unusual or unauthorized activities or conditions.;System and Information Integrity (SI);Information System Monitoring (SI-4);;aws;;FAIL;No CloudTrail trails have a data event to record all S3 object-level API operations.;arn:aws:cloudtrail:ap-south-1:735291151388:trail;cloudtrail_s3_dataevents_read_enabled;False;735291151388;FedRamp-Moderate-Revision-4;FedRAMP Moderate Revision 4;
aws;The Federal Risk and Authorization Management Program (FedRAMP) was established in 2011. It provides a cost-effective, risk-based approach for the adoption and use of cloud services by the U.S. federal government. FedRAMP empowers federal agencies to use modern cloud technologies, with an emphasis on the security and protection of federal information.;735291151388;ap-south-1;2026-07-10 18:08:16.187152;si-4-5;The information system alerts organization-defined personnel or roles when the following indications of compromise or potential compromise occur: [Assignment: organization-defined compromise indicators].;System and Information Integrity (SI);Information System Monitoring (SI-4);;aws;;FAIL;No CloudTrail trails have a data event to record all S3 object-level API operations.;arn:aws:cloudtrail:ap-south-1:735291151388:trail;cloudtrail_s3_dataevents_read_enabled;False;735291151388;FedRamp-Moderate-Revision-4;FedRAMP Moderate Revision 4;
aws;The Federal Risk and Authorization Management Program (FedRAMP) was established in 2011. It provides a cost-effective, risk-based approach for the adoption and use of cloud services by the U.S. federal government. FedRAMP empowers federal agencies to use modern cloud technologies, with an emphasis on the security and protection of federal information.;735291151388;ap-south-1;2026-07-10 18:08:16.187152;ac-2-4;The information system automatically audits account creation, modification, enabling, disabling, and removal actions, and notifies [Assignment: organization-defined personnel or roles].;Access Control (AC);Account Management (AC-2);;aws;;FAIL;No CloudTrail trails have a data event to record all S3 object-level API operations.;arn:aws:cloudtrail:ap-south-1:735291151388:trail;cloudtrail_s3_dataevents_write_enabled;False;735291151388;FedRamp-Moderate-Revision-4;FedRAMP Moderate Revision 4;
aws;The Federal Risk and Authorization Management Program (FedRAMP) was established in 2011. It provides a cost-effective, risk-based approach for the adoption and use of cloud services by the U.S. federal government. FedRAMP empowers federal agencies to use modern cloud technologies, with an emphasis on the security and protection of federal information.;735291151388;ap-south-1;2026-07-10 18:08:16.187152;ac-2-g;The organization: g. Monitors the use of information system accounts.;Access Control (AC);Account Management (AC-2);;aws;;FAIL;No CloudTrail trails have a data event to record all S3 object-level API operations.;arn:aws:cloudtrail:ap-south-1:735291151388:trail;cloudtrail_s3_dataevents_write_enabled;False;735291151388;FedRamp-Moderate-Revision-4;FedRAMP Moderate Revision 4;
aws;The Federal Risk and Authorization Management Program (FedRAMP) was established in 2011. It provides a cost-effective, risk-based approach for the adoption and use of cloud services by the U.S. federal government. FedRAMP empowers federal agencies to use modern cloud technologies, with an emphasis on the security and protection of federal information.;735291151388;ap-south-1;2026-07-10 18:08:16.187152;au-2-a-d;The organization: a. Determines that the information system is capable of auditing the following events: Successful and unsuccessful account logon events, account management events, object access, policy change, privilege functions, process tracking, and system events. For Web applications: all administrator activity, authentication checks, authorization checks, data deletions, data access, data changes, and permission changes. d. Determines that the following events are to be audited within the information system: [organization-defined subset of the auditable events defined in AU-2 a to be audited continually for each identified event].;Audit and Accountability (AU);Audit Events (AU-2);;aws;;FAIL;No CloudTrail trails have a data event to record all S3 object-level API operations.;arn:aws:cloudtrail:ap-south-1:735291151388:trail;cloudtrail_s3_dataevents_write_enabled;False;735291151388;FedRamp-Moderate-Revision-4;FedRAMP Moderate Revision 4;
aws;The Federal Risk and Authorization Management Program (FedRAMP) was established in 2011. It provides a cost-effective, risk-based approach for the adoption and use of cloud services by the U.S. federal government. FedRAMP empowers federal agencies to use modern cloud technologies, with an emphasis on the security and protection of federal information.;735291151388;ap-south-1;2026-07-10 18:08:16.187152;au-3;The information system generates audit records containing information that establishes what type of event occurred, when the event occurred, where the event occurred, the source of the event, the outcome of the event, and the identity of any individuals or subjects associated with the event.;Audit and Accountability (AU);;;aws;;FAIL;No CloudTrail trails have a data event to record all S3 object-level API operations.;arn:aws:cloudtrail:ap-south-1:735291151388:trail;cloudtrail_s3_dataevents_write_enabled;False;735291151388;FedRamp-Moderate-Revision-4;FedRAMP Moderate Revision 4;
aws;The Federal Risk and Authorization Management Program (FedRAMP) was established in 2011. It provides a cost-effective, risk-based approach for the adoption and use of cloud services by the U.S. federal government. FedRAMP empowers federal agencies to use modern cloud technologies, with an emphasis on the security and protection of federal information.;735291151388;ap-south-1;2026-07-10 18:08:16.187152;au-6-1-3;(1) The organization employs automated mechanisms to integrate audit review, analysis, and reporting processes to support organizational processes for investigation and response to suspicious activities. (3) The organization analyzes and correlates audit records across different repositories to gain organization-wide situational awareness.;Audit and Accountability (AU);Audit Review, Analysis And Reporting (AU-6);;aws;;FAIL;No CloudTrail trails have a data event to record all S3 object-level API operations.;arn:aws:cloudtrail:ap-south-1:735291151388:trail;cloudtrail_s3_dataevents_write_enabled;False;735291151388;FedRamp-Moderate-Revision-4;FedRAMP Moderate Revision 4;
aws;The Federal Risk and Authorization Management Program (FedRAMP) was established in 2011. It provides a cost-effective, risk-based approach for the adoption and use of cloud services by the U.S. federal government. FedRAMP empowers federal agencies to use modern cloud technologies, with an emphasis on the security and protection of federal information.;735291151388;ap-south-1;2026-07-10 18:08:16.187152;au-12-a-c;The information system: a. Provides audit record generation capability for the auditable events defined in AU-2 a. at all information system and network components where audit capability is deployed/available c. Generates audit records for the events defined in AU-2 d. with the content defined in AU-3.;Audit and Accountability (AU);Audit Generation (AU-12);;aws;;FAIL;No CloudTrail trails have a data event to record all S3 object-level API operations.;arn:aws:cloudtrail:ap-south-1:735291151388:trail;cloudtrail_s3_dataevents_write_enabled;False;735291151388;FedRamp-Moderate-Revision-4;FedRAMP Moderate Revision 4;
aws;The Federal Risk and Authorization Management Program (FedRAMP) was established in 2011. It provides a cost-effective, risk-based approach for the adoption and use of cloud services by the U.S. federal government. FedRAMP empowers federal agencies to use modern cloud technologies, with an emphasis on the security and protection of federal information.;735291151388;ap-south-1;2026-07-10 18:08:16.187152;ca-7-a-b;"The organization develops a continuous monitoring strategy and implements a continuous monitoring program that includes: a. Establishment of [Assignment: organization-defined metrics] to be monitored; b. Establishment of [Assignment: organization-defined frequencies] for monitoring and [Assignment: organization-defined frequencies] for assessments supporting such monitoring.";Security Assessment And Authorization (CA);Continuous Monitoring (CA-7);;aws;;FAIL;No CloudTrail trails have a data event to record all S3 object-level API operations.;arn:aws:cloudtrail:ap-south-1:735291151388:trail;cloudtrail_s3_dataevents_write_enabled;False;735291151388;FedRamp-Moderate-Revision-4;FedRAMP Moderate Revision 4;
aws;The Federal Risk and Authorization Management Program (FedRAMP) was established in 2011. It provides a cost-effective, risk-based approach for the adoption and use of cloud services by the U.S. federal government. FedRAMP empowers federal agencies to use modern cloud technologies, with an emphasis on the security and protection of federal information.;735291151388;ap-south-1;2026-07-10 18:08:16.187152;si-4-16;The organization correlates information from monitoring tools employed throughout the information system.;System and Information Integrity (SI);Information System Monitoring (SI-4);;aws;;FAIL;No CloudTrail trails have a data event to record all S3 object-level API operations.;arn:aws:cloudtrail:ap-south-1:735291151388:trail;cloudtrail_s3_dataevents_write_enabled;False;735291151388;FedRamp-Moderate-Revision-4;FedRAMP Moderate Revision 4;
aws;The Federal Risk and Authorization Management Program (FedRAMP) was established in 2011. It provides a cost-effective, risk-based approach for the adoption and use of cloud services by the U.S. federal government. FedRAMP empowers federal agencies to use modern cloud technologies, with an emphasis on the security and protection of federal information.;735291151388;ap-south-1;2026-07-10 18:08:16.187152;si-4-2;The organization employs automated tools to support near real-time analysis of events.;System and Information Integrity (SI);Information System Monitoring (SI-4);;aws;;FAIL;No CloudTrail trails have a data event to record all S3 object-level API operations.;arn:aws:cloudtrail:ap-south-1:735291151388:trail;cloudtrail_s3_dataevents_write_enabled;False;735291151388;FedRamp-Moderate-Revision-4;FedRAMP Moderate Revision 4;
aws;The Federal Risk and Authorization Management Program (FedRAMP) was established in 2011. It provides a cost-effective, risk-based approach for the adoption and use of cloud services by the U.S. federal government. FedRAMP empowers federal agencies to use modern cloud technologies, with an emphasis on the security and protection of federal information.;735291151388;ap-south-1;2026-07-10 18:08:16.187152;si-4-4;The information system monitors inbound and outbound communications traffic continuously for unusual or unauthorized activities or conditions.;System and Information Integrity (SI);Information System Monitoring (SI-4);;aws;;FAIL;No CloudTrail trails have a data event to record all S3 object-level API operations.;arn:aws:cloudtrail:ap-south-1:735291151388:trail;cloudtrail_s3_dataevents_write_enabled;False;735291151388;FedRamp-Moderate-Revision-4;FedRAMP Moderate Revision 4;
aws;The Federal Risk and Authorization Management Program (FedRAMP) was established in 2011. It provides a cost-effective, risk-based approach for the adoption and use of cloud services by the U.S. federal government. FedRAMP empowers federal agencies to use modern cloud technologies, with an emphasis on the security and protection of federal information.;735291151388;ap-south-1;2026-07-10 18:08:16.187152;si-4-5;The information system alerts organization-defined personnel or roles when the following indications of compromise or potential compromise occur: [Assignment: organization-defined compromise indicators].;System and Information Integrity (SI);Information System Monitoring (SI-4);;aws;;FAIL;No CloudTrail trails have a data event to record all S3 object-level API operations.;arn:aws:cloudtrail:ap-south-1:735291151388:trail;cloudtrail_s3_dataevents_write_enabled;False;735291151388;FedRamp-Moderate-Revision-4;FedRAMP Moderate Revision 4;
aws;The Federal Risk and Authorization Management Program (FedRAMP) was established in 2011. It provides a cost-effective, risk-based approach for the adoption and use of cloud services by the U.S. federal government. FedRAMP empowers federal agencies to use modern cloud technologies, with an emphasis on the security and protection of federal information.;735291151388;ap-south-1;2026-07-10 18:08:16.187152;ac-2-4;The information system automatically audits account creation, modification, enabling, disabling, and removal actions, and notifies [Assignment: organization-defined personnel or roles].;Access Control (AC);Account Management (AC-2);;aws;;FAIL;No CloudWatch log groups found with metric filters or alarms associated.;arn:aws:logs:ap-south-1:735291151388:log-group;cloudwatch_changes_to_network_acls_alarm_configured;False;735291151388;FedRamp-Moderate-Revision-4;FedRAMP Moderate Revision 4;
aws;The Federal Risk and Authorization Management Program (FedRAMP) was established in 2011. It provides a cost-effective, risk-based approach for the adoption and use of cloud services by the U.S. federal government. FedRAMP empowers federal agencies to use modern cloud technologies, with an emphasis on the security and protection of federal information.;735291151388;ap-south-1;2026-07-10 18:08:16.187152;au-6-1-3;(1) The organization employs automated mechanisms to integrate audit review, analysis, and reporting processes to support organizational processes for investigation and response to suspicious activities. (3) The organization analyzes and correlates audit records across different repositories to gain organization-wide situational awareness.;Audit and Accountability (AU);Audit Review, Analysis And Reporting (AU-6);;aws;;FAIL;No CloudWatch log groups found with metric filters or alarms associated.;arn:aws:logs:ap-south-1:735291151388:log-group;cloudwatch_changes_to_network_acls_alarm_configured;False;735291151388;FedRamp-Moderate-Revision-4;FedRAMP Moderate Revision 4;
aws;The Federal Risk and Authorization Management Program (FedRAMP) was established in 2011. It provides a cost-effective, risk-based approach for the adoption and use of cloud services by the U.S. federal government. FedRAMP empowers federal agencies to use modern cloud technologies, with an emphasis on the security and protection of federal information.;735291151388;ap-south-1;2026-07-10 18:08:16.187152;au-7-1;The information system provides the capability to process audit records for events of interest based on [Assignment: organization-defined audit fields within audit records].;Audit and Accountability (AU);Audit Reduction And Report Generation (AU-7);;aws;;FAIL;No CloudWatch log groups found with metric filters or alarms associated.;arn:aws:logs:ap-south-1:735291151388:log-group;cloudwatch_changes_to_network_acls_alarm_configured;False;735291151388;FedRamp-Moderate-Revision-4;FedRAMP Moderate Revision 4;
aws;The Federal Risk and Authorization Management Program (FedRAMP) was established in 2011. It provides a cost-effective, risk-based approach for the adoption and use of cloud services by the U.S. federal government. FedRAMP empowers federal agencies to use modern cloud technologies, with an emphasis on the security and protection of federal information.;735291151388;ap-south-1;2026-07-10 18:08:16.187152;ca-7-a-b;"The organization develops a continuous monitoring strategy and implements a continuous monitoring program that includes: a. Establishment of [Assignment: organization-defined metrics] to be monitored; b. Establishment of [Assignment: organization-defined frequencies] for monitoring and [Assignment: organization-defined frequencies] for assessments supporting such monitoring.";Security Assessment And Authorization (CA);Continuous Monitoring (CA-7);;aws;;FAIL;No CloudWatch log groups found with metric filters or alarms associated.;arn:aws:logs:ap-south-1:735291151388:log-group;cloudwatch_changes_to_network_acls_alarm_configured;False;735291151388;FedRamp-Moderate-Revision-4;FedRAMP Moderate Revision 4;
aws;The Federal Risk and Authorization Management Program (FedRAMP) was established in 2011. It provides a cost-effective, risk-based approach for the adoption and use of cloud services by the U.S. federal government. FedRAMP empowers federal agencies to use modern cloud technologies, with an emphasis on the security and protection of federal information.;735291151388;ap-south-1;2026-07-10 18:08:16.187152;ir-4-1;The organization employs automated mechanisms to support the incident handling process.;Incident Response (IR);Incident Handling (IR-4);;aws;;FAIL;No CloudWatch log groups found with metric filters or alarms associated.;arn:aws:logs:ap-south-1:735291151388:log-group;cloudwatch_changes_to_network_acls_alarm_configured;False;735291151388;FedRamp-Moderate-Revision-4;FedRAMP Moderate Revision 4;
aws;The Federal Risk and Authorization Management Program (FedRAMP) was established in 2011. It provides a cost-effective, risk-based approach for the adoption and use of cloud services by the U.S. federal government. FedRAMP empowers federal agencies to use modern cloud technologies, with an emphasis on the security and protection of federal information.;735291151388;ap-south-1;2026-07-10 18:08:16.187152;ir-4-1;The organization employs automated mechanisms to support the incident handling process.;Incident Response (IR);Incident Handling (IR-4);;aws;;FAIL;No CloudWatch log groups found with metric filters or alarms associated.;arn:aws:logs:ap-south-1:735291151388:log-group;cloudwatch_changes_to_network_acls_alarm_configured;False;735291151388;FedRamp-Moderate-Revision-4;FedRAMP Moderate Revision 4;
aws;The Federal Risk and Authorization Management Program (FedRAMP) was established in 2011. It provides a cost-effective, risk-based approach for the adoption and use of cloud services by the U.S. federal government. FedRAMP empowers federal agencies to use modern cloud technologies, with an emphasis on the security and protection of federal information.;735291151388;ap-south-1;2026-07-10 18:08:16.187152;si-4-2;The organization employs automated tools to support near real-time analysis of events.;System and Information Integrity (SI);Information System Monitoring (SI-4);;aws;;FAIL;No CloudWatch log groups found with metric filters or alarms associated.;arn:aws:logs:ap-south-1:735291151388:log-group;cloudwatch_changes_to_network_acls_alarm_configured;False;735291151388;FedRamp-Moderate-Revision-4;FedRAMP Moderate Revision 4;
aws;The Federal Risk and Authorization Management Program (FedRAMP) was established in 2011. It provides a cost-effective, risk-based approach for the adoption and use of cloud services by the U.S. federal government. FedRAMP empowers federal agencies to use modern cloud technologies, with an emphasis on the security and protection of federal information.;735291151388;ap-south-1;2026-07-10 18:08:16.187152;si-4-4;The information system monitors inbound and outbound communications traffic continuously for unusual or unauthorized activities or conditions.;System and Information Integrity (SI);Information System Monitoring (SI-4);;aws;;FAIL;No CloudWatch log groups found with metric filters or alarms associated.;arn:aws:logs:ap-south-1:735291151388:log-group;cloudwatch_changes_to_network_acls_alarm_configured;False;735291151388;FedRamp-Moderate-Revision-4;FedRAMP Moderate Revision 4;
aws;The Federal Risk and Authorization Management Program (FedRAMP) was established in 2011. It provides a cost-effective, risk-based approach for the adoption and use of cloud services by the U.S. federal government. FedRAMP empowers federal agencies to use modern cloud technologies, with an emphasis on the security and protection of federal information.;735291151388;ap-south-1;2026-07-10 18:08:16.187152;si-4-5;The information system alerts organization-defined personnel or roles when the following indications of compromise or potential compromise occur: [Assignment: organization-defined compromise indicators].;System and Information Integrity (SI);Information System Monitoring (SI-4);;aws;;FAIL;No CloudWatch log groups found with metric filters or alarms associated.;arn:aws:logs:ap-south-1:735291151388:log-group;cloudwatch_changes_to_network_acls_alarm_configured;False;735291151388;FedRamp-Moderate-Revision-4;FedRAMP Moderate Revision 4;
aws;The Federal Risk and Authorization Management Program (FedRAMP) was established in 2011. It provides a cost-effective, risk-based approach for the adoption and use of cloud services by the U.S. federal government. FedRAMP empowers federal agencies to use modern cloud technologies, with an emphasis on the security and protection of federal information.;735291151388;ap-south-1;2026-07-10 18:08:16.187152;si-4-a-b-c;"The organization: a. Monitors the information system to detect: 1. Attacks and indicators of potential attacks in accordance with [Assignment: organization- defined monitoring objectives]; and 2. Unauthorized local, network, and remote connections; b. Identifies unauthorized use of the information system through [Assignment: organization- defined techniques and methods]; c. Deploys monitoring devices: i. strategically within the information system to collect organization-determined essential information; and (ii) at ad hoc locations within the system to track specific types of transactions of interest to the organization.";System and Information Integrity (SI);Information System Monitoring (SI-4);;aws;;FAIL;No CloudWatch log groups found with metric filters or alarms associated.;arn:aws:logs:ap-south-1:735291151388:log-group;cloudwatch_changes_to_network_acls_alarm_configured;False;735291151388;FedRamp-Moderate-Revision-4;FedRAMP Moderate Revision 4;
aws;The Federal Risk and Authorization Management Program (FedRAMP) was established in 2011. It provides a cost-effective, risk-based approach for the adoption and use of cloud services by the U.S. federal government. FedRAMP empowers federal agencies to use modern cloud technologies, with an emphasis on the security and protection of federal information.;735291151388;ap-south-1;2026-07-10 18:08:16.187152;ac-2-4;The information system automatically audits account creation, modification, enabling, disabling, and removal actions, and notifies [Assignment: organization-defined personnel or roles].;Access Control (AC);Account Management (AC-2);;aws;;FAIL;No CloudWatch log groups found with metric filters or alarms associated.;arn:aws:logs:ap-south-1:735291151388:log-group;cloudwatch_changes_to_network_gateways_alarm_configured;False;735291151388;FedRamp-Moderate-Revision-4;FedRAMP Moderate Revision 4;
aws;The Federal Risk and Authorization Management Program (FedRAMP) was established in 2011. It provides a cost-effective, risk-based approach for the adoption and use of cloud services by the U.S. federal government. FedRAMP empowers federal agencies to use modern cloud technologies, with an emphasis on the security and protection of federal information.;735291151388;ap-south-1;2026-07-10 18:08:16.187152;au-6-1-3;(1) The organization employs automated mechanisms to integrate audit review, analysis, and reporting processes to support organizational processes for investigation and response to suspicious activities. (3) The organization analyzes and correlates audit records across different repositories to gain organization-wide situational awareness.;Audit and Accountability (AU);Audit Review, Analysis And Reporting (AU-6);;aws;;FAIL;No CloudWatch log groups found with metric filters or alarms associated.;arn:aws:logs:ap-south-1:735291151388:log-group;cloudwatch_changes_to_network_gateways_alarm_configured;False;735291151388;FedRamp-Moderate-Revision-4;FedRAMP Moderate Revision 4;
aws;The Federal Risk and Authorization Management Program (FedRAMP) was established in 2011. It provides a cost-effective, risk-based approach for the adoption and use of cloud services by the U.S. federal government. FedRAMP empowers federal agencies to use modern cloud technologies, with an emphasis on the security and protection of federal information.;735291151388;ap-south-1;2026-07-10 18:08:16.187152;au-7-1;The information system provides the capability to process audit records for events of interest based on [Assignment: organization-defined audit fields within audit records].;Audit and Accountability (AU);Audit Reduction And Report Generation (AU-7);;aws;;FAIL;No CloudWatch log groups found with metric filters or alarms associated.;arn:aws:logs:ap-south-1:735291151388:log-group;cloudwatch_changes_to_network_gateways_alarm_configured;False;735291151388;FedRamp-Moderate-Revision-4;FedRAMP Moderate Revision 4;
aws;The Federal Risk and Authorization Management Program (FedRAMP) was established in 2011. It provides a cost-effective, risk-based approach for the adoption and use of cloud services by the U.S. federal government. FedRAMP empowers federal agencies to use modern cloud technologies, with an emphasis on the security and protection of federal information.;735291151388;ap-south-1;2026-07-10 18:08:16.187152;ca-7-a-b;"The organization develops a continuous monitoring strategy and implements a continuous monitoring program that includes: a. Establishment of [Assignment: organization-defined metrics] to be monitored; b. Establishment of [Assignment: organization-defined frequencies] for monitoring and [Assignment: organization-defined frequencies] for assessments supporting such monitoring.";Security Assessment And Authorization (CA);Continuous Monitoring (CA-7);;aws;;FAIL;No CloudWatch log groups found with metric filters or alarms associated.;arn:aws:logs:ap-south-1:735291151388:log-group;cloudwatch_changes_to_network_gateways_alarm_configured;False;735291151388;FedRamp-Moderate-Revision-4;FedRAMP Moderate Revision 4;
aws;The Federal Risk and Authorization Management Program (FedRAMP) was established in 2011. It provides a cost-effective, risk-based approach for the adoption and use of cloud services by the U.S. federal government. FedRAMP empowers federal agencies to use modern cloud technologies, with an emphasis on the security and protection of federal information.;735291151388;ap-south-1;2026-07-10 18:08:16.187152;ir-4-1;The organization employs automated mechanisms to support the incident handling process.;Incident Response (IR);Incident Handling (IR-4);;aws;;FAIL;No CloudWatch log groups found with metric filters or alarms associated.;arn:aws:logs:ap-south-1:735291151388:log-group;cloudwatch_changes_to_network_gateways_alarm_configured;False;735291151388;FedRamp-Moderate-Revision-4;FedRAMP Moderate Revision 4;
aws;The Federal Risk and Authorization Management Program (FedRAMP) was established in 2011. It provides a cost-effective, risk-based approach for the adoption and use of cloud services by the U.S. federal government. FedRAMP empowers federal agencies to use modern cloud technologies, with an emphasis on the security and protection of federal information.;735291151388;ap-south-1;2026-07-10 18:08:16.187152;ir-4-1;The organization employs automated mechanisms to support the incident handling process.;Incident Response (IR);Incident Handling (IR-4);;aws;;FAIL;No CloudWatch log groups found with metric filters or alarms associated.;arn:aws:logs:ap-south-1:735291151388:log-group;cloudwatch_changes_to_network_gateways_alarm_configured;False;735291151388;FedRamp-Moderate-Revision-4;FedRAMP Moderate Revision 4;
aws;The Federal Risk and Authorization Management Program (FedRAMP) was established in 2011. It provides a cost-effective, risk-based approach for the adoption and use of cloud services by the U.S. federal government. FedRAMP empowers federal agencies to use modern cloud technologies, with an emphasis on the security and protection of federal information.;735291151388;ap-south-1;2026-07-10 18:08:16.187152;si-4-2;The organization employs automated tools to support near real-time analysis of events.;System and Information Integrity (SI);Information System Monitoring (SI-4);;aws;;FAIL;No CloudWatch log groups found with metric filters or alarms associated.;arn:aws:logs:ap-south-1:735291151388:log-group;cloudwatch_changes_to_network_gateways_alarm_configured;False;735291151388;FedRamp-Moderate-Revision-4;FedRAMP Moderate Revision 4;
aws;The Federal Risk and Authorization Management Program (FedRAMP) was established in 2011. It provides a cost-effective, risk-based approach for the adoption and use of cloud services by the U.S. federal government. FedRAMP empowers federal agencies to use modern cloud technologies, with an emphasis on the security and protection of federal information.;735291151388;ap-south-1;2026-07-10 18:08:16.187152;si-4-4;The information system monitors inbound and outbound communications traffic continuously for unusual or unauthorized activities or conditions.;System and Information Integrity (SI);Information System Monitoring (SI-4);;aws;;FAIL;No CloudWatch log groups found with metric filters or alarms associated.;arn:aws:logs:ap-south-1:735291151388:log-group;cloudwatch_changes_to_network_gateways_alarm_configured;False;735291151388;FedRamp-Moderate-Revision-4;FedRAMP Moderate Revision 4;
aws;The Federal Risk and Authorization Management Program (FedRAMP) was established in 2011. It provides a cost-effective, risk-based approach for the adoption and use of cloud services by the U.S. federal government. FedRAMP empowers federal agencies to use modern cloud technologies, with an emphasis on the security and protection of federal information.;735291151388;ap-south-1;2026-07-10 18:08:16.187152;si-4-5;The information system alerts organization-defined personnel or roles when the following indications of compromise or potential compromise occur: [Assignment: organization-defined compromise indicators].;System and Information Integrity (SI);Information System Monitoring (SI-4);;aws;;FAIL;No CloudWatch log groups found with metric filters or alarms associated.;arn:aws:logs:ap-south-1:735291151388:log-group;cloudwatch_changes_to_network_gateways_alarm_configured;False;735291151388;FedRamp-Moderate-Revision-4;FedRAMP Moderate Revision 4;
aws;The Federal Risk and Authorization Management Program (FedRAMP) was established in 2011. It provides a cost-effective, risk-based approach for the adoption and use of cloud services by the U.S. federal government. FedRAMP empowers federal agencies to use modern cloud technologies, with an emphasis on the security and protection of federal information.;735291151388;ap-south-1;2026-07-10 18:08:16.187152;si-4-a-b-c;"The organization: a. Monitors the information system to detect: 1. Attacks and indicators of potential attacks in accordance with [Assignment: organization- defined monitoring objectives]; and 2. Unauthorized local, network, and remote connections; b. Identifies unauthorized use of the information system through [Assignment: organization- defined techniques and methods]; c. Deploys monitoring devices: i. strategically within the information system to collect organization-determined essential information; and (ii) at ad hoc locations within the system to track specific types of transactions of interest to the organization.";System and Information Integrity (SI);Information System Monitoring (SI-4);;aws;;FAIL;No CloudWatch log groups found with metric filters or alarms associated.;arn:aws:logs:ap-south-1:735291151388:log-group;cloudwatch_changes_to_network_gateways_alarm_configured;False;735291151388;FedRamp-Moderate-Revision-4;FedRAMP Moderate Revision 4;
aws;The Federal Risk and Authorization Management Program (FedRAMP) was established in 2011. It provides a cost-effective, risk-based approach for the adoption and use of cloud services by the U.S. federal government. FedRAMP empowers federal agencies to use modern cloud technologies, with an emphasis on the security and protection of federal information.;735291151388;ap-south-1;2026-07-10 18:08:16.187152;ac-2-4;The information system automatically audits account creation, modification, enabling, disabling, and removal actions, and notifies [Assignment: organization-defined personnel or roles].;Access Control (AC);Account Management (AC-2);;aws;;FAIL;No CloudWatch log groups found with metric filters or alarms associated.;arn:aws:logs:ap-south-1:735291151388:log-group;cloudwatch_changes_to_network_route_tables_alarm_configured;False;735291151388;FedRamp-Moderate-Revision-4;FedRAMP Moderate Revision 4;
aws;The Federal Risk and Authorization Management Program (FedRAMP) was established in 2011. It provides a cost-effective, risk-based approach for the adoption and use of cloud services by the U.S. federal government. FedRAMP empowers federal agencies to use modern cloud technologies, with an emphasis on the security and protection of federal information.;735291151388;ap-south-1;2026-07-10 18:08:16.187152;au-6-1-3;(1) The organization employs automated mechanisms to integrate audit review, analysis, and reporting processes to support organizational processes for investigation and response to suspicious activities. (3) The organization analyzes and correlates audit records across different repositories to gain organization-wide situational awareness.;Audit and Accountability (AU);Audit Review, Analysis And Reporting (AU-6);;aws;;FAIL;No CloudWatch log groups found with metric filters or alarms associated.;arn:aws:logs:ap-south-1:735291151388:log-group;cloudwatch_changes_to_network_route_tables_alarm_configured;False;735291151388;FedRamp-Moderate-Revision-4;FedRAMP Moderate Revision 4;
aws;The Federal Risk and Authorization Management Program (FedRAMP) was established in 2011. It provides a cost-effective, risk-based approach for the adoption and use of cloud services by the U.S. federal government. FedRAMP empowers federal agencies to use modern cloud technologies, with an emphasis on the security and protection of federal information.;735291151388;ap-south-1;2026-07-10 18:08:16.187152;au-7-1;The information system provides the capability to process audit records for events of interest based on [Assignment: organization-defined audit fields within audit records].;Audit and Accountability (AU);Audit Reduction And Report Generation (AU-7);;aws;;FAIL;No CloudWatch log groups found with metric filters or alarms associated.;arn:aws:logs:ap-south-1:735291151388:log-group;cloudwatch_changes_to_network_route_tables_alarm_configured;False;735291151388;FedRamp-Moderate-Revision-4;FedRAMP Moderate Revision 4;
aws;The Federal Risk and Authorization Management Program (FedRAMP) was established in 2011. It provides a cost-effective, risk-based approach for the adoption and use of cloud services by the U.S. federal government. FedRAMP empowers federal agencies to use modern cloud technologies, with an emphasis on the security and protection of federal information.;735291151388;ap-south-1;2026-07-10 18:08:16.187152;ca-7-a-b;"The organization develops a continuous monitoring strategy and implements a continuous monitoring program that includes: a. Establishment of [Assignment: organization-defined metrics] to be monitored; b. Establishment of [Assignment: organization-defined frequencies] for monitoring and [Assignment: organization-defined frequencies] for assessments supporting such monitoring.";Security Assessment And Authorization (CA);Continuous Monitoring (CA-7);;aws;;FAIL;No CloudWatch log groups found with metric filters or alarms associated.;arn:aws:logs:ap-south-1:735291151388:log-group;cloudwatch_changes_to_network_route_tables_alarm_configured;False;735291151388;FedRamp-Moderate-Revision-4;FedRAMP Moderate Revision 4;
aws;The Federal Risk and Authorization Management Program (FedRAMP) was established in 2011. It provides a cost-effective, risk-based approach for the adoption and use of cloud services by the U.S. federal government. FedRAMP empowers federal agencies to use modern cloud technologies, with an emphasis on the security and protection of federal information.;735291151388;ap-south-1;2026-07-10 18:08:16.187152;ir-4-1;The organization employs automated mechanisms to support the incident handling process.;Incident Response (IR);Incident Handling (IR-4);;aws;;FAIL;No CloudWatch log groups found with metric filters or alarms associated.;arn:aws:logs:ap-south-1:735291151388:log-group;cloudwatch_changes_to_network_route_tables_alarm_configured;False;735291151388;FedRamp-Moderate-Revision-4;FedRAMP Moderate Revision 4;
aws;The Federal Risk and Authorization Management Program (FedRAMP) was established in 2011. It provides a cost-effective, risk-based approach for the adoption and use of cloud services by the U.S. federal government. FedRAMP empowers federal agencies to use modern cloud technologies, with an emphasis on the security and protection of federal information.;735291151388;ap-south-1;2026-07-10 18:08:16.187152;ir-4-1;The organization employs automated mechanisms to support the incident handling process.;Incident Response (IR);Incident Handling (IR-4);;aws;;FAIL;No CloudWatch log groups found with metric filters or alarms associated.;arn:aws:logs:ap-south-1:735291151388:log-group;cloudwatch_changes_to_network_route_tables_alarm_configured;False;735291151388;FedRamp-Moderate-Revision-4;FedRAMP Moderate Revision 4;
aws;The Federal Risk and Authorization Management Program (FedRAMP) was established in 2011. It provides a cost-effective, risk-based approach for the adoption and use of cloud services by the U.S. federal government. FedRAMP empowers federal agencies to use modern cloud technologies, with an emphasis on the security and protection of federal information.;735291151388;ap-south-1;2026-07-10 18:08:16.187152;si-4-2;The organization employs automated tools to support near real-time analysis of events.;System and Information Integrity (SI);Information System Monitoring (SI-4);;aws;;FAIL;No CloudWatch log groups found with metric filters or alarms associated.;arn:aws:logs:ap-south-1:735291151388:log-group;cloudwatch_changes_to_network_route_tables_alarm_configured;False;735291151388;FedRamp-Moderate-Revision-4;FedRAMP Moderate Revision 4;
aws;The Federal Risk and Authorization Management Program (FedRAMP) was established in 2011. It provides a cost-effective, risk-based approach for the adoption and use of cloud services by the U.S. federal government. FedRAMP empowers federal agencies to use modern cloud technologies, with an emphasis on the security and protection of federal information.;735291151388;ap-south-1;2026-07-10 18:08:16.187152;si-4-4;The information system monitors inbound and outbound communications traffic continuously for unusual or unauthorized activities or conditions.;System and Information Integrity (SI);Information System Monitoring (SI-4);;aws;;FAIL;No CloudWatch log groups found with metric filters or alarms associated.;arn:aws:logs:ap-south-1:735291151388:log-group;cloudwatch_changes_to_network_route_tables_alarm_configured;False;735291151388;FedRamp-Moderate-Revision-4;FedRAMP Moderate Revision 4;
aws;The Federal Risk and Authorization Management Program (FedRAMP) was established in 2011. It provides a cost-effective, risk-based approach for the adoption and use of cloud services by the U.S. federal government. FedRAMP empowers federal agencies to use modern cloud technologies, with an emphasis on the security and protection of federal information.;735291151388;ap-south-1;2026-07-10 18:08:16.187152;si-4-5;The information system alerts organization-defined personnel or roles when the following indications of compromise or potential compromise occur: [Assignment: organization-defined compromise indicators].;System and Information Integrity (SI);Information System Monitoring (SI-4);;aws;;FAIL;No CloudWatch log groups found with metric filters or alarms associated.;arn:aws:logs:ap-south-1:735291151388:log-group;cloudwatch_changes_to_network_route_tables_alarm_configured;False;735291151388;FedRamp-Moderate-Revision-4;FedRAMP Moderate Revision 4;
aws;The Federal Risk and Authorization Management Program (FedRAMP) was established in 2011. It provides a cost-effective, risk-based approach for the adoption and use of cloud services by the U.S. federal government. FedRAMP empowers federal agencies to use modern cloud technologies, with an emphasis on the security and protection of federal information.;735291151388;ap-south-1;2026-07-10 18:08:16.187152;si-4-a-b-c;"The organization: a. Monitors the information system to detect: 1. Attacks and indicators of potential attacks in accordance with [Assignment: organization- defined monitoring objectives]; and 2. Unauthorized local, network, and remote connections; b. Identifies unauthorized use of the information system through [Assignment: organization- defined techniques and methods]; c. Deploys monitoring devices: i. strategically within the information system to collect organization-determined essential information; and (ii) at ad hoc locations within the system to track specific types of transactions of interest to the organization.";System and Information Integrity (SI);Information System Monitoring (SI-4);;aws;;FAIL;No CloudWatch log groups found with metric filters or alarms associated.;arn:aws:logs:ap-south-1:735291151388:log-group;cloudwatch_changes_to_network_route_tables_alarm_configured;False;735291151388;FedRamp-Moderate-Revision-4;FedRAMP Moderate Revision 4;
aws;The Federal Risk and Authorization Management Program (FedRAMP) was established in 2011. It provides a cost-effective, risk-based approach for the adoption and use of cloud services by the U.S. federal government. FedRAMP empowers federal agencies to use modern cloud technologies, with an emphasis on the security and protection of federal information.;735291151388;ap-south-1;2026-07-10 18:08:16.187152;ac-2-4;The information system automatically audits account creation, modification, enabling, disabling, and removal actions, and notifies [Assignment: organization-defined personnel or roles].;Access Control (AC);Account Management (AC-2);;aws;;FAIL;No CloudWatch log groups found with metric filters or alarms associated.;arn:aws:logs:ap-south-1:735291151388:log-group;cloudwatch_changes_to_vpcs_alarm_configured;False;735291151388;FedRamp-Moderate-Revision-4;FedRAMP Moderate Revision 4;
aws;The Federal Risk and Authorization Management Program (FedRAMP) was established in 2011. It provides a cost-effective, risk-based approach for the adoption and use of cloud services by the U.S. federal government. FedRAMP empowers federal agencies to use modern cloud technologies, with an emphasis on the security and protection of federal information.;735291151388;ap-south-1;2026-07-10 18:08:16.187152;au-6-1-3;(1) The organization employs automated mechanisms to integrate audit review, analysis, and reporting processes to support organizational processes for investigation and response to suspicious activities. (3) The organization analyzes and correlates audit records across different repositories to gain organization-wide situational awareness.;Audit and Accountability (AU);Audit Review, Analysis And Reporting (AU-6);;aws;;FAIL;No CloudWatch log groups found with metric filters or alarms associated.;arn:aws:logs:ap-south-1:735291151388:log-group;cloudwatch_changes_to_vpcs_alarm_configured;False;735291151388;FedRamp-Moderate-Revision-4;FedRAMP Moderate Revision 4;
aws;The Federal Risk and Authorization Management Program (FedRAMP) was established in 2011. It provides a cost-effective, risk-based approach for the adoption and use of cloud services by the U.S. federal government. FedRAMP empowers federal agencies to use modern cloud technologies, with an emphasis on the security and protection of federal information.;735291151388;ap-south-1;2026-07-10 18:08:16.187152;au-7-1;The information system provides the capability to process audit records for events of interest based on [Assignment: organization-defined audit fields within audit records].;Audit and Accountability (AU);Audit Reduction And Report Generation (AU-7);;aws;;FAIL;No CloudWatch log groups found with metric filters or alarms associated.;arn:aws:logs:ap-south-1:735291151388:log-group;cloudwatch_changes_to_vpcs_alarm_configured;False;735291151388;FedRamp-Moderate-Revision-4;FedRAMP Moderate Revision 4;
aws;The Federal Risk and Authorization Management Program (FedRAMP) was established in 2011. It provides a cost-effective, risk-based approach for the adoption and use of cloud services by the U.S. federal government. FedRAMP empowers federal agencies to use modern cloud technologies, with an emphasis on the security and protection of federal information.;735291151388;ap-south-1;2026-07-10 18:08:16.187152;ca-7-a-b;"The organization develops a continuous monitoring strategy and implements a continuous monitoring program that includes: a. Establishment of [Assignment: organization-defined metrics] to be monitored; b. Establishment of [Assignment: organization-defined frequencies] for monitoring and [Assignment: organization-defined frequencies] for assessments supporting such monitoring.";Security Assessment And Authorization (CA);Continuous Monitoring (CA-7);;aws;;FAIL;No CloudWatch log groups found with metric filters or alarms associated.;arn:aws:logs:ap-south-1:735291151388:log-group;cloudwatch_changes_to_vpcs_alarm_configured;False;735291151388;FedRamp-Moderate-Revision-4;FedRAMP Moderate Revision 4;
aws;The Federal Risk and Authorization Management Program (FedRAMP) was established in 2011. It provides a cost-effective, risk-based approach for the adoption and use of cloud services by the U.S. federal government. FedRAMP empowers federal agencies to use modern cloud technologies, with an emphasis on the security and protection of federal information.;735291151388;ap-south-1;2026-07-10 18:08:16.187152;ir-4-1;The organization employs automated mechanisms to support the incident handling process.;Incident Response (IR);Incident Handling (IR-4);;aws;;FAIL;No CloudWatch log groups found with metric filters or alarms associated.;arn:aws:logs:ap-south-1:735291151388:log-group;cloudwatch_changes_to_vpcs_alarm_configured;False;735291151388;FedRamp-Moderate-Revision-4;FedRAMP Moderate Revision 4;
aws;The Federal Risk and Authorization Management Program (FedRAMP) was established in 2011. It provides a cost-effective, risk-based approach for the adoption and use of cloud services by the U.S. federal government. FedRAMP empowers federal agencies to use modern cloud technologies, with an emphasis on the security and protection of federal information.;735291151388;ap-south-1;2026-07-10 18:08:16.187152;ir-4-1;The organization employs automated mechanisms to support the incident handling process.;Incident Response (IR);Incident Handling (IR-4);;aws;;FAIL;No CloudWatch log groups found with metric filters or alarms associated.;arn:aws:logs:ap-south-1:735291151388:log-group;cloudwatch_changes_to_vpcs_alarm_configured;False;735291151388;FedRamp-Moderate-Revision-4;FedRAMP Moderate Revision 4;
aws;The Federal Risk and Authorization Management Program (FedRAMP) was established in 2011. It provides a cost-effective, risk-based approach for the adoption and use of cloud services by the U.S. federal government. FedRAMP empowers federal agencies to use modern cloud technologies, with an emphasis on the security and protection of federal information.;735291151388;ap-south-1;2026-07-10 18:08:16.187152;si-4-2;The organization employs automated tools to support near real-time analysis of events.;System and Information Integrity (SI);Information System Monitoring (SI-4);;aws;;FAIL;No CloudWatch log groups found with metric filters or alarms associated.;arn:aws:logs:ap-south-1:735291151388:log-group;cloudwatch_changes_to_vpcs_alarm_configured;False;735291151388;FedRamp-Moderate-Revision-4;FedRAMP Moderate Revision 4;
aws;The Federal Risk and Authorization Management Program (FedRAMP) was established in 2011. It provides a cost-effective, risk-based approach for the adoption and use of cloud services by the U.S. federal government. FedRAMP empowers federal agencies to use modern cloud technologies, with an emphasis on the security and protection of federal information.;735291151388;ap-south-1;2026-07-10 18:08:16.187152;si-4-4;The information system monitors inbound and outbound communications traffic continuously for unusual or unauthorized activities or conditions.;System and Information Integrity (SI);Information System Monitoring (SI-4);;aws;;FAIL;No CloudWatch log groups found with metric filters or alarms associated.;arn:aws:logs:ap-south-1:735291151388:log-group;cloudwatch_changes_to_vpcs_alarm_configured;False;735291151388;FedRamp-Moderate-Revision-4;FedRAMP Moderate Revision 4;
aws;The Federal Risk and Authorization Management Program (FedRAMP) was established in 2011. It provides a cost-effective, risk-based approach for the adoption and use of cloud services by the U.S. federal government. FedRAMP empowers federal agencies to use modern cloud technologies, with an emphasis on the security and protection of federal information.;735291151388;ap-south-1;2026-07-10 18:08:16.187152;si-4-5;The information system alerts organization-defined personnel or roles when the following indications of compromise or potential compromise occur: [Assignment: organization-defined compromise indicators].;System and Information Integrity (SI);Information System Monitoring (SI-4);;aws;;FAIL;No CloudWatch log groups found with metric filters or alarms associated.;arn:aws:logs:ap-south-1:735291151388:log-group;cloudwatch_changes_to_vpcs_alarm_configured;False;735291151388;FedRamp-Moderate-Revision-4;FedRAMP Moderate Revision 4;
aws;The Federal Risk and Authorization Management Program (FedRAMP) was established in 2011. It provides a cost-effective, risk-based approach for the adoption and use of cloud services by the U.S. federal government. FedRAMP empowers federal agencies to use modern cloud technologies, with an emphasis on the security and protection of federal information.;735291151388;ap-south-1;2026-07-10 18:08:16.187152;si-4-a-b-c;"The organization: a. Monitors the information system to detect: 1. Attacks and indicators of potential attacks in accordance with [Assignment: organization- defined monitoring objectives]; and 2. Unauthorized local, network, and remote connections; b. Identifies unauthorized use of the information system through [Assignment: organization- defined techniques and methods]; c. Deploys monitoring devices: i. strategically within the information system to collect organization-determined essential information; and (ii) at ad hoc locations within the system to track specific types of transactions of interest to the organization.";System and Information Integrity (SI);Information System Monitoring (SI-4);;aws;;FAIL;No CloudWatch log groups found with metric filters or alarms associated.;arn:aws:logs:ap-south-1:735291151388:log-group;cloudwatch_changes_to_vpcs_alarm_configured;False;735291151388;FedRamp-Moderate-Revision-4;FedRAMP Moderate Revision 4;
aws;The Federal Risk and Authorization Management Program (FedRAMP) was established in 2011. It provides a cost-effective, risk-based approach for the adoption and use of cloud services by the U.S. federal government. FedRAMP empowers federal agencies to use modern cloud technologies, with an emphasis on the security and protection of federal information.;735291151388;ap-south-1;2026-07-10 18:08:16.187152;sc-28;The information system protects the confidentiality AND integrity of [Assignment: organization-defined information at rest].;System and Communications Protection (SC);;;aws;;FAIL;EBS Snapshot vol-022955d77ae658dd5 is unencrypted.;arn:aws:ec2:ap-south-1:735291151388:volume/vol-022955d77ae658dd5;ec2_ebs_volume_encryption;False;vol-022955d77ae658dd5;FedRamp-Moderate-Revision-4;FedRAMP Moderate Revision 4;
aws;The Federal Risk and Authorization Management Program (FedRAMP) was established in 2011. It provides a cost-effective, risk-based approach for the adoption and use of cloud services by the U.S. federal government. FedRAMP empowers federal agencies to use modern cloud technologies, with an emphasis on the security and protection of federal information.;735291151388;ap-south-1;2026-07-10 18:08:16.187152;ac-3;The information system enforces approved authorizations for logical access to information and system resources in accordance with applicable access control policies.;Access Control (AC);;;aws;;PASS;EC2 Instance i-0c7395c282641f31e has IMDSv2 enabled and required.;arn:aws:ec2:ap-south-1:735291151388:instance/i-0c7395c282641f31e;ec2_instance_imdsv2_enabled;False;i-0c7395c282641f31e;FedRamp-Moderate-Revision-4;FedRAMP Moderate Revision 4;
aws;The Federal Risk and Authorization Management Program (FedRAMP) was established in 2011. It provides a cost-effective, risk-based approach for the adoption and use of cloud services by the U.S. federal government. FedRAMP empowers federal agencies to use modern cloud technologies, with an emphasis on the security and protection of federal information.;735291151388;ap-south-1;2026-07-10 18:08:16.187152;ac-6;The organization employs the principle of least privilege, allowing only authorized accesses for users (or processes acting on behalf of users) which are necessary to accomplish assigned tasks in accordance with organizational missions and business functions.;Access Control (AC);;;aws;;PASS;EC2 Instance i-0c7395c282641f31e has IMDSv2 enabled and required.;arn:aws:ec2:ap-south-1:735291151388:instance/i-0c7395c282641f31e;ec2_instance_imdsv2_enabled;False;i-0c7395c282641f31e;FedRamp-Moderate-Revision-4;FedRAMP Moderate Revision 4;
aws;The Federal Risk and Authorization Management Program (FedRAMP) was established in 2011. It provides a cost-effective, risk-based approach for the adoption and use of cloud services by the U.S. federal government. FedRAMP empowers federal agencies to use modern cloud technologies, with an emphasis on the security and protection of federal information.;735291151388;ap-south-1;2026-07-10 18:08:16.187152;ca-7-a-b;"The organization develops a continuous monitoring strategy and implements a continuous monitoring program that includes: a. Establishment of [Assignment: organization-defined metrics] to be monitored; b. Establishment of [Assignment: organization-defined frequencies] for monitoring and [Assignment: organization-defined frequencies] for assessments supporting such monitoring.";Security Assessment And Authorization (CA);Continuous Monitoring (CA-7);;aws;;PASS;EC2 Instance i-0c7395c282641f31e has IMDSv2 enabled and required.;arn:aws:ec2:ap-south-1:735291151388:instance/i-0c7395c282641f31e;ec2_instance_imdsv2_enabled;False;i-0c7395c282641f31e;FedRamp-Moderate-Revision-4;FedRAMP Moderate Revision 4;
aws;The Federal Risk and Authorization Management Program (FedRAMP) was established in 2011. It provides a cost-effective, risk-based approach for the adoption and use of cloud services by the U.S. federal government. FedRAMP empowers federal agencies to use modern cloud technologies, with an emphasis on the security and protection of federal information.;735291151388;ap-south-1;2026-07-10 18:08:16.187152;si-4-2;The organization employs automated tools to support near real-time analysis of events.;System and Information Integrity (SI);Information System Monitoring (SI-4);;aws;;PASS;EC2 Instance i-0c7395c282641f31e has IMDSv2 enabled and required.;arn:aws:ec2:ap-south-1:735291151388:instance/i-0c7395c282641f31e;ec2_instance_imdsv2_enabled;False;i-0c7395c282641f31e;FedRamp-Moderate-Revision-4;FedRAMP Moderate Revision 4;
aws;The Federal Risk and Authorization Management Program (FedRAMP) was established in 2011. It provides a cost-effective, risk-based approach for the adoption and use of cloud services by the U.S. federal government. FedRAMP empowers federal agencies to use modern cloud technologies, with an emphasis on the security and protection of federal information.;735291151388;ap-south-1;2026-07-10 18:08:16.187152;si-4-4;The information system monitors inbound and outbound communications traffic continuously for unusual or unauthorized activities or conditions.;System and Information Integrity (SI);Information System Monitoring (SI-4);;aws;;PASS;EC2 Instance i-0c7395c282641f31e has IMDSv2 enabled and required.;arn:aws:ec2:ap-south-1:735291151388:instance/i-0c7395c282641f31e;ec2_instance_imdsv2_enabled;False;i-0c7395c282641f31e;FedRamp-Moderate-Revision-4;FedRAMP Moderate Revision 4;
aws;The Federal Risk and Authorization Management Program (FedRAMP) was established in 2011. It provides a cost-effective, risk-based approach for the adoption and use of cloud services by the U.S. federal government. FedRAMP empowers federal agencies to use modern cloud technologies, with an emphasis on the security and protection of federal information.;735291151388;ap-south-1;2026-07-10 18:08:16.187152;si-4-5;The information system alerts organization-defined personnel or roles when the following indications of compromise or potential compromise occur: [Assignment: organization-defined compromise indicators].;System and Information Integrity (SI);Information System Monitoring (SI-4);;aws;;PASS;EC2 Instance i-0c7395c282641f31e has IMDSv2 enabled and required.;arn:aws:ec2:ap-south-1:735291151388:instance/i-0c7395c282641f31e;ec2_instance_imdsv2_enabled;False;i-0c7395c282641f31e;FedRamp-Moderate-Revision-4;FedRAMP Moderate Revision 4;
aws;The Federal Risk and Authorization Management Program (FedRAMP) was established in 2011. It provides a cost-effective, risk-based approach for the adoption and use of cloud services by the U.S. federal government. FedRAMP empowers federal agencies to use modern cloud technologies, with an emphasis on the security and protection of federal information.;735291151388;ap-south-1;2026-07-10 18:08:16.187152;si-4-a-b-c;"The organization: a. Monitors the information system to detect: 1. Attacks and indicators of potential attacks in accordance with [Assignment: organization- defined monitoring objectives]; and 2. Unauthorized local, network, and remote connections; b. Identifies unauthorized use of the information system through [Assignment: organization- defined techniques and methods]; c. Deploys monitoring devices: i. strategically within the information system to collect organization-determined essential information; and (ii) at ad hoc locations within the system to track specific types of transactions of interest to the organization.";System and Information Integrity (SI);Information System Monitoring (SI-4);;aws;;PASS;EC2 Instance i-0c7395c282641f31e has IMDSv2 enabled and required.;arn:aws:ec2:ap-south-1:735291151388:instance/i-0c7395c282641f31e;ec2_instance_imdsv2_enabled;False;i-0c7395c282641f31e;FedRamp-Moderate-Revision-4;FedRAMP Moderate Revision 4;
aws;The Federal Risk and Authorization Management Program (FedRAMP) was established in 2011. It provides a cost-effective, risk-based approach for the adoption and use of cloud services by the U.S. federal government. FedRAMP empowers federal agencies to use modern cloud technologies, with an emphasis on the security and protection of federal information.;735291151388;ap-south-1;2026-07-10 18:08:16.187152;cm-2;The organization develops, documents, and maintains under configuration control, a current baseline configuration of the information system.;Configuration Management (CM);;;aws;;FAIL;EC2 Instance i-0c7395c282641f31e is not managed by Systems Manager.;arn:aws:ec2:ap-south-1:735291151388:instance/i-0c7395c282641f31e;ec2_instance_managed_by_ssm;False;i-0c7395c282641f31e;FedRamp-Moderate-Revision-4;FedRAMP Moderate Revision 4;
aws;The Federal Risk and Authorization Management Program (FedRAMP) was established in 2011. It provides a cost-effective, risk-based approach for the adoption and use of cloud services by the U.S. federal government. FedRAMP empowers federal agencies to use modern cloud technologies, with an emphasis on the security and protection of federal information.;735291151388;ap-south-1;2026-07-10 18:08:16.187152;cm-7-a;The organization: a. Configures the information system to provide only essential capabilities.;Configuration Management (CM);Least Functionality (CM-7);;aws;;FAIL;EC2 Instance i-0c7395c282641f31e is not managed by Systems Manager.;arn:aws:ec2:ap-south-1:735291151388:instance/i-0c7395c282641f31e;ec2_instance_managed_by_ssm;False;i-0c7395c282641f31e;FedRamp-Moderate-Revision-4;FedRAMP Moderate Revision 4;
aws;The Federal Risk and Authorization Management Program (FedRAMP) was established in 2011. It provides a cost-effective, risk-based approach for the adoption and use of cloud services by the U.S. federal government. FedRAMP empowers federal agencies to use modern cloud technologies, with an emphasis on the security and protection of federal information.;735291151388;ap-south-1;2026-07-10 18:08:16.187152;cm-8-1;The organization updates the inventory of information system components as an integral part of component installations, removals, and information system updates.;Configuration Management (CM);Information System Component Inventory (CM-8);;aws;;FAIL;EC2 Instance i-0c7395c282641f31e is not managed by Systems Manager.;arn:aws:ec2:ap-south-1:735291151388:instance/i-0c7395c282641f31e;ec2_instance_managed_by_ssm;False;i-0c7395c282641f31e;FedRamp-Moderate-Revision-4;FedRAMP Moderate Revision 4;
aws;The Federal Risk and Authorization Management Program (FedRAMP) was established in 2011. It provides a cost-effective, risk-based approach for the adoption and use of cloud services by the U.S. federal government. FedRAMP empowers federal agencies to use modern cloud technologies, with an emphasis on the security and protection of federal information.;735291151388;ap-south-1;2026-07-10 18:08:16.187152;cm-8-3-a;The organization: a. Employs automated mechanisms continuously, using automated mechanisms with a maximum five-minute delay in detection, to detect the presence of unauthorized hardware, software, and firmware components within the information system;Configuration Management (CM);Information System Component Inventory (CM-8);;aws;;FAIL;EC2 Instance i-0c7395c282641f31e is not managed by Systems Manager.;arn:aws:ec2:ap-south-1:735291151388:instance/i-0c7395c282641f31e;ec2_instance_managed_by_ssm;False;i-0c7395c282641f31e;FedRamp-Moderate-Revision-4;FedRAMP Moderate Revision 4;
aws;The Federal Risk and Authorization Management Program (FedRAMP) was established in 2011. It provides a cost-effective, risk-based approach for the adoption and use of cloud services by the U.S. federal government. FedRAMP empowers federal agencies to use modern cloud technologies, with an emphasis on the security and protection of federal information.;735291151388;ap-south-1;2026-07-10 18:08:16.187152;sa-3-a;The organization: a. Manages the information system using [Assignment: organization-defined system development life cycle] that incorporates information security considerations.;System and Services Acquisition (SA);System Development Life Cycle (SA-3);;aws;;FAIL;EC2 Instance i-0c7395c282641f31e is not managed by Systems Manager.;arn:aws:ec2:ap-south-1:735291151388:instance/i-0c7395c282641f31e;ec2_instance_managed_by_ssm;False;i-0c7395c282641f31e;FedRamp-Moderate-Revision-4;FedRAMP Moderate Revision 4;
aws;The Federal Risk and Authorization Management Program (FedRAMP) was established in 2011. It provides a cost-effective, risk-based approach for the adoption and use of cloud services by the U.S. federal government. FedRAMP empowers federal agencies to use modern cloud technologies, with an emphasis on the security and protection of federal information.;735291151388;ap-south-1;2026-07-10 18:08:16.187152;sa-10;"The organization requires the developer of the information system, system component, or information system service to: a. Perform configuration management during system, component, or service [Selection (one or more): design; development; implementation; operation]; b. Document, manage, and control the integrity of changes to [Assignment: organization-defined configuration items under configuration management]; c. Implement only organization-approved changes to the system, component, or service; d. Document approved changes to the system, component, or service and the potential security impacts of such changes; and e. Track security flaws and flaw resolution within the system, component, or service and report findings to [Assignment: organization-defined personnel].";System and Services Acquisition (SA);;;aws;;FAIL;EC2 Instance i-0c7395c282641f31e is not managed by Systems Manager.;arn:aws:ec2:ap-south-1:735291151388:instance/i-0c7395c282641f31e;ec2_instance_managed_by_ssm;False;i-0c7395c282641f31e;FedRamp-Moderate-Revision-4;FedRAMP Moderate Revision 4;
aws;The Federal Risk and Authorization Management Program (FedRAMP) was established in 2011. It provides a cost-effective, risk-based approach for the adoption and use of cloud services by the U.S. federal government. FedRAMP empowers federal agencies to use modern cloud technologies, with an emphasis on the security and protection of federal information.;735291151388;ap-south-1;2026-07-10 18:08:16.187152;si-2-2;The organization employs automated mechanisms at least monthly to determine the state of information system components with regard to flaw remediation.;System and Information Integrity (SI);Flaw Remediation (SI-2);;aws;;FAIL;EC2 Instance i-0c7395c282641f31e is not managed by Systems Manager.;arn:aws:ec2:ap-south-1:735291151388:instance/i-0c7395c282641f31e;ec2_instance_managed_by_ssm;False;i-0c7395c282641f31e;FedRamp-Moderate-Revision-4;FedRAMP Moderate Revision 4;
aws;The Federal Risk and Authorization Management Program (FedRAMP) was established in 2011. It provides a cost-effective, risk-based approach for the adoption and use of cloud services by the U.S. federal government. FedRAMP empowers federal agencies to use modern cloud technologies, with an emphasis on the security and protection of federal information.;735291151388;ap-south-1;2026-07-10 18:08:16.187152;si-7-1;The information system performs an integrity check of security relevant events at least monthly.;System and Information Integrity (SI);Software, Firmware, and Information Integrity (SI-7);;aws;;FAIL;EC2 Instance i-0c7395c282641f31e is not managed by Systems Manager.;arn:aws:ec2:ap-south-1:735291151388:instance/i-0c7395c282641f31e;ec2_instance_managed_by_ssm;False;i-0c7395c282641f31e;FedRamp-Moderate-Revision-4;FedRAMP Moderate Revision 4;
aws;The Federal Risk and Authorization Management Program (FedRAMP) was established in 2011. It provides a cost-effective, risk-based approach for the adoption and use of cloud services by the U.S. federal government. FedRAMP empowers federal agencies to use modern cloud technologies, with an emphasis on the security and protection of federal information.;735291151388;ap-south-1;2026-07-10 18:08:16.187152;cm-2;The organization develops, documents, and maintains under configuration control, a current baseline configuration of the information system.;Configuration Management (CM);;;aws;;PASS;EC2 Instance i-0c7395c282641f31e is not older than 180 days (0 days).;arn:aws:ec2:ap-south-1:735291151388:instance/i-0c7395c282641f31e;ec2_instance_older_than_specific_days;False;i-0c7395c282641f31e;FedRamp-Moderate-Revision-4;FedRAMP Moderate Revision 4;
aws;The Federal Risk and Authorization Management Program (FedRAMP) was established in 2011. It provides a cost-effective, risk-based approach for the adoption and use of cloud services by the U.S. federal government. FedRAMP empowers federal agencies to use modern cloud technologies, with an emphasis on the security and protection of federal information.;735291151388;ap-south-1;2026-07-10 18:08:16.187152;ac-3;The information system enforces approved authorizations for logical access to information and system resources in accordance with applicable access control policies.;Access Control (AC);;;aws;;FAIL;EC2 Instance i-0c7395c282641f31e has a Public IP: 35.154.255.133 (ec2-35-154-255-133.ap-south-1.compute.amazonaws.com).;arn:aws:ec2:ap-south-1:735291151388:instance/i-0c7395c282641f31e;ec2_instance_public_ip;False;i-0c7395c282641f31e;FedRamp-Moderate-Revision-4;FedRAMP Moderate Revision 4;
aws;The Federal Risk and Authorization Management Program (FedRAMP) was established in 2011. It provides a cost-effective, risk-based approach for the adoption and use of cloud services by the U.S. federal government. FedRAMP empowers federal agencies to use modern cloud technologies, with an emphasis on the security and protection of federal information.;735291151388;ap-south-1;2026-07-10 18:08:16.187152;ac-4;The information system enforces approved authorizations for controlling the flow of information within the system and between interconnected systems based on organization-defined information flow control policies.;Access Control (AC);;;aws;;FAIL;EC2 Instance i-0c7395c282641f31e has a Public IP: 35.154.255.133 (ec2-35-154-255-133.ap-south-1.compute.amazonaws.com).;arn:aws:ec2:ap-south-1:735291151388:instance/i-0c7395c282641f31e;ec2_instance_public_ip;False;i-0c7395c282641f31e;FedRamp-Moderate-Revision-4;FedRAMP Moderate Revision 4;
aws;The Federal Risk and Authorization Management Program (FedRAMP) was established in 2011. It provides a cost-effective, risk-based approach for the adoption and use of cloud services by the U.S. federal government. FedRAMP empowers federal agencies to use modern cloud technologies, with an emphasis on the security and protection of federal information.;735291151388;ap-south-1;2026-07-10 18:08:16.187152;ac-6;The organization employs the principle of least privilege, allowing only authorized accesses for users (or processes acting on behalf of users) which are necessary to accomplish assigned tasks in accordance with organizational missions and business functions.;Access Control (AC);;;aws;;FAIL;EC2 Instance i-0c7395c282641f31e has a Public IP: 35.154.255.133 (ec2-35-154-255-133.ap-south-1.compute.amazonaws.com).;arn:aws:ec2:ap-south-1:735291151388:instance/i-0c7395c282641f31e;ec2_instance_public_ip;False;i-0c7395c282641f31e;FedRamp-Moderate-Revision-4;FedRAMP Moderate Revision 4;
aws;The Federal Risk and Authorization Management Program (FedRAMP) was established in 2011. It provides a cost-effective, risk-based approach for the adoption and use of cloud services by the U.S. federal government. FedRAMP empowers federal agencies to use modern cloud technologies, with an emphasis on the security and protection of federal information.;735291151388;ap-south-1;2026-07-10 18:08:16.187152;ac-17-1;The information system monitors and controls remote access methods.;Access Control (AC);Remote Access (AC-17);;aws;;FAIL;EC2 Instance i-0c7395c282641f31e has a Public IP: 35.154.255.133 (ec2-35-154-255-133.ap-south-1.compute.amazonaws.com).;arn:aws:ec2:ap-south-1:735291151388:instance/i-0c7395c282641f31e;ec2_instance_public_ip;False;i-0c7395c282641f31e;FedRamp-Moderate-Revision-4;FedRAMP Moderate Revision 4;
aws;The Federal Risk and Authorization Management Program (FedRAMP) was established in 2011. It provides a cost-effective, risk-based approach for the adoption and use of cloud services by the U.S. federal government. FedRAMP empowers federal agencies to use modern cloud technologies, with an emphasis on the security and protection of federal information.;735291151388;ap-south-1;2026-07-10 18:08:16.187152;ac-21-b;The organization: b. Employs [Assignment: organization-defined automated mechanisms or manual processes] to assist users in making information sharing/collaboration decisions.;Access Control (AC);Information Sharing (AC-21);;aws;;FAIL;EC2 Instance i-0c7395c282641f31e has a Public IP: 35.154.255.133 (ec2-35-154-255-133.ap-south-1.compute.amazonaws.com).;arn:aws:ec2:ap-south-1:735291151388:instance/i-0c7395c282641f31e;ec2_instance_public_ip;False;i-0c7395c282641f31e;FedRamp-Moderate-Revision-4;FedRAMP Moderate Revision 4;
aws;The Federal Risk and Authorization Management Program (FedRAMP) was established in 2011. It provides a cost-effective, risk-based approach for the adoption and use of cloud services by the U.S. federal government. FedRAMP empowers federal agencies to use modern cloud technologies, with an emphasis on the security and protection of federal information.;735291151388;ap-south-1;2026-07-10 18:08:16.187152;cm-2;The organization develops, documents, and maintains under configuration control, a current baseline configuration of the information system.;Configuration Management (CM);;;aws;;FAIL;EC2 Instance i-0c7395c282641f31e has a Public IP: 35.154.255.133 (ec2-35-154-255-133.ap-south-1.compute.amazonaws.com).;arn:aws:ec2:ap-south-1:735291151388:instance/i-0c7395c282641f31e;ec2_instance_public_ip;False;i-0c7395c282641f31e;FedRamp-Moderate-Revision-4;FedRAMP Moderate Revision 4;
aws;The Federal Risk and Authorization Management Program (FedRAMP) was established in 2011. It provides a cost-effective, risk-based approach for the adoption and use of cloud services by the U.S. federal government. FedRAMP empowers federal agencies to use modern cloud technologies, with an emphasis on the security and protection of federal information.;735291151388;ap-south-1;2026-07-10 18:08:16.187152;sc-7-3;The organization limits the number of external network connections to the information system.;System and Communications Protection (SC);Boundary Protection (SC-7);;aws;;FAIL;EC2 Instance i-0c7395c282641f31e has a Public IP: 35.154.255.133 (ec2-35-154-255-133.ap-south-1.compute.amazonaws.com).;arn:aws:ec2:ap-south-1:735291151388:instance/i-0c7395c282641f31e;ec2_instance_public_ip;False;i-0c7395c282641f31e;FedRamp-Moderate-Revision-4;FedRAMP Moderate Revision 4;
aws;The Federal Risk and Authorization Management Program (FedRAMP) was established in 2011. It provides a cost-effective, risk-based approach for the adoption and use of cloud services by the U.S. federal government. FedRAMP empowers federal agencies to use modern cloud technologies, with an emphasis on the security and protection of federal information.;735291151388;ap-south-1;2026-07-10 18:08:16.187152;sc-7;"The information system: a. Monitors and controls communications at the external boundary of the system and at key internal boundaries within the system; b. Implements subnetworks for publicly accessible system components that are [Selection: physically; logically] separated from internal organizational networks; and c. Connects to external networks or information systems only through managed interfaces consisting of boundary protection devices arranged in accordance with an organizational security architecture.";System and Communications Protection (SC);;;aws;;FAIL;EC2 Instance i-0c7395c282641f31e has a Public IP: 35.154.255.133 (ec2-35-154-255-133.ap-south-1.compute.amazonaws.com).;arn:aws:ec2:ap-south-1:735291151388:instance/i-0c7395c282641f31e;ec2_instance_public_ip;False;i-0c7395c282641f31e;FedRamp-Moderate-Revision-4;FedRAMP Moderate Revision 4;
aws;The Federal Risk and Authorization Management Program (FedRAMP) was established in 2011. It provides a cost-effective, risk-based approach for the adoption and use of cloud services by the U.S. federal government. FedRAMP empowers federal agencies to use modern cloud technologies, with an emphasis on the security and protection of federal information.;735291151388;ap-south-1;2026-07-10 18:08:16.187152;ac-4;The information system enforces approved authorizations for controlling the flow of information within the system and between interconnected systems based on organization-defined information flow control policies.;Access Control (AC);;;aws;;FAIL;Network ACL acl-055a0136ea4bc4585 has every port open to the Internet.;arn:aws:ec2:ap-south-1:735291151388:network-acl/acl-055a0136ea4bc4585;ec2_networkacl_allow_ingress_any_port;False;acl-055a0136ea4bc4585;FedRamp-Moderate-Revision-4;FedRAMP Moderate Revision 4;
aws;The Federal Risk and Authorization Management Program (FedRAMP) was established in 2011. It provides a cost-effective, risk-based approach for the adoption and use of cloud services by the U.S. federal government. FedRAMP empowers federal agencies to use modern cloud technologies, with an emphasis on the security and protection of federal information.;735291151388;ap-south-1;2026-07-10 18:08:16.187152;ac-17-1;The information system monitors and controls remote access methods.;Access Control (AC);Remote Access (AC-17);;aws;;FAIL;Network ACL acl-055a0136ea4bc4585 has every port open to the Internet.;arn:aws:ec2:ap-south-1:735291151388:network-acl/acl-055a0136ea4bc4585;ec2_networkacl_allow_ingress_any_port;False;acl-055a0136ea4bc4585;FedRamp-Moderate-Revision-4;FedRAMP Moderate Revision 4;
aws;The Federal Risk and Authorization Management Program (FedRAMP) was established in 2011. It provides a cost-effective, risk-based approach for the adoption and use of cloud services by the U.S. federal government. FedRAMP empowers federal agencies to use modern cloud technologies, with an emphasis on the security and protection of federal information.;735291151388;ap-south-1;2026-07-10 18:08:16.187152;ac-21-b;The organization: b. Employs [Assignment: organization-defined automated mechanisms or manual processes] to assist users in making information sharing/collaboration decisions.;Access Control (AC);Information Sharing (AC-21);;aws;;FAIL;Network ACL acl-055a0136ea4bc4585 has every port open to the Internet.;arn:aws:ec2:ap-south-1:735291151388:network-acl/acl-055a0136ea4bc4585;ec2_networkacl_allow_ingress_any_port;False;acl-055a0136ea4bc4585;FedRamp-Moderate-Revision-4;FedRAMP Moderate Revision 4;
aws;The Federal Risk and Authorization Management Program (FedRAMP) was established in 2011. It provides a cost-effective, risk-based approach for the adoption and use of cloud services by the U.S. federal government. FedRAMP empowers federal agencies to use modern cloud technologies, with an emphasis on the security and protection of federal information.;735291151388;ap-south-1;2026-07-10 18:08:16.187152;cm-2;The organization develops, documents, and maintains under configuration control, a current baseline configuration of the information system.;Configuration Management (CM);;;aws;;FAIL;Network ACL acl-055a0136ea4bc4585 has every port open to the Internet.;arn:aws:ec2:ap-south-1:735291151388:network-acl/acl-055a0136ea4bc4585;ec2_networkacl_allow_ingress_any_port;False;acl-055a0136ea4bc4585;FedRamp-Moderate-Revision-4;FedRAMP Moderate Revision 4;
aws;The Federal Risk and Authorization Management Program (FedRAMP) was established in 2011. It provides a cost-effective, risk-based approach for the adoption and use of cloud services by the U.S. federal government. FedRAMP empowers federal agencies to use modern cloud technologies, with an emphasis on the security and protection of federal information.;735291151388;ap-south-1;2026-07-10 18:08:16.187152;sc-4;The information system prevents unauthorized and unintended information transfer via shared system resources.;System and Communications Protection (SC);;;aws;;FAIL;Network ACL acl-055a0136ea4bc4585 has every port open to the Internet.;arn:aws:ec2:ap-south-1:735291151388:network-acl/acl-055a0136ea4bc4585;ec2_networkacl_allow_ingress_any_port;False;acl-055a0136ea4bc4585;FedRamp-Moderate-Revision-4;FedRAMP Moderate Revision 4;
aws;The Federal Risk and Authorization Management Program (FedRAMP) was established in 2011. It provides a cost-effective, risk-based approach for the adoption and use of cloud services by the U.S. federal government. FedRAMP empowers federal agencies to use modern cloud technologies, with an emphasis on the security and protection of federal information.;735291151388;ap-south-1;2026-07-10 18:08:16.187152;sc-7-3;The organization limits the number of external network connections to the information system.;System and Communications Protection (SC);Boundary Protection (SC-7);;aws;;FAIL;Network ACL acl-055a0136ea4bc4585 has every port open to the Internet.;arn:aws:ec2:ap-south-1:735291151388:network-acl/acl-055a0136ea4bc4585;ec2_networkacl_allow_ingress_any_port;False;acl-055a0136ea4bc4585;FedRamp-Moderate-Revision-4;FedRAMP Moderate Revision 4;
aws;The Federal Risk and Authorization Management Program (FedRAMP) was established in 2011. It provides a cost-effective, risk-based approach for the adoption and use of cloud services by the U.S. federal government. FedRAMP empowers federal agencies to use modern cloud technologies, with an emphasis on the security and protection of federal information.;735291151388;ap-south-1;2026-07-10 18:08:16.187152;sc-7;"The information system: a. Monitors and controls communications at the external boundary of the system and at key internal boundaries within the system; b. Implements subnetworks for publicly accessible system components that are [Selection: physically; logically] separated from internal organizational networks; and c. Connects to external networks or information systems only through managed interfaces consisting of boundary protection devices arranged in accordance with an organizational security architecture.";System and Communications Protection (SC);;;aws;;FAIL;Network ACL acl-055a0136ea4bc4585 has every port open to the Internet.;arn:aws:ec2:ap-south-1:735291151388:network-acl/acl-055a0136ea4bc4585;ec2_networkacl_allow_ingress_any_port;False;acl-055a0136ea4bc4585;FedRamp-Moderate-Revision-4;FedRAMP Moderate Revision 4;
aws;The Federal Risk and Authorization Management Program (FedRAMP) was established in 2011. It provides a cost-effective, risk-based approach for the adoption and use of cloud services by the U.S. federal government. FedRAMP empowers federal agencies to use modern cloud technologies, with an emphasis on the security and protection of federal information.;735291151388;ap-south-1;2026-07-10 18:08:16.187152;ac-4;The information system enforces approved authorizations for controlling the flow of information within the system and between interconnected systems based on organization-defined information flow control policies.;Access Control (AC);;;aws;;FAIL;Network ACL acl-0db7c7715aa3918aa has every port open to the Internet.;arn:aws:ec2:ap-south-1:735291151388:network-acl/acl-0db7c7715aa3918aa;ec2_networkacl_allow_ingress_any_port;False;acl-0db7c7715aa3918aa;FedRamp-Moderate-Revision-4;FedRAMP Moderate Revision 4;
aws;The Federal Risk and Authorization Management Program (FedRAMP) was established in 2011. It provides a cost-effective, risk-based approach for the adoption and use of cloud services by the U.S. federal government. FedRAMP empowers federal agencies to use modern cloud technologies, with an emphasis on the security and protection of federal information.;735291151388;ap-south-1;2026-07-10 18:08:16.187152;ac-17-1;The information system monitors and controls remote access methods.;Access Control (AC);Remote Access (AC-17);;aws;;FAIL;Network ACL acl-0db7c7715aa3918aa has every port open to the Internet.;arn:aws:ec2:ap-south-1:735291151388:network-acl/acl-0db7c7715aa3918aa;ec2_networkacl_allow_ingress_any_port;False;acl-0db7c7715aa3918aa;FedRamp-Moderate-Revision-4;FedRAMP Moderate Revision 4;
aws;The Federal Risk and Authorization Management Program (FedRAMP) was established in 2011. It provides a cost-effective, risk-based approach for the adoption and use of cloud services by the U.S. federal government. FedRAMP empowers federal agencies to use modern cloud technologies, with an emphasis on the security and protection of federal information.;735291151388;ap-south-1;2026-07-10 18:08:16.187152;ac-21-b;The organization: b. Employs [Assignment: organization-defined automated mechanisms or manual processes] to assist users in making information sharing/collaboration decisions.;Access Control (AC);Information Sharing (AC-21);;aws;;FAIL;Network ACL acl-0db7c7715aa3918aa has every port open to the Internet.;arn:aws:ec2:ap-south-1:735291151388:network-acl/acl-0db7c7715aa3918aa;ec2_networkacl_allow_ingress_any_port;False;acl-0db7c7715aa3918aa;FedRamp-Moderate-Revision-4;FedRAMP Moderate Revision 4;
aws;The Federal Risk and Authorization Management Program (FedRAMP) was established in 2011. It provides a cost-effective, risk-based approach for the adoption and use of cloud services by the U.S. federal government. FedRAMP empowers federal agencies to use modern cloud technologies, with an emphasis on the security and protection of federal information.;735291151388;ap-south-1;2026-07-10 18:08:16.187152;cm-2;The organization develops, documents, and maintains under configuration control, a current baseline configuration of the information system.;Configuration Management (CM);;;aws;;FAIL;Network ACL acl-0db7c7715aa3918aa has every port open to the Internet.;arn:aws:ec2:ap-south-1:735291151388:network-acl/acl-0db7c7715aa3918aa;ec2_networkacl_allow_ingress_any_port;False;acl-0db7c7715aa3918aa;FedRamp-Moderate-Revision-4;FedRAMP Moderate Revision 4;
aws;The Federal Risk and Authorization Management Program (FedRAMP) was established in 2011. It provides a cost-effective, risk-based approach for the adoption and use of cloud services by the U.S. federal government. FedRAMP empowers federal agencies to use modern cloud technologies, with an emphasis on the security and protection of federal information.;735291151388;ap-south-1;2026-07-10 18:08:16.187152;sc-4;The information system prevents unauthorized and unintended information transfer via shared system resources.;System and Communications Protection (SC);;;aws;;FAIL;Network ACL acl-0db7c7715aa3918aa has every port open to the Internet.;arn:aws:ec2:ap-south-1:735291151388:network-acl/acl-0db7c7715aa3918aa;ec2_networkacl_allow_ingress_any_port;False;acl-0db7c7715aa3918aa;FedRamp-Moderate-Revision-4;FedRAMP Moderate Revision 4;
aws;The Federal Risk and Authorization Management Program (FedRAMP) was established in 2011. It provides a cost-effective, risk-based approach for the adoption and use of cloud services by the U.S. federal government. FedRAMP empowers federal agencies to use modern cloud technologies, with an emphasis on the security and protection of federal information.;735291151388;ap-south-1;2026-07-10 18:08:16.187152;sc-7-3;The organization limits the number of external network connections to the information system.;System and Communications Protection (SC);Boundary Protection (SC-7);;aws;;FAIL;Network ACL acl-0db7c7715aa3918aa has every port open to the Internet.;arn:aws:ec2:ap-south-1:735291151388:network-acl/acl-0db7c7715aa3918aa;ec2_networkacl_allow_ingress_any_port;False;acl-0db7c7715aa3918aa;FedRamp-Moderate-Revision-4;FedRAMP Moderate Revision 4;
aws;The Federal Risk and Authorization Management Program (FedRAMP) was established in 2011. It provides a cost-effective, risk-based approach for the adoption and use of cloud services by the U.S. federal government. FedRAMP empowers federal agencies to use modern cloud technologies, with an emphasis on the security and protection of federal information.;735291151388;ap-south-1;2026-07-10 18:08:16.187152;sc-7;"The information system: a. Monitors and controls communications at the external boundary of the system and at key internal boundaries within the system; b. Implements subnetworks for publicly accessible system components that are [Selection: physically; logically] separated from internal organizational networks; and c. Connects to external networks or information systems only through managed interfaces consisting of boundary protection devices arranged in accordance with an organizational security architecture.";System and Communications Protection (SC);;;aws;;FAIL;Network ACL acl-0db7c7715aa3918aa has every port open to the Internet.;arn:aws:ec2:ap-south-1:735291151388:network-acl/acl-0db7c7715aa3918aa;ec2_networkacl_allow_ingress_any_port;False;acl-0db7c7715aa3918aa;FedRamp-Moderate-Revision-4;FedRAMP Moderate Revision 4;
aws;The Federal Risk and Authorization Management Program (FedRAMP) was established in 2011. It provides a cost-effective, risk-based approach for the adoption and use of cloud services by the U.S. federal government. FedRAMP empowers federal agencies to use modern cloud technologies, with an emphasis on the security and protection of federal information.;735291151388;ap-south-1;2026-07-10 18:08:16.187152;ac-4;The information system enforces approved authorizations for controlling the flow of information within the system and between interconnected systems based on organization-defined information flow control policies.;Access Control (AC);;;aws;;PASS;Security group cloudguardian-rds-sg (sg-0be0be5f1a7d28519) does not have SSH port 22 open to the Internet.;arn:aws:ec2:ap-south-1:735291151388:security-group/sg-0be0be5f1a7d28519;ec2_securitygroup_allow_ingress_from_internet_to_tcp_port_22;False;sg-0be0be5f1a7d28519;FedRamp-Moderate-Revision-4;FedRAMP Moderate Revision 4;
aws;The Federal Risk and Authorization Management Program (FedRAMP) was established in 2011. It provides a cost-effective, risk-based approach for the adoption and use of cloud services by the U.S. federal government. FedRAMP empowers federal agencies to use modern cloud technologies, with an emphasis on the security and protection of federal information.;735291151388;ap-south-1;2026-07-10 18:08:16.187152;ac-17-1;The information system monitors and controls remote access methods.;Access Control (AC);Remote Access (AC-17);;aws;;PASS;Security group cloudguardian-rds-sg (sg-0be0be5f1a7d28519) does not have SSH port 22 open to the Internet.;arn:aws:ec2:ap-south-1:735291151388:security-group/sg-0be0be5f1a7d28519;ec2_securitygroup_allow_ingress_from_internet_to_tcp_port_22;False;sg-0be0be5f1a7d28519;FedRamp-Moderate-Revision-4;FedRAMP Moderate Revision 4;
aws;The Federal Risk and Authorization Management Program (FedRAMP) was established in 2011. It provides a cost-effective, risk-based approach for the adoption and use of cloud services by the U.S. federal government. FedRAMP empowers federal agencies to use modern cloud technologies, with an emphasis on the security and protection of federal information.;735291151388;ap-south-1;2026-07-10 18:08:16.187152;cm-2;The organization develops, documents, and maintains under configuration control, a current baseline configuration of the information system.;Configuration Management (CM);;;aws;;PASS;Security group cloudguardian-rds-sg (sg-0be0be5f1a7d28519) does not have SSH port 22 open to the Internet.;arn:aws:ec2:ap-south-1:735291151388:security-group/sg-0be0be5f1a7d28519;ec2_securitygroup_allow_ingress_from_internet_to_tcp_port_22;False;sg-0be0be5f1a7d28519;FedRamp-Moderate-Revision-4;FedRAMP Moderate Revision 4;
aws;The Federal Risk and Authorization Management Program (FedRAMP) was established in 2011. It provides a cost-effective, risk-based approach for the adoption and use of cloud services by the U.S. federal government. FedRAMP empowers federal agencies to use modern cloud technologies, with an emphasis on the security and protection of federal information.;735291151388;ap-south-1;2026-07-10 18:08:16.187152;sc-4;The information system prevents unauthorized and unintended information transfer via shared system resources.;System and Communications Protection (SC);;;aws;;PASS;Security group cloudguardian-rds-sg (sg-0be0be5f1a7d28519) does not have SSH port 22 open to the Internet.;arn:aws:ec2:ap-south-1:735291151388:security-group/sg-0be0be5f1a7d28519;ec2_securitygroup_allow_ingress_from_internet_to_tcp_port_22;False;sg-0be0be5f1a7d28519;FedRamp-Moderate-Revision-4;FedRAMP Moderate Revision 4;
aws;The Federal Risk and Authorization Management Program (FedRAMP) was established in 2011. It provides a cost-effective, risk-based approach for the adoption and use of cloud services by the U.S. federal government. FedRAMP empowers federal agencies to use modern cloud technologies, with an emphasis on the security and protection of federal information.;735291151388;ap-south-1;2026-07-10 18:08:16.187152;sc-7-3;The organization limits the number of external network connections to the information system.;System and Communications Protection (SC);Boundary Protection (SC-7);;aws;;PASS;Security group cloudguardian-rds-sg (sg-0be0be5f1a7d28519) does not have SSH port 22 open to the Internet.;arn:aws:ec2:ap-south-1:735291151388:security-group/sg-0be0be5f1a7d28519;ec2_securitygroup_allow_ingress_from_internet_to_tcp_port_22;False;sg-0be0be5f1a7d28519;FedRamp-Moderate-Revision-4;FedRAMP Moderate Revision 4;
aws;The Federal Risk and Authorization Management Program (FedRAMP) was established in 2011. It provides a cost-effective, risk-based approach for the adoption and use of cloud services by the U.S. federal government. FedRAMP empowers federal agencies to use modern cloud technologies, with an emphasis on the security and protection of federal information.;735291151388;ap-south-1;2026-07-10 18:08:16.187152;sc-7;"The information system: a. Monitors and controls communications at the external boundary of the system and at key internal boundaries within the system; b. Implements subnetworks for publicly accessible system components that are [Selection: physically; logically] separated from internal organizational networks; and c. Connects to external networks or information systems only through managed interfaces consisting of boundary protection devices arranged in accordance with an organizational security architecture.";System and Communications Protection (SC);;;aws;;PASS;Security group cloudguardian-rds-sg (sg-0be0be5f1a7d28519) does not have SSH port 22 open to the Internet.;arn:aws:ec2:ap-south-1:735291151388:security-group/sg-0be0be5f1a7d28519;ec2_securitygroup_allow_ingress_from_internet_to_tcp_port_22;False;sg-0be0be5f1a7d28519;FedRamp-Moderate-Revision-4;FedRAMP Moderate Revision 4;
aws;The Federal Risk and Authorization Management Program (FedRAMP) was established in 2011. It provides a cost-effective, risk-based approach for the adoption and use of cloud services by the U.S. federal government. FedRAMP empowers federal agencies to use modern cloud technologies, with an emphasis on the security and protection of federal information.;735291151388;ap-south-1;2026-07-10 18:08:16.187152;ac-4;The information system enforces approved authorizations for controlling the flow of information within the system and between interconnected systems based on organization-defined information flow control policies.;Access Control (AC);;;aws;;PASS;Security group cloudguardian-web-sg (sg-0fdba0a657788f1d7) does not have SSH port 22 open to the Internet.;arn:aws:ec2:ap-south-1:735291151388:security-group/sg-0fdba0a657788f1d7;ec2_securitygroup_allow_ingress_from_internet_to_tcp_port_22;False;sg-0fdba0a657788f1d7;FedRamp-Moderate-Revision-4;FedRAMP Moderate Revision 4;
aws;The Federal Risk and Authorization Management Program (FedRAMP) was established in 2011. It provides a cost-effective, risk-based approach for the adoption and use of cloud services by the U.S. federal government. FedRAMP empowers federal agencies to use modern cloud technologies, with an emphasis on the security and protection of federal information.;735291151388;ap-south-1;2026-07-10 18:08:16.187152;ac-17-1;The information system monitors and controls remote access methods.;Access Control (AC);Remote Access (AC-17);;aws;;PASS;Security group cloudguardian-web-sg (sg-0fdba0a657788f1d7) does not have SSH port 22 open to the Internet.;arn:aws:ec2:ap-south-1:735291151388:security-group/sg-0fdba0a657788f1d7;ec2_securitygroup_allow_ingress_from_internet_to_tcp_port_22;False;sg-0fdba0a657788f1d7;FedRamp-Moderate-Revision-4;FedRAMP Moderate Revision 4;
aws;The Federal Risk and Authorization Management Program (FedRAMP) was established in 2011. It provides a cost-effective, risk-based approach for the adoption and use of cloud services by the U.S. federal government. FedRAMP empowers federal agencies to use modern cloud technologies, with an emphasis on the security and protection of federal information.;735291151388;ap-south-1;2026-07-10 18:08:16.187152;cm-2;The organization develops, documents, and maintains under configuration control, a current baseline configuration of the information system.;Configuration Management (CM);;;aws;;PASS;Security group cloudguardian-web-sg (sg-0fdba0a657788f1d7) does not have SSH port 22 open to the Internet.;arn:aws:ec2:ap-south-1:735291151388:security-group/sg-0fdba0a657788f1d7;ec2_securitygroup_allow_ingress_from_internet_to_tcp_port_22;False;sg-0fdba0a657788f1d7;FedRamp-Moderate-Revision-4;FedRAMP Moderate Revision 4;
aws;The Federal Risk and Authorization Management Program (FedRAMP) was established in 2011. It provides a cost-effective, risk-based approach for the adoption and use of cloud services by the U.S. federal government. FedRAMP empowers federal agencies to use modern cloud technologies, with an emphasis on the security and protection of federal information.;735291151388;ap-south-1;2026-07-10 18:08:16.187152;sc-4;The information system prevents unauthorized and unintended information transfer via shared system resources.;System and Communications Protection (SC);;;aws;;PASS;Security group cloudguardian-web-sg (sg-0fdba0a657788f1d7) does not have SSH port 22 open to the Internet.;arn:aws:ec2:ap-south-1:735291151388:security-group/sg-0fdba0a657788f1d7;ec2_securitygroup_allow_ingress_from_internet_to_tcp_port_22;False;sg-0fdba0a657788f1d7;FedRamp-Moderate-Revision-4;FedRAMP Moderate Revision 4;
aws;The Federal Risk and Authorization Management Program (FedRAMP) was established in 2011. It provides a cost-effective, risk-based approach for the adoption and use of cloud services by the U.S. federal government. FedRAMP empowers federal agencies to use modern cloud technologies, with an emphasis on the security and protection of federal information.;735291151388;ap-south-1;2026-07-10 18:08:16.187152;sc-7-3;The organization limits the number of external network connections to the information system.;System and Communications Protection (SC);Boundary Protection (SC-7);;aws;;PASS;Security group cloudguardian-web-sg (sg-0fdba0a657788f1d7) does not have SSH port 22 open to the Internet.;arn:aws:ec2:ap-south-1:735291151388:security-group/sg-0fdba0a657788f1d7;ec2_securitygroup_allow_ingress_from_internet_to_tcp_port_22;False;sg-0fdba0a657788f1d7;FedRamp-Moderate-Revision-4;FedRAMP Moderate Revision 4;
aws;The Federal Risk and Authorization Management Program (FedRAMP) was established in 2011. It provides a cost-effective, risk-based approach for the adoption and use of cloud services by the U.S. federal government. FedRAMP empowers federal agencies to use modern cloud technologies, with an emphasis on the security and protection of federal information.;735291151388;ap-south-1;2026-07-10 18:08:16.187152;sc-7;"The information system: a. Monitors and controls communications at the external boundary of the system and at key internal boundaries within the system; b. Implements subnetworks for publicly accessible system components that are [Selection: physically; logically] separated from internal organizational networks; and c. Connects to external networks or information systems only through managed interfaces consisting of boundary protection devices arranged in accordance with an organizational security architecture.";System and Communications Protection (SC);;;aws;;PASS;Security group cloudguardian-web-sg (sg-0fdba0a657788f1d7) does not have SSH port 22 open to the Internet.;arn:aws:ec2:ap-south-1:735291151388:security-group/sg-0fdba0a657788f1d7;ec2_securitygroup_allow_ingress_from_internet_to_tcp_port_22;False;sg-0fdba0a657788f1d7;FedRamp-Moderate-Revision-4;FedRAMP Moderate Revision 4;
aws;The Federal Risk and Authorization Management Program (FedRAMP) was established in 2011. It provides a cost-effective, risk-based approach for the adoption and use of cloud services by the U.S. federal government. FedRAMP empowers federal agencies to use modern cloud technologies, with an emphasis on the security and protection of federal information.;735291151388;ap-south-1;2026-07-10 18:08:16.187152;ac-2-1;The organization employs automated mechanisms to support the management of information system accounts.;Access Control (AC);Account Management (AC-2);;aws;;PASS;AWS policy AmazonRDSServiceRolePolicy is attached but does not allow '*:*' administrative privileges.;arn:aws:iam::aws:policy/aws-service-role/AmazonRDSServiceRolePolicy;iam_aws_attached_policy_no_administrative_privileges;False;AmazonRDSServiceRolePolicy;FedRamp-Moderate-Revision-4;FedRAMP Moderate Revision 4;
aws;The Federal Risk and Authorization Management Program (FedRAMP) was established in 2011. It provides a cost-effective, risk-based approach for the adoption and use of cloud services by the U.S. federal government. FedRAMP empowers federal agencies to use modern cloud technologies, with an emphasis on the security and protection of federal information.;735291151388;ap-south-1;2026-07-10 18:08:16.187152;ac-2-f;The organization: f. Creates, enables, modifies, disables, and removes information system accounts in accordance with [Assignment: organization-defined procedures or conditions].;Access Control (AC);Account Management (AC-2);;aws;;PASS;AWS policy AmazonRDSServiceRolePolicy is attached but does not allow '*:*' administrative privileges.;arn:aws:iam::aws:policy/aws-service-role/AmazonRDSServiceRolePolicy;iam_aws_attached_policy_no_administrative_privileges;False;AmazonRDSServiceRolePolicy;FedRamp-Moderate-Revision-4;FedRAMP Moderate Revision 4;
aws;The Federal Risk and Authorization Management Program (FedRAMP) was established in 2011. It provides a cost-effective, risk-based approach for the adoption and use of cloud services by the U.S. federal government. FedRAMP empowers federal agencies to use modern cloud technologies, with an emphasis on the security and protection of federal information.;735291151388;ap-south-1;2026-07-10 18:08:16.187152;ac-2-j;The organization: j. Reviews accounts for compliance with account management requirements [Assignment: organization-defined frequency].;Access Control (AC);Account Management (AC-2);;aws;;PASS;AWS policy AmazonRDSServiceRolePolicy is attached but does not allow '*:*' administrative privileges.;arn:aws:iam::aws:policy/aws-service-role/AmazonRDSServiceRolePolicy;iam_aws_attached_policy_no_administrative_privileges;False;AmazonRDSServiceRolePolicy;FedRamp-Moderate-Revision-4;FedRAMP Moderate Revision 4;
aws;The Federal Risk and Authorization Management Program (FedRAMP) was established in 2011. It provides a cost-effective, risk-based approach for the adoption and use of cloud services by the U.S. federal government. FedRAMP empowers federal agencies to use modern cloud technologies, with an emphasis on the security and protection of federal information.;735291151388;ap-south-1;2026-07-10 18:08:16.187152;ac-3;The information system enforces approved authorizations for logical access to information and system resources in accordance with applicable access control policies.;Access Control (AC);;;aws;;PASS;AWS policy AmazonRDSServiceRolePolicy is attached but does not allow '*:*' administrative privileges.;arn:aws:iam::aws:policy/aws-service-role/AmazonRDSServiceRolePolicy;iam_aws_attached_policy_no_administrative_privileges;False;AmazonRDSServiceRolePolicy;FedRamp-Moderate-Revision-4;FedRAMP Moderate Revision 4;
aws;The Federal Risk and Authorization Management Program (FedRAMP) was established in 2011. It provides a cost-effective, risk-based approach for the adoption and use of cloud services by the U.S. federal government. FedRAMP empowers federal agencies to use modern cloud technologies, with an emphasis on the security and protection of federal information.;735291151388;ap-south-1;2026-07-10 18:08:16.187152;ac-5-c;The organization: c. Defines information system access authorizations to support separation of duties.;Access Control (AC);Separation Of Duties (AC-5);;aws;;PASS;AWS policy AmazonRDSServiceRolePolicy is attached but does not allow '*:*' administrative privileges.;arn:aws:iam::aws:policy/aws-service-role/AmazonRDSServiceRolePolicy;iam_aws_attached_policy_no_administrative_privileges;False;AmazonRDSServiceRolePolicy;FedRamp-Moderate-Revision-4;FedRAMP Moderate Revision 4;
aws;The Federal Risk and Authorization Management Program (FedRAMP) was established in 2011. It provides a cost-effective, risk-based approach for the adoption and use of cloud services by the U.S. federal government. FedRAMP empowers federal agencies to use modern cloud technologies, with an emphasis on the security and protection of federal information.;735291151388;ap-south-1;2026-07-10 18:08:16.187152;ac-6-10;The information system prevents non-privileged users from executing privileged functions to include disabling, circumventing, or altering implemented security safeguards/countermeasures.;Access Control (AC);Least Privilege (AC-6);;aws;;PASS;AWS policy AmazonRDSServiceRolePolicy is attached but does not allow '*:*' administrative privileges.;arn:aws:iam::aws:policy/aws-service-role/AmazonRDSServiceRolePolicy;iam_aws_attached_policy_no_administrative_privileges;False;AmazonRDSServiceRolePolicy;FedRamp-Moderate-Revision-4;FedRAMP Moderate Revision 4;
aws;The Federal Risk and Authorization Management Program (FedRAMP) was established in 2011. It provides a cost-effective, risk-based approach for the adoption and use of cloud services by the U.S. federal government. FedRAMP empowers federal agencies to use modern cloud technologies, with an emphasis on the security and protection of federal information.;735291151388;ap-south-1;2026-07-10 18:08:16.187152;ac-6;The organization employs the principle of least privilege, allowing only authorized accesses for users (or processes acting on behalf of users) which are necessary to accomplish assigned tasks in accordance with organizational missions and business functions.;Access Control (AC);;;aws;;PASS;AWS policy AmazonRDSServiceRolePolicy is attached but does not allow '*:*' administrative privileges.;arn:aws:iam::aws:policy/aws-service-role/AmazonRDSServiceRolePolicy;iam_aws_attached_policy_no_administrative_privileges;False;AmazonRDSServiceRolePolicy;FedRamp-Moderate-Revision-4;FedRAMP Moderate Revision 4;
aws;The Federal Risk and Authorization Management Program (FedRAMP) was established in 2011. It provides a cost-effective, risk-based approach for the adoption and use of cloud services by the U.S. federal government. FedRAMP empowers federal agencies to use modern cloud technologies, with an emphasis on the security and protection of federal information.;735291151388;ap-south-1;2026-07-10 18:08:16.187152;sc-2;The information system separates user functionality (including user interface services) from information system management functionality.;System and Communications Protection (SC);;;iam;;PASS;AWS policy AmazonRDSServiceRolePolicy is attached but does not allow '*:*' administrative privileges.;arn:aws:iam::aws:policy/aws-service-role/AmazonRDSServiceRolePolicy;iam_aws_attached_policy_no_administrative_privileges;False;AmazonRDSServiceRolePolicy;FedRamp-Moderate-Revision-4;FedRAMP Moderate Revision 4;
aws;The Federal Risk and Authorization Management Program (FedRAMP) was established in 2011. It provides a cost-effective, risk-based approach for the adoption and use of cloud services by the U.S. federal government. FedRAMP empowers federal agencies to use modern cloud technologies, with an emphasis on the security and protection of federal information.;735291151388;ap-south-1;2026-07-10 18:08:16.187152;ac-2-1;The organization employs automated mechanisms to support the management of information system accounts.;Access Control (AC);Account Management (AC-2);;aws;;PASS;AWS policy AWSTrustedAdvisorServiceRolePolicy is attached but does not allow '*:*' administrative privileges.;arn:aws:iam::aws:policy/aws-service-role/AWSTrustedAdvisorServiceRolePolicy;iam_aws_attached_policy_no_administrative_privileges;False;AWSTrustedAdvisorServiceRolePolicy;FedRamp-Moderate-Revision-4;FedRAMP Moderate Revision 4;
aws;The Federal Risk and Authorization Management Program (FedRAMP) was established in 2011. It provides a cost-effective, risk-based approach for the adoption and use of cloud services by the U.S. federal government. FedRAMP empowers federal agencies to use modern cloud technologies, with an emphasis on the security and protection of federal information.;735291151388;ap-south-1;2026-07-10 18:08:16.187152;ac-2-f;The organization: f. Creates, enables, modifies, disables, and removes information system accounts in accordance with [Assignment: organization-defined procedures or conditions].;Access Control (AC);Account Management (AC-2);;aws;;PASS;AWS policy AWSTrustedAdvisorServiceRolePolicy is attached but does not allow '*:*' administrative privileges.;arn:aws:iam::aws:policy/aws-service-role/AWSTrustedAdvisorServiceRolePolicy;iam_aws_attached_policy_no_administrative_privileges;False;AWSTrustedAdvisorServiceRolePolicy;FedRamp-Moderate-Revision-4;FedRAMP Moderate Revision 4;
aws;The Federal Risk and Authorization Management Program (FedRAMP) was established in 2011. It provides a cost-effective, risk-based approach for the adoption and use of cloud services by the U.S. federal government. FedRAMP empowers federal agencies to use modern cloud technologies, with an emphasis on the security and protection of federal information.;735291151388;ap-south-1;2026-07-10 18:08:16.187152;ac-2-j;The organization: j. Reviews accounts for compliance with account management requirements [Assignment: organization-defined frequency].;Access Control (AC);Account Management (AC-2);;aws;;PASS;AWS policy AWSTrustedAdvisorServiceRolePolicy is attached but does not allow '*:*' administrative privileges.;arn:aws:iam::aws:policy/aws-service-role/AWSTrustedAdvisorServiceRolePolicy;iam_aws_attached_policy_no_administrative_privileges;False;AWSTrustedAdvisorServiceRolePolicy;FedRamp-Moderate-Revision-4;FedRAMP Moderate Revision 4;
aws;The Federal Risk and Authorization Management Program (FedRAMP) was established in 2011. It provides a cost-effective, risk-based approach for the adoption and use of cloud services by the U.S. federal government. FedRAMP empowers federal agencies to use modern cloud technologies, with an emphasis on the security and protection of federal information.;735291151388;ap-south-1;2026-07-10 18:08:16.187152;ac-3;The information system enforces approved authorizations for logical access to information and system resources in accordance with applicable access control policies.;Access Control (AC);;;aws;;PASS;AWS policy AWSTrustedAdvisorServiceRolePolicy is attached but does not allow '*:*' administrative privileges.;arn:aws:iam::aws:policy/aws-service-role/AWSTrustedAdvisorServiceRolePolicy;iam_aws_attached_policy_no_administrative_privileges;False;AWSTrustedAdvisorServiceRolePolicy;FedRamp-Moderate-Revision-4;FedRAMP Moderate Revision 4;
aws;The Federal Risk and Authorization Management Program (FedRAMP) was established in 2011. It provides a cost-effective, risk-based approach for the adoption and use of cloud services by the U.S. federal government. FedRAMP empowers federal agencies to use modern cloud technologies, with an emphasis on the security and protection of federal information.;735291151388;ap-south-1;2026-07-10 18:08:16.187152;ac-5-c;The organization: c. Defines information system access authorizations to support separation of duties.;Access Control (AC);Separation Of Duties (AC-5);;aws;;PASS;AWS policy AWSTrustedAdvisorServiceRolePolicy is attached but does not allow '*:*' administrative privileges.;arn:aws:iam::aws:policy/aws-service-role/AWSTrustedAdvisorServiceRolePolicy;iam_aws_attached_policy_no_administrative_privileges;False;AWSTrustedAdvisorServiceRolePolicy;FedRamp-Moderate-Revision-4;FedRAMP Moderate Revision 4;
aws;The Federal Risk and Authorization Management Program (FedRAMP) was established in 2011. It provides a cost-effective, risk-based approach for the adoption and use of cloud services by the U.S. federal government. FedRAMP empowers federal agencies to use modern cloud technologies, with an emphasis on the security and protection of federal information.;735291151388;ap-south-1;2026-07-10 18:08:16.187152;ac-6-10;The information system prevents non-privileged users from executing privileged functions to include disabling, circumventing, or altering implemented security safeguards/countermeasures.;Access Control (AC);Least Privilege (AC-6);;aws;;PASS;AWS policy AWSTrustedAdvisorServiceRolePolicy is attached but does not allow '*:*' administrative privileges.;arn:aws:iam::aws:policy/aws-service-role/AWSTrustedAdvisorServiceRolePolicy;iam_aws_attached_policy_no_administrative_privileges;False;AWSTrustedAdvisorServiceRolePolicy;FedRamp-Moderate-Revision-4;FedRAMP Moderate Revision 4;
aws;The Federal Risk and Authorization Management Program (FedRAMP) was established in 2011. It provides a cost-effective, risk-based approach for the adoption and use of cloud services by the U.S. federal government. FedRAMP empowers federal agencies to use modern cloud technologies, with an emphasis on the security and protection of federal information.;735291151388;ap-south-1;2026-07-10 18:08:16.187152;ac-6;The organization employs the principle of least privilege, allowing only authorized accesses for users (or processes acting on behalf of users) which are necessary to accomplish assigned tasks in accordance with organizational missions and business functions.;Access Control (AC);;;aws;;PASS;AWS policy AWSTrustedAdvisorServiceRolePolicy is attached but does not allow '*:*' administrative privileges.;arn:aws:iam::aws:policy/aws-service-role/AWSTrustedAdvisorServiceRolePolicy;iam_aws_attached_policy_no_administrative_privileges;False;AWSTrustedAdvisorServiceRolePolicy;FedRamp-Moderate-Revision-4;FedRAMP Moderate Revision 4;
aws;The Federal Risk and Authorization Management Program (FedRAMP) was established in 2011. It provides a cost-effective, risk-based approach for the adoption and use of cloud services by the U.S. federal government. FedRAMP empowers federal agencies to use modern cloud technologies, with an emphasis on the security and protection of federal information.;735291151388;ap-south-1;2026-07-10 18:08:16.187152;sc-2;The information system separates user functionality (including user interface services) from information system management functionality.;System and Communications Protection (SC);;;iam;;PASS;AWS policy AWSTrustedAdvisorServiceRolePolicy is attached but does not allow '*:*' administrative privileges.;arn:aws:iam::aws:policy/aws-service-role/AWSTrustedAdvisorServiceRolePolicy;iam_aws_attached_policy_no_administrative_privileges;False;AWSTrustedAdvisorServiceRolePolicy;FedRamp-Moderate-Revision-4;FedRAMP Moderate Revision 4;
aws;The Federal Risk and Authorization Management Program (FedRAMP) was established in 2011. It provides a cost-effective, risk-based approach for the adoption and use of cloud services by the U.S. federal government. FedRAMP empowers federal agencies to use modern cloud technologies, with an emphasis on the security and protection of federal information.;735291151388;ap-south-1;2026-07-10 18:08:16.187152;ac-2-1;The organization employs automated mechanisms to support the management of information system accounts.;Access Control (AC);Account Management (AC-2);;aws;;FAIL;AWS policy AdministratorAccess is attached and allows '*:*' administrative privileges.;arn:aws:iam::aws:policy/AdministratorAccess;iam_aws_attached_policy_no_administrative_privileges;False;AdministratorAccess;FedRamp-Moderate-Revision-4;FedRAMP Moderate Revision 4;
aws;The Federal Risk and Authorization Management Program (FedRAMP) was established in 2011. It provides a cost-effective, risk-based approach for the adoption and use of cloud services by the U.S. federal government. FedRAMP empowers federal agencies to use modern cloud technologies, with an emphasis on the security and protection of federal information.;735291151388;ap-south-1;2026-07-10 18:08:16.187152;ac-2-f;The organization: f. Creates, enables, modifies, disables, and removes information system accounts in accordance with [Assignment: organization-defined procedures or conditions].;Access Control (AC);Account Management (AC-2);;aws;;FAIL;AWS policy AdministratorAccess is attached and allows '*:*' administrative privileges.;arn:aws:iam::aws:policy/AdministratorAccess;iam_aws_attached_policy_no_administrative_privileges;False;AdministratorAccess;FedRamp-Moderate-Revision-4;FedRAMP Moderate Revision 4;
aws;The Federal Risk and Authorization Management Program (FedRAMP) was established in 2011. It provides a cost-effective, risk-based approach for the adoption and use of cloud services by the U.S. federal government. FedRAMP empowers federal agencies to use modern cloud technologies, with an emphasis on the security and protection of federal information.;735291151388;ap-south-1;2026-07-10 18:08:16.187152;ac-2-j;The organization: j. Reviews accounts for compliance with account management requirements [Assignment: organization-defined frequency].;Access Control (AC);Account Management (AC-2);;aws;;FAIL;AWS policy AdministratorAccess is attached and allows '*:*' administrative privileges.;arn:aws:iam::aws:policy/AdministratorAccess;iam_aws_attached_policy_no_administrative_privileges;False;AdministratorAccess;FedRamp-Moderate-Revision-4;FedRAMP Moderate Revision 4;
aws;The Federal Risk and Authorization Management Program (FedRAMP) was established in 2011. It provides a cost-effective, risk-based approach for the adoption and use of cloud services by the U.S. federal government. FedRAMP empowers federal agencies to use modern cloud technologies, with an emphasis on the security and protection of federal information.;735291151388;ap-south-1;2026-07-10 18:08:16.187152;ac-3;The information system enforces approved authorizations for logical access to information and system resources in accordance with applicable access control policies.;Access Control (AC);;;aws;;FAIL;AWS policy AdministratorAccess is attached and allows '*:*' administrative privileges.;arn:aws:iam::aws:policy/AdministratorAccess;iam_aws_attached_policy_no_administrative_privileges;False;AdministratorAccess;FedRamp-Moderate-Revision-4;FedRAMP Moderate Revision 4;
aws;The Federal Risk and Authorization Management Program (FedRAMP) was established in 2011. It provides a cost-effective, risk-based approach for the adoption and use of cloud services by the U.S. federal government. FedRAMP empowers federal agencies to use modern cloud technologies, with an emphasis on the security and protection of federal information.;735291151388;ap-south-1;2026-07-10 18:08:16.187152;ac-5-c;The organization: c. Defines information system access authorizations to support separation of duties.;Access Control (AC);Separation Of Duties (AC-5);;aws;;FAIL;AWS policy AdministratorAccess is attached and allows '*:*' administrative privileges.;arn:aws:iam::aws:policy/AdministratorAccess;iam_aws_attached_policy_no_administrative_privileges;False;AdministratorAccess;FedRamp-Moderate-Revision-4;FedRAMP Moderate Revision 4;
aws;The Federal Risk and Authorization Management Program (FedRAMP) was established in 2011. It provides a cost-effective, risk-based approach for the adoption and use of cloud services by the U.S. federal government. FedRAMP empowers federal agencies to use modern cloud technologies, with an emphasis on the security and protection of federal information.;735291151388;ap-south-1;2026-07-10 18:08:16.187152;ac-6-10;The information system prevents non-privileged users from executing privileged functions to include disabling, circumventing, or altering implemented security safeguards/countermeasures.;Access Control (AC);Least Privilege (AC-6);;aws;;FAIL;AWS policy AdministratorAccess is attached and allows '*:*' administrative privileges.;arn:aws:iam::aws:policy/AdministratorAccess;iam_aws_attached_policy_no_administrative_privileges;False;AdministratorAccess;FedRamp-Moderate-Revision-4;FedRAMP Moderate Revision 4;
aws;The Federal Risk and Authorization Management Program (FedRAMP) was established in 2011. It provides a cost-effective, risk-based approach for the adoption and use of cloud services by the U.S. federal government. FedRAMP empowers federal agencies to use modern cloud technologies, with an emphasis on the security and protection of federal information.;735291151388;ap-south-1;2026-07-10 18:08:16.187152;ac-6;The organization employs the principle of least privilege, allowing only authorized accesses for users (or processes acting on behalf of users) which are necessary to accomplish assigned tasks in accordance with organizational missions and business functions.;Access Control (AC);;;aws;;FAIL;AWS policy AdministratorAccess is attached and allows '*:*' administrative privileges.;arn:aws:iam::aws:policy/AdministratorAccess;iam_aws_attached_policy_no_administrative_privileges;False;AdministratorAccess;FedRamp-Moderate-Revision-4;FedRAMP Moderate Revision 4;
aws;The Federal Risk and Authorization Management Program (FedRAMP) was established in 2011. It provides a cost-effective, risk-based approach for the adoption and use of cloud services by the U.S. federal government. FedRAMP empowers federal agencies to use modern cloud technologies, with an emphasis on the security and protection of federal information.;735291151388;ap-south-1;2026-07-10 18:08:16.187152;sc-2;The information system separates user functionality (including user interface services) from information system management functionality.;System and Communications Protection (SC);;;iam;;FAIL;AWS policy AdministratorAccess is attached and allows '*:*' administrative privileges.;arn:aws:iam::aws:policy/AdministratorAccess;iam_aws_attached_policy_no_administrative_privileges;False;AdministratorAccess;FedRamp-Moderate-Revision-4;FedRAMP Moderate Revision 4;
aws;The Federal Risk and Authorization Management Program (FedRAMP) was established in 2011. It provides a cost-effective, risk-based approach for the adoption and use of cloud services by the U.S. federal government. FedRAMP empowers federal agencies to use modern cloud technologies, with an emphasis on the security and protection of federal information.;735291151388;ap-south-1;2026-07-10 18:08:16.187152;ac-2-1;The organization employs automated mechanisms to support the management of information system accounts.;Access Control (AC);Account Management (AC-2);;aws;;PASS;AWS policy AWSSupportServiceRolePolicy is attached but does not allow '*:*' administrative privileges.;arn:aws:iam::aws:policy/aws-service-role/AWSSupportServiceRolePolicy;iam_aws_attached_policy_no_administrative_privileges;False;AWSSupportServiceRolePolicy;FedRamp-Moderate-Revision-4;FedRAMP Moderate Revision 4;
aws;The Federal Risk and Authorization Management Program (FedRAMP) was established in 2011. It provides a cost-effective, risk-based approach for the adoption and use of cloud services by the U.S. federal government. FedRAMP empowers federal agencies to use modern cloud technologies, with an emphasis on the security and protection of federal information.;735291151388;ap-south-1;2026-07-10 18:08:16.187152;ac-2-f;The organization: f. Creates, enables, modifies, disables, and removes information system accounts in accordance with [Assignment: organization-defined procedures or conditions].;Access Control (AC);Account Management (AC-2);;aws;;PASS;AWS policy AWSSupportServiceRolePolicy is attached but does not allow '*:*' administrative privileges.;arn:aws:iam::aws:policy/aws-service-role/AWSSupportServiceRolePolicy;iam_aws_attached_policy_no_administrative_privileges;False;AWSSupportServiceRolePolicy;FedRamp-Moderate-Revision-4;FedRAMP Moderate Revision 4;
aws;The Federal Risk and Authorization Management Program (FedRAMP) was established in 2011. It provides a cost-effective, risk-based approach for the adoption and use of cloud services by the U.S. federal government. FedRAMP empowers federal agencies to use modern cloud technologies, with an emphasis on the security and protection of federal information.;735291151388;ap-south-1;2026-07-10 18:08:16.187152;ac-2-j;The organization: j. Reviews accounts for compliance with account management requirements [Assignment: organization-defined frequency].;Access Control (AC);Account Management (AC-2);;aws;;PASS;AWS policy AWSSupportServiceRolePolicy is attached but does not allow '*:*' administrative privileges.;arn:aws:iam::aws:policy/aws-service-role/AWSSupportServiceRolePolicy;iam_aws_attached_policy_no_administrative_privileges;False;AWSSupportServiceRolePolicy;FedRamp-Moderate-Revision-4;FedRAMP Moderate Revision 4;
aws;The Federal Risk and Authorization Management Program (FedRAMP) was established in 2011. It provides a cost-effective, risk-based approach for the adoption and use of cloud services by the U.S. federal government. FedRAMP empowers federal agencies to use modern cloud technologies, with an emphasis on the security and protection of federal information.;735291151388;ap-south-1;2026-07-10 18:08:16.187152;ac-3;The information system enforces approved authorizations for logical access to information and system resources in accordance with applicable access control policies.;Access Control (AC);;;aws;;PASS;AWS policy AWSSupportServiceRolePolicy is attached but does not allow '*:*' administrative privileges.;arn:aws:iam::aws:policy/aws-service-role/AWSSupportServiceRolePolicy;iam_aws_attached_policy_no_administrative_privileges;False;AWSSupportServiceRolePolicy;FedRamp-Moderate-Revision-4;FedRAMP Moderate Revision 4;
aws;The Federal Risk and Authorization Management Program (FedRAMP) was established in 2011. It provides a cost-effective, risk-based approach for the adoption and use of cloud services by the U.S. federal government. FedRAMP empowers federal agencies to use modern cloud technologies, with an emphasis on the security and protection of federal information.;735291151388;ap-south-1;2026-07-10 18:08:16.187152;ac-5-c;The organization: c. Defines information system access authorizations to support separation of duties.;Access Control (AC);Separation Of Duties (AC-5);;aws;;PASS;AWS policy AWSSupportServiceRolePolicy is attached but does not allow '*:*' administrative privileges.;arn:aws:iam::aws:policy/aws-service-role/AWSSupportServiceRolePolicy;iam_aws_attached_policy_no_administrative_privileges;False;AWSSupportServiceRolePolicy;FedRamp-Moderate-Revision-4;FedRAMP Moderate Revision 4;
aws;The Federal Risk and Authorization Management Program (FedRAMP) was established in 2011. It provides a cost-effective, risk-based approach for the adoption and use of cloud services by the U.S. federal government. FedRAMP empowers federal agencies to use modern cloud technologies, with an emphasis on the security and protection of federal information.;735291151388;ap-south-1;2026-07-10 18:08:16.187152;ac-6-10;The information system prevents non-privileged users from executing privileged functions to include disabling, circumventing, or altering implemented security safeguards/countermeasures.;Access Control (AC);Least Privilege (AC-6);;aws;;PASS;AWS policy AWSSupportServiceRolePolicy is attached but does not allow '*:*' administrative privileges.;arn:aws:iam::aws:policy/aws-service-role/AWSSupportServiceRolePolicy;iam_aws_attached_policy_no_administrative_privileges;False;AWSSupportServiceRolePolicy;FedRamp-Moderate-Revision-4;FedRAMP Moderate Revision 4;
aws;The Federal Risk and Authorization Management Program (FedRAMP) was established in 2011. It provides a cost-effective, risk-based approach for the adoption and use of cloud services by the U.S. federal government. FedRAMP empowers federal agencies to use modern cloud technologies, with an emphasis on the security and protection of federal information.;735291151388;ap-south-1;2026-07-10 18:08:16.187152;ac-6;The organization employs the principle of least privilege, allowing only authorized accesses for users (or processes acting on behalf of users) which are necessary to accomplish assigned tasks in accordance with organizational missions and business functions.;Access Control (AC);;;aws;;PASS;AWS policy AWSSupportServiceRolePolicy is attached but does not allow '*:*' administrative privileges.;arn:aws:iam::aws:policy/aws-service-role/AWSSupportServiceRolePolicy;iam_aws_attached_policy_no_administrative_privileges;False;AWSSupportServiceRolePolicy;FedRamp-Moderate-Revision-4;FedRAMP Moderate Revision 4;
aws;The Federal Risk and Authorization Management Program (FedRAMP) was established in 2011. It provides a cost-effective, risk-based approach for the adoption and use of cloud services by the U.S. federal government. FedRAMP empowers federal agencies to use modern cloud technologies, with an emphasis on the security and protection of federal information.;735291151388;ap-south-1;2026-07-10 18:08:16.187152;sc-2;The information system separates user functionality (including user interface services) from information system management functionality.;System and Communications Protection (SC);;;iam;;PASS;AWS policy AWSSupportServiceRolePolicy is attached but does not allow '*:*' administrative privileges.;arn:aws:iam::aws:policy/aws-service-role/AWSSupportServiceRolePolicy;iam_aws_attached_policy_no_administrative_privileges;False;AWSSupportServiceRolePolicy;FedRamp-Moderate-Revision-4;FedRAMP Moderate Revision 4;
aws;The Federal Risk and Authorization Management Program (FedRAMP) was established in 2011. It provides a cost-effective, risk-based approach for the adoption and use of cloud services by the U.S. federal government. FedRAMP empowers federal agencies to use modern cloud technologies, with an emphasis on the security and protection of federal information.;735291151388;ap-south-1;2026-07-10 18:08:16.187152;ac-2-1;The organization employs automated mechanisms to support the management of information system accounts.;Access Control (AC);Account Management (AC-2);;aws;;PASS;AWS policy AWSResourceExplorerServiceRolePolicy is attached but does not allow '*:*' administrative privileges.;arn:aws:iam::aws:policy/aws-service-role/AWSResourceExplorerServiceRolePolicy;iam_aws_attached_policy_no_administrative_privileges;False;AWSResourceExplorerServiceRolePolicy;FedRamp-Moderate-Revision-4;FedRAMP Moderate Revision 4;
aws;The Federal Risk and Authorization Management Program (FedRAMP) was established in 2011. It provides a cost-effective, risk-based approach for the adoption and use of cloud services by the U.S. federal government. FedRAMP empowers federal agencies to use modern cloud technologies, with an emphasis on the security and protection of federal information.;735291151388;ap-south-1;2026-07-10 18:08:16.187152;ac-2-f;The organization: f. Creates, enables, modifies, disables, and removes information system accounts in accordance with [Assignment: organization-defined procedures or conditions].;Access Control (AC);Account Management (AC-2);;aws;;PASS;AWS policy AWSResourceExplorerServiceRolePolicy is attached but does not allow '*:*' administrative privileges.;arn:aws:iam::aws:policy/aws-service-role/AWSResourceExplorerServiceRolePolicy;iam_aws_attached_policy_no_administrative_privileges;False;AWSResourceExplorerServiceRolePolicy;FedRamp-Moderate-Revision-4;FedRAMP Moderate Revision 4;
aws;The Federal Risk and Authorization Management Program (FedRAMP) was established in 2011. It provides a cost-effective, risk-based approach for the adoption and use of cloud services by the U.S. federal government. FedRAMP empowers federal agencies to use modern cloud technologies, with an emphasis on the security and protection of federal information.;735291151388;ap-south-1;2026-07-10 18:08:16.187152;ac-2-j;The organization: j. Reviews accounts for compliance with account management requirements [Assignment: organization-defined frequency].;Access Control (AC);Account Management (AC-2);;aws;;PASS;AWS policy AWSResourceExplorerServiceRolePolicy is attached but does not allow '*:*' administrative privileges.;arn:aws:iam::aws:policy/aws-service-role/AWSResourceExplorerServiceRolePolicy;iam_aws_attached_policy_no_administrative_privileges;False;AWSResourceExplorerServiceRolePolicy;FedRamp-Moderate-Revision-4;FedRAMP Moderate Revision 4;
aws;The Federal Risk and Authorization Management Program (FedRAMP) was established in 2011. It provides a cost-effective, risk-based approach for the adoption and use of cloud services by the U.S. federal government. FedRAMP empowers federal agencies to use modern cloud technologies, with an emphasis on the security and protection of federal information.;735291151388;ap-south-1;2026-07-10 18:08:16.187152;ac-3;The information system enforces approved authorizations for logical access to information and system resources in accordance with applicable access control policies.;Access Control (AC);;;aws;;PASS;AWS policy AWSResourceExplorerServiceRolePolicy is attached but does not allow '*:*' administrative privileges.;arn:aws:iam::aws:policy/aws-service-role/AWSResourceExplorerServiceRolePolicy;iam_aws_attached_policy_no_administrative_privileges;False;AWSResourceExplorerServiceRolePolicy;FedRamp-Moderate-Revision-4;FedRAMP Moderate Revision 4;
aws;The Federal Risk and Authorization Management Program (FedRAMP) was established in 2011. It provides a cost-effective, risk-based approach for the adoption and use of cloud services by the U.S. federal government. FedRAMP empowers federal agencies to use modern cloud technologies, with an emphasis on the security and protection of federal information.;735291151388;ap-south-1;2026-07-10 18:08:16.187152;ac-5-c;The organization: c. Defines information system access authorizations to support separation of duties.;Access Control (AC);Separation Of Duties (AC-5);;aws;;PASS;AWS policy AWSResourceExplorerServiceRolePolicy is attached but does not allow '*:*' administrative privileges.;arn:aws:iam::aws:policy/aws-service-role/AWSResourceExplorerServiceRolePolicy;iam_aws_attached_policy_no_administrative_privileges;False;AWSResourceExplorerServiceRolePolicy;FedRamp-Moderate-Revision-4;FedRAMP Moderate Revision 4;
aws;The Federal Risk and Authorization Management Program (FedRAMP) was established in 2011. It provides a cost-effective, risk-based approach for the adoption and use of cloud services by the U.S. federal government. FedRAMP empowers federal agencies to use modern cloud technologies, with an emphasis on the security and protection of federal information.;735291151388;ap-south-1;2026-07-10 18:08:16.187152;ac-6-10;The information system prevents non-privileged users from executing privileged functions to include disabling, circumventing, or altering implemented security safeguards/countermeasures.;Access Control (AC);Least Privilege (AC-6);;aws;;PASS;AWS policy AWSResourceExplorerServiceRolePolicy is attached but does not allow '*:*' administrative privileges.;arn:aws:iam::aws:policy/aws-service-role/AWSResourceExplorerServiceRolePolicy;iam_aws_attached_policy_no_administrative_privileges;False;AWSResourceExplorerServiceRolePolicy;FedRamp-Moderate-Revision-4;FedRAMP Moderate Revision 4;
aws;The Federal Risk and Authorization Management Program (FedRAMP) was established in 2011. It provides a cost-effective, risk-based approach for the adoption and use of cloud services by the U.S. federal government. FedRAMP empowers federal agencies to use modern cloud technologies, with an emphasis on the security and protection of federal information.;735291151388;ap-south-1;2026-07-10 18:08:16.187152;ac-6;The organization employs the principle of least privilege, allowing only authorized accesses for users (or processes acting on behalf of users) which are necessary to accomplish assigned tasks in accordance with organizational missions and business functions.;Access Control (AC);;;aws;;PASS;AWS policy AWSResourceExplorerServiceRolePolicy is attached but does not allow '*:*' administrative privileges.;arn:aws:iam::aws:policy/aws-service-role/AWSResourceExplorerServiceRolePolicy;iam_aws_attached_policy_no_administrative_privileges;False;AWSResourceExplorerServiceRolePolicy;FedRamp-Moderate-Revision-4;FedRAMP Moderate Revision 4;
aws;The Federal Risk and Authorization Management Program (FedRAMP) was established in 2011. It provides a cost-effective, risk-based approach for the adoption and use of cloud services by the U.S. federal government. FedRAMP empowers federal agencies to use modern cloud technologies, with an emphasis on the security and protection of federal information.;735291151388;ap-south-1;2026-07-10 18:08:16.187152;sc-2;The information system separates user functionality (including user interface services) from information system management functionality.;System and Communications Protection (SC);;;iam;;PASS;AWS policy AWSResourceExplorerServiceRolePolicy is attached but does not allow '*:*' administrative privileges.;arn:aws:iam::aws:policy/aws-service-role/AWSResourceExplorerServiceRolePolicy;iam_aws_attached_policy_no_administrative_privileges;False;AWSResourceExplorerServiceRolePolicy;FedRamp-Moderate-Revision-4;FedRAMP Moderate Revision 4;
aws;The Federal Risk and Authorization Management Program (FedRAMP) was established in 2011. It provides a cost-effective, risk-based approach for the adoption and use of cloud services by the U.S. federal government. FedRAMP empowers federal agencies to use modern cloud technologies, with an emphasis on the security and protection of federal information.;735291151388;ap-south-1;2026-07-10 18:08:16.187152;ac-2-1;The organization employs automated mechanisms to support the management of information system accounts.;Access Control (AC);Account Management (AC-2);;aws;;PASS;Inline policy cloudguardian-s3-read-only attached to role cloudguardian-web-role does not allow '*:*' administrative privileges.;arn:aws:iam::735291151388:role/cloudguardian-web-role;iam_inline_policy_no_administrative_privileges;False;cloudguardian-web-role/cloudguardian-s3-read-only;FedRamp-Moderate-Revision-4;FedRAMP Moderate Revision 4;
aws;The Federal Risk and Authorization Management Program (FedRAMP) was established in 2011. It provides a cost-effective, risk-based approach for the adoption and use of cloud services by the U.S. federal government. FedRAMP empowers federal agencies to use modern cloud technologies, with an emphasis on the security and protection of federal information.;735291151388;ap-south-1;2026-07-10 18:08:16.187152;ac-2-f;The organization: f. Creates, enables, modifies, disables, and removes information system accounts in accordance with [Assignment: organization-defined procedures or conditions].;Access Control (AC);Account Management (AC-2);;aws;;PASS;Inline policy cloudguardian-s3-read-only attached to role cloudguardian-web-role does not allow '*:*' administrative privileges.;arn:aws:iam::735291151388:role/cloudguardian-web-role;iam_inline_policy_no_administrative_privileges;False;cloudguardian-web-role/cloudguardian-s3-read-only;FedRamp-Moderate-Revision-4;FedRAMP Moderate Revision 4;
aws;The Federal Risk and Authorization Management Program (FedRAMP) was established in 2011. It provides a cost-effective, risk-based approach for the adoption and use of cloud services by the U.S. federal government. FedRAMP empowers federal agencies to use modern cloud technologies, with an emphasis on the security and protection of federal information.;735291151388;ap-south-1;2026-07-10 18:08:16.187152;ac-2-j;The organization: j. Reviews accounts for compliance with account management requirements [Assignment: organization-defined frequency].;Access Control (AC);Account Management (AC-2);;aws;;PASS;Inline policy cloudguardian-s3-read-only attached to role cloudguardian-web-role does not allow '*:*' administrative privileges.;arn:aws:iam::735291151388:role/cloudguardian-web-role;iam_inline_policy_no_administrative_privileges;False;cloudguardian-web-role/cloudguardian-s3-read-only;FedRamp-Moderate-Revision-4;FedRAMP Moderate Revision 4;
aws;The Federal Risk and Authorization Management Program (FedRAMP) was established in 2011. It provides a cost-effective, risk-based approach for the adoption and use of cloud services by the U.S. federal government. FedRAMP empowers federal agencies to use modern cloud technologies, with an emphasis on the security and protection of federal information.;735291151388;ap-south-1;2026-07-10 18:08:16.187152;ac-3;The information system enforces approved authorizations for logical access to information and system resources in accordance with applicable access control policies.;Access Control (AC);;;aws;;PASS;Inline policy cloudguardian-s3-read-only attached to role cloudguardian-web-role does not allow '*:*' administrative privileges.;arn:aws:iam::735291151388:role/cloudguardian-web-role;iam_inline_policy_no_administrative_privileges;False;cloudguardian-web-role/cloudguardian-s3-read-only;FedRamp-Moderate-Revision-4;FedRAMP Moderate Revision 4;
aws;The Federal Risk and Authorization Management Program (FedRAMP) was established in 2011. It provides a cost-effective, risk-based approach for the adoption and use of cloud services by the U.S. federal government. FedRAMP empowers federal agencies to use modern cloud technologies, with an emphasis on the security and protection of federal information.;735291151388;ap-south-1;2026-07-10 18:08:16.187152;ac-5-c;The organization: c. Defines information system access authorizations to support separation of duties.;Access Control (AC);Separation Of Duties (AC-5);;aws;;PASS;Inline policy cloudguardian-s3-read-only attached to role cloudguardian-web-role does not allow '*:*' administrative privileges.;arn:aws:iam::735291151388:role/cloudguardian-web-role;iam_inline_policy_no_administrative_privileges;False;cloudguardian-web-role/cloudguardian-s3-read-only;FedRamp-Moderate-Revision-4;FedRAMP Moderate Revision 4;
aws;The Federal Risk and Authorization Management Program (FedRAMP) was established in 2011. It provides a cost-effective, risk-based approach for the adoption and use of cloud services by the U.S. federal government. FedRAMP empowers federal agencies to use modern cloud technologies, with an emphasis on the security and protection of federal information.;735291151388;ap-south-1;2026-07-10 18:08:16.187152;ac-6-10;The information system prevents non-privileged users from executing privileged functions to include disabling, circumventing, or altering implemented security safeguards/countermeasures.;Access Control (AC);Least Privilege (AC-6);;aws;;PASS;Inline policy cloudguardian-s3-read-only attached to role cloudguardian-web-role does not allow '*:*' administrative privileges.;arn:aws:iam::735291151388:role/cloudguardian-web-role;iam_inline_policy_no_administrative_privileges;False;cloudguardian-web-role/cloudguardian-s3-read-only;FedRamp-Moderate-Revision-4;FedRAMP Moderate Revision 4;
aws;The Federal Risk and Authorization Management Program (FedRAMP) was established in 2011. It provides a cost-effective, risk-based approach for the adoption and use of cloud services by the U.S. federal government. FedRAMP empowers federal agencies to use modern cloud technologies, with an emphasis on the security and protection of federal information.;735291151388;ap-south-1;2026-07-10 18:08:16.187152;ac-6;The organization employs the principle of least privilege, allowing only authorized accesses for users (or processes acting on behalf of users) which are necessary to accomplish assigned tasks in accordance with organizational missions and business functions.;Access Control (AC);;;aws;;PASS;Inline policy cloudguardian-s3-read-only attached to role cloudguardian-web-role does not allow '*:*' administrative privileges.;arn:aws:iam::735291151388:role/cloudguardian-web-role;iam_inline_policy_no_administrative_privileges;False;cloudguardian-web-role/cloudguardian-s3-read-only;FedRamp-Moderate-Revision-4;FedRAMP Moderate Revision 4;
aws;The Federal Risk and Authorization Management Program (FedRAMP) was established in 2011. It provides a cost-effective, risk-based approach for the adoption and use of cloud services by the U.S. federal government. FedRAMP empowers federal agencies to use modern cloud technologies, with an emphasis on the security and protection of federal information.;735291151388;ap-south-1;2026-07-10 18:08:16.187152;sc-2;The information system separates user functionality (including user interface services) from information system management functionality.;System and Communications Protection (SC);;;iam;;PASS;Inline policy cloudguardian-s3-read-only attached to role cloudguardian-web-role does not allow '*:*' administrative privileges.;arn:aws:iam::735291151388:role/cloudguardian-web-role;iam_inline_policy_no_administrative_privileges;False;cloudguardian-web-role/cloudguardian-s3-read-only;FedRamp-Moderate-Revision-4;FedRAMP Moderate Revision 4;
aws;The Federal Risk and Authorization Management Program (FedRAMP) was established in 2011. It provides a cost-effective, risk-based approach for the adoption and use of cloud services by the U.S. federal government. FedRAMP empowers federal agencies to use modern cloud technologies, with an emphasis on the security and protection of federal information.;735291151388;ap-south-1;2026-07-10 18:08:16.187152;ac-6;The organization employs the principle of least privilege, allowing only authorized accesses for users (or processes acting on behalf of users) which are necessary to accomplish assigned tasks in accordance with organizational missions and business functions.;Access Control (AC);;;aws;;PASS;Inline policy cloudguardian-s3-read-only attached to role cloudguardian-web-role does not allow 'aws-marketplace:Subscribe' on all resources.;arn:aws:iam::735291151388:role/cloudguardian-web-role;iam_inline_policy_no_wildcard_marketplace_subscribe;False;cloudguardian-web-role/cloudguardian-s3-read-only;FedRamp-Moderate-Revision-4;FedRAMP Moderate Revision 4;
aws;The Federal Risk and Authorization Management Program (FedRAMP) was established in 2011. It provides a cost-effective, risk-based approach for the adoption and use of cloud services by the U.S. federal government. FedRAMP empowers federal agencies to use modern cloud technologies, with an emphasis on the security and protection of federal information.;735291151388;ap-south-1;2026-07-10 18:08:16.187152;ac-2-1;The organization employs automated mechanisms to support the management of information system accounts.;Access Control (AC);Account Management (AC-2);;aws;;PASS;Root account does not have access keys.;arn:aws:iam::735291151388:root;iam_no_root_access_key;False;<root_account>;FedRamp-Moderate-Revision-4;FedRAMP Moderate Revision 4;
aws;The Federal Risk and Authorization Management Program (FedRAMP) was established in 2011. It provides a cost-effective, risk-based approach for the adoption and use of cloud services by the U.S. federal government. FedRAMP empowers federal agencies to use modern cloud technologies, with an emphasis on the security and protection of federal information.;735291151388;ap-south-1;2026-07-10 18:08:16.187152;ac-2-f;The organization: f. Creates, enables, modifies, disables, and removes information system accounts in accordance with [Assignment: organization-defined procedures or conditions].;Access Control (AC);Account Management (AC-2);;aws;;PASS;Root account does not have access keys.;arn:aws:iam::735291151388:root;iam_no_root_access_key;False;<root_account>;FedRamp-Moderate-Revision-4;FedRAMP Moderate Revision 4;
aws;The Federal Risk and Authorization Management Program (FedRAMP) was established in 2011. It provides a cost-effective, risk-based approach for the adoption and use of cloud services by the U.S. federal government. FedRAMP empowers federal agencies to use modern cloud technologies, with an emphasis on the security and protection of federal information.;735291151388;ap-south-1;2026-07-10 18:08:16.187152;ac-2-j;The organization: j. Reviews accounts for compliance with account management requirements [Assignment: organization-defined frequency].;Access Control (AC);Account Management (AC-2);;aws;;PASS;Root account does not have access keys.;arn:aws:iam::735291151388:root;iam_no_root_access_key;False;<root_account>;FedRamp-Moderate-Revision-4;FedRAMP Moderate Revision 4;
aws;The Federal Risk and Authorization Management Program (FedRAMP) was established in 2011. It provides a cost-effective, risk-based approach for the adoption and use of cloud services by the U.S. federal government. FedRAMP empowers federal agencies to use modern cloud technologies, with an emphasis on the security and protection of federal information.;735291151388;ap-south-1;2026-07-10 18:08:16.187152;ac-3;The information system enforces approved authorizations for logical access to information and system resources in accordance with applicable access control policies.;Access Control (AC);;;aws;;PASS;Root account does not have access keys.;arn:aws:iam::735291151388:root;iam_no_root_access_key;False;<root_account>;FedRamp-Moderate-Revision-4;FedRAMP Moderate Revision 4;
aws;The Federal Risk and Authorization Management Program (FedRAMP) was established in 2011. It provides a cost-effective, risk-based approach for the adoption and use of cloud services by the U.S. federal government. FedRAMP empowers federal agencies to use modern cloud technologies, with an emphasis on the security and protection of federal information.;735291151388;ap-south-1;2026-07-10 18:08:16.187152;ac-5-c;The organization: c. Defines information system access authorizations to support separation of duties.;Access Control (AC);Separation Of Duties (AC-5);;aws;;PASS;Root account does not have access keys.;arn:aws:iam::735291151388:root;iam_no_root_access_key;False;<root_account>;FedRamp-Moderate-Revision-4;FedRAMP Moderate Revision 4;
aws;The Federal Risk and Authorization Management Program (FedRAMP) was established in 2011. It provides a cost-effective, risk-based approach for the adoption and use of cloud services by the U.S. federal government. FedRAMP empowers federal agencies to use modern cloud technologies, with an emphasis on the security and protection of federal information.;735291151388;ap-south-1;2026-07-10 18:08:16.187152;ac-6-10;The information system prevents non-privileged users from executing privileged functions to include disabling, circumventing, or altering implemented security safeguards/countermeasures.;Access Control (AC);Least Privilege (AC-6);;aws;;PASS;Root account does not have access keys.;arn:aws:iam::735291151388:root;iam_no_root_access_key;False;<root_account>;FedRamp-Moderate-Revision-4;FedRAMP Moderate Revision 4;
aws;The Federal Risk and Authorization Management Program (FedRAMP) was established in 2011. It provides a cost-effective, risk-based approach for the adoption and use of cloud services by the U.S. federal government. FedRAMP empowers federal agencies to use modern cloud technologies, with an emphasis on the security and protection of federal information.;735291151388;ap-south-1;2026-07-10 18:08:16.187152;ac-6;The organization employs the principle of least privilege, allowing only authorized accesses for users (or processes acting on behalf of users) which are necessary to accomplish assigned tasks in accordance with organizational missions and business functions.;Access Control (AC);;;aws;;PASS;Root account does not have access keys.;arn:aws:iam::735291151388:root;iam_no_root_access_key;False;<root_account>;FedRamp-Moderate-Revision-4;FedRAMP Moderate Revision 4;
aws;The Federal Risk and Authorization Management Program (FedRAMP) was established in 2011. It provides a cost-effective, risk-based approach for the adoption and use of cloud services by the U.S. federal government. FedRAMP empowers federal agencies to use modern cloud technologies, with an emphasis on the security and protection of federal information.;735291151388;ap-south-1;2026-07-10 18:08:16.187152;ia-2;The information system uniquely identifies and authenticates organizational users (or processes acting on behalf of organizational users).;Identification and Authentication (IA);;;iam;;PASS;Root account does not have access keys.;arn:aws:iam::735291151388:root;iam_no_root_access_key;False;<root_account>;FedRamp-Moderate-Revision-4;FedRAMP Moderate Revision 4;
aws;The Federal Risk and Authorization Management Program (FedRAMP) was established in 2011. It provides a cost-effective, risk-based approach for the adoption and use of cloud services by the U.S. federal government. FedRAMP empowers federal agencies to use modern cloud technologies, with an emphasis on the security and protection of federal information.;735291151388;ap-south-1;2026-07-10 18:08:16.187152;ac-2-1;The organization employs automated mechanisms to support the management of information system accounts.;Access Control (AC);Account Management (AC-2);;aws;;FAIL;IAM password policy does not require minimum length of 14 characters.;arn:aws:iam:ap-south-1:735291151388:password-policy;iam_password_policy_minimum_length_14;False;735291151388;FedRamp-Moderate-Revision-4;FedRAMP Moderate Revision 4;
aws;The Federal Risk and Authorization Management Program (FedRAMP) was established in 2011. It provides a cost-effective, risk-based approach for the adoption and use of cloud services by the U.S. federal government. FedRAMP empowers federal agencies to use modern cloud technologies, with an emphasis on the security and protection of federal information.;735291151388;ap-south-1;2026-07-10 18:08:16.187152;ac-2-f;The organization: f. Creates, enables, modifies, disables, and removes information system accounts in accordance with [Assignment: organization-defined procedures or conditions].;Access Control (AC);Account Management (AC-2);;aws;;FAIL;IAM password policy does not require minimum length of 14 characters.;arn:aws:iam:ap-south-1:735291151388:password-policy;iam_password_policy_minimum_length_14;False;735291151388;FedRamp-Moderate-Revision-4;FedRAMP Moderate Revision 4;
aws;The Federal Risk and Authorization Management Program (FedRAMP) was established in 2011. It provides a cost-effective, risk-based approach for the adoption and use of cloud services by the U.S. federal government. FedRAMP empowers federal agencies to use modern cloud technologies, with an emphasis on the security and protection of federal information.;735291151388;ap-south-1;2026-07-10 18:08:16.187152;ac-2-j;The organization: j. Reviews accounts for compliance with account management requirements [Assignment: organization-defined frequency].;Access Control (AC);Account Management (AC-2);;aws;;FAIL;IAM password policy does not require minimum length of 14 characters.;arn:aws:iam:ap-south-1:735291151388:password-policy;iam_password_policy_minimum_length_14;False;735291151388;FedRamp-Moderate-Revision-4;FedRAMP Moderate Revision 4;
aws;The Federal Risk and Authorization Management Program (FedRAMP) was established in 2011. It provides a cost-effective, risk-based approach for the adoption and use of cloud services by the U.S. federal government. FedRAMP empowers federal agencies to use modern cloud technologies, with an emphasis on the security and protection of federal information.;735291151388;ap-south-1;2026-07-10 18:08:16.187152;ac-2-3;The information system automatically disables inactive accounts after 90 days for user accounts.;Access Control (AC);Account Management (AC-2);;aws;;FAIL;IAM password policy does not require minimum length of 14 characters.;arn:aws:iam:ap-south-1:735291151388:password-policy;iam_password_policy_minimum_length_14;False;735291151388;FedRamp-Moderate-Revision-4;FedRAMP Moderate Revision 4;
aws;The Federal Risk and Authorization Management Program (FedRAMP) was established in 2011. It provides a cost-effective, risk-based approach for the adoption and use of cloud services by the U.S. federal government. FedRAMP empowers federal agencies to use modern cloud technologies, with an emphasis on the security and protection of federal information.;735291151388;ap-south-1;2026-07-10 18:08:16.187152;ac-5-c;The organization: c. Defines information system access authorizations to support separation of duties.;Access Control (AC);Separation Of Duties (AC-5);;aws;;FAIL;IAM password policy does not require minimum length of 14 characters.;arn:aws:iam:ap-south-1:735291151388:password-policy;iam_password_policy_minimum_length_14;False;735291151388;FedRamp-Moderate-Revision-4;FedRAMP Moderate Revision 4;
aws;The Federal Risk and Authorization Management Program (FedRAMP) was established in 2011. It provides a cost-effective, risk-based approach for the adoption and use of cloud services by the U.S. federal government. FedRAMP empowers federal agencies to use modern cloud technologies, with an emphasis on the security and protection of federal information.;735291151388;ap-south-1;2026-07-10 18:08:16.187152;ia-2;The information system uniquely identifies and authenticates organizational users (or processes acting on behalf of organizational users).;Identification and Authentication (IA);;;iam;;FAIL;IAM password policy does not require minimum length of 14 characters.;arn:aws:iam:ap-south-1:735291151388:password-policy;iam_password_policy_minimum_length_14;False;735291151388;FedRamp-Moderate-Revision-4;FedRAMP Moderate Revision 4;
aws;The Federal Risk and Authorization Management Program (FedRAMP) was established in 2011. It provides a cost-effective, risk-based approach for the adoption and use of cloud services by the U.S. federal government. FedRAMP empowers federal agencies to use modern cloud technologies, with an emphasis on the security and protection of federal information.;735291151388;ap-south-1;2026-07-10 18:08:16.187152;ia-5-1-a-d-e;"The information system, for password-based authentication: a. Enforces minimum password complexity of [Assignment: organization-defined requirements for case sensitivity, number of characters, mix of upper-case letters, lower-case letters, numbers, and special characters, including minimum requirements for each type]; d. Enforces password minimum and maximum lifetime restrictions of [Assignment: organization- defined numbers for lifetime minimum, lifetime maximum]; e. Prohibits password reuse for 24 generations";Identification and Authentication (IA);IA-5(1) Password-Based Authentication;;iam;;FAIL;IAM password policy does not require minimum length of 14 characters.;arn:aws:iam:ap-south-1:735291151388:password-policy;iam_password_policy_minimum_length_14;False;735291151388;FedRamp-Moderate-Revision-4;FedRAMP Moderate Revision 4;
aws;The Federal Risk and Authorization Management Program (FedRAMP) was established in 2011. It provides a cost-effective, risk-based approach for the adoption and use of cloud services by the U.S. federal government. FedRAMP empowers federal agencies to use modern cloud technologies, with an emphasis on the security and protection of federal information.;735291151388;ap-south-1;2026-07-10 18:08:16.187152;ia-5-4;The organization employs automated tools to determine if password authenticators are sufficiently strong to satisfy [Assignment: organization-defined requirements].;Identification and Authentication (IA);Authenticator Management (IA-5);;iam;;FAIL;IAM password policy does not require minimum length of 14 characters.;arn:aws:iam:ap-south-1:735291151388:password-policy;iam_password_policy_minimum_length_14;False;735291151388;FedRamp-Moderate-Revision-4;FedRAMP Moderate Revision 4;
aws;The Federal Risk and Authorization Management Program (FedRAMP) was established in 2011. It provides a cost-effective, risk-based approach for the adoption and use of cloud services by the U.S. federal government. FedRAMP empowers federal agencies to use modern cloud technologies, with an emphasis on the security and protection of federal information.;735291151388;ap-south-1;2026-07-10 18:08:16.187152;ac-2-1;The organization employs automated mechanisms to support the management of information system accounts.;Access Control (AC);Account Management (AC-2);;aws;;PASS;User Alex has no inline or attached policies.;arn:aws:iam::735291151388:user/Alex;iam_policy_attached_only_to_group_or_roles;False;Alex;FedRamp-Moderate-Revision-4;FedRAMP Moderate Revision 4;
aws;The Federal Risk and Authorization Management Program (FedRAMP) was established in 2011. It provides a cost-effective, risk-based approach for the adoption and use of cloud services by the U.S. federal government. FedRAMP empowers federal agencies to use modern cloud technologies, with an emphasis on the security and protection of federal information.;735291151388;ap-south-1;2026-07-10 18:08:16.187152;ac-2-f;The organization: f. Creates, enables, modifies, disables, and removes information system accounts in accordance with [Assignment: organization-defined procedures or conditions].;Access Control (AC);Account Management (AC-2);;aws;;PASS;User Alex has no inline or attached policies.;arn:aws:iam::735291151388:user/Alex;iam_policy_attached_only_to_group_or_roles;False;Alex;FedRamp-Moderate-Revision-4;FedRAMP Moderate Revision 4;
aws;The Federal Risk and Authorization Management Program (FedRAMP) was established in 2011. It provides a cost-effective, risk-based approach for the adoption and use of cloud services by the U.S. federal government. FedRAMP empowers federal agencies to use modern cloud technologies, with an emphasis on the security and protection of federal information.;735291151388;ap-south-1;2026-07-10 18:08:16.187152;ac-2-j;The organization: j. Reviews accounts for compliance with account management requirements [Assignment: organization-defined frequency].;Access Control (AC);Account Management (AC-2);;aws;;PASS;User Alex has no inline or attached policies.;arn:aws:iam::735291151388:user/Alex;iam_policy_attached_only_to_group_or_roles;False;Alex;FedRamp-Moderate-Revision-4;FedRAMP Moderate Revision 4;
aws;The Federal Risk and Authorization Management Program (FedRAMP) was established in 2011. It provides a cost-effective, risk-based approach for the adoption and use of cloud services by the U.S. federal government. FedRAMP empowers federal agencies to use modern cloud technologies, with an emphasis on the security and protection of federal information.;735291151388;ap-south-1;2026-07-10 18:08:16.187152;ac-3;The information system enforces approved authorizations for logical access to information and system resources in accordance with applicable access control policies.;Access Control (AC);;;aws;;PASS;User Alex has no inline or attached policies.;arn:aws:iam::735291151388:user/Alex;iam_policy_attached_only_to_group_or_roles;False;Alex;FedRamp-Moderate-Revision-4;FedRAMP Moderate Revision 4;
aws;The Federal Risk and Authorization Management Program (FedRAMP) was established in 2011. It provides a cost-effective, risk-based approach for the adoption and use of cloud services by the U.S. federal government. FedRAMP empowers federal agencies to use modern cloud technologies, with an emphasis on the security and protection of federal information.;735291151388;ap-south-1;2026-07-10 18:08:16.187152;ac-5-c;The organization: c. Defines information system access authorizations to support separation of duties.;Access Control (AC);Separation Of Duties (AC-5);;aws;;PASS;User Alex has no inline or attached policies.;arn:aws:iam::735291151388:user/Alex;iam_policy_attached_only_to_group_or_roles;False;Alex;FedRamp-Moderate-Revision-4;FedRAMP Moderate Revision 4;
aws;The Federal Risk and Authorization Management Program (FedRAMP) was established in 2011. It provides a cost-effective, risk-based approach for the adoption and use of cloud services by the U.S. federal government. FedRAMP empowers federal agencies to use modern cloud technologies, with an emphasis on the security and protection of federal information.;735291151388;ap-south-1;2026-07-10 18:08:16.187152;sc-2;The information system separates user functionality (including user interface services) from information system management functionality.;System and Communications Protection (SC);;;iam;;PASS;User Alex has no inline or attached policies.;arn:aws:iam::735291151388:user/Alex;iam_policy_attached_only_to_group_or_roles;False;Alex;FedRamp-Moderate-Revision-4;FedRAMP Moderate Revision 4;
aws;The Federal Risk and Authorization Management Program (FedRAMP) was established in 2011. It provides a cost-effective, risk-based approach for the adoption and use of cloud services by the U.S. federal government. FedRAMP empowers federal agencies to use modern cloud technologies, with an emphasis on the security and protection of federal information.;735291151388;ap-south-1;2026-07-10 18:08:16.187152;ac-2-1;The organization employs automated mechanisms to support the management of information system accounts.;Access Control (AC);Account Management (AC-2);;aws;;PASS;IAM Role AWSServiceRoleForResourceExplorer accessed Bedrock 0 days ago (threshold: 60 days).;arn:aws:iam::735291151388:role/aws-service-role/resource-explorer-2.amazonaws.com/AWSServiceRoleForResourceExplorer;iam_role_access_not_stale_to_bedrock;False;AWSServiceRoleForResourceExplorer;FedRamp-Moderate-Revision-4;FedRAMP Moderate Revision 4;
aws;The Federal Risk and Authorization Management Program (FedRAMP) was established in 2011. It provides a cost-effective, risk-based approach for the adoption and use of cloud services by the U.S. federal government. FedRAMP empowers federal agencies to use modern cloud technologies, with an emphasis on the security and protection of federal information.;735291151388;ap-south-1;2026-07-10 18:08:16.187152;ac-2-f;The organization: f. Creates, enables, modifies, disables, and removes information system accounts in accordance with [Assignment: organization-defined procedures or conditions].;Access Control (AC);Account Management (AC-2);;aws;;PASS;IAM Role AWSServiceRoleForResourceExplorer accessed Bedrock 0 days ago (threshold: 60 days).;arn:aws:iam::735291151388:role/aws-service-role/resource-explorer-2.amazonaws.com/AWSServiceRoleForResourceExplorer;iam_role_access_not_stale_to_bedrock;False;AWSServiceRoleForResourceExplorer;FedRamp-Moderate-Revision-4;FedRAMP Moderate Revision 4;
aws;The Federal Risk and Authorization Management Program (FedRAMP) was established in 2011. It provides a cost-effective, risk-based approach for the adoption and use of cloud services by the U.S. federal government. FedRAMP empowers federal agencies to use modern cloud technologies, with an emphasis on the security and protection of federal information.;735291151388;ap-south-1;2026-07-10 18:08:16.187152;ac-2-j;The organization: j. Reviews accounts for compliance with account management requirements [Assignment: organization-defined frequency].;Access Control (AC);Account Management (AC-2);;aws;;PASS;IAM Role AWSServiceRoleForResourceExplorer accessed Bedrock 0 days ago (threshold: 60 days).;arn:aws:iam::735291151388:role/aws-service-role/resource-explorer-2.amazonaws.com/AWSServiceRoleForResourceExplorer;iam_role_access_not_stale_to_bedrock;False;AWSServiceRoleForResourceExplorer;FedRamp-Moderate-Revision-4;FedRAMP Moderate Revision 4;
aws;The Federal Risk and Authorization Management Program (FedRAMP) was established in 2011. It provides a cost-effective, risk-based approach for the adoption and use of cloud services by the U.S. federal government. FedRAMP empowers federal agencies to use modern cloud technologies, with an emphasis on the security and protection of federal information.;735291151388;ap-south-1;2026-07-10 18:08:16.187152;ac-2-3;The information system automatically disables inactive accounts after 90 days for user accounts.;Access Control (AC);Account Management (AC-2);;aws;;PASS;IAM Role AWSServiceRoleForResourceExplorer accessed Bedrock 0 days ago (threshold: 60 days).;arn:aws:iam::735291151388:role/aws-service-role/resource-explorer-2.amazonaws.com/AWSServiceRoleForResourceExplorer;iam_role_access_not_stale_to_bedrock;False;AWSServiceRoleForResourceExplorer;FedRamp-Moderate-Revision-4;FedRAMP Moderate Revision 4;
aws;The Federal Risk and Authorization Management Program (FedRAMP) was established in 2011. It provides a cost-effective, risk-based approach for the adoption and use of cloud services by the U.S. federal government. FedRAMP empowers federal agencies to use modern cloud technologies, with an emphasis on the security and protection of federal information.;735291151388;ap-south-1;2026-07-10 18:08:16.187152;ac-6;The organization employs the principle of least privilege, allowing only authorized accesses for users (or processes acting on behalf of users) which are necessary to accomplish assigned tasks in accordance with organizational missions and business functions.;Access Control (AC);;;aws;;PASS;IAM Role AWSServiceRoleForResourceExplorer accessed Bedrock 0 days ago (threshold: 60 days).;arn:aws:iam::735291151388:role/aws-service-role/resource-explorer-2.amazonaws.com/AWSServiceRoleForResourceExplorer;iam_role_access_not_stale_to_bedrock;False;AWSServiceRoleForResourceExplorer;FedRamp-Moderate-Revision-4;FedRAMP Moderate Revision 4;
aws;The Federal Risk and Authorization Management Program (FedRAMP) was established in 2011. It provides a cost-effective, risk-based approach for the adoption and use of cloud services by the U.S. federal government. FedRAMP empowers federal agencies to use modern cloud technologies, with an emphasis on the security and protection of federal information.;735291151388;ap-south-1;2026-07-10 18:08:16.187152;ac-2-1;The organization employs automated mechanisms to support the management of information system accounts.;Access Control (AC);Account Management (AC-2);;aws;;FAIL;IAM Role AWSServiceRoleForSupport has Bedrock permissions but has never used them.;arn:aws:iam::735291151388:role/aws-service-role/support.amazonaws.com/AWSServiceRoleForSupport;iam_role_access_not_stale_to_bedrock;False;AWSServiceRoleForSupport;FedRamp-Moderate-Revision-4;FedRAMP Moderate Revision 4;
aws;The Federal Risk and Authorization Management Program (FedRAMP) was established in 2011. It provides a cost-effective, risk-based approach for the adoption and use of cloud services by the U.S. federal government. FedRAMP empowers federal agencies to use modern cloud technologies, with an emphasis on the security and protection of federal information.;735291151388;ap-south-1;2026-07-10 18:08:16.187152;ac-2-f;The organization: f. Creates, enables, modifies, disables, and removes information system accounts in accordance with [Assignment: organization-defined procedures or conditions].;Access Control (AC);Account Management (AC-2);;aws;;FAIL;IAM Role AWSServiceRoleForSupport has Bedrock permissions but has never used them.;arn:aws:iam::735291151388:role/aws-service-role/support.amazonaws.com/AWSServiceRoleForSupport;iam_role_access_not_stale_to_bedrock;False;AWSServiceRoleForSupport;FedRamp-Moderate-Revision-4;FedRAMP Moderate Revision 4;
aws;The Federal Risk and Authorization Management Program (FedRAMP) was established in 2011. It provides a cost-effective, risk-based approach for the adoption and use of cloud services by the U.S. federal government. FedRAMP empowers federal agencies to use modern cloud technologies, with an emphasis on the security and protection of federal information.;735291151388;ap-south-1;2026-07-10 18:08:16.187152;ac-2-j;The organization: j. Reviews accounts for compliance with account management requirements [Assignment: organization-defined frequency].;Access Control (AC);Account Management (AC-2);;aws;;FAIL;IAM Role AWSServiceRoleForSupport has Bedrock permissions but has never used them.;arn:aws:iam::735291151388:role/aws-service-role/support.amazonaws.com/AWSServiceRoleForSupport;iam_role_access_not_stale_to_bedrock;False;AWSServiceRoleForSupport;FedRamp-Moderate-Revision-4;FedRAMP Moderate Revision 4;
aws;The Federal Risk and Authorization Management Program (FedRAMP) was established in 2011. It provides a cost-effective, risk-based approach for the adoption and use of cloud services by the U.S. federal government. FedRAMP empowers federal agencies to use modern cloud technologies, with an emphasis on the security and protection of federal information.;735291151388;ap-south-1;2026-07-10 18:08:16.187152;ac-2-3;The information system automatically disables inactive accounts after 90 days for user accounts.;Access Control (AC);Account Management (AC-2);;aws;;FAIL;IAM Role AWSServiceRoleForSupport has Bedrock permissions but has never used them.;arn:aws:iam::735291151388:role/aws-service-role/support.amazonaws.com/AWSServiceRoleForSupport;iam_role_access_not_stale_to_bedrock;False;AWSServiceRoleForSupport;FedRamp-Moderate-Revision-4;FedRAMP Moderate Revision 4;
aws;The Federal Risk and Authorization Management Program (FedRAMP) was established in 2011. It provides a cost-effective, risk-based approach for the adoption and use of cloud services by the U.S. federal government. FedRAMP empowers federal agencies to use modern cloud technologies, with an emphasis on the security and protection of federal information.;735291151388;ap-south-1;2026-07-10 18:08:16.187152;ac-6;The organization employs the principle of least privilege, allowing only authorized accesses for users (or processes acting on behalf of users) which are necessary to accomplish assigned tasks in accordance with organizational missions and business functions.;Access Control (AC);;;aws;;FAIL;IAM Role AWSServiceRoleForSupport has Bedrock permissions but has never used them.;arn:aws:iam::735291151388:role/aws-service-role/support.amazonaws.com/AWSServiceRoleForSupport;iam_role_access_not_stale_to_bedrock;False;AWSServiceRoleForSupport;FedRamp-Moderate-Revision-4;FedRAMP Moderate Revision 4;
aws;The Federal Risk and Authorization Management Program (FedRAMP) was established in 2011. It provides a cost-effective, risk-based approach for the adoption and use of cloud services by the U.S. federal government. FedRAMP empowers federal agencies to use modern cloud technologies, with an emphasis on the security and protection of federal information.;735291151388;ap-south-1;2026-07-10 18:08:16.187152;ac-2-1;The organization employs automated mechanisms to support the management of information system accounts.;Access Control (AC);Account Management (AC-2);;aws;;PASS;Root account has a hardware MFA device enabled.;arn:aws:iam::735291151388:mfa;iam_root_hardware_mfa_enabled;False;<root_account>;FedRamp-Moderate-Revision-4;FedRAMP Moderate Revision 4;
aws;The Federal Risk and Authorization Management Program (FedRAMP) was established in 2011. It provides a cost-effective, risk-based approach for the adoption and use of cloud services by the U.S. federal government. FedRAMP empowers federal agencies to use modern cloud technologies, with an emphasis on the security and protection of federal information.;735291151388;ap-south-1;2026-07-10 18:08:16.187152;ac-2-f;The organization: f. Creates, enables, modifies, disables, and removes information system accounts in accordance with [Assignment: organization-defined procedures or conditions].;Access Control (AC);Account Management (AC-2);;aws;;PASS;Root account has a hardware MFA device enabled.;arn:aws:iam::735291151388:mfa;iam_root_hardware_mfa_enabled;False;<root_account>;FedRamp-Moderate-Revision-4;FedRAMP Moderate Revision 4;
aws;The Federal Risk and Authorization Management Program (FedRAMP) was established in 2011. It provides a cost-effective, risk-based approach for the adoption and use of cloud services by the U.S. federal government. FedRAMP empowers federal agencies to use modern cloud technologies, with an emphasis on the security and protection of federal information.;735291151388;ap-south-1;2026-07-10 18:08:16.187152;ia-2-1-2;(1) The information system implements multifactor authentication for network access to privileged accounts. (2) The information system implements multifactor authentication for network access to non- privileged accounts.;Identification and Authentication (IA);IA-2(1) Network Access To Privileged Accounts;;iam;;PASS;Root account has a hardware MFA device enabled.;arn:aws:iam::735291151388:mfa;iam_root_hardware_mfa_enabled;False;<root_account>;FedRamp-Moderate-Revision-4;FedRAMP Moderate Revision 4;
aws;The Federal Risk and Authorization Management Program (FedRAMP) was established in 2011. It provides a cost-effective, risk-based approach for the adoption and use of cloud services by the U.S. federal government. FedRAMP empowers federal agencies to use modern cloud technologies, with an emphasis on the security and protection of federal information.;735291151388;ap-south-1;2026-07-10 18:08:16.187152;ia-2-1;The information system implements multi-factor authentication for network access to privileged accounts.;Identification and Authentication (IA);Identification and Authentication (Organizational users) (IA-2);;iam;;PASS;Root account has a hardware MFA device enabled.;arn:aws:iam::735291151388:mfa;iam_root_hardware_mfa_enabled;False;<root_account>;FedRamp-Moderate-Revision-4;FedRAMP Moderate Revision 4;
aws;The Federal Risk and Authorization Management Program (FedRAMP) was established in 2011. It provides a cost-effective, risk-based approach for the adoption and use of cloud services by the U.S. federal government. FedRAMP empowers federal agencies to use modern cloud technologies, with an emphasis on the security and protection of federal information.;735291151388;ap-south-1;2026-07-10 18:08:16.187152;ac-2-1;The organization employs automated mechanisms to support the management of information system accounts.;Access Control (AC);Account Management (AC-2);;aws;;PASS;MFA is enabled for root account.;arn:aws:iam::735291151388:root;iam_root_mfa_enabled;False;<root_account>;FedRamp-Moderate-Revision-4;FedRAMP Moderate Revision 4;
aws;The Federal Risk and Authorization Management Program (FedRAMP) was established in 2011. It provides a cost-effective, risk-based approach for the adoption and use of cloud services by the U.S. federal government. FedRAMP empowers federal agencies to use modern cloud technologies, with an emphasis on the security and protection of federal information.;735291151388;ap-south-1;2026-07-10 18:08:16.187152;ac-2-f;The organization: f. Creates, enables, modifies, disables, and removes information system accounts in accordance with [Assignment: organization-defined procedures or conditions].;Access Control (AC);Account Management (AC-2);;aws;;PASS;MFA is enabled for root account.;arn:aws:iam::735291151388:root;iam_root_mfa_enabled;False;<root_account>;FedRamp-Moderate-Revision-4;FedRAMP Moderate Revision 4;
aws;The Federal Risk and Authorization Management Program (FedRAMP) was established in 2011. It provides a cost-effective, risk-based approach for the adoption and use of cloud services by the U.S. federal government. FedRAMP empowers federal agencies to use modern cloud technologies, with an emphasis on the security and protection of federal information.;735291151388;ap-south-1;2026-07-10 18:08:16.187152;ac-2-j;The organization: j. Reviews accounts for compliance with account management requirements [Assignment: organization-defined frequency].;Access Control (AC);Account Management (AC-2);;aws;;PASS;MFA is enabled for root account.;arn:aws:iam::735291151388:root;iam_root_mfa_enabled;False;<root_account>;FedRamp-Moderate-Revision-4;FedRAMP Moderate Revision 4;
aws;The Federal Risk and Authorization Management Program (FedRAMP) was established in 2011. It provides a cost-effective, risk-based approach for the adoption and use of cloud services by the U.S. federal government. FedRAMP empowers federal agencies to use modern cloud technologies, with an emphasis on the security and protection of federal information.;735291151388;ap-south-1;2026-07-10 18:08:16.187152;ia-2-1-2;(1) The information system implements multifactor authentication for network access to privileged accounts. (2) The information system implements multifactor authentication for network access to non- privileged accounts.;Identification and Authentication (IA);IA-2(1) Network Access To Privileged Accounts;;iam;;PASS;MFA is enabled for root account.;arn:aws:iam::735291151388:root;iam_root_mfa_enabled;False;<root_account>;FedRamp-Moderate-Revision-4;FedRAMP Moderate Revision 4;
aws;The Federal Risk and Authorization Management Program (FedRAMP) was established in 2011. It provides a cost-effective, risk-based approach for the adoption and use of cloud services by the U.S. federal government. FedRAMP empowers federal agencies to use modern cloud technologies, with an emphasis on the security and protection of federal information.;735291151388;ap-south-1;2026-07-10 18:08:16.187152;ia-2-1;The information system implements multi-factor authentication for network access to privileged accounts.;Identification and Authentication (IA);Identification and Authentication (Organizational users) (IA-2);;iam;;PASS;MFA is enabled for root account.;arn:aws:iam::735291151388:root;iam_root_mfa_enabled;False;<root_account>;FedRamp-Moderate-Revision-4;FedRAMP Moderate Revision 4;
aws;The Federal Risk and Authorization Management Program (FedRAMP) was established in 2011. It provides a cost-effective, risk-based approach for the adoption and use of cloud services by the U.S. federal government. FedRAMP empowers federal agencies to use modern cloud technologies, with an emphasis on the security and protection of federal information.;735291151388;ap-south-1;2026-07-10 18:08:16.187152;ac-2-1;The organization employs automated mechanisms to support the management of information system accounts.;Access Control (AC);Account Management (AC-2);;aws;;PASS;User <root_account> does not have access keys.;arn:aws:iam::735291151388:root;iam_rotate_access_key_90_days;False;<root_account>;FedRamp-Moderate-Revision-4;FedRAMP Moderate Revision 4;
aws;The Federal Risk and Authorization Management Program (FedRAMP) was established in 2011. It provides a cost-effective, risk-based approach for the adoption and use of cloud services by the U.S. federal government. FedRAMP empowers federal agencies to use modern cloud technologies, with an emphasis on the security and protection of federal information.;735291151388;ap-south-1;2026-07-10 18:08:16.187152;ac-2-f;The organization: f. Creates, enables, modifies, disables, and removes information system accounts in accordance with [Assignment: organization-defined procedures or conditions].;Access Control (AC);Account Management (AC-2);;aws;;PASS;User <root_account> does not have access keys.;arn:aws:iam::735291151388:root;iam_rotate_access_key_90_days;False;<root_account>;FedRamp-Moderate-Revision-4;FedRAMP Moderate Revision 4;
aws;The Federal Risk and Authorization Management Program (FedRAMP) was established in 2011. It provides a cost-effective, risk-based approach for the adoption and use of cloud services by the U.S. federal government. FedRAMP empowers federal agencies to use modern cloud technologies, with an emphasis on the security and protection of federal information.;735291151388;ap-south-1;2026-07-10 18:08:16.187152;ac-2-j;The organization: j. Reviews accounts for compliance with account management requirements [Assignment: organization-defined frequency].;Access Control (AC);Account Management (AC-2);;aws;;PASS;User <root_account> does not have access keys.;arn:aws:iam::735291151388:root;iam_rotate_access_key_90_days;False;<root_account>;FedRamp-Moderate-Revision-4;FedRAMP Moderate Revision 4;
aws;The Federal Risk and Authorization Management Program (FedRAMP) was established in 2011. It provides a cost-effective, risk-based approach for the adoption and use of cloud services by the U.S. federal government. FedRAMP empowers federal agencies to use modern cloud technologies, with an emphasis on the security and protection of federal information.;735291151388;ap-south-1;2026-07-10 18:08:16.187152;ac-2-1;The organization employs automated mechanisms to support the management of information system accounts.;Access Control (AC);Account Management (AC-2);;aws;;PASS;User Alex does not have access keys older than 90 days.;arn:aws:iam::735291151388:user/Alex;iam_rotate_access_key_90_days;False;Alex;FedRamp-Moderate-Revision-4;FedRAMP Moderate Revision 4;
aws;The Federal Risk and Authorization Management Program (FedRAMP) was established in 2011. It provides a cost-effective, risk-based approach for the adoption and use of cloud services by the U.S. federal government. FedRAMP empowers federal agencies to use modern cloud technologies, with an emphasis on the security and protection of federal information.;735291151388;ap-south-1;2026-07-10 18:08:16.187152;ac-2-f;The organization: f. Creates, enables, modifies, disables, and removes information system accounts in accordance with [Assignment: organization-defined procedures or conditions].;Access Control (AC);Account Management (AC-2);;aws;;PASS;User Alex does not have access keys older than 90 days.;arn:aws:iam::735291151388:user/Alex;iam_rotate_access_key_90_days;False;Alex;FedRamp-Moderate-Revision-4;FedRAMP Moderate Revision 4;
aws;The Federal Risk and Authorization Management Program (FedRAMP) was established in 2011. It provides a cost-effective, risk-based approach for the adoption and use of cloud services by the U.S. federal government. FedRAMP empowers federal agencies to use modern cloud technologies, with an emphasis on the security and protection of federal information.;735291151388;ap-south-1;2026-07-10 18:08:16.187152;ac-2-j;The organization: j. Reviews accounts for compliance with account management requirements [Assignment: organization-defined frequency].;Access Control (AC);Account Management (AC-2);;aws;;PASS;User Alex does not have access keys older than 90 days.;arn:aws:iam::735291151388:user/Alex;iam_rotate_access_key_90_days;False;Alex;FedRamp-Moderate-Revision-4;FedRAMP Moderate Revision 4;
aws;The Federal Risk and Authorization Management Program (FedRAMP) was established in 2011. It provides a cost-effective, risk-based approach for the adoption and use of cloud services by the U.S. federal government. FedRAMP empowers federal agencies to use modern cloud technologies, with an emphasis on the security and protection of federal information.;735291151388;ap-south-1;2026-07-10 18:08:16.187152;ac-2-1;The organization employs automated mechanisms to support the management of information system accounts.;Access Control (AC);Account Management (AC-2);;aws;;PASS;IAM User Alex accessed Bedrock 0 days ago (threshold: 60 days).;arn:aws:iam::735291151388:user/Alex;iam_user_access_not_stale_to_bedrock;False;Alex;FedRamp-Moderate-Revision-4;FedRAMP Moderate Revision 4;
aws;The Federal Risk and Authorization Management Program (FedRAMP) was established in 2011. It provides a cost-effective, risk-based approach for the adoption and use of cloud services by the U.S. federal government. FedRAMP empowers federal agencies to use modern cloud technologies, with an emphasis on the security and protection of federal information.;735291151388;ap-south-1;2026-07-10 18:08:16.187152;ac-2-f;The organization: f. Creates, enables, modifies, disables, and removes information system accounts in accordance with [Assignment: organization-defined procedures or conditions].;Access Control (AC);Account Management (AC-2);;aws;;PASS;IAM User Alex accessed Bedrock 0 days ago (threshold: 60 days).;arn:aws:iam::735291151388:user/Alex;iam_user_access_not_stale_to_bedrock;False;Alex;FedRamp-Moderate-Revision-4;FedRAMP Moderate Revision 4;
aws;The Federal Risk and Authorization Management Program (FedRAMP) was established in 2011. It provides a cost-effective, risk-based approach for the adoption and use of cloud services by the U.S. federal government. FedRAMP empowers federal agencies to use modern cloud technologies, with an emphasis on the security and protection of federal information.;735291151388;ap-south-1;2026-07-10 18:08:16.187152;ac-2-j;The organization: j. Reviews accounts for compliance with account management requirements [Assignment: organization-defined frequency].;Access Control (AC);Account Management (AC-2);;aws;;PASS;IAM User Alex accessed Bedrock 0 days ago (threshold: 60 days).;arn:aws:iam::735291151388:user/Alex;iam_user_access_not_stale_to_bedrock;False;Alex;FedRamp-Moderate-Revision-4;FedRAMP Moderate Revision 4;
aws;The Federal Risk and Authorization Management Program (FedRAMP) was established in 2011. It provides a cost-effective, risk-based approach for the adoption and use of cloud services by the U.S. federal government. FedRAMP empowers federal agencies to use modern cloud technologies, with an emphasis on the security and protection of federal information.;735291151388;ap-south-1;2026-07-10 18:08:16.187152;ac-2-3;The information system automatically disables inactive accounts after 90 days for user accounts.;Access Control (AC);Account Management (AC-2);;aws;;PASS;IAM User Alex accessed Bedrock 0 days ago (threshold: 60 days).;arn:aws:iam::735291151388:user/Alex;iam_user_access_not_stale_to_bedrock;False;Alex;FedRamp-Moderate-Revision-4;FedRAMP Moderate Revision 4;
aws;The Federal Risk and Authorization Management Program (FedRAMP) was established in 2011. It provides a cost-effective, risk-based approach for the adoption and use of cloud services by the U.S. federal government. FedRAMP empowers federal agencies to use modern cloud technologies, with an emphasis on the security and protection of federal information.;735291151388;ap-south-1;2026-07-10 18:08:16.187152;ac-6;The organization employs the principle of least privilege, allowing only authorized accesses for users (or processes acting on behalf of users) which are necessary to accomplish assigned tasks in accordance with organizational missions and business functions.;Access Control (AC);;;aws;;PASS;IAM User Alex accessed Bedrock 0 days ago (threshold: 60 days).;arn:aws:iam::735291151388:user/Alex;iam_user_access_not_stale_to_bedrock;False;Alex;FedRamp-Moderate-Revision-4;FedRAMP Moderate Revision 4;
aws;The Federal Risk and Authorization Management Program (FedRAMP) was established in 2011. It provides a cost-effective, risk-based approach for the adoption and use of cloud services by the U.S. federal government. FedRAMP empowers federal agencies to use modern cloud technologies, with an emphasis on the security and protection of federal information.;735291151388;ap-south-1;2026-07-10 18:08:16.187152;ac-2-1;The organization employs automated mechanisms to support the management of information system accounts.;Access Control (AC);Account Management (AC-2);;aws;;PASS;User <root_account> does not have access keys.;arn:aws:iam::735291151388:root;iam_user_accesskey_unused;False;<root_account>;FedRamp-Moderate-Revision-4;FedRAMP Moderate Revision 4;
aws;The Federal Risk and Authorization Management Program (FedRAMP) was established in 2011. It provides a cost-effective, risk-based approach for the adoption and use of cloud services by the U.S. federal government. FedRAMP empowers federal agencies to use modern cloud technologies, with an emphasis on the security and protection of federal information.;735291151388;ap-south-1;2026-07-10 18:08:16.187152;ac-2-f;The organization: f. Creates, enables, modifies, disables, and removes information system accounts in accordance with [Assignment: organization-defined procedures or conditions].;Access Control (AC);Account Management (AC-2);;aws;;PASS;User <root_account> does not have access keys.;arn:aws:iam::735291151388:root;iam_user_accesskey_unused;False;<root_account>;FedRamp-Moderate-Revision-4;FedRAMP Moderate Revision 4;
aws;The Federal Risk and Authorization Management Program (FedRAMP) was established in 2011. It provides a cost-effective, risk-based approach for the adoption and use of cloud services by the U.S. federal government. FedRAMP empowers federal agencies to use modern cloud technologies, with an emphasis on the security and protection of federal information.;735291151388;ap-south-1;2026-07-10 18:08:16.187152;ac-2-j;The organization: j. Reviews accounts for compliance with account management requirements [Assignment: organization-defined frequency].;Access Control (AC);Account Management (AC-2);;aws;;PASS;User <root_account> does not have access keys.;arn:aws:iam::735291151388:root;iam_user_accesskey_unused;False;<root_account>;FedRamp-Moderate-Revision-4;FedRAMP Moderate Revision 4;
aws;The Federal Risk and Authorization Management Program (FedRAMP) was established in 2011. It provides a cost-effective, risk-based approach for the adoption and use of cloud services by the U.S. federal government. FedRAMP empowers federal agencies to use modern cloud technologies, with an emphasis on the security and protection of federal information.;735291151388;ap-south-1;2026-07-10 18:08:16.187152;ac-2-3;The information system automatically disables inactive accounts after 90 days for user accounts.;Access Control (AC);Account Management (AC-2);;aws;;PASS;User <root_account> does not have access keys.;arn:aws:iam::735291151388:root;iam_user_accesskey_unused;False;<root_account>;FedRamp-Moderate-Revision-4;FedRAMP Moderate Revision 4;
aws;The Federal Risk and Authorization Management Program (FedRAMP) was established in 2011. It provides a cost-effective, risk-based approach for the adoption and use of cloud services by the U.S. federal government. FedRAMP empowers federal agencies to use modern cloud technologies, with an emphasis on the security and protection of federal information.;735291151388;ap-south-1;2026-07-10 18:08:16.187152;ac-3;The information system enforces approved authorizations for logical access to information and system resources in accordance with applicable access control policies.;Access Control (AC);;;aws;;PASS;User <root_account> does not have access keys.;arn:aws:iam::735291151388:root;iam_user_accesskey_unused;False;<root_account>;FedRamp-Moderate-Revision-4;FedRAMP Moderate Revision 4;
aws;The Federal Risk and Authorization Management Program (FedRAMP) was established in 2011. It provides a cost-effective, risk-based approach for the adoption and use of cloud services by the U.S. federal government. FedRAMP empowers federal agencies to use modern cloud technologies, with an emphasis on the security and protection of federal information.;735291151388;ap-south-1;2026-07-10 18:08:16.187152;ac-5-c;The organization: c. Defines information system access authorizations to support separation of duties.;Access Control (AC);Separation Of Duties (AC-5);;aws;;PASS;User <root_account> does not have access keys.;arn:aws:iam::735291151388:root;iam_user_accesskey_unused;False;<root_account>;FedRamp-Moderate-Revision-4;FedRAMP Moderate Revision 4;
aws;The Federal Risk and Authorization Management Program (FedRAMP) was established in 2011. It provides a cost-effective, risk-based approach for the adoption and use of cloud services by the U.S. federal government. FedRAMP empowers federal agencies to use modern cloud technologies, with an emphasis on the security and protection of federal information.;735291151388;ap-south-1;2026-07-10 18:08:16.187152;ac-6;The organization employs the principle of least privilege, allowing only authorized accesses for users (or processes acting on behalf of users) which are necessary to accomplish assigned tasks in accordance with organizational missions and business functions.;Access Control (AC);;;aws;;PASS;User <root_account> does not have access keys.;arn:aws:iam::735291151388:root;iam_user_accesskey_unused;False;<root_account>;FedRamp-Moderate-Revision-4;FedRAMP Moderate Revision 4;
aws;The Federal Risk and Authorization Management Program (FedRAMP) was established in 2011. It provides a cost-effective, risk-based approach for the adoption and use of cloud services by the U.S. federal government. FedRAMP empowers federal agencies to use modern cloud technologies, with an emphasis on the security and protection of federal information.;735291151388;ap-south-1;2026-07-10 18:08:16.187152;ac-2-1;The organization employs automated mechanisms to support the management of information system accounts.;Access Control (AC);Account Management (AC-2);;aws;;PASS;User Alex does not have unused access keys for 45 days.;arn:aws:iam::735291151388:user/Alex;iam_user_accesskey_unused;False;Alex;FedRamp-Moderate-Revision-4;FedRAMP Moderate Revision 4;
aws;The Federal Risk and Authorization Management Program (FedRAMP) was established in 2011. It provides a cost-effective, risk-based approach for the adoption and use of cloud services by the U.S. federal government. FedRAMP empowers federal agencies to use modern cloud technologies, with an emphasis on the security and protection of federal information.;735291151388;ap-south-1;2026-07-10 18:08:16.187152;ac-2-f;The organization: f. Creates, enables, modifies, disables, and removes information system accounts in accordance with [Assignment: organization-defined procedures or conditions].;Access Control (AC);Account Management (AC-2);;aws;;PASS;User Alex does not have unused access keys for 45 days.;arn:aws:iam::735291151388:user/Alex;iam_user_accesskey_unused;False;Alex;FedRamp-Moderate-Revision-4;FedRAMP Moderate Revision 4;
aws;The Federal Risk and Authorization Management Program (FedRAMP) was established in 2011. It provides a cost-effective, risk-based approach for the adoption and use of cloud services by the U.S. federal government. FedRAMP empowers federal agencies to use modern cloud technologies, with an emphasis on the security and protection of federal information.;735291151388;ap-south-1;2026-07-10 18:08:16.187152;ac-2-j;The organization: j. Reviews accounts for compliance with account management requirements [Assignment: organization-defined frequency].;Access Control (AC);Account Management (AC-2);;aws;;PASS;User Alex does not have unused access keys for 45 days.;arn:aws:iam::735291151388:user/Alex;iam_user_accesskey_unused;False;Alex;FedRamp-Moderate-Revision-4;FedRAMP Moderate Revision 4;
aws;The Federal Risk and Authorization Management Program (FedRAMP) was established in 2011. It provides a cost-effective, risk-based approach for the adoption and use of cloud services by the U.S. federal government. FedRAMP empowers federal agencies to use modern cloud technologies, with an emphasis on the security and protection of federal information.;735291151388;ap-south-1;2026-07-10 18:08:16.187152;ac-2-3;The information system automatically disables inactive accounts after 90 days for user accounts.;Access Control (AC);Account Management (AC-2);;aws;;PASS;User Alex does not have unused access keys for 45 days.;arn:aws:iam::735291151388:user/Alex;iam_user_accesskey_unused;False;Alex;FedRamp-Moderate-Revision-4;FedRAMP Moderate Revision 4;
aws;The Federal Risk and Authorization Management Program (FedRAMP) was established in 2011. It provides a cost-effective, risk-based approach for the adoption and use of cloud services by the U.S. federal government. FedRAMP empowers federal agencies to use modern cloud technologies, with an emphasis on the security and protection of federal information.;735291151388;ap-south-1;2026-07-10 18:08:16.187152;ac-3;The information system enforces approved authorizations for logical access to information and system resources in accordance with applicable access control policies.;Access Control (AC);;;aws;;PASS;User Alex does not have unused access keys for 45 days.;arn:aws:iam::735291151388:user/Alex;iam_user_accesskey_unused;False;Alex;FedRamp-Moderate-Revision-4;FedRAMP Moderate Revision 4;
aws;The Federal Risk and Authorization Management Program (FedRAMP) was established in 2011. It provides a cost-effective, risk-based approach for the adoption and use of cloud services by the U.S. federal government. FedRAMP empowers federal agencies to use modern cloud technologies, with an emphasis on the security and protection of federal information.;735291151388;ap-south-1;2026-07-10 18:08:16.187152;ac-5-c;The organization: c. Defines information system access authorizations to support separation of duties.;Access Control (AC);Separation Of Duties (AC-5);;aws;;PASS;User Alex does not have unused access keys for 45 days.;arn:aws:iam::735291151388:user/Alex;iam_user_accesskey_unused;False;Alex;FedRamp-Moderate-Revision-4;FedRAMP Moderate Revision 4;
aws;The Federal Risk and Authorization Management Program (FedRAMP) was established in 2011. It provides a cost-effective, risk-based approach for the adoption and use of cloud services by the U.S. federal government. FedRAMP empowers federal agencies to use modern cloud technologies, with an emphasis on the security and protection of federal information.;735291151388;ap-south-1;2026-07-10 18:08:16.187152;ac-6;The organization employs the principle of least privilege, allowing only authorized accesses for users (or processes acting on behalf of users) which are necessary to accomplish assigned tasks in accordance with organizational missions and business functions.;Access Control (AC);;;aws;;PASS;User Alex does not have unused access keys for 45 days.;arn:aws:iam::735291151388:user/Alex;iam_user_accesskey_unused;False;Alex;FedRamp-Moderate-Revision-4;FedRAMP Moderate Revision 4;
aws;The Federal Risk and Authorization Management Program (FedRAMP) was established in 2011. It provides a cost-effective, risk-based approach for the adoption and use of cloud services by the U.S. federal government. FedRAMP empowers federal agencies to use modern cloud technologies, with an emphasis on the security and protection of federal information.;735291151388;ap-south-1;2026-07-10 18:08:16.187152;ac-2-1;The organization employs automated mechanisms to support the management of information system accounts.;Access Control (AC);Account Management (AC-2);;aws;;PASS;User Alex does not have console access enabled or is unused.;arn:aws:iam::735291151388:user/Alex;iam_user_console_access_unused;False;Alex;FedRamp-Moderate-Revision-4;FedRAMP Moderate Revision 4;
aws;The Federal Risk and Authorization Management Program (FedRAMP) was established in 2011. It provides a cost-effective, risk-based approach for the adoption and use of cloud services by the U.S. federal government. FedRAMP empowers federal agencies to use modern cloud technologies, with an emphasis on the security and protection of federal information.;735291151388;ap-south-1;2026-07-10 18:08:16.187152;ac-2-f;The organization: f. Creates, enables, modifies, disables, and removes information system accounts in accordance with [Assignment: organization-defined procedures or conditions].;Access Control (AC);Account Management (AC-2);;aws;;PASS;User Alex does not have console access enabled or is unused.;arn:aws:iam::735291151388:user/Alex;iam_user_console_access_unused;False;Alex;FedRamp-Moderate-Revision-4;FedRAMP Moderate Revision 4;
aws;The Federal Risk and Authorization Management Program (FedRAMP) was established in 2011. It provides a cost-effective, risk-based approach for the adoption and use of cloud services by the U.S. federal government. FedRAMP empowers federal agencies to use modern cloud technologies, with an emphasis on the security and protection of federal information.;735291151388;ap-south-1;2026-07-10 18:08:16.187152;ac-2-j;The organization: j. Reviews accounts for compliance with account management requirements [Assignment: organization-defined frequency].;Access Control (AC);Account Management (AC-2);;aws;;PASS;User Alex does not have console access enabled or is unused.;arn:aws:iam::735291151388:user/Alex;iam_user_console_access_unused;False;Alex;FedRamp-Moderate-Revision-4;FedRAMP Moderate Revision 4;
aws;The Federal Risk and Authorization Management Program (FedRAMP) was established in 2011. It provides a cost-effective, risk-based approach for the adoption and use of cloud services by the U.S. federal government. FedRAMP empowers federal agencies to use modern cloud technologies, with an emphasis on the security and protection of federal information.;735291151388;ap-south-1;2026-07-10 18:08:16.187152;ac-2-3;The information system automatically disables inactive accounts after 90 days for user accounts.;Access Control (AC);Account Management (AC-2);;aws;;PASS;User Alex does not have console access enabled or is unused.;arn:aws:iam::735291151388:user/Alex;iam_user_console_access_unused;False;Alex;FedRamp-Moderate-Revision-4;FedRAMP Moderate Revision 4;
aws;The Federal Risk and Authorization Management Program (FedRAMP) was established in 2011. It provides a cost-effective, risk-based approach for the adoption and use of cloud services by the U.S. federal government. FedRAMP empowers federal agencies to use modern cloud technologies, with an emphasis on the security and protection of federal information.;735291151388;ap-south-1;2026-07-10 18:08:16.187152;ac-3;The information system enforces approved authorizations for logical access to information and system resources in accordance with applicable access control policies.;Access Control (AC);;;aws;;PASS;User Alex does not have console access enabled or is unused.;arn:aws:iam::735291151388:user/Alex;iam_user_console_access_unused;False;Alex;FedRamp-Moderate-Revision-4;FedRAMP Moderate Revision 4;
aws;The Federal Risk and Authorization Management Program (FedRAMP) was established in 2011. It provides a cost-effective, risk-based approach for the adoption and use of cloud services by the U.S. federal government. FedRAMP empowers federal agencies to use modern cloud technologies, with an emphasis on the security and protection of federal information.;735291151388;ap-south-1;2026-07-10 18:08:16.187152;ac-5-c;The organization: c. Defines information system access authorizations to support separation of duties.;Access Control (AC);Separation Of Duties (AC-5);;aws;;PASS;User Alex does not have console access enabled or is unused.;arn:aws:iam::735291151388:user/Alex;iam_user_console_access_unused;False;Alex;FedRamp-Moderate-Revision-4;FedRAMP Moderate Revision 4;
aws;The Federal Risk and Authorization Management Program (FedRAMP) was established in 2011. It provides a cost-effective, risk-based approach for the adoption and use of cloud services by the U.S. federal government. FedRAMP empowers federal agencies to use modern cloud technologies, with an emphasis on the security and protection of federal information.;735291151388;ap-south-1;2026-07-10 18:08:16.187152;ac-6;The organization employs the principle of least privilege, allowing only authorized accesses for users (or processes acting on behalf of users) which are necessary to accomplish assigned tasks in accordance with organizational missions and business functions.;Access Control (AC);;;aws;;PASS;User Alex does not have console access enabled or is unused.;arn:aws:iam::735291151388:user/Alex;iam_user_console_access_unused;False;Alex;FedRamp-Moderate-Revision-4;FedRAMP Moderate Revision 4;
aws;The Federal Risk and Authorization Management Program (FedRAMP) was established in 2011. It provides a cost-effective, risk-based approach for the adoption and use of cloud services by the U.S. federal government. FedRAMP empowers federal agencies to use modern cloud technologies, with an emphasis on the security and protection of federal information.;735291151388;ap-south-1;2026-07-10 18:08:16.187152;ac-2-1;The organization employs automated mechanisms to support the management of information system accounts.;Access Control (AC);Account Management (AC-2);;aws;;PASS;User Alex does not have Console Password enabled.;arn:aws:iam::735291151388:user/Alex;iam_user_mfa_enabled_console_access;False;Alex;FedRamp-Moderate-Revision-4;FedRAMP Moderate Revision 4;
aws;The Federal Risk and Authorization Management Program (FedRAMP) was established in 2011. It provides a cost-effective, risk-based approach for the adoption and use of cloud services by the U.S. federal government. FedRAMP empowers federal agencies to use modern cloud technologies, with an emphasis on the security and protection of federal information.;735291151388;ap-south-1;2026-07-10 18:08:16.187152;ac-2-f;The organization: f. Creates, enables, modifies, disables, and removes information system accounts in accordance with [Assignment: organization-defined procedures or conditions].;Access Control (AC);Account Management (AC-2);;aws;;PASS;User Alex does not have Console Password enabled.;arn:aws:iam::735291151388:user/Alex;iam_user_mfa_enabled_console_access;False;Alex;FedRamp-Moderate-Revision-4;FedRAMP Moderate Revision 4;
aws;The Federal Risk and Authorization Management Program (FedRAMP) was established in 2011. It provides a cost-effective, risk-based approach for the adoption and use of cloud services by the U.S. federal government. FedRAMP empowers federal agencies to use modern cloud technologies, with an emphasis on the security and protection of federal information.;735291151388;ap-south-1;2026-07-10 18:08:16.187152;ac-2-j;The organization: j. Reviews accounts for compliance with account management requirements [Assignment: organization-defined frequency].;Access Control (AC);Account Management (AC-2);;aws;;PASS;User Alex does not have Console Password enabled.;arn:aws:iam::735291151388:user/Alex;iam_user_mfa_enabled_console_access;False;Alex;FedRamp-Moderate-Revision-4;FedRAMP Moderate Revision 4;
aws;The Federal Risk and Authorization Management Program (FedRAMP) was established in 2011. It provides a cost-effective, risk-based approach for the adoption and use of cloud services by the U.S. federal government. FedRAMP empowers federal agencies to use modern cloud technologies, with an emphasis on the security and protection of federal information.;735291151388;ap-south-1;2026-07-10 18:08:16.187152;ia-2-1-2;(1) The information system implements multifactor authentication for network access to privileged accounts. (2) The information system implements multifactor authentication for network access to non- privileged accounts.;Identification and Authentication (IA);IA-2(1) Network Access To Privileged Accounts;;iam;;PASS;User Alex does not have Console Password enabled.;arn:aws:iam::735291151388:user/Alex;iam_user_mfa_enabled_console_access;False;Alex;FedRamp-Moderate-Revision-4;FedRAMP Moderate Revision 4;
aws;The Federal Risk and Authorization Management Program (FedRAMP) was established in 2011. It provides a cost-effective, risk-based approach for the adoption and use of cloud services by the U.S. federal government. FedRAMP empowers federal agencies to use modern cloud technologies, with an emphasis on the security and protection of federal information.;735291151388;ap-south-1;2026-07-10 18:08:16.187152;ia-2-1;The information system implements multi-factor authentication for network access to privileged accounts.;Identification and Authentication (IA);Identification and Authentication (Organizational users) (IA-2);;iam;;PASS;User Alex does not have Console Password enabled.;arn:aws:iam::735291151388:user/Alex;iam_user_mfa_enabled_console_access;False;Alex;FedRamp-Moderate-Revision-4;FedRAMP Moderate Revision 4;
aws;The Federal Risk and Authorization Management Program (FedRAMP) was established in 2011. It provides a cost-effective, risk-based approach for the adoption and use of cloud services by the U.S. federal government. FedRAMP empowers federal agencies to use modern cloud technologies, with an emphasis on the security and protection of federal information.;735291151388;ap-south-1;2026-07-10 18:08:16.187152;cp-9-b;"The organization: b. Conducts backups of system-level information contained in the information system (daily incremental; weekly full).";Contingency Planning (CP);Information System Backup (CP-9);;aws;;FAIL;RDS Instance cloudguardian-db does not have backup enabled.;arn:aws:rds:ap-south-1:735291151388:db:cloudguardian-db;rds_instance_backup_enabled;False;cloudguardian-db;FedRamp-Moderate-Revision-4;FedRAMP Moderate Revision 4;
aws;The Federal Risk and Authorization Management Program (FedRAMP) was established in 2011. It provides a cost-effective, risk-based approach for the adoption and use of cloud services by the U.S. federal government. FedRAMP empowers federal agencies to use modern cloud technologies, with an emphasis on the security and protection of federal information.;735291151388;ap-south-1;2026-07-10 18:08:16.187152;cp-10;The organization provides for the recovery and reconstitution of the information system to a known state after a disruption, compromise, or failure.;Contingency Planning (CP);;;aws;;FAIL;RDS Instance cloudguardian-db does not have backup enabled.;arn:aws:rds:ap-south-1:735291151388:db:cloudguardian-db;rds_instance_backup_enabled;False;cloudguardian-db;FedRamp-Moderate-Revision-4;FedRAMP Moderate Revision 4;
aws;The Federal Risk and Authorization Management Program (FedRAMP) was established in 2011. It provides a cost-effective, risk-based approach for the adoption and use of cloud services by the U.S. federal government. FedRAMP empowers federal agencies to use modern cloud technologies, with an emphasis on the security and protection of federal information.;735291151388;ap-south-1;2026-07-10 18:08:16.187152;si-12;The organization handles and retains information within the information system and information output from the system in accordance with applicable federal laws, Executive Orders, directives, policies, regulations, standards, and operational requirements.;System and Information Integrity (SI);;;aws;;FAIL;RDS Instance cloudguardian-db does not have backup enabled.;arn:aws:rds:ap-south-1:735291151388:db:cloudguardian-db;rds_instance_backup_enabled;False;cloudguardian-db;FedRamp-Moderate-Revision-4;FedRAMP Moderate Revision 4;
aws;The Federal Risk and Authorization Management Program (FedRAMP) was established in 2011. It provides a cost-effective, risk-based approach for the adoption and use of cloud services by the U.S. federal government. FedRAMP empowers federal agencies to use modern cloud technologies, with an emphasis on the security and protection of federal information.;735291151388;ap-south-1;2026-07-10 18:08:16.187152;sc-5;The information system protects against or limits the effects of the following types of denial of service attacks: [Assignment: organization-defined types of denial of service attacks or references to sources for such information] by employing [Assignment: organization-defined security safeguards].;System and Communications Protection (SC);;;aws;;FAIL;RDS Instance cloudguardian-db deletion protection is not enabled.;arn:aws:rds:ap-south-1:735291151388:db:cloudguardian-db;rds_instance_deletion_protection;False;cloudguardian-db;FedRamp-Moderate-Revision-4;FedRAMP Moderate Revision 4;
aws;The Federal Risk and Authorization Management Program (FedRAMP) was established in 2011. It provides a cost-effective, risk-based approach for the adoption and use of cloud services by the U.S. federal government. FedRAMP empowers federal agencies to use modern cloud technologies, with an emphasis on the security and protection of federal information.;735291151388;ap-south-1;2026-07-10 18:08:16.187152;ca-7-a-b;"The organization develops a continuous monitoring strategy and implements a continuous monitoring program that includes: a. Establishment of [Assignment: organization-defined metrics] to be monitored; b. Establishment of [Assignment: organization-defined frequencies] for monitoring and [Assignment: organization-defined frequencies] for assessments supporting such monitoring.";Security Assessment And Authorization (CA);Continuous Monitoring (CA-7);;aws;;FAIL;RDS Instance cloudguardian-db does not have enhanced monitoring enabled.;arn:aws:rds:ap-south-1:735291151388:db:cloudguardian-db;rds_instance_enhanced_monitoring_enabled;False;cloudguardian-db;FedRamp-Moderate-Revision-4;FedRAMP Moderate Revision 4;
aws;The Federal Risk and Authorization Management Program (FedRAMP) was established in 2011. It provides a cost-effective, risk-based approach for the adoption and use of cloud services by the U.S. federal government. FedRAMP empowers federal agencies to use modern cloud technologies, with an emphasis on the security and protection of federal information.;735291151388;ap-south-1;2026-07-10 18:08:16.187152;ac-2-4;The information system automatically audits account creation, modification, enabling, disabling, and removal actions, and notifies [Assignment: organization-defined personnel or roles].;Access Control (AC);Account Management (AC-2);;aws;;FAIL;RDS Instance cloudguardian-db does not have CloudWatch Logs enabled.;arn:aws:rds:ap-south-1:735291151388:db:cloudguardian-db;rds_instance_integration_cloudwatch_logs;False;cloudguardian-db;FedRamp-Moderate-Revision-4;FedRAMP Moderate Revision 4;
aws;The Federal Risk and Authorization Management Program (FedRAMP) was established in 2011. It provides a cost-effective, risk-based approach for the adoption and use of cloud services by the U.S. federal government. FedRAMP empowers federal agencies to use modern cloud technologies, with an emphasis on the security and protection of federal information.;735291151388;ap-south-1;2026-07-10 18:08:16.187152;ac-2-g;The organization: g. Monitors the use of information system accounts.;Access Control (AC);Account Management (AC-2);;aws;;FAIL;RDS Instance cloudguardian-db does not have CloudWatch Logs enabled.;arn:aws:rds:ap-south-1:735291151388:db:cloudguardian-db;rds_instance_integration_cloudwatch_logs;False;cloudguardian-db;FedRamp-Moderate-Revision-4;FedRAMP Moderate Revision 4;
aws;The Federal Risk and Authorization Management Program (FedRAMP) was established in 2011. It provides a cost-effective, risk-based approach for the adoption and use of cloud services by the U.S. federal government. FedRAMP empowers federal agencies to use modern cloud technologies, with an emphasis on the security and protection of federal information.;735291151388;ap-south-1;2026-07-10 18:08:16.187152;au-2-a-d;The organization: a. Determines that the information system is capable of auditing the following events: Successful and unsuccessful account logon events, account management events, object access, policy change, privilege functions, process tracking, and system events. For Web applications: all administrator activity, authentication checks, authorization checks, data deletions, data access, data changes, and permission changes. d. Determines that the following events are to be audited within the information system: [organization-defined subset of the auditable events defined in AU-2 a to be audited continually for each identified event].;Audit and Accountability (AU);Audit Events (AU-2);;aws;;FAIL;RDS Instance cloudguardian-db does not have CloudWatch Logs enabled.;arn:aws:rds:ap-south-1:735291151388:db:cloudguardian-db;rds_instance_integration_cloudwatch_logs;False;cloudguardian-db;FedRamp-Moderate-Revision-4;FedRAMP Moderate Revision 4;
aws;The Federal Risk and Authorization Management Program (FedRAMP) was established in 2011. It provides a cost-effective, risk-based approach for the adoption and use of cloud services by the U.S. federal government. FedRAMP empowers federal agencies to use modern cloud technologies, with an emphasis on the security and protection of federal information.;735291151388;ap-south-1;2026-07-10 18:08:16.187152;au-3;The information system generates audit records containing information that establishes what type of event occurred, when the event occurred, where the event occurred, the source of the event, the outcome of the event, and the identity of any individuals or subjects associated with the event.;Audit and Accountability (AU);;;aws;;FAIL;RDS Instance cloudguardian-db does not have CloudWatch Logs enabled.;arn:aws:rds:ap-south-1:735291151388:db:cloudguardian-db;rds_instance_integration_cloudwatch_logs;False;cloudguardian-db;FedRamp-Moderate-Revision-4;FedRAMP Moderate Revision 4;
aws;The Federal Risk and Authorization Management Program (FedRAMP) was established in 2011. It provides a cost-effective, risk-based approach for the adoption and use of cloud services by the U.S. federal government. FedRAMP empowers federal agencies to use modern cloud technologies, with an emphasis on the security and protection of federal information.;735291151388;ap-south-1;2026-07-10 18:08:16.187152;au-6-1-3;(1) The organization employs automated mechanisms to integrate audit review, analysis, and reporting processes to support organizational processes for investigation and response to suspicious activities. (3) The organization analyzes and correlates audit records across different repositories to gain organization-wide situational awareness.;Audit and Accountability (AU);Audit Review, Analysis And Reporting (AU-6);;aws;;FAIL;RDS Instance cloudguardian-db does not have CloudWatch Logs enabled.;arn:aws:rds:ap-south-1:735291151388:db:cloudguardian-db;rds_instance_integration_cloudwatch_logs;False;cloudguardian-db;FedRamp-Moderate-Revision-4;FedRAMP Moderate Revision 4;
aws;The Federal Risk and Authorization Management Program (FedRAMP) was established in 2011. It provides a cost-effective, risk-based approach for the adoption and use of cloud services by the U.S. federal government. FedRAMP empowers federal agencies to use modern cloud technologies, with an emphasis on the security and protection of federal information.;735291151388;ap-south-1;2026-07-10 18:08:16.187152;au-12-a-c;The information system: a. Provides audit record generation capability for the auditable events defined in AU-2 a. at all information system and network components where audit capability is deployed/available c. Generates audit records for the events defined in AU-2 d. with the content defined in AU-3.;Audit and Accountability (AU);Audit Generation (AU-12);;aws;;FAIL;RDS Instance cloudguardian-db does not have CloudWatch Logs enabled.;arn:aws:rds:ap-south-1:735291151388:db:cloudguardian-db;rds_instance_integration_cloudwatch_logs;False;cloudguardian-db;FedRamp-Moderate-Revision-4;FedRAMP Moderate Revision 4;
aws;The Federal Risk and Authorization Management Program (FedRAMP) was established in 2011. It provides a cost-effective, risk-based approach for the adoption and use of cloud services by the U.S. federal government. FedRAMP empowers federal agencies to use modern cloud technologies, with an emphasis on the security and protection of federal information.;735291151388;ap-south-1;2026-07-10 18:08:16.187152;cp-10;The organization provides for the recovery and reconstitution of the information system to a known state after a disruption, compromise, or failure.;Contingency Planning (CP);;;aws;;FAIL;RDS Instance cloudguardian-db does not have multi-AZ enabled.;arn:aws:rds:ap-south-1:735291151388:db:cloudguardian-db;rds_instance_multi_az;False;cloudguardian-db;FedRamp-Moderate-Revision-4;FedRAMP Moderate Revision 4;
aws;The Federal Risk and Authorization Management Program (FedRAMP) was established in 2011. It provides a cost-effective, risk-based approach for the adoption and use of cloud services by the U.S. federal government. FedRAMP empowers federal agencies to use modern cloud technologies, with an emphasis on the security and protection of federal information.;735291151388;ap-south-1;2026-07-10 18:08:16.187152;sc-5;The information system protects against or limits the effects of the following types of denial of service attacks: [Assignment: organization-defined types of denial of service attacks or references to sources for such information] by employing [Assignment: organization-defined security safeguards].;System and Communications Protection (SC);;;aws;;FAIL;RDS Instance cloudguardian-db does not have multi-AZ enabled.;arn:aws:rds:ap-south-1:735291151388:db:cloudguardian-db;rds_instance_multi_az;False;cloudguardian-db;FedRamp-Moderate-Revision-4;FedRAMP Moderate Revision 4;
aws;The Federal Risk and Authorization Management Program (FedRAMP) was established in 2011. It provides a cost-effective, risk-based approach for the adoption and use of cloud services by the U.S. federal government. FedRAMP empowers federal agencies to use modern cloud technologies, with an emphasis on the security and protection of federal information.;735291151388;ap-south-1;2026-07-10 18:08:16.187152;ac-3;The information system enforces approved authorizations for logical access to information and system resources in accordance with applicable access control policies.;Access Control (AC);;;aws;;PASS;RDS Instance cloudguardian-db is not publicly accessible.;arn:aws:rds:ap-south-1:735291151388:db:cloudguardian-db;rds_instance_no_public_access;False;cloudguardian-db;FedRamp-Moderate-Revision-4;FedRAMP Moderate Revision 4;
aws;The Federal Risk and Authorization Management Program (FedRAMP) was established in 2011. It provides a cost-effective, risk-based approach for the adoption and use of cloud services by the U.S. federal government. FedRAMP empowers federal agencies to use modern cloud technologies, with an emphasis on the security and protection of federal information.;735291151388;ap-south-1;2026-07-10 18:08:16.187152;ac-4;The information system enforces approved authorizations for controlling the flow of information within the system and between interconnected systems based on organization-defined information flow control policies.;Access Control (AC);;;aws;;PASS;RDS Instance cloudguardian-db is not publicly accessible.;arn:aws:rds:ap-south-1:735291151388:db:cloudguardian-db;rds_instance_no_public_access;False;cloudguardian-db;FedRamp-Moderate-Revision-4;FedRAMP Moderate Revision 4;
aws;The Federal Risk and Authorization Management Program (FedRAMP) was established in 2011. It provides a cost-effective, risk-based approach for the adoption and use of cloud services by the U.S. federal government. FedRAMP empowers federal agencies to use modern cloud technologies, with an emphasis on the security and protection of federal information.;735291151388;ap-south-1;2026-07-10 18:08:16.187152;ac-6;The organization employs the principle of least privilege, allowing only authorized accesses for users (or processes acting on behalf of users) which are necessary to accomplish assigned tasks in accordance with organizational missions and business functions.;Access Control (AC);;;aws;;PASS;RDS Instance cloudguardian-db is not publicly accessible.;arn:aws:rds:ap-south-1:735291151388:db:cloudguardian-db;rds_instance_no_public_access;False;cloudguardian-db;FedRamp-Moderate-Revision-4;FedRAMP Moderate Revision 4;
aws;The Federal Risk and Authorization Management Program (FedRAMP) was established in 2011. It provides a cost-effective, risk-based approach for the adoption and use of cloud services by the U.S. federal government. FedRAMP empowers federal agencies to use modern cloud technologies, with an emphasis on the security and protection of federal information.;735291151388;ap-south-1;2026-07-10 18:08:16.187152;ac-17-1;The information system monitors and controls remote access methods.;Access Control (AC);Remote Access (AC-17);;aws;;PASS;RDS Instance cloudguardian-db is not publicly accessible.;arn:aws:rds:ap-south-1:735291151388:db:cloudguardian-db;rds_instance_no_public_access;False;cloudguardian-db;FedRamp-Moderate-Revision-4;FedRAMP Moderate Revision 4;
aws;The Federal Risk and Authorization Management Program (FedRAMP) was established in 2011. It provides a cost-effective, risk-based approach for the adoption and use of cloud services by the U.S. federal government. FedRAMP empowers federal agencies to use modern cloud technologies, with an emphasis on the security and protection of federal information.;735291151388;ap-south-1;2026-07-10 18:08:16.187152;ac-21-b;The organization: b. Employs [Assignment: organization-defined automated mechanisms or manual processes] to assist users in making information sharing/collaboration decisions.;Access Control (AC);Information Sharing (AC-21);;aws;;PASS;RDS Instance cloudguardian-db is not publicly accessible.;arn:aws:rds:ap-south-1:735291151388:db:cloudguardian-db;rds_instance_no_public_access;False;cloudguardian-db;FedRamp-Moderate-Revision-4;FedRAMP Moderate Revision 4;
aws;The Federal Risk and Authorization Management Program (FedRAMP) was established in 2011. It provides a cost-effective, risk-based approach for the adoption and use of cloud services by the U.S. federal government. FedRAMP empowers federal agencies to use modern cloud technologies, with an emphasis on the security and protection of federal information.;735291151388;ap-south-1;2026-07-10 18:08:16.187152;cm-2;The organization develops, documents, and maintains under configuration control, a current baseline configuration of the information system.;Configuration Management (CM);;;aws;;PASS;RDS Instance cloudguardian-db is not publicly accessible.;arn:aws:rds:ap-south-1:735291151388:db:cloudguardian-db;rds_instance_no_public_access;False;cloudguardian-db;FedRamp-Moderate-Revision-4;FedRAMP Moderate Revision 4;
aws;The Federal Risk and Authorization Management Program (FedRAMP) was established in 2011. It provides a cost-effective, risk-based approach for the adoption and use of cloud services by the U.S. federal government. FedRAMP empowers federal agencies to use modern cloud technologies, with an emphasis on the security and protection of federal information.;735291151388;ap-south-1;2026-07-10 18:08:16.187152;sc-4;The information system prevents unauthorized and unintended information transfer via shared system resources.;System and Communications Protection (SC);;;aws;;PASS;RDS Instance cloudguardian-db is not publicly accessible.;arn:aws:rds:ap-south-1:735291151388:db:cloudguardian-db;rds_instance_no_public_access;False;cloudguardian-db;FedRamp-Moderate-Revision-4;FedRAMP Moderate Revision 4;
aws;The Federal Risk and Authorization Management Program (FedRAMP) was established in 2011. It provides a cost-effective, risk-based approach for the adoption and use of cloud services by the U.S. federal government. FedRAMP empowers federal agencies to use modern cloud technologies, with an emphasis on the security and protection of federal information.;735291151388;ap-south-1;2026-07-10 18:08:16.187152;sc-7-3;The organization limits the number of external network connections to the information system.;System and Communications Protection (SC);Boundary Protection (SC-7);;aws;;PASS;RDS Instance cloudguardian-db is not publicly accessible.;arn:aws:rds:ap-south-1:735291151388:db:cloudguardian-db;rds_instance_no_public_access;False;cloudguardian-db;FedRamp-Moderate-Revision-4;FedRAMP Moderate Revision 4;
aws;The Federal Risk and Authorization Management Program (FedRAMP) was established in 2011. It provides a cost-effective, risk-based approach for the adoption and use of cloud services by the U.S. federal government. FedRAMP empowers federal agencies to use modern cloud technologies, with an emphasis on the security and protection of federal information.;735291151388;ap-south-1;2026-07-10 18:08:16.187152;sc-7;"The information system: a. Monitors and controls communications at the external boundary of the system and at key internal boundaries within the system; b. Implements subnetworks for publicly accessible system components that are [Selection: physically; logically] separated from internal organizational networks; and c. Connects to external networks or information systems only through managed interfaces consisting of boundary protection devices arranged in accordance with an organizational security architecture.";System and Communications Protection (SC);;;aws;;PASS;RDS Instance cloudguardian-db is not publicly accessible.;arn:aws:rds:ap-south-1:735291151388:db:cloudguardian-db;rds_instance_no_public_access;False;cloudguardian-db;FedRamp-Moderate-Revision-4;FedRAMP Moderate Revision 4;
aws;The Federal Risk and Authorization Management Program (FedRAMP) was established in 2011. It provides a cost-effective, risk-based approach for the adoption and use of cloud services by the U.S. federal government. FedRAMP empowers federal agencies to use modern cloud technologies, with an emphasis on the security and protection of federal information.;735291151388;ap-south-1;2026-07-10 18:08:16.187152;sc-28;The information system protects the confidentiality AND integrity of [Assignment: organization-defined information at rest].;System and Communications Protection (SC);;;aws;;PASS;RDS Instance cloudguardian-db is encrypted.;arn:aws:rds:ap-south-1:735291151388:db:cloudguardian-db;rds_instance_storage_encrypted;False;cloudguardian-db;FedRamp-Moderate-Revision-4;FedRAMP Moderate Revision 4;
aws;The Federal Risk and Authorization Management Program (FedRAMP) was established in 2011. It provides a cost-effective, risk-based approach for the adoption and use of cloud services by the U.S. federal government. FedRAMP empowers federal agencies to use modern cloud technologies, with an emphasis on the security and protection of federal information.;735291151388;ap-south-1;2026-07-10 18:08:16.187152;ac-3;The information system enforces approved authorizations for logical access to information and system resources in accordance with applicable access control policies.;Access Control (AC);;;aws;;FAIL;Block Public Access is not configured for the account 735291151388.;arn:aws:s3:ap-south-1:735291151388:account;s3_account_level_public_access_blocks;False;735291151388;FedRamp-Moderate-Revision-4;FedRAMP Moderate Revision 4;
aws;The Federal Risk and Authorization Management Program (FedRAMP) was established in 2011. It provides a cost-effective, risk-based approach for the adoption and use of cloud services by the U.S. federal government. FedRAMP empowers federal agencies to use modern cloud technologies, with an emphasis on the security and protection of federal information.;735291151388;ap-south-1;2026-07-10 18:08:16.187152;ac-6;The organization employs the principle of least privilege, allowing only authorized accesses for users (or processes acting on behalf of users) which are necessary to accomplish assigned tasks in accordance with organizational missions and business functions.;Access Control (AC);;;aws;;FAIL;Block Public Access is not configured for the account 735291151388.;arn:aws:s3:ap-south-1:735291151388:account;s3_account_level_public_access_blocks;False;735291151388;FedRamp-Moderate-Revision-4;FedRAMP Moderate Revision 4;
aws;The Federal Risk and Authorization Management Program (FedRAMP) was established in 2011. It provides a cost-effective, risk-based approach for the adoption and use of cloud services by the U.S. federal government. FedRAMP empowers federal agencies to use modern cloud technologies, with an emphasis on the security and protection of federal information.;735291151388;ap-south-1;2026-07-10 18:08:16.187152;ac-17-1;The information system monitors and controls remote access methods.;Access Control (AC);Remote Access (AC-17);;aws;;FAIL;Block Public Access is not configured for the account 735291151388.;arn:aws:s3:ap-south-1:735291151388:account;s3_account_level_public_access_blocks;False;735291151388;FedRamp-Moderate-Revision-4;FedRAMP Moderate Revision 4;
aws;The Federal Risk and Authorization Management Program (FedRAMP) was established in 2011. It provides a cost-effective, risk-based approach for the adoption and use of cloud services by the U.S. federal government. FedRAMP empowers federal agencies to use modern cloud technologies, with an emphasis on the security and protection of federal information.;735291151388;ap-south-1;2026-07-10 18:08:16.187152;ac-21-b;The organization: b. Employs [Assignment: organization-defined automated mechanisms or manual processes] to assist users in making information sharing/collaboration decisions.;Access Control (AC);Information Sharing (AC-21);;aws;;FAIL;Block Public Access is not configured for the account 735291151388.;arn:aws:s3:ap-south-1:735291151388:account;s3_account_level_public_access_blocks;False;735291151388;FedRamp-Moderate-Revision-4;FedRAMP Moderate Revision 4;
aws;The Federal Risk and Authorization Management Program (FedRAMP) was established in 2011. It provides a cost-effective, risk-based approach for the adoption and use of cloud services by the U.S. federal government. FedRAMP empowers federal agencies to use modern cloud technologies, with an emphasis on the security and protection of federal information.;735291151388;ap-south-1;2026-07-10 18:08:16.187152;cm-2;The organization develops, documents, and maintains under configuration control, a current baseline configuration of the information system.;Configuration Management (CM);;;aws;;FAIL;Block Public Access is not configured for the account 735291151388.;arn:aws:s3:ap-south-1:735291151388:account;s3_account_level_public_access_blocks;False;735291151388;FedRamp-Moderate-Revision-4;FedRAMP Moderate Revision 4;
aws;The Federal Risk and Authorization Management Program (FedRAMP) was established in 2011. It provides a cost-effective, risk-based approach for the adoption and use of cloud services by the U.S. federal government. FedRAMP empowers federal agencies to use modern cloud technologies, with an emphasis on the security and protection of federal information.;735291151388;ap-south-1;2026-07-10 18:08:16.187152;sc-4;The information system prevents unauthorized and unintended information transfer via shared system resources.;System and Communications Protection (SC);;;aws;;FAIL;Block Public Access is not configured for the account 735291151388.;arn:aws:s3:ap-south-1:735291151388:account;s3_account_level_public_access_blocks;False;735291151388;FedRamp-Moderate-Revision-4;FedRAMP Moderate Revision 4;
aws;The Federal Risk and Authorization Management Program (FedRAMP) was established in 2011. It provides a cost-effective, risk-based approach for the adoption and use of cloud services by the U.S. federal government. FedRAMP empowers federal agencies to use modern cloud technologies, with an emphasis on the security and protection of federal information.;735291151388;ap-south-1;2026-07-10 18:08:16.187152;sc-7-3;The organization limits the number of external network connections to the information system.;System and Communications Protection (SC);Boundary Protection (SC-7);;aws;;FAIL;Block Public Access is not configured for the account 735291151388.;arn:aws:s3:ap-south-1:735291151388:account;s3_account_level_public_access_blocks;False;735291151388;FedRamp-Moderate-Revision-4;FedRAMP Moderate Revision 4;
aws;The Federal Risk and Authorization Management Program (FedRAMP) was established in 2011. It provides a cost-effective, risk-based approach for the adoption and use of cloud services by the U.S. federal government. FedRAMP empowers federal agencies to use modern cloud technologies, with an emphasis on the security and protection of federal information.;735291151388;ap-south-1;2026-07-10 18:08:16.187152;sc-7;"The information system: a. Monitors and controls communications at the external boundary of the system and at key internal boundaries within the system; b. Implements subnetworks for publicly accessible system components that are [Selection: physically; logically] separated from internal organizational networks; and c. Connects to external networks or information systems only through managed interfaces consisting of boundary protection devices arranged in accordance with an organizational security architecture.";System and Communications Protection (SC);;;aws;;FAIL;Block Public Access is not configured for the account 735291151388.;arn:aws:s3:ap-south-1:735291151388:account;s3_account_level_public_access_blocks;False;735291151388;FedRamp-Moderate-Revision-4;FedRAMP Moderate Revision 4;
aws;The Federal Risk and Authorization Management Program (FedRAMP) was established in 2011. It provides a cost-effective, risk-based approach for the adoption and use of cloud services by the U.S. federal government. FedRAMP empowers federal agencies to use modern cloud technologies, with an emphasis on the security and protection of federal information.;735291151388;ap-south-1;2026-07-10 18:08:16.187152;sc-13;The information system implements FIPS-validated or NSA-approved cryptography in accordance with applicable federal laws, Executive Orders, directives, policies, regulations, and standards.;System and Communications Protection (SC);;;aws;;PASS;S3 Bucket cloudguardian-data-c8f4e2a3 has Server Side Encryption with AES256.;arn:aws:s3:::cloudguardian-data-c8f4e2a3;s3_bucket_default_encryption;False;cloudguardian-data-c8f4e2a3;FedRamp-Moderate-Revision-4;FedRAMP Moderate Revision 4;
aws;The Federal Risk and Authorization Management Program (FedRAMP) was established in 2011. It provides a cost-effective, risk-based approach for the adoption and use of cloud services by the U.S. federal government. FedRAMP empowers federal agencies to use modern cloud technologies, with an emphasis on the security and protection of federal information.;735291151388;ap-south-1;2026-07-10 18:08:16.187152;sc-28;The information system protects the confidentiality AND integrity of [Assignment: organization-defined information at rest].;System and Communications Protection (SC);;;aws;;PASS;S3 Bucket cloudguardian-data-c8f4e2a3 has Server Side Encryption with AES256.;arn:aws:s3:::cloudguardian-data-c8f4e2a3;s3_bucket_default_encryption;False;cloudguardian-data-c8f4e2a3;FedRamp-Moderate-Revision-4;FedRAMP Moderate Revision 4;
aws;The Federal Risk and Authorization Management Program (FedRAMP) was established in 2011. It provides a cost-effective, risk-based approach for the adoption and use of cloud services by the U.S. federal government. FedRAMP empowers federal agencies to use modern cloud technologies, with an emphasis on the security and protection of federal information.;735291151388;ap-south-1;2026-07-10 18:08:16.187152;au-9-2;The information system backs up audit records at least weekly onto a physically different system or system component than the system or component being audited.;Audit and Accountability (AU);Protection of Audit Information (AU-9);;aws;;PASS;S3 Bucket cloudguardian-data-c8f4e2a3 has versioning enabled.;arn:aws:s3:::cloudguardian-data-c8f4e2a3;s3_bucket_object_versioning;False;cloudguardian-data-c8f4e2a3;FedRamp-Moderate-Revision-4;FedRAMP Moderate Revision 4;
aws;The Federal Risk and Authorization Management Program (FedRAMP) was established in 2011. It provides a cost-effective, risk-based approach for the adoption and use of cloud services by the U.S. federal government. FedRAMP empowers federal agencies to use modern cloud technologies, with an emphasis on the security and protection of federal information.;735291151388;ap-south-1;2026-07-10 18:08:16.187152;cp-9-b;"The organization: b. Conducts backups of system-level information contained in the information system (daily incremental; weekly full).";Contingency Planning (CP);Information System Backup (CP-9);;aws;;PASS;S3 Bucket cloudguardian-data-c8f4e2a3 has versioning enabled.;arn:aws:s3:::cloudguardian-data-c8f4e2a3;s3_bucket_object_versioning;False;cloudguardian-data-c8f4e2a3;FedRamp-Moderate-Revision-4;FedRAMP Moderate Revision 4;
aws;The Federal Risk and Authorization Management Program (FedRAMP) was established in 2011. It provides a cost-effective, risk-based approach for the adoption and use of cloud services by the U.S. federal government. FedRAMP empowers federal agencies to use modern cloud technologies, with an emphasis on the security and protection of federal information.;735291151388;ap-south-1;2026-07-10 18:08:16.187152;cp-10;The organization provides for the recovery and reconstitution of the information system to a known state after a disruption, compromise, or failure.;Contingency Planning (CP);;;aws;;PASS;S3 Bucket cloudguardian-data-c8f4e2a3 has versioning enabled.;arn:aws:s3:::cloudguardian-data-c8f4e2a3;s3_bucket_object_versioning;False;cloudguardian-data-c8f4e2a3;FedRamp-Moderate-Revision-4;FedRAMP Moderate Revision 4;
aws;The Federal Risk and Authorization Management Program (FedRAMP) was established in 2011. It provides a cost-effective, risk-based approach for the adoption and use of cloud services by the U.S. federal government. FedRAMP empowers federal agencies to use modern cloud technologies, with an emphasis on the security and protection of federal information.;735291151388;ap-south-1;2026-07-10 18:08:16.187152;sc-5;The information system protects against or limits the effects of the following types of denial of service attacks: [Assignment: organization-defined types of denial of service attacks or references to sources for such information] by employing [Assignment: organization-defined security safeguards].;System and Communications Protection (SC);;;aws;;PASS;S3 Bucket cloudguardian-data-c8f4e2a3 has versioning enabled.;arn:aws:s3:::cloudguardian-data-c8f4e2a3;s3_bucket_object_versioning;False;cloudguardian-data-c8f4e2a3;FedRamp-Moderate-Revision-4;FedRAMP Moderate Revision 4;
aws;The Federal Risk and Authorization Management Program (FedRAMP) was established in 2011. It provides a cost-effective, risk-based approach for the adoption and use of cloud services by the U.S. federal government. FedRAMP empowers federal agencies to use modern cloud technologies, with an emphasis on the security and protection of federal information.;735291151388;ap-south-1;2026-07-10 18:08:16.187152;si-12;The organization handles and retains information within the information system and information output from the system in accordance with applicable federal laws, Executive Orders, directives, policies, regulations, standards, and operational requirements.;System and Information Integrity (SI);;;aws;;PASS;S3 Bucket cloudguardian-data-c8f4e2a3 has versioning enabled.;arn:aws:s3:::cloudguardian-data-c8f4e2a3;s3_bucket_object_versioning;False;cloudguardian-data-c8f4e2a3;FedRamp-Moderate-Revision-4;FedRAMP Moderate Revision 4;
aws;The Federal Risk and Authorization Management Program (FedRAMP) was established in 2011. It provides a cost-effective, risk-based approach for the adoption and use of cloud services by the U.S. federal government. FedRAMP empowers federal agencies to use modern cloud technologies, with an emphasis on the security and protection of federal information.;735291151388;ap-south-1;2026-07-10 18:08:16.187152;ac-3;The information system enforces approved authorizations for logical access to information and system resources in accordance with applicable access control policies.;Access Control (AC);;;aws;;PASS;S3 Bucket cloudguardian-data-c8f4e2a3 does not have a bucket policy.;arn:aws:s3:::cloudguardian-data-c8f4e2a3;s3_bucket_policy_public_write_access;False;cloudguardian-data-c8f4e2a3;FedRamp-Moderate-Revision-4;FedRAMP Moderate Revision 4;
aws;The Federal Risk and Authorization Management Program (FedRAMP) was established in 2011. It provides a cost-effective, risk-based approach for the adoption and use of cloud services by the U.S. federal government. FedRAMP empowers federal agencies to use modern cloud technologies, with an emphasis on the security and protection of federal information.;735291151388;ap-south-1;2026-07-10 18:08:16.187152;ac-4;The information system enforces approved authorizations for controlling the flow of information within the system and between interconnected systems based on organization-defined information flow control policies.;Access Control (AC);;;aws;;PASS;S3 Bucket cloudguardian-data-c8f4e2a3 does not have a bucket policy.;arn:aws:s3:::cloudguardian-data-c8f4e2a3;s3_bucket_policy_public_write_access;False;cloudguardian-data-c8f4e2a3;FedRamp-Moderate-Revision-4;FedRAMP Moderate Revision 4;
aws;The Federal Risk and Authorization Management Program (FedRAMP) was established in 2011. It provides a cost-effective, risk-based approach for the adoption and use of cloud services by the U.S. federal government. FedRAMP empowers federal agencies to use modern cloud technologies, with an emphasis on the security and protection of federal information.;735291151388;ap-south-1;2026-07-10 18:08:16.187152;ac-6;The organization employs the principle of least privilege, allowing only authorized accesses for users (or processes acting on behalf of users) which are necessary to accomplish assigned tasks in accordance with organizational missions and business functions.;Access Control (AC);;;aws;;PASS;S3 Bucket cloudguardian-data-c8f4e2a3 does not have a bucket policy.;arn:aws:s3:::cloudguardian-data-c8f4e2a3;s3_bucket_policy_public_write_access;False;cloudguardian-data-c8f4e2a3;FedRamp-Moderate-Revision-4;FedRAMP Moderate Revision 4;
aws;The Federal Risk and Authorization Management Program (FedRAMP) was established in 2011. It provides a cost-effective, risk-based approach for the adoption and use of cloud services by the U.S. federal government. FedRAMP empowers federal agencies to use modern cloud technologies, with an emphasis on the security and protection of federal information.;735291151388;ap-south-1;2026-07-10 18:08:16.187152;ac-17-1;The information system monitors and controls remote access methods.;Access Control (AC);Remote Access (AC-17);;aws;;PASS;S3 Bucket cloudguardian-data-c8f4e2a3 does not have a bucket policy.;arn:aws:s3:::cloudguardian-data-c8f4e2a3;s3_bucket_policy_public_write_access;False;cloudguardian-data-c8f4e2a3;FedRamp-Moderate-Revision-4;FedRAMP Moderate Revision 4;
aws;The Federal Risk and Authorization Management Program (FedRAMP) was established in 2011. It provides a cost-effective, risk-based approach for the adoption and use of cloud services by the U.S. federal government. FedRAMP empowers federal agencies to use modern cloud technologies, with an emphasis on the security and protection of federal information.;735291151388;ap-south-1;2026-07-10 18:08:16.187152;ac-21-b;The organization: b. Employs [Assignment: organization-defined automated mechanisms or manual processes] to assist users in making information sharing/collaboration decisions.;Access Control (AC);Information Sharing (AC-21);;aws;;PASS;S3 Bucket cloudguardian-data-c8f4e2a3 does not have a bucket policy.;arn:aws:s3:::cloudguardian-data-c8f4e2a3;s3_bucket_policy_public_write_access;False;cloudguardian-data-c8f4e2a3;FedRamp-Moderate-Revision-4;FedRAMP Moderate Revision 4;
aws;The Federal Risk and Authorization Management Program (FedRAMP) was established in 2011. It provides a cost-effective, risk-based approach for the adoption and use of cloud services by the U.S. federal government. FedRAMP empowers federal agencies to use modern cloud technologies, with an emphasis on the security and protection of federal information.;735291151388;ap-south-1;2026-07-10 18:08:16.187152;cm-2;The organization develops, documents, and maintains under configuration control, a current baseline configuration of the information system.;Configuration Management (CM);;;aws;;PASS;S3 Bucket cloudguardian-data-c8f4e2a3 does not have a bucket policy.;arn:aws:s3:::cloudguardian-data-c8f4e2a3;s3_bucket_policy_public_write_access;False;cloudguardian-data-c8f4e2a3;FedRamp-Moderate-Revision-4;FedRAMP Moderate Revision 4;
aws;The Federal Risk and Authorization Management Program (FedRAMP) was established in 2011. It provides a cost-effective, risk-based approach for the adoption and use of cloud services by the U.S. federal government. FedRAMP empowers federal agencies to use modern cloud technologies, with an emphasis on the security and protection of federal information.;735291151388;ap-south-1;2026-07-10 18:08:16.187152;sc-4;The information system prevents unauthorized and unintended information transfer via shared system resources.;System and Communications Protection (SC);;;aws;;PASS;S3 Bucket cloudguardian-data-c8f4e2a3 does not have a bucket policy.;arn:aws:s3:::cloudguardian-data-c8f4e2a3;s3_bucket_policy_public_write_access;False;cloudguardian-data-c8f4e2a3;FedRamp-Moderate-Revision-4;FedRAMP Moderate Revision 4;
aws;The Federal Risk and Authorization Management Program (FedRAMP) was established in 2011. It provides a cost-effective, risk-based approach for the adoption and use of cloud services by the U.S. federal government. FedRAMP empowers federal agencies to use modern cloud technologies, with an emphasis on the security and protection of federal information.;735291151388;ap-south-1;2026-07-10 18:08:16.187152;sc-7-3;The organization limits the number of external network connections to the information system.;System and Communications Protection (SC);Boundary Protection (SC-7);;aws;;PASS;S3 Bucket cloudguardian-data-c8f4e2a3 does not have a bucket policy.;arn:aws:s3:::cloudguardian-data-c8f4e2a3;s3_bucket_policy_public_write_access;False;cloudguardian-data-c8f4e2a3;FedRamp-Moderate-Revision-4;FedRAMP Moderate Revision 4;
aws;The Federal Risk and Authorization Management Program (FedRAMP) was established in 2011. It provides a cost-effective, risk-based approach for the adoption and use of cloud services by the U.S. federal government. FedRAMP empowers federal agencies to use modern cloud technologies, with an emphasis on the security and protection of federal information.;735291151388;ap-south-1;2026-07-10 18:08:16.187152;sc-7;"The information system: a. Monitors and controls communications at the external boundary of the system and at key internal boundaries within the system; b. Implements subnetworks for publicly accessible system components that are [Selection: physically; logically] separated from internal organizational networks; and c. Connects to external networks or information systems only through managed interfaces consisting of boundary protection devices arranged in accordance with an organizational security architecture.";System and Communications Protection (SC);;;aws;;PASS;S3 Bucket cloudguardian-data-c8f4e2a3 does not have a bucket policy.;arn:aws:s3:::cloudguardian-data-c8f4e2a3;s3_bucket_policy_public_write_access;False;cloudguardian-data-c8f4e2a3;FedRamp-Moderate-Revision-4;FedRAMP Moderate Revision 4;
aws;The Federal Risk and Authorization Management Program (FedRAMP) was established in 2011. It provides a cost-effective, risk-based approach for the adoption and use of cloud services by the U.S. federal government. FedRAMP empowers federal agencies to use modern cloud technologies, with an emphasis on the security and protection of federal information.;735291151388;ap-south-1;2026-07-10 18:08:16.187152;ac-3;The information system enforces approved authorizations for logical access to information and system resources in accordance with applicable access control policies.;Access Control (AC);;;aws;;PASS;S3 Bucket cloudguardian-data-c8f4e2a3 is not public.;arn:aws:s3:::cloudguardian-data-c8f4e2a3;s3_bucket_public_access;False;cloudguardian-data-c8f4e2a3;FedRamp-Moderate-Revision-4;FedRAMP Moderate Revision 4;
aws;The Federal Risk and Authorization Management Program (FedRAMP) was established in 2011. It provides a cost-effective, risk-based approach for the adoption and use of cloud services by the U.S. federal government. FedRAMP empowers federal agencies to use modern cloud technologies, with an emphasis on the security and protection of federal information.;735291151388;ap-south-1;2026-07-10 18:08:16.187152;ac-4;The information system enforces approved authorizations for controlling the flow of information within the system and between interconnected systems based on organization-defined information flow control policies.;Access Control (AC);;;aws;;PASS;S3 Bucket cloudguardian-data-c8f4e2a3 is not public.;arn:aws:s3:::cloudguardian-data-c8f4e2a3;s3_bucket_public_access;False;cloudguardian-data-c8f4e2a3;FedRamp-Moderate-Revision-4;FedRAMP Moderate Revision 4;
aws;The Federal Risk and Authorization Management Program (FedRAMP) was established in 2011. It provides a cost-effective, risk-based approach for the adoption and use of cloud services by the U.S. federal government. FedRAMP empowers federal agencies to use modern cloud technologies, with an emphasis on the security and protection of federal information.;735291151388;ap-south-1;2026-07-10 18:08:16.187152;ac-6;The organization employs the principle of least privilege, allowing only authorized accesses for users (or processes acting on behalf of users) which are necessary to accomplish assigned tasks in accordance with organizational missions and business functions.;Access Control (AC);;;aws;;PASS;S3 Bucket cloudguardian-data-c8f4e2a3 is not public.;arn:aws:s3:::cloudguardian-data-c8f4e2a3;s3_bucket_public_access;False;cloudguardian-data-c8f4e2a3;FedRamp-Moderate-Revision-4;FedRAMP Moderate Revision 4;
aws;The Federal Risk and Authorization Management Program (FedRAMP) was established in 2011. It provides a cost-effective, risk-based approach for the adoption and use of cloud services by the U.S. federal government. FedRAMP empowers federal agencies to use modern cloud technologies, with an emphasis on the security and protection of federal information.;735291151388;ap-south-1;2026-07-10 18:08:16.187152;ac-17-1;The information system monitors and controls remote access methods.;Access Control (AC);Remote Access (AC-17);;aws;;PASS;S3 Bucket cloudguardian-data-c8f4e2a3 is not public.;arn:aws:s3:::cloudguardian-data-c8f4e2a3;s3_bucket_public_access;False;cloudguardian-data-c8f4e2a3;FedRamp-Moderate-Revision-4;FedRAMP Moderate Revision 4;
aws;The Federal Risk and Authorization Management Program (FedRAMP) was established in 2011. It provides a cost-effective, risk-based approach for the adoption and use of cloud services by the U.S. federal government. FedRAMP empowers federal agencies to use modern cloud technologies, with an emphasis on the security and protection of federal information.;735291151388;ap-south-1;2026-07-10 18:08:16.187152;ac-21-b;The organization: b. Employs [Assignment: organization-defined automated mechanisms or manual processes] to assist users in making information sharing/collaboration decisions.;Access Control (AC);Information Sharing (AC-21);;aws;;PASS;S3 Bucket cloudguardian-data-c8f4e2a3 is not public.;arn:aws:s3:::cloudguardian-data-c8f4e2a3;s3_bucket_public_access;False;cloudguardian-data-c8f4e2a3;FedRamp-Moderate-Revision-4;FedRAMP Moderate Revision 4;
aws;The Federal Risk and Authorization Management Program (FedRAMP) was established in 2011. It provides a cost-effective, risk-based approach for the adoption and use of cloud services by the U.S. federal government. FedRAMP empowers federal agencies to use modern cloud technologies, with an emphasis on the security and protection of federal information.;735291151388;ap-south-1;2026-07-10 18:08:16.187152;cm-2;The organization develops, documents, and maintains under configuration control, a current baseline configuration of the information system.;Configuration Management (CM);;;aws;;PASS;S3 Bucket cloudguardian-data-c8f4e2a3 is not public.;arn:aws:s3:::cloudguardian-data-c8f4e2a3;s3_bucket_public_access;False;cloudguardian-data-c8f4e2a3;FedRamp-Moderate-Revision-4;FedRAMP Moderate Revision 4;
aws;The Federal Risk and Authorization Management Program (FedRAMP) was established in 2011. It provides a cost-effective, risk-based approach for the adoption and use of cloud services by the U.S. federal government. FedRAMP empowers federal agencies to use modern cloud technologies, with an emphasis on the security and protection of federal information.;735291151388;ap-south-1;2026-07-10 18:08:16.187152;sc-4;The information system prevents unauthorized and unintended information transfer via shared system resources.;System and Communications Protection (SC);;;aws;;PASS;S3 Bucket cloudguardian-data-c8f4e2a3 is not public.;arn:aws:s3:::cloudguardian-data-c8f4e2a3;s3_bucket_public_access;False;cloudguardian-data-c8f4e2a3;FedRamp-Moderate-Revision-4;FedRAMP Moderate Revision 4;
aws;The Federal Risk and Authorization Management Program (FedRAMP) was established in 2011. It provides a cost-effective, risk-based approach for the adoption and use of cloud services by the U.S. federal government. FedRAMP empowers federal agencies to use modern cloud technologies, with an emphasis on the security and protection of federal information.;735291151388;ap-south-1;2026-07-10 18:08:16.187152;sc-7-3;The organization limits the number of external network connections to the information system.;System and Communications Protection (SC);Boundary Protection (SC-7);;aws;;PASS;S3 Bucket cloudguardian-data-c8f4e2a3 is not public.;arn:aws:s3:::cloudguardian-data-c8f4e2a3;s3_bucket_public_access;False;cloudguardian-data-c8f4e2a3;FedRamp-Moderate-Revision-4;FedRAMP Moderate Revision 4;
aws;The Federal Risk and Authorization Management Program (FedRAMP) was established in 2011. It provides a cost-effective, risk-based approach for the adoption and use of cloud services by the U.S. federal government. FedRAMP empowers federal agencies to use modern cloud technologies, with an emphasis on the security and protection of federal information.;735291151388;ap-south-1;2026-07-10 18:08:16.187152;sc-7;"The information system: a. Monitors and controls communications at the external boundary of the system and at key internal boundaries within the system; b. Implements subnetworks for publicly accessible system components that are [Selection: physically; logically] separated from internal organizational networks; and c. Connects to external networks or information systems only through managed interfaces consisting of boundary protection devices arranged in accordance with an organizational security architecture.";System and Communications Protection (SC);;;aws;;PASS;S3 Bucket cloudguardian-data-c8f4e2a3 is not public.;arn:aws:s3:::cloudguardian-data-c8f4e2a3;s3_bucket_public_access;False;cloudguardian-data-c8f4e2a3;FedRamp-Moderate-Revision-4;FedRAMP Moderate Revision 4;
aws;The Federal Risk and Authorization Management Program (FedRAMP) was established in 2011. It provides a cost-effective, risk-based approach for the adoption and use of cloud services by the U.S. federal government. FedRAMP empowers federal agencies to use modern cloud technologies, with an emphasis on the security and protection of federal information.;735291151388;ap-south-1;2026-07-10 18:08:16.187152;ac-17-2;The information system implements cryptographic mechanisms to protect the confidentiality and integrity of remote access sessions.;Access Control (AC);Remote Access (AC-17);;aws;;FAIL;S3 Bucket cloudguardian-data-c8f4e2a3 does not have a bucket policy, thus it allows HTTP requests.;arn:aws:s3:::cloudguardian-data-c8f4e2a3;s3_bucket_secure_transport_policy;False;cloudguardian-data-c8f4e2a3;FedRamp-Moderate-Revision-4;FedRAMP Moderate Revision 4;
aws;The Federal Risk and Authorization Management Program (FedRAMP) was established in 2011. It provides a cost-effective, risk-based approach for the adoption and use of cloud services by the U.S. federal government. FedRAMP empowers federal agencies to use modern cloud technologies, with an emphasis on the security and protection of federal information.;735291151388;ap-south-1;2026-07-10 18:08:16.187152;sc-7;"The information system: a. Monitors and controls communications at the external boundary of the system and at key internal boundaries within the system; b. Implements subnetworks for publicly accessible system components that are [Selection: physically; logically] separated from internal organizational networks; and c. Connects to external networks or information systems only through managed interfaces consisting of boundary protection devices arranged in accordance with an organizational security architecture.";System and Communications Protection (SC);;;aws;;FAIL;S3 Bucket cloudguardian-data-c8f4e2a3 does not have a bucket policy, thus it allows HTTP requests.;arn:aws:s3:::cloudguardian-data-c8f4e2a3;s3_bucket_secure_transport_policy;False;cloudguardian-data-c8f4e2a3;FedRamp-Moderate-Revision-4;FedRAMP Moderate Revision 4;
aws;The Federal Risk and Authorization Management Program (FedRAMP) was established in 2011. It provides a cost-effective, risk-based approach for the adoption and use of cloud services by the U.S. federal government. FedRAMP empowers federal agencies to use modern cloud technologies, with an emphasis on the security and protection of federal information.;735291151388;ap-south-1;2026-07-10 18:08:16.187152;sc-8-1;"The information system implements cryptographic mechanisms to [Selection (one or more): prevent unauthorized disclosure of information; detect changes to information] during transmission unless otherwise protected by [Assignment: organization-defined alternative physical safeguards].";System and Communications Protection (SC);Transmission Integrity (SC-8);;aws;;FAIL;S3 Bucket cloudguardian-data-c8f4e2a3 does not have a bucket policy, thus it allows HTTP requests.;arn:aws:s3:::cloudguardian-data-c8f4e2a3;s3_bucket_secure_transport_policy;False;cloudguardian-data-c8f4e2a3;FedRamp-Moderate-Revision-4;FedRAMP Moderate Revision 4;
aws;The Federal Risk and Authorization Management Program (FedRAMP) was established in 2011. It provides a cost-effective, risk-based approach for the adoption and use of cloud services by the U.S. federal government. FedRAMP empowers federal agencies to use modern cloud technologies, with an emphasis on the security and protection of federal information.;735291151388;ap-south-1;2026-07-10 18:08:16.187152;sc-8;The information system protects the confidentiality AND integrity of transmitted information.;System and Communications Protection (SC);;;aws;;FAIL;S3 Bucket cloudguardian-data-c8f4e2a3 does not have a bucket policy, thus it allows HTTP requests.;arn:aws:s3:::cloudguardian-data-c8f4e2a3;s3_bucket_secure_transport_policy;False;cloudguardian-data-c8f4e2a3;FedRamp-Moderate-Revision-4;FedRAMP Moderate Revision 4;
aws;The Federal Risk and Authorization Management Program (FedRAMP) was established in 2011. It provides a cost-effective, risk-based approach for the adoption and use of cloud services by the U.S. federal government. FedRAMP empowers federal agencies to use modern cloud technologies, with an emphasis on the security and protection of federal information.;735291151388;ap-south-1;2026-07-10 18:08:16.187152;sc-23;The information system protects the authenticity of communications sessions.;System and Communications Protection (SC);;;aws;;FAIL;S3 Bucket cloudguardian-data-c8f4e2a3 does not have a bucket policy, thus it allows HTTP requests.;arn:aws:s3:::cloudguardian-data-c8f4e2a3;s3_bucket_secure_transport_policy;False;cloudguardian-data-c8f4e2a3;FedRamp-Moderate-Revision-4;FedRAMP Moderate Revision 4;
aws;The Federal Risk and Authorization Management Program (FedRAMP) was established in 2011. It provides a cost-effective, risk-based approach for the adoption and use of cloud services by the U.S. federal government. FedRAMP empowers federal agencies to use modern cloud technologies, with an emphasis on the security and protection of federal information.;735291151388;ap-south-1;2026-07-10 18:08:16.187152;ac-2-4;The information system automatically audits account creation, modification, enabling, disabling, and removal actions, and notifies [Assignment: organization-defined personnel or roles].;Access Control (AC);Account Management (AC-2);;aws;;FAIL;S3 Bucket cloudguardian-data-c8f4e2a3 has server access logging disabled.;arn:aws:s3:::cloudguardian-data-c8f4e2a3;s3_bucket_server_access_logging_enabled;False;cloudguardian-data-c8f4e2a3;FedRamp-Moderate-Revision-4;FedRAMP Moderate Revision 4;
aws;The Federal Risk and Authorization Management Program (FedRAMP) was established in 2011. It provides a cost-effective, risk-based approach for the adoption and use of cloud services by the U.S. federal government. FedRAMP empowers federal agencies to use modern cloud technologies, with an emphasis on the security and protection of federal information.;735291151388;ap-south-1;2026-07-10 18:08:16.187152;ac-2-g;The organization: g. Monitors the use of information system accounts.;Access Control (AC);Account Management (AC-2);;aws;;FAIL;S3 Bucket cloudguardian-data-c8f4e2a3 has server access logging disabled.;arn:aws:s3:::cloudguardian-data-c8f4e2a3;s3_bucket_server_access_logging_enabled;False;cloudguardian-data-c8f4e2a3;FedRamp-Moderate-Revision-4;FedRAMP Moderate Revision 4;
aws;The Federal Risk and Authorization Management Program (FedRAMP) was established in 2011. It provides a cost-effective, risk-based approach for the adoption and use of cloud services by the U.S. federal government. FedRAMP empowers federal agencies to use modern cloud technologies, with an emphasis on the security and protection of federal information.;735291151388;ap-south-1;2026-07-10 18:08:16.187152;au-2-a-d;The organization: a. Determines that the information system is capable of auditing the following events: Successful and unsuccessful account logon events, account management events, object access, policy change, privilege functions, process tracking, and system events. For Web applications: all administrator activity, authentication checks, authorization checks, data deletions, data access, data changes, and permission changes. d. Determines that the following events are to be audited within the information system: [organization-defined subset of the auditable events defined in AU-2 a to be audited continually for each identified event].;Audit and Accountability (AU);Audit Events (AU-2);;aws;;FAIL;S3 Bucket cloudguardian-data-c8f4e2a3 has server access logging disabled.;arn:aws:s3:::cloudguardian-data-c8f4e2a3;s3_bucket_server_access_logging_enabled;False;cloudguardian-data-c8f4e2a3;FedRamp-Moderate-Revision-4;FedRAMP Moderate Revision 4;
aws;The Federal Risk and Authorization Management Program (FedRAMP) was established in 2011. It provides a cost-effective, risk-based approach for the adoption and use of cloud services by the U.S. federal government. FedRAMP empowers federal agencies to use modern cloud technologies, with an emphasis on the security and protection of federal information.;735291151388;ap-south-1;2026-07-10 18:08:16.187152;au-3;The information system generates audit records containing information that establishes what type of event occurred, when the event occurred, where the event occurred, the source of the event, the outcome of the event, and the identity of any individuals or subjects associated with the event.;Audit and Accountability (AU);;;aws;;FAIL;S3 Bucket cloudguardian-data-c8f4e2a3 has server access logging disabled.;arn:aws:s3:::cloudguardian-data-c8f4e2a3;s3_bucket_server_access_logging_enabled;False;cloudguardian-data-c8f4e2a3;FedRamp-Moderate-Revision-4;FedRAMP Moderate Revision 4;
aws;The Federal Risk and Authorization Management Program (FedRAMP) was established in 2011. It provides a cost-effective, risk-based approach for the adoption and use of cloud services by the U.S. federal government. FedRAMP empowers federal agencies to use modern cloud technologies, with an emphasis on the security and protection of federal information.;735291151388;ap-south-1;2026-07-10 18:08:16.187152;au-6-1-3;(1) The organization employs automated mechanisms to integrate audit review, analysis, and reporting processes to support organizational processes for investigation and response to suspicious activities. (3) The organization analyzes and correlates audit records across different repositories to gain organization-wide situational awareness.;Audit and Accountability (AU);Audit Review, Analysis And Reporting (AU-6);;aws;;FAIL;S3 Bucket cloudguardian-data-c8f4e2a3 has server access logging disabled.;arn:aws:s3:::cloudguardian-data-c8f4e2a3;s3_bucket_server_access_logging_enabled;False;cloudguardian-data-c8f4e2a3;FedRamp-Moderate-Revision-4;FedRAMP Moderate Revision 4;
aws;The Federal Risk and Authorization Management Program (FedRAMP) was established in 2011. It provides a cost-effective, risk-based approach for the adoption and use of cloud services by the U.S. federal government. FedRAMP empowers federal agencies to use modern cloud technologies, with an emphasis on the security and protection of federal information.;735291151388;ap-south-1;2026-07-10 18:08:16.187152;au-12-a-c;The information system: a. Provides audit record generation capability for the auditable events defined in AU-2 a. at all information system and network components where audit capability is deployed/available c. Generates audit records for the events defined in AU-2 d. with the content defined in AU-3.;Audit and Accountability (AU);Audit Generation (AU-12);;aws;;FAIL;S3 Bucket cloudguardian-data-c8f4e2a3 has server access logging disabled.;arn:aws:s3:::cloudguardian-data-c8f4e2a3;s3_bucket_server_access_logging_enabled;False;cloudguardian-data-c8f4e2a3;FedRamp-Moderate-Revision-4;FedRAMP Moderate Revision 4;
aws;The Federal Risk and Authorization Management Program (FedRAMP) was established in 2011. It provides a cost-effective, risk-based approach for the adoption and use of cloud services by the U.S. federal government. FedRAMP empowers federal agencies to use modern cloud technologies, with an emphasis on the security and protection of federal information.;735291151388;ap-south-1;2026-07-10 18:08:16.187152;au-2-a-d;The organization: a. Determines that the information system is capable of auditing the following events: Successful and unsuccessful account logon events, account management events, object access, policy change, privilege functions, process tracking, and system events. For Web applications: all administrator activity, authentication checks, authorization checks, data deletions, data access, data changes, and permission changes. d. Determines that the following events are to be audited within the information system: [organization-defined subset of the auditable events defined in AU-2 a to be audited continually for each identified event].;Audit and Accountability (AU);Audit Events (AU-2);;aws;;FAIL;VPC cloudguardian-vpc Flow logs are disabled.;arn:aws:ec2:ap-south-1:735291151388:vpc/vpc-056acc9b951114346;vpc_flow_logs_enabled;False;vpc-056acc9b951114346;FedRamp-Moderate-Revision-4;FedRAMP Moderate Revision 4;
aws;The Federal Risk and Authorization Management Program (FedRAMP) was established in 2011. It provides a cost-effective, risk-based approach for the adoption and use of cloud services by the U.S. federal government. FedRAMP empowers federal agencies to use modern cloud technologies, with an emphasis on the security and protection of federal information.;735291151388;ap-south-1;2026-07-10 18:08:16.187152;au-3;The information system generates audit records containing information that establishes what type of event occurred, when the event occurred, where the event occurred, the source of the event, the outcome of the event, and the identity of any individuals or subjects associated with the event.;Audit and Accountability (AU);;;aws;;FAIL;VPC cloudguardian-vpc Flow logs are disabled.;arn:aws:ec2:ap-south-1:735291151388:vpc/vpc-056acc9b951114346;vpc_flow_logs_enabled;False;vpc-056acc9b951114346;FedRamp-Moderate-Revision-4;FedRAMP Moderate Revision 4;
aws;The Federal Risk and Authorization Management Program (FedRAMP) was established in 2011. It provides a cost-effective, risk-based approach for the adoption and use of cloud services by the U.S. federal government. FedRAMP empowers federal agencies to use modern cloud technologies, with an emphasis on the security and protection of federal information.;735291151388;ap-south-1;2026-07-10 18:08:16.187152;au-6-1-3;(1) The organization employs automated mechanisms to integrate audit review, analysis, and reporting processes to support organizational processes for investigation and response to suspicious activities. (3) The organization analyzes and correlates audit records across different repositories to gain organization-wide situational awareness.;Audit and Accountability (AU);Audit Review, Analysis And Reporting (AU-6);;aws;;FAIL;VPC cloudguardian-vpc Flow logs are disabled.;arn:aws:ec2:ap-south-1:735291151388:vpc/vpc-056acc9b951114346;vpc_flow_logs_enabled;False;vpc-056acc9b951114346;FedRamp-Moderate-Revision-4;FedRAMP Moderate Revision 4;
aws;The Federal Risk and Authorization Management Program (FedRAMP) was established in 2011. It provides a cost-effective, risk-based approach for the adoption and use of cloud services by the U.S. federal government. FedRAMP empowers federal agencies to use modern cloud technologies, with an emphasis on the security and protection of federal information.;735291151388;ap-south-1;2026-07-10 18:08:16.187152;au-12-a-c;The information system: a. Provides audit record generation capability for the auditable events defined in AU-2 a. at all information system and network components where audit capability is deployed/available c. Generates audit records for the events defined in AU-2 d. with the content defined in AU-3.;Audit and Accountability (AU);Audit Generation (AU-12);;aws;;FAIL;VPC cloudguardian-vpc Flow logs are disabled.;arn:aws:ec2:ap-south-1:735291151388:vpc/vpc-056acc9b951114346;vpc_flow_logs_enabled;False;vpc-056acc9b951114346;FedRamp-Moderate-Revision-4;FedRAMP Moderate Revision 4;
aws;The Federal Risk and Authorization Management Program (FedRAMP) was established in 2011. It provides a cost-effective, risk-based approach for the adoption and use of cloud services by the U.S. federal government. FedRAMP empowers federal agencies to use modern cloud technologies, with an emphasis on the security and protection of federal information.;;;2026-07-10 18:08:16.187152;ia-5-7;The organization ensures that unencrypted static authenticators are not embedded in applications or access scripts or stored on function keys.;Identification and Authentication (IA);Authenticator Management (IA-5);;codebuild;;MANUAL;Manual check;manual_check;manual;False;Manual check;FedRamp-Moderate-Revision-4;FedRAMP Moderate Revision 4;
