PROVIDER;DESCRIPTION;ACCOUNTID;REGION;ASSESSMENTDATE;REQUIREMENTS_ID;REQUIREMENTS_DESCRIPTION;REQUIREMENTS_ATTRIBUTES_SECTION;REQUIREMENTS_ATTRIBUTES_SUBSECTION;REQUIREMENTS_ATTRIBUTES_SUBGROUP;REQUIREMENTS_ATTRIBUTES_SERVICE;REQUIREMENTS_ATTRIBUTES_TYPE;STATUS;STATUSEXTENDED;RESOURCEID;CHECKID;MUTED;RESOURCENAME;FRAMEWORK;NAME;REQUIREMENTS_ATTRIBUTES_COMMENT
aws;FedRAMP 20x Key Security Indicators (KSIs) Low Impact Level represent core security indicators for cloud service providers, focusing on automation, continuous monitoring, and cloud-native security principles per FedRAMP 20x Phase One pilot requirements for Low impact systems.;735291151388;ap-south-1;2026-07-10 18:08:16.187152;ksi-rpl;A secure cloud service offering will define, maintain, and test incident response plan(s) and recovery capabilities to ensure minimal service disruption and data loss;Recovery Planning;;;aws;;FAIL;No Backup Vault exist.;arn:aws:backup:ap-south-1:735291151388:backup-vault;backup_vaults_exist;False;735291151388;FedRAMP-20x-KSI-Low;FedRAMP 20x Key Security Indicators (KSIs) - Low Impact Level v25.05C;
aws;FedRAMP 20x Key Security Indicators (KSIs) Low Impact Level represent core security indicators for cloud service providers, focusing on automation, continuous monitoring, and cloud-native security principles per FedRAMP 20x Phase One pilot requirements for Low impact systems.;735291151388;ap-northeast-1;2026-07-10 18:08:16.187152;ksi-cmt;A secure cloud service provider will ensure that all system changes are properly documented and configuration baselines are updated accordingly;Change Management;;;aws;;FAIL;No CloudTrail trails enabled with logging were found.;arn:aws:cloudtrail:ap-northeast-1:735291151388:trail;cloudtrail_multi_region_enabled;False;735291151388;FedRAMP-20x-KSI-Low;FedRAMP 20x Key Security Indicators (KSIs) - Low Impact Level v25.05C;
aws;FedRAMP 20x Key Security Indicators (KSIs) Low Impact Level represent core security indicators for cloud service providers, focusing on automation, continuous monitoring, and cloud-native security principles per FedRAMP 20x Phase One pilot requirements for Low impact systems.;735291151388;ap-northeast-1;2026-07-10 18:08:16.187152;ksi-mla;A secure cloud service offering will monitor, log, and audit all important events, activity, and changes;Monitoring, Logging, and Auditing;;;aws;;FAIL;No CloudTrail trails enabled with logging were found.;arn:aws:cloudtrail:ap-northeast-1:735291151388:trail;cloudtrail_multi_region_enabled;False;735291151388;FedRAMP-20x-KSI-Low;FedRAMP 20x Key Security Indicators (KSIs) - Low Impact Level v25.05C;
aws;FedRAMP 20x Key Security Indicators (KSIs) Low Impact Level represent core security indicators for cloud service providers, focusing on automation, continuous monitoring, and cloud-native security principles per FedRAMP 20x Phase One pilot requirements for Low impact systems.;735291151388;ap-northeast-1;2026-07-10 18:08:16.187152;ksi-mla-07;Maintain a list of information resources and event types that will be monitored, logged, and audited;Monitoring, Logging, and Auditing;;;aws;;FAIL;No CloudTrail trails enabled with logging were found.;arn:aws:cloudtrail:ap-northeast-1:735291151388:trail;cloudtrail_multi_region_enabled;False;735291151388;FedRAMP-20x-KSI-Low;FedRAMP 20x Key Security Indicators (KSIs) - Low Impact Level v25.05C;
aws;FedRAMP 20x Key Security Indicators (KSIs) Low Impact Level represent core security indicators for cloud service providers, focusing on automation, continuous monitoring, and cloud-native security principles per FedRAMP 20x Phase One pilot requirements for Low impact systems.;735291151388;ap-northeast-2;2026-07-10 18:08:16.187152;ksi-cmt;A secure cloud service provider will ensure that all system changes are properly documented and configuration baselines are updated accordingly;Change Management;;;aws;;FAIL;No CloudTrail trails enabled with logging were found.;arn:aws:cloudtrail:ap-northeast-2:735291151388:trail;cloudtrail_multi_region_enabled;False;735291151388;FedRAMP-20x-KSI-Low;FedRAMP 20x Key Security Indicators (KSIs) - Low Impact Level v25.05C;
aws;FedRAMP 20x Key Security Indicators (KSIs) Low Impact Level represent core security indicators for cloud service providers, focusing on automation, continuous monitoring, and cloud-native security principles per FedRAMP 20x Phase One pilot requirements for Low impact systems.;735291151388;ap-northeast-2;2026-07-10 18:08:16.187152;ksi-mla;A secure cloud service offering will monitor, log, and audit all important events, activity, and changes;Monitoring, Logging, and Auditing;;;aws;;FAIL;No CloudTrail trails enabled with logging were found.;arn:aws:cloudtrail:ap-northeast-2:735291151388:trail;cloudtrail_multi_region_enabled;False;735291151388;FedRAMP-20x-KSI-Low;FedRAMP 20x Key Security Indicators (KSIs) - Low Impact Level v25.05C;
aws;FedRAMP 20x Key Security Indicators (KSIs) Low Impact Level represent core security indicators for cloud service providers, focusing on automation, continuous monitoring, and cloud-native security principles per FedRAMP 20x Phase One pilot requirements for Low impact systems.;735291151388;ap-northeast-2;2026-07-10 18:08:16.187152;ksi-mla-07;Maintain a list of information resources and event types that will be monitored, logged, and audited;Monitoring, Logging, and Auditing;;;aws;;FAIL;No CloudTrail trails enabled with logging were found.;arn:aws:cloudtrail:ap-northeast-2:735291151388:trail;cloudtrail_multi_region_enabled;False;735291151388;FedRAMP-20x-KSI-Low;FedRAMP 20x Key Security Indicators (KSIs) - Low Impact Level v25.05C;
aws;FedRAMP 20x Key Security Indicators (KSIs) Low Impact Level represent core security indicators for cloud service providers, focusing on automation, continuous monitoring, and cloud-native security principles per FedRAMP 20x Phase One pilot requirements for Low impact systems.;735291151388;ap-northeast-3;2026-07-10 18:08:16.187152;ksi-cmt;A secure cloud service provider will ensure that all system changes are properly documented and configuration baselines are updated accordingly;Change Management;;;aws;;FAIL;No CloudTrail trails enabled with logging were found.;arn:aws:cloudtrail:ap-northeast-3:735291151388:trail;cloudtrail_multi_region_enabled;False;735291151388;FedRAMP-20x-KSI-Low;FedRAMP 20x Key Security Indicators (KSIs) - Low Impact Level v25.05C;
aws;FedRAMP 20x Key Security Indicators (KSIs) Low Impact Level represent core security indicators for cloud service providers, focusing on automation, continuous monitoring, and cloud-native security principles per FedRAMP 20x Phase One pilot requirements for Low impact systems.;735291151388;ap-northeast-3;2026-07-10 18:08:16.187152;ksi-mla;A secure cloud service offering will monitor, log, and audit all important events, activity, and changes;Monitoring, Logging, and Auditing;;;aws;;FAIL;No CloudTrail trails enabled with logging were found.;arn:aws:cloudtrail:ap-northeast-3:735291151388:trail;cloudtrail_multi_region_enabled;False;735291151388;FedRAMP-20x-KSI-Low;FedRAMP 20x Key Security Indicators (KSIs) - Low Impact Level v25.05C;
aws;FedRAMP 20x Key Security Indicators (KSIs) Low Impact Level represent core security indicators for cloud service providers, focusing on automation, continuous monitoring, and cloud-native security principles per FedRAMP 20x Phase One pilot requirements for Low impact systems.;735291151388;ap-northeast-3;2026-07-10 18:08:16.187152;ksi-mla-07;Maintain a list of information resources and event types that will be monitored, logged, and audited;Monitoring, Logging, and Auditing;;;aws;;FAIL;No CloudTrail trails enabled with logging were found.;arn:aws:cloudtrail:ap-northeast-3:735291151388:trail;cloudtrail_multi_region_enabled;False;735291151388;FedRAMP-20x-KSI-Low;FedRAMP 20x Key Security Indicators (KSIs) - Low Impact Level v25.05C;
aws;FedRAMP 20x Key Security Indicators (KSIs) Low Impact Level represent core security indicators for cloud service providers, focusing on automation, continuous monitoring, and cloud-native security principles per FedRAMP 20x Phase One pilot requirements for Low impact systems.;735291151388;ap-south-1;2026-07-10 18:08:16.187152;ksi-cmt;A secure cloud service provider will ensure that all system changes are properly documented and configuration baselines are updated accordingly;Change Management;;;aws;;FAIL;No CloudTrail trails enabled with logging were found.;arn:aws:cloudtrail:ap-south-1:735291151388:trail;cloudtrail_multi_region_enabled;False;735291151388;FedRAMP-20x-KSI-Low;FedRAMP 20x Key Security Indicators (KSIs) - Low Impact Level v25.05C;
aws;FedRAMP 20x Key Security Indicators (KSIs) Low Impact Level represent core security indicators for cloud service providers, focusing on automation, continuous monitoring, and cloud-native security principles per FedRAMP 20x Phase One pilot requirements for Low impact systems.;735291151388;ap-south-1;2026-07-10 18:08:16.187152;ksi-mla;A secure cloud service offering will monitor, log, and audit all important events, activity, and changes;Monitoring, Logging, and Auditing;;;aws;;FAIL;No CloudTrail trails enabled with logging were found.;arn:aws:cloudtrail:ap-south-1:735291151388:trail;cloudtrail_multi_region_enabled;False;735291151388;FedRAMP-20x-KSI-Low;FedRAMP 20x Key Security Indicators (KSIs) - Low Impact Level v25.05C;
aws;FedRAMP 20x Key Security Indicators (KSIs) Low Impact Level represent core security indicators for cloud service providers, focusing on automation, continuous monitoring, and cloud-native security principles per FedRAMP 20x Phase One pilot requirements for Low impact systems.;735291151388;ap-south-1;2026-07-10 18:08:16.187152;ksi-mla-07;Maintain a list of information resources and event types that will be monitored, logged, and audited;Monitoring, Logging, and Auditing;;;aws;;FAIL;No CloudTrail trails enabled with logging were found.;arn:aws:cloudtrail:ap-south-1:735291151388:trail;cloudtrail_multi_region_enabled;False;735291151388;FedRAMP-20x-KSI-Low;FedRAMP 20x Key Security Indicators (KSIs) - Low Impact Level v25.05C;
aws;FedRAMP 20x Key Security Indicators (KSIs) Low Impact Level represent core security indicators for cloud service providers, focusing on automation, continuous monitoring, and cloud-native security principles per FedRAMP 20x Phase One pilot requirements for Low impact systems.;735291151388;ap-southeast-1;2026-07-10 18:08:16.187152;ksi-cmt;A secure cloud service provider will ensure that all system changes are properly documented and configuration baselines are updated accordingly;Change Management;;;aws;;FAIL;No CloudTrail trails enabled with logging were found.;arn:aws:cloudtrail:ap-southeast-1:735291151388:trail;cloudtrail_multi_region_enabled;False;735291151388;FedRAMP-20x-KSI-Low;FedRAMP 20x Key Security Indicators (KSIs) - Low Impact Level v25.05C;
aws;FedRAMP 20x Key Security Indicators (KSIs) Low Impact Level represent core security indicators for cloud service providers, focusing on automation, continuous monitoring, and cloud-native security principles per FedRAMP 20x Phase One pilot requirements for Low impact systems.;735291151388;ap-southeast-1;2026-07-10 18:08:16.187152;ksi-mla;A secure cloud service offering will monitor, log, and audit all important events, activity, and changes;Monitoring, Logging, and Auditing;;;aws;;FAIL;No CloudTrail trails enabled with logging were found.;arn:aws:cloudtrail:ap-southeast-1:735291151388:trail;cloudtrail_multi_region_enabled;False;735291151388;FedRAMP-20x-KSI-Low;FedRAMP 20x Key Security Indicators (KSIs) - Low Impact Level v25.05C;
aws;FedRAMP 20x Key Security Indicators (KSIs) Low Impact Level represent core security indicators for cloud service providers, focusing on automation, continuous monitoring, and cloud-native security principles per FedRAMP 20x Phase One pilot requirements for Low impact systems.;735291151388;ap-southeast-1;2026-07-10 18:08:16.187152;ksi-mla-07;Maintain a list of information resources and event types that will be monitored, logged, and audited;Monitoring, Logging, and Auditing;;;aws;;FAIL;No CloudTrail trails enabled with logging were found.;arn:aws:cloudtrail:ap-southeast-1:735291151388:trail;cloudtrail_multi_region_enabled;False;735291151388;FedRAMP-20x-KSI-Low;FedRAMP 20x Key Security Indicators (KSIs) - Low Impact Level v25.05C;
aws;FedRAMP 20x Key Security Indicators (KSIs) Low Impact Level represent core security indicators for cloud service providers, focusing on automation, continuous monitoring, and cloud-native security principles per FedRAMP 20x Phase One pilot requirements for Low impact systems.;735291151388;ap-southeast-2;2026-07-10 18:08:16.187152;ksi-cmt;A secure cloud service provider will ensure that all system changes are properly documented and configuration baselines are updated accordingly;Change Management;;;aws;;FAIL;No CloudTrail trails enabled with logging were found.;arn:aws:cloudtrail:ap-southeast-2:735291151388:trail;cloudtrail_multi_region_enabled;False;735291151388;FedRAMP-20x-KSI-Low;FedRAMP 20x Key Security Indicators (KSIs) - Low Impact Level v25.05C;
aws;FedRAMP 20x Key Security Indicators (KSIs) Low Impact Level represent core security indicators for cloud service providers, focusing on automation, continuous monitoring, and cloud-native security principles per FedRAMP 20x Phase One pilot requirements for Low impact systems.;735291151388;ap-southeast-2;2026-07-10 18:08:16.187152;ksi-mla;A secure cloud service offering will monitor, log, and audit all important events, activity, and changes;Monitoring, Logging, and Auditing;;;aws;;FAIL;No CloudTrail trails enabled with logging were found.;arn:aws:cloudtrail:ap-southeast-2:735291151388:trail;cloudtrail_multi_region_enabled;False;735291151388;FedRAMP-20x-KSI-Low;FedRAMP 20x Key Security Indicators (KSIs) - Low Impact Level v25.05C;
aws;FedRAMP 20x Key Security Indicators (KSIs) Low Impact Level represent core security indicators for cloud service providers, focusing on automation, continuous monitoring, and cloud-native security principles per FedRAMP 20x Phase One pilot requirements for Low impact systems.;735291151388;ap-southeast-2;2026-07-10 18:08:16.187152;ksi-mla-07;Maintain a list of information resources and event types that will be monitored, logged, and audited;Monitoring, Logging, and Auditing;;;aws;;FAIL;No CloudTrail trails enabled with logging were found.;arn:aws:cloudtrail:ap-southeast-2:735291151388:trail;cloudtrail_multi_region_enabled;False;735291151388;FedRAMP-20x-KSI-Low;FedRAMP 20x Key Security Indicators (KSIs) - Low Impact Level v25.05C;
aws;FedRAMP 20x Key Security Indicators (KSIs) Low Impact Level represent core security indicators for cloud service providers, focusing on automation, continuous monitoring, and cloud-native security principles per FedRAMP 20x Phase One pilot requirements for Low impact systems.;735291151388;ca-central-1;2026-07-10 18:08:16.187152;ksi-cmt;A secure cloud service provider will ensure that all system changes are properly documented and configuration baselines are updated accordingly;Change Management;;;aws;;FAIL;No CloudTrail trails enabled with logging were found.;arn:aws:cloudtrail:ca-central-1:735291151388:trail;cloudtrail_multi_region_enabled;False;735291151388;FedRAMP-20x-KSI-Low;FedRAMP 20x Key Security Indicators (KSIs) - Low Impact Level v25.05C;
aws;FedRAMP 20x Key Security Indicators (KSIs) Low Impact Level represent core security indicators for cloud service providers, focusing on automation, continuous monitoring, and cloud-native security principles per FedRAMP 20x Phase One pilot requirements for Low impact systems.;735291151388;ca-central-1;2026-07-10 18:08:16.187152;ksi-mla;A secure cloud service offering will monitor, log, and audit all important events, activity, and changes;Monitoring, Logging, and Auditing;;;aws;;FAIL;No CloudTrail trails enabled with logging were found.;arn:aws:cloudtrail:ca-central-1:735291151388:trail;cloudtrail_multi_region_enabled;False;735291151388;FedRAMP-20x-KSI-Low;FedRAMP 20x Key Security Indicators (KSIs) - Low Impact Level v25.05C;
aws;FedRAMP 20x Key Security Indicators (KSIs) Low Impact Level represent core security indicators for cloud service providers, focusing on automation, continuous monitoring, and cloud-native security principles per FedRAMP 20x Phase One pilot requirements for Low impact systems.;735291151388;ca-central-1;2026-07-10 18:08:16.187152;ksi-mla-07;Maintain a list of information resources and event types that will be monitored, logged, and audited;Monitoring, Logging, and Auditing;;;aws;;FAIL;No CloudTrail trails enabled with logging were found.;arn:aws:cloudtrail:ca-central-1:735291151388:trail;cloudtrail_multi_region_enabled;False;735291151388;FedRAMP-20x-KSI-Low;FedRAMP 20x Key Security Indicators (KSIs) - Low Impact Level v25.05C;
aws;FedRAMP 20x Key Security Indicators (KSIs) Low Impact Level represent core security indicators for cloud service providers, focusing on automation, continuous monitoring, and cloud-native security principles per FedRAMP 20x Phase One pilot requirements for Low impact systems.;735291151388;eu-central-1;2026-07-10 18:08:16.187152;ksi-cmt;A secure cloud service provider will ensure that all system changes are properly documented and configuration baselines are updated accordingly;Change Management;;;aws;;FAIL;No CloudTrail trails enabled with logging were found.;arn:aws:cloudtrail:eu-central-1:735291151388:trail;cloudtrail_multi_region_enabled;False;735291151388;FedRAMP-20x-KSI-Low;FedRAMP 20x Key Security Indicators (KSIs) - Low Impact Level v25.05C;
aws;FedRAMP 20x Key Security Indicators (KSIs) Low Impact Level represent core security indicators for cloud service providers, focusing on automation, continuous monitoring, and cloud-native security principles per FedRAMP 20x Phase One pilot requirements for Low impact systems.;735291151388;eu-central-1;2026-07-10 18:08:16.187152;ksi-mla;A secure cloud service offering will monitor, log, and audit all important events, activity, and changes;Monitoring, Logging, and Auditing;;;aws;;FAIL;No CloudTrail trails enabled with logging were found.;arn:aws:cloudtrail:eu-central-1:735291151388:trail;cloudtrail_multi_region_enabled;False;735291151388;FedRAMP-20x-KSI-Low;FedRAMP 20x Key Security Indicators (KSIs) - Low Impact Level v25.05C;
aws;FedRAMP 20x Key Security Indicators (KSIs) Low Impact Level represent core security indicators for cloud service providers, focusing on automation, continuous monitoring, and cloud-native security principles per FedRAMP 20x Phase One pilot requirements for Low impact systems.;735291151388;eu-central-1;2026-07-10 18:08:16.187152;ksi-mla-07;Maintain a list of information resources and event types that will be monitored, logged, and audited;Monitoring, Logging, and Auditing;;;aws;;FAIL;No CloudTrail trails enabled with logging were found.;arn:aws:cloudtrail:eu-central-1:735291151388:trail;cloudtrail_multi_region_enabled;False;735291151388;FedRAMP-20x-KSI-Low;FedRAMP 20x Key Security Indicators (KSIs) - Low Impact Level v25.05C;
aws;FedRAMP 20x Key Security Indicators (KSIs) Low Impact Level represent core security indicators for cloud service providers, focusing on automation, continuous monitoring, and cloud-native security principles per FedRAMP 20x Phase One pilot requirements for Low impact systems.;735291151388;eu-north-1;2026-07-10 18:08:16.187152;ksi-cmt;A secure cloud service provider will ensure that all system changes are properly documented and configuration baselines are updated accordingly;Change Management;;;aws;;FAIL;No CloudTrail trails enabled with logging were found.;arn:aws:cloudtrail:eu-north-1:735291151388:trail;cloudtrail_multi_region_enabled;False;735291151388;FedRAMP-20x-KSI-Low;FedRAMP 20x Key Security Indicators (KSIs) - Low Impact Level v25.05C;
aws;FedRAMP 20x Key Security Indicators (KSIs) Low Impact Level represent core security indicators for cloud service providers, focusing on automation, continuous monitoring, and cloud-native security principles per FedRAMP 20x Phase One pilot requirements for Low impact systems.;735291151388;eu-north-1;2026-07-10 18:08:16.187152;ksi-mla;A secure cloud service offering will monitor, log, and audit all important events, activity, and changes;Monitoring, Logging, and Auditing;;;aws;;FAIL;No CloudTrail trails enabled with logging were found.;arn:aws:cloudtrail:eu-north-1:735291151388:trail;cloudtrail_multi_region_enabled;False;735291151388;FedRAMP-20x-KSI-Low;FedRAMP 20x Key Security Indicators (KSIs) - Low Impact Level v25.05C;
aws;FedRAMP 20x Key Security Indicators (KSIs) Low Impact Level represent core security indicators for cloud service providers, focusing on automation, continuous monitoring, and cloud-native security principles per FedRAMP 20x Phase One pilot requirements for Low impact systems.;735291151388;eu-north-1;2026-07-10 18:08:16.187152;ksi-mla-07;Maintain a list of information resources and event types that will be monitored, logged, and audited;Monitoring, Logging, and Auditing;;;aws;;FAIL;No CloudTrail trails enabled with logging were found.;arn:aws:cloudtrail:eu-north-1:735291151388:trail;cloudtrail_multi_region_enabled;False;735291151388;FedRAMP-20x-KSI-Low;FedRAMP 20x Key Security Indicators (KSIs) - Low Impact Level v25.05C;
aws;FedRAMP 20x Key Security Indicators (KSIs) Low Impact Level represent core security indicators for cloud service providers, focusing on automation, continuous monitoring, and cloud-native security principles per FedRAMP 20x Phase One pilot requirements for Low impact systems.;735291151388;eu-west-1;2026-07-10 18:08:16.187152;ksi-cmt;A secure cloud service provider will ensure that all system changes are properly documented and configuration baselines are updated accordingly;Change Management;;;aws;;FAIL;No CloudTrail trails enabled with logging were found.;arn:aws:cloudtrail:eu-west-1:735291151388:trail;cloudtrail_multi_region_enabled;False;735291151388;FedRAMP-20x-KSI-Low;FedRAMP 20x Key Security Indicators (KSIs) - Low Impact Level v25.05C;
aws;FedRAMP 20x Key Security Indicators (KSIs) Low Impact Level represent core security indicators for cloud service providers, focusing on automation, continuous monitoring, and cloud-native security principles per FedRAMP 20x Phase One pilot requirements for Low impact systems.;735291151388;eu-west-1;2026-07-10 18:08:16.187152;ksi-mla;A secure cloud service offering will monitor, log, and audit all important events, activity, and changes;Monitoring, Logging, and Auditing;;;aws;;FAIL;No CloudTrail trails enabled with logging were found.;arn:aws:cloudtrail:eu-west-1:735291151388:trail;cloudtrail_multi_region_enabled;False;735291151388;FedRAMP-20x-KSI-Low;FedRAMP 20x Key Security Indicators (KSIs) - Low Impact Level v25.05C;
aws;FedRAMP 20x Key Security Indicators (KSIs) Low Impact Level represent core security indicators for cloud service providers, focusing on automation, continuous monitoring, and cloud-native security principles per FedRAMP 20x Phase One pilot requirements for Low impact systems.;735291151388;eu-west-1;2026-07-10 18:08:16.187152;ksi-mla-07;Maintain a list of information resources and event types that will be monitored, logged, and audited;Monitoring, Logging, and Auditing;;;aws;;FAIL;No CloudTrail trails enabled with logging were found.;arn:aws:cloudtrail:eu-west-1:735291151388:trail;cloudtrail_multi_region_enabled;False;735291151388;FedRAMP-20x-KSI-Low;FedRAMP 20x Key Security Indicators (KSIs) - Low Impact Level v25.05C;
aws;FedRAMP 20x Key Security Indicators (KSIs) Low Impact Level represent core security indicators for cloud service providers, focusing on automation, continuous monitoring, and cloud-native security principles per FedRAMP 20x Phase One pilot requirements for Low impact systems.;735291151388;eu-west-2;2026-07-10 18:08:16.187152;ksi-cmt;A secure cloud service provider will ensure that all system changes are properly documented and configuration baselines are updated accordingly;Change Management;;;aws;;FAIL;No CloudTrail trails enabled with logging were found.;arn:aws:cloudtrail:eu-west-2:735291151388:trail;cloudtrail_multi_region_enabled;False;735291151388;FedRAMP-20x-KSI-Low;FedRAMP 20x Key Security Indicators (KSIs) - Low Impact Level v25.05C;
aws;FedRAMP 20x Key Security Indicators (KSIs) Low Impact Level represent core security indicators for cloud service providers, focusing on automation, continuous monitoring, and cloud-native security principles per FedRAMP 20x Phase One pilot requirements for Low impact systems.;735291151388;eu-west-2;2026-07-10 18:08:16.187152;ksi-mla;A secure cloud service offering will monitor, log, and audit all important events, activity, and changes;Monitoring, Logging, and Auditing;;;aws;;FAIL;No CloudTrail trails enabled with logging were found.;arn:aws:cloudtrail:eu-west-2:735291151388:trail;cloudtrail_multi_region_enabled;False;735291151388;FedRAMP-20x-KSI-Low;FedRAMP 20x Key Security Indicators (KSIs) - Low Impact Level v25.05C;
aws;FedRAMP 20x Key Security Indicators (KSIs) Low Impact Level represent core security indicators for cloud service providers, focusing on automation, continuous monitoring, and cloud-native security principles per FedRAMP 20x Phase One pilot requirements for Low impact systems.;735291151388;eu-west-2;2026-07-10 18:08:16.187152;ksi-mla-07;Maintain a list of information resources and event types that will be monitored, logged, and audited;Monitoring, Logging, and Auditing;;;aws;;FAIL;No CloudTrail trails enabled with logging were found.;arn:aws:cloudtrail:eu-west-2:735291151388:trail;cloudtrail_multi_region_enabled;False;735291151388;FedRAMP-20x-KSI-Low;FedRAMP 20x Key Security Indicators (KSIs) - Low Impact Level v25.05C;
aws;FedRAMP 20x Key Security Indicators (KSIs) Low Impact Level represent core security indicators for cloud service providers, focusing on automation, continuous monitoring, and cloud-native security principles per FedRAMP 20x Phase One pilot requirements for Low impact systems.;735291151388;eu-west-3;2026-07-10 18:08:16.187152;ksi-cmt;A secure cloud service provider will ensure that all system changes are properly documented and configuration baselines are updated accordingly;Change Management;;;aws;;FAIL;No CloudTrail trails enabled with logging were found.;arn:aws:cloudtrail:eu-west-3:735291151388:trail;cloudtrail_multi_region_enabled;False;735291151388;FedRAMP-20x-KSI-Low;FedRAMP 20x Key Security Indicators (KSIs) - Low Impact Level v25.05C;
aws;FedRAMP 20x Key Security Indicators (KSIs) Low Impact Level represent core security indicators for cloud service providers, focusing on automation, continuous monitoring, and cloud-native security principles per FedRAMP 20x Phase One pilot requirements for Low impact systems.;735291151388;eu-west-3;2026-07-10 18:08:16.187152;ksi-mla;A secure cloud service offering will monitor, log, and audit all important events, activity, and changes;Monitoring, Logging, and Auditing;;;aws;;FAIL;No CloudTrail trails enabled with logging were found.;arn:aws:cloudtrail:eu-west-3:735291151388:trail;cloudtrail_multi_region_enabled;False;735291151388;FedRAMP-20x-KSI-Low;FedRAMP 20x Key Security Indicators (KSIs) - Low Impact Level v25.05C;
aws;FedRAMP 20x Key Security Indicators (KSIs) Low Impact Level represent core security indicators for cloud service providers, focusing on automation, continuous monitoring, and cloud-native security principles per FedRAMP 20x Phase One pilot requirements for Low impact systems.;735291151388;eu-west-3;2026-07-10 18:08:16.187152;ksi-mla-07;Maintain a list of information resources and event types that will be monitored, logged, and audited;Monitoring, Logging, and Auditing;;;aws;;FAIL;No CloudTrail trails enabled with logging were found.;arn:aws:cloudtrail:eu-west-3:735291151388:trail;cloudtrail_multi_region_enabled;False;735291151388;FedRAMP-20x-KSI-Low;FedRAMP 20x Key Security Indicators (KSIs) - Low Impact Level v25.05C;
aws;FedRAMP 20x Key Security Indicators (KSIs) Low Impact Level represent core security indicators for cloud service providers, focusing on automation, continuous monitoring, and cloud-native security principles per FedRAMP 20x Phase One pilot requirements for Low impact systems.;735291151388;sa-east-1;2026-07-10 18:08:16.187152;ksi-cmt;A secure cloud service provider will ensure that all system changes are properly documented and configuration baselines are updated accordingly;Change Management;;;aws;;FAIL;No CloudTrail trails enabled with logging were found.;arn:aws:cloudtrail:sa-east-1:735291151388:trail;cloudtrail_multi_region_enabled;False;735291151388;FedRAMP-20x-KSI-Low;FedRAMP 20x Key Security Indicators (KSIs) - Low Impact Level v25.05C;
aws;FedRAMP 20x Key Security Indicators (KSIs) Low Impact Level represent core security indicators for cloud service providers, focusing on automation, continuous monitoring, and cloud-native security principles per FedRAMP 20x Phase One pilot requirements for Low impact systems.;735291151388;sa-east-1;2026-07-10 18:08:16.187152;ksi-mla;A secure cloud service offering will monitor, log, and audit all important events, activity, and changes;Monitoring, Logging, and Auditing;;;aws;;FAIL;No CloudTrail trails enabled with logging were found.;arn:aws:cloudtrail:sa-east-1:735291151388:trail;cloudtrail_multi_region_enabled;False;735291151388;FedRAMP-20x-KSI-Low;FedRAMP 20x Key Security Indicators (KSIs) - Low Impact Level v25.05C;
aws;FedRAMP 20x Key Security Indicators (KSIs) Low Impact Level represent core security indicators for cloud service providers, focusing on automation, continuous monitoring, and cloud-native security principles per FedRAMP 20x Phase One pilot requirements for Low impact systems.;735291151388;sa-east-1;2026-07-10 18:08:16.187152;ksi-mla-07;Maintain a list of information resources and event types that will be monitored, logged, and audited;Monitoring, Logging, and Auditing;;;aws;;FAIL;No CloudTrail trails enabled with logging were found.;arn:aws:cloudtrail:sa-east-1:735291151388:trail;cloudtrail_multi_region_enabled;False;735291151388;FedRAMP-20x-KSI-Low;FedRAMP 20x Key Security Indicators (KSIs) - Low Impact Level v25.05C;
aws;FedRAMP 20x Key Security Indicators (KSIs) Low Impact Level represent core security indicators for cloud service providers, focusing on automation, continuous monitoring, and cloud-native security principles per FedRAMP 20x Phase One pilot requirements for Low impact systems.;735291151388;us-east-1;2026-07-10 18:08:16.187152;ksi-cmt;A secure cloud service provider will ensure that all system changes are properly documented and configuration baselines are updated accordingly;Change Management;;;aws;;FAIL;No CloudTrail trails enabled with logging were found.;arn:aws:cloudtrail:us-east-1:735291151388:trail;cloudtrail_multi_region_enabled;False;735291151388;FedRAMP-20x-KSI-Low;FedRAMP 20x Key Security Indicators (KSIs) - Low Impact Level v25.05C;
aws;FedRAMP 20x Key Security Indicators (KSIs) Low Impact Level represent core security indicators for cloud service providers, focusing on automation, continuous monitoring, and cloud-native security principles per FedRAMP 20x Phase One pilot requirements for Low impact systems.;735291151388;us-east-1;2026-07-10 18:08:16.187152;ksi-mla;A secure cloud service offering will monitor, log, and audit all important events, activity, and changes;Monitoring, Logging, and Auditing;;;aws;;FAIL;No CloudTrail trails enabled with logging were found.;arn:aws:cloudtrail:us-east-1:735291151388:trail;cloudtrail_multi_region_enabled;False;735291151388;FedRAMP-20x-KSI-Low;FedRAMP 20x Key Security Indicators (KSIs) - Low Impact Level v25.05C;
aws;FedRAMP 20x Key Security Indicators (KSIs) Low Impact Level represent core security indicators for cloud service providers, focusing on automation, continuous monitoring, and cloud-native security principles per FedRAMP 20x Phase One pilot requirements for Low impact systems.;735291151388;us-east-1;2026-07-10 18:08:16.187152;ksi-mla-07;Maintain a list of information resources and event types that will be monitored, logged, and audited;Monitoring, Logging, and Auditing;;;aws;;FAIL;No CloudTrail trails enabled with logging were found.;arn:aws:cloudtrail:us-east-1:735291151388:trail;cloudtrail_multi_region_enabled;False;735291151388;FedRAMP-20x-KSI-Low;FedRAMP 20x Key Security Indicators (KSIs) - Low Impact Level v25.05C;
aws;FedRAMP 20x Key Security Indicators (KSIs) Low Impact Level represent core security indicators for cloud service providers, focusing on automation, continuous monitoring, and cloud-native security principles per FedRAMP 20x Phase One pilot requirements for Low impact systems.;735291151388;us-east-2;2026-07-10 18:08:16.187152;ksi-cmt;A secure cloud service provider will ensure that all system changes are properly documented and configuration baselines are updated accordingly;Change Management;;;aws;;FAIL;No CloudTrail trails enabled with logging were found.;arn:aws:cloudtrail:us-east-2:735291151388:trail;cloudtrail_multi_region_enabled;False;735291151388;FedRAMP-20x-KSI-Low;FedRAMP 20x Key Security Indicators (KSIs) - Low Impact Level v25.05C;
aws;FedRAMP 20x Key Security Indicators (KSIs) Low Impact Level represent core security indicators for cloud service providers, focusing on automation, continuous monitoring, and cloud-native security principles per FedRAMP 20x Phase One pilot requirements for Low impact systems.;735291151388;us-east-2;2026-07-10 18:08:16.187152;ksi-mla;A secure cloud service offering will monitor, log, and audit all important events, activity, and changes;Monitoring, Logging, and Auditing;;;aws;;FAIL;No CloudTrail trails enabled with logging were found.;arn:aws:cloudtrail:us-east-2:735291151388:trail;cloudtrail_multi_region_enabled;False;735291151388;FedRAMP-20x-KSI-Low;FedRAMP 20x Key Security Indicators (KSIs) - Low Impact Level v25.05C;
aws;FedRAMP 20x Key Security Indicators (KSIs) Low Impact Level represent core security indicators for cloud service providers, focusing on automation, continuous monitoring, and cloud-native security principles per FedRAMP 20x Phase One pilot requirements for Low impact systems.;735291151388;us-east-2;2026-07-10 18:08:16.187152;ksi-mla-07;Maintain a list of information resources and event types that will be monitored, logged, and audited;Monitoring, Logging, and Auditing;;;aws;;FAIL;No CloudTrail trails enabled with logging were found.;arn:aws:cloudtrail:us-east-2:735291151388:trail;cloudtrail_multi_region_enabled;False;735291151388;FedRAMP-20x-KSI-Low;FedRAMP 20x Key Security Indicators (KSIs) - Low Impact Level v25.05C;
aws;FedRAMP 20x Key Security Indicators (KSIs) Low Impact Level represent core security indicators for cloud service providers, focusing on automation, continuous monitoring, and cloud-native security principles per FedRAMP 20x Phase One pilot requirements for Low impact systems.;735291151388;us-west-1;2026-07-10 18:08:16.187152;ksi-cmt;A secure cloud service provider will ensure that all system changes are properly documented and configuration baselines are updated accordingly;Change Management;;;aws;;FAIL;No CloudTrail trails enabled with logging were found.;arn:aws:cloudtrail:us-west-1:735291151388:trail;cloudtrail_multi_region_enabled;False;735291151388;FedRAMP-20x-KSI-Low;FedRAMP 20x Key Security Indicators (KSIs) - Low Impact Level v25.05C;
aws;FedRAMP 20x Key Security Indicators (KSIs) Low Impact Level represent core security indicators for cloud service providers, focusing on automation, continuous monitoring, and cloud-native security principles per FedRAMP 20x Phase One pilot requirements for Low impact systems.;735291151388;us-west-1;2026-07-10 18:08:16.187152;ksi-mla;A secure cloud service offering will monitor, log, and audit all important events, activity, and changes;Monitoring, Logging, and Auditing;;;aws;;FAIL;No CloudTrail trails enabled with logging were found.;arn:aws:cloudtrail:us-west-1:735291151388:trail;cloudtrail_multi_region_enabled;False;735291151388;FedRAMP-20x-KSI-Low;FedRAMP 20x Key Security Indicators (KSIs) - Low Impact Level v25.05C;
aws;FedRAMP 20x Key Security Indicators (KSIs) Low Impact Level represent core security indicators for cloud service providers, focusing on automation, continuous monitoring, and cloud-native security principles per FedRAMP 20x Phase One pilot requirements for Low impact systems.;735291151388;us-west-1;2026-07-10 18:08:16.187152;ksi-mla-07;Maintain a list of information resources and event types that will be monitored, logged, and audited;Monitoring, Logging, and Auditing;;;aws;;FAIL;No CloudTrail trails enabled with logging were found.;arn:aws:cloudtrail:us-west-1:735291151388:trail;cloudtrail_multi_region_enabled;False;735291151388;FedRAMP-20x-KSI-Low;FedRAMP 20x Key Security Indicators (KSIs) - Low Impact Level v25.05C;
aws;FedRAMP 20x Key Security Indicators (KSIs) Low Impact Level represent core security indicators for cloud service providers, focusing on automation, continuous monitoring, and cloud-native security principles per FedRAMP 20x Phase One pilot requirements for Low impact systems.;735291151388;us-west-2;2026-07-10 18:08:16.187152;ksi-cmt;A secure cloud service provider will ensure that all system changes are properly documented and configuration baselines are updated accordingly;Change Management;;;aws;;FAIL;No CloudTrail trails enabled with logging were found.;arn:aws:cloudtrail:us-west-2:735291151388:trail;cloudtrail_multi_region_enabled;False;735291151388;FedRAMP-20x-KSI-Low;FedRAMP 20x Key Security Indicators (KSIs) - Low Impact Level v25.05C;
aws;FedRAMP 20x Key Security Indicators (KSIs) Low Impact Level represent core security indicators for cloud service providers, focusing on automation, continuous monitoring, and cloud-native security principles per FedRAMP 20x Phase One pilot requirements for Low impact systems.;735291151388;us-west-2;2026-07-10 18:08:16.187152;ksi-mla;A secure cloud service offering will monitor, log, and audit all important events, activity, and changes;Monitoring, Logging, and Auditing;;;aws;;FAIL;No CloudTrail trails enabled with logging were found.;arn:aws:cloudtrail:us-west-2:735291151388:trail;cloudtrail_multi_region_enabled;False;735291151388;FedRAMP-20x-KSI-Low;FedRAMP 20x Key Security Indicators (KSIs) - Low Impact Level v25.05C;
aws;FedRAMP 20x Key Security Indicators (KSIs) Low Impact Level represent core security indicators for cloud service providers, focusing on automation, continuous monitoring, and cloud-native security principles per FedRAMP 20x Phase One pilot requirements for Low impact systems.;735291151388;us-west-2;2026-07-10 18:08:16.187152;ksi-mla-07;Maintain a list of information resources and event types that will be monitored, logged, and audited;Monitoring, Logging, and Auditing;;;aws;;FAIL;No CloudTrail trails enabled with logging were found.;arn:aws:cloudtrail:us-west-2:735291151388:trail;cloudtrail_multi_region_enabled;False;735291151388;FedRAMP-20x-KSI-Low;FedRAMP 20x Key Security Indicators (KSIs) - Low Impact Level v25.05C;
aws;FedRAMP 20x Key Security Indicators (KSIs) Low Impact Level represent core security indicators for cloud service providers, focusing on automation, continuous monitoring, and cloud-native security principles per FedRAMP 20x Phase One pilot requirements for Low impact systems.;735291151388;ap-south-1;2026-07-10 18:08:16.187152;ksi-cmt;A secure cloud service provider will ensure that all system changes are properly documented and configuration baselines are updated accordingly;Change Management;;;aws;;FAIL;No CloudTrail trails have a data event to record all S3 object-level API operations.;arn:aws:cloudtrail:ap-south-1:735291151388:trail;cloudtrail_s3_dataevents_read_enabled;False;735291151388;FedRAMP-20x-KSI-Low;FedRAMP 20x Key Security Indicators (KSIs) - Low Impact Level v25.05C;
aws;FedRAMP 20x Key Security Indicators (KSIs) Low Impact Level represent core security indicators for cloud service providers, focusing on automation, continuous monitoring, and cloud-native security principles per FedRAMP 20x Phase One pilot requirements for Low impact systems.;735291151388;ap-south-1;2026-07-10 18:08:16.187152;ksi-mla;A secure cloud service offering will monitor, log, and audit all important events, activity, and changes;Monitoring, Logging, and Auditing;;;aws;;FAIL;No CloudTrail trails have a data event to record all S3 object-level API operations.;arn:aws:cloudtrail:ap-south-1:735291151388:trail;cloudtrail_s3_dataevents_read_enabled;False;735291151388;FedRAMP-20x-KSI-Low;FedRAMP 20x Key Security Indicators (KSIs) - Low Impact Level v25.05C;
aws;FedRAMP 20x Key Security Indicators (KSIs) Low Impact Level represent core security indicators for cloud service providers, focusing on automation, continuous monitoring, and cloud-native security principles per FedRAMP 20x Phase One pilot requirements for Low impact systems.;735291151388;ap-south-1;2026-07-10 18:08:16.187152;ksi-cmt;A secure cloud service provider will ensure that all system changes are properly documented and configuration baselines are updated accordingly;Change Management;;;aws;;FAIL;No CloudTrail trails have a data event to record all S3 object-level API operations.;arn:aws:cloudtrail:ap-south-1:735291151388:trail;cloudtrail_s3_dataevents_write_enabled;False;735291151388;FedRAMP-20x-KSI-Low;FedRAMP 20x Key Security Indicators (KSIs) - Low Impact Level v25.05C;
aws;FedRAMP 20x Key Security Indicators (KSIs) Low Impact Level represent core security indicators for cloud service providers, focusing on automation, continuous monitoring, and cloud-native security principles per FedRAMP 20x Phase One pilot requirements for Low impact systems.;735291151388;ap-south-1;2026-07-10 18:08:16.187152;ksi-mla;A secure cloud service offering will monitor, log, and audit all important events, activity, and changes;Monitoring, Logging, and Auditing;;;aws;;FAIL;No CloudTrail trails have a data event to record all S3 object-level API operations.;arn:aws:cloudtrail:ap-south-1:735291151388:trail;cloudtrail_s3_dataevents_write_enabled;False;735291151388;FedRAMP-20x-KSI-Low;FedRAMP 20x Key Security Indicators (KSIs) - Low Impact Level v25.05C;
aws;FedRAMP 20x Key Security Indicators (KSIs) Low Impact Level represent core security indicators for cloud service providers, focusing on automation, continuous monitoring, and cloud-native security principles per FedRAMP 20x Phase One pilot requirements for Low impact systems.;735291151388;ap-south-1;2026-07-10 18:08:16.187152;ksi-cmt;A secure cloud service provider will ensure that all system changes are properly documented and configuration baselines are updated accordingly;Change Management;;;aws;;FAIL;No CloudWatch log groups found with metric filters or alarms associated.;arn:aws:logs:ap-south-1:735291151388:log-group;cloudwatch_changes_to_network_acls_alarm_configured;False;735291151388;FedRAMP-20x-KSI-Low;FedRAMP 20x Key Security Indicators (KSIs) - Low Impact Level v25.05C;
aws;FedRAMP 20x Key Security Indicators (KSIs) Low Impact Level represent core security indicators for cloud service providers, focusing on automation, continuous monitoring, and cloud-native security principles per FedRAMP 20x Phase One pilot requirements for Low impact systems.;735291151388;ap-south-1;2026-07-10 18:08:16.187152;ksi-cmt;A secure cloud service provider will ensure that all system changes are properly documented and configuration baselines are updated accordingly;Change Management;;;aws;;FAIL;No CloudWatch log groups found with metric filters or alarms associated.;arn:aws:logs:ap-south-1:735291151388:log-group;cloudwatch_changes_to_network_gateways_alarm_configured;False;735291151388;FedRAMP-20x-KSI-Low;FedRAMP 20x Key Security Indicators (KSIs) - Low Impact Level v25.05C;
aws;FedRAMP 20x Key Security Indicators (KSIs) Low Impact Level represent core security indicators for cloud service providers, focusing on automation, continuous monitoring, and cloud-native security principles per FedRAMP 20x Phase One pilot requirements for Low impact systems.;735291151388;ap-south-1;2026-07-10 18:08:16.187152;ksi-cmt;A secure cloud service provider will ensure that all system changes are properly documented and configuration baselines are updated accordingly;Change Management;;;aws;;FAIL;No CloudWatch log groups found with metric filters or alarms associated.;arn:aws:logs:ap-south-1:735291151388:log-group;cloudwatch_changes_to_network_route_tables_alarm_configured;False;735291151388;FedRAMP-20x-KSI-Low;FedRAMP 20x Key Security Indicators (KSIs) - Low Impact Level v25.05C;
aws;FedRAMP 20x Key Security Indicators (KSIs) Low Impact Level represent core security indicators for cloud service providers, focusing on automation, continuous monitoring, and cloud-native security principles per FedRAMP 20x Phase One pilot requirements for Low impact systems.;735291151388;ap-south-1;2026-07-10 18:08:16.187152;ksi-cmt;A secure cloud service provider will ensure that all system changes are properly documented and configuration baselines are updated accordingly;Change Management;;;aws;;FAIL;No CloudWatch log groups found with metric filters or alarms associated.;arn:aws:logs:ap-south-1:735291151388:log-group;cloudwatch_changes_to_vpcs_alarm_configured;False;735291151388;FedRAMP-20x-KSI-Low;FedRAMP 20x Key Security Indicators (KSIs) - Low Impact Level v25.05C;
aws;FedRAMP 20x Key Security Indicators (KSIs) Low Impact Level represent core security indicators for cloud service providers, focusing on automation, continuous monitoring, and cloud-native security principles per FedRAMP 20x Phase One pilot requirements for Low impact systems.;735291151388;ap-south-1;2026-07-10 18:08:16.187152;ksi-cmt;A secure cloud service provider will ensure that all system changes are properly documented and configuration baselines are updated accordingly;Change Management;;;aws;;FAIL;No CloudWatch log groups found with metric filters or alarms associated.;arn:aws:logs:ap-south-1:735291151388:log-group;cloudwatch_log_metric_filter_and_alarm_for_aws_config_configuration_changes_enabled;False;735291151388;FedRAMP-20x-KSI-Low;FedRAMP 20x Key Security Indicators (KSIs) - Low Impact Level v25.05C;
aws;FedRAMP 20x Key Security Indicators (KSIs) Low Impact Level represent core security indicators for cloud service providers, focusing on automation, continuous monitoring, and cloud-native security principles per FedRAMP 20x Phase One pilot requirements for Low impact systems.;735291151388;ap-south-1;2026-07-10 18:08:16.187152;ksi-cmt;A secure cloud service provider will ensure that all system changes are properly documented and configuration baselines are updated accordingly;Change Management;;;aws;;FAIL;No CloudWatch log groups found with metric filters or alarms associated.;arn:aws:logs:ap-south-1:735291151388:log-group;cloudwatch_log_metric_filter_and_alarm_for_cloudtrail_configuration_changes_enabled;False;735291151388;FedRAMP-20x-KSI-Low;FedRAMP 20x Key Security Indicators (KSIs) - Low Impact Level v25.05C;
aws;FedRAMP 20x Key Security Indicators (KSIs) Low Impact Level represent core security indicators for cloud service providers, focusing on automation, continuous monitoring, and cloud-native security principles per FedRAMP 20x Phase One pilot requirements for Low impact systems.;735291151388;ap-south-1;2026-07-10 18:08:16.187152;ksi-cmt;A secure cloud service provider will ensure that all system changes are properly documented and configuration baselines are updated accordingly;Change Management;;;aws;;FAIL;No CloudWatch log groups found with metric filters or alarms associated.;arn:aws:logs:ap-south-1:735291151388:log-group;cloudwatch_log_metric_filter_aws_organizations_changes;False;735291151388;FedRAMP-20x-KSI-Low;FedRAMP 20x Key Security Indicators (KSIs) - Low Impact Level v25.05C;
aws;FedRAMP 20x Key Security Indicators (KSIs) Low Impact Level represent core security indicators for cloud service providers, focusing on automation, continuous monitoring, and cloud-native security principles per FedRAMP 20x Phase One pilot requirements for Low impact systems.;735291151388;ap-south-1;2026-07-10 18:08:16.187152;ksi-cmt;A secure cloud service provider will ensure that all system changes are properly documented and configuration baselines are updated accordingly;Change Management;;;aws;;FAIL;No CloudWatch log groups found with metric filters or alarms associated.;arn:aws:logs:ap-south-1:735291151388:log-group;cloudwatch_log_metric_filter_for_s3_bucket_policy_changes;False;735291151388;FedRAMP-20x-KSI-Low;FedRAMP 20x Key Security Indicators (KSIs) - Low Impact Level v25.05C;
aws;FedRAMP 20x Key Security Indicators (KSIs) Low Impact Level represent core security indicators for cloud service providers, focusing on automation, continuous monitoring, and cloud-native security principles per FedRAMP 20x Phase One pilot requirements for Low impact systems.;735291151388;ap-south-1;2026-07-10 18:08:16.187152;ksi-cmt;A secure cloud service provider will ensure that all system changes are properly documented and configuration baselines are updated accordingly;Change Management;;;aws;;FAIL;No CloudWatch log groups found with metric filters or alarms associated.;arn:aws:logs:ap-south-1:735291151388:log-group;cloudwatch_log_metric_filter_policy_changes;False;735291151388;FedRAMP-20x-KSI-Low;FedRAMP 20x Key Security Indicators (KSIs) - Low Impact Level v25.05C;
aws;FedRAMP 20x Key Security Indicators (KSIs) Low Impact Level represent core security indicators for cloud service providers, focusing on automation, continuous monitoring, and cloud-native security principles per FedRAMP 20x Phase One pilot requirements for Low impact systems.;735291151388;ap-south-1;2026-07-10 18:08:16.187152;ksi-cmt;A secure cloud service provider will ensure that all system changes are properly documented and configuration baselines are updated accordingly;Change Management;;;aws;;FAIL;No CloudWatch log groups found with metric filters or alarms associated.;arn:aws:logs:ap-south-1:735291151388:log-group;cloudwatch_log_metric_filter_security_group_changes;False;735291151388;FedRAMP-20x-KSI-Low;FedRAMP 20x Key Security Indicators (KSIs) - Low Impact Level v25.05C;
aws;FedRAMP 20x Key Security Indicators (KSIs) Low Impact Level represent core security indicators for cloud service providers, focusing on automation, continuous monitoring, and cloud-native security principles per FedRAMP 20x Phase One pilot requirements for Low impact systems.;735291151388;ap-northeast-1;2026-07-10 18:08:16.187152;ksi-cmt;A secure cloud service provider will ensure that all system changes are properly documented and configuration baselines are updated accordingly;Change Management;;;aws;;FAIL;AWS Config recorder 735291151388 is disabled.;arn:aws:config:ap-northeast-1:735291151388:recorder;config_recorder_all_regions_enabled;False;735291151388;FedRAMP-20x-KSI-Low;FedRAMP 20x Key Security Indicators (KSIs) - Low Impact Level v25.05C;
aws;FedRAMP 20x Key Security Indicators (KSIs) Low Impact Level represent core security indicators for cloud service providers, focusing on automation, continuous monitoring, and cloud-native security principles per FedRAMP 20x Phase One pilot requirements for Low impact systems.;735291151388;ap-northeast-1;2026-07-10 18:08:16.187152;ksi-piy;A secure cloud service offering will have intentional, organized, universal guidance for how every information resource, including personnel, is secured;Policy and Inventory;;;aws;;FAIL;AWS Config recorder 735291151388 is disabled.;arn:aws:config:ap-northeast-1:735291151388:recorder;config_recorder_all_regions_enabled;False;735291151388;FedRAMP-20x-KSI-Low;FedRAMP 20x Key Security Indicators (KSIs) - Low Impact Level v25.05C;
aws;FedRAMP 20x Key Security Indicators (KSIs) Low Impact Level represent core security indicators for cloud service providers, focusing on automation, continuous monitoring, and cloud-native security principles per FedRAMP 20x Phase One pilot requirements for Low impact systems.;735291151388;ap-northeast-1;2026-07-10 18:08:16.187152;ksi-mla-07;Maintain a list of information resources and event types that will be monitored, logged, and audited;Monitoring, Logging, and Auditing;;;aws;;FAIL;AWS Config recorder 735291151388 is disabled.;arn:aws:config:ap-northeast-1:735291151388:recorder;config_recorder_all_regions_enabled;False;735291151388;FedRAMP-20x-KSI-Low;FedRAMP 20x Key Security Indicators (KSIs) - Low Impact Level v25.05C;
aws;FedRAMP 20x Key Security Indicators (KSIs) Low Impact Level represent core security indicators for cloud service providers, focusing on automation, continuous monitoring, and cloud-native security principles per FedRAMP 20x Phase One pilot requirements for Low impact systems.;735291151388;ap-northeast-2;2026-07-10 18:08:16.187152;ksi-cmt;A secure cloud service provider will ensure that all system changes are properly documented and configuration baselines are updated accordingly;Change Management;;;aws;;FAIL;AWS Config recorder 735291151388 is disabled.;arn:aws:config:ap-northeast-2:735291151388:recorder;config_recorder_all_regions_enabled;False;735291151388;FedRAMP-20x-KSI-Low;FedRAMP 20x Key Security Indicators (KSIs) - Low Impact Level v25.05C;
aws;FedRAMP 20x Key Security Indicators (KSIs) Low Impact Level represent core security indicators for cloud service providers, focusing on automation, continuous monitoring, and cloud-native security principles per FedRAMP 20x Phase One pilot requirements for Low impact systems.;735291151388;ap-northeast-2;2026-07-10 18:08:16.187152;ksi-piy;A secure cloud service offering will have intentional, organized, universal guidance for how every information resource, including personnel, is secured;Policy and Inventory;;;aws;;FAIL;AWS Config recorder 735291151388 is disabled.;arn:aws:config:ap-northeast-2:735291151388:recorder;config_recorder_all_regions_enabled;False;735291151388;FedRAMP-20x-KSI-Low;FedRAMP 20x Key Security Indicators (KSIs) - Low Impact Level v25.05C;
aws;FedRAMP 20x Key Security Indicators (KSIs) Low Impact Level represent core security indicators for cloud service providers, focusing on automation, continuous monitoring, and cloud-native security principles per FedRAMP 20x Phase One pilot requirements for Low impact systems.;735291151388;ap-northeast-2;2026-07-10 18:08:16.187152;ksi-mla-07;Maintain a list of information resources and event types that will be monitored, logged, and audited;Monitoring, Logging, and Auditing;;;aws;;FAIL;AWS Config recorder 735291151388 is disabled.;arn:aws:config:ap-northeast-2:735291151388:recorder;config_recorder_all_regions_enabled;False;735291151388;FedRAMP-20x-KSI-Low;FedRAMP 20x Key Security Indicators (KSIs) - Low Impact Level v25.05C;
aws;FedRAMP 20x Key Security Indicators (KSIs) Low Impact Level represent core security indicators for cloud service providers, focusing on automation, continuous monitoring, and cloud-native security principles per FedRAMP 20x Phase One pilot requirements for Low impact systems.;735291151388;ap-northeast-3;2026-07-10 18:08:16.187152;ksi-cmt;A secure cloud service provider will ensure that all system changes are properly documented and configuration baselines are updated accordingly;Change Management;;;aws;;FAIL;AWS Config recorder 735291151388 is disabled.;arn:aws:config:ap-northeast-3:735291151388:recorder;config_recorder_all_regions_enabled;False;735291151388;FedRAMP-20x-KSI-Low;FedRAMP 20x Key Security Indicators (KSIs) - Low Impact Level v25.05C;
aws;FedRAMP 20x Key Security Indicators (KSIs) Low Impact Level represent core security indicators for cloud service providers, focusing on automation, continuous monitoring, and cloud-native security principles per FedRAMP 20x Phase One pilot requirements for Low impact systems.;735291151388;ap-northeast-3;2026-07-10 18:08:16.187152;ksi-piy;A secure cloud service offering will have intentional, organized, universal guidance for how every information resource, including personnel, is secured;Policy and Inventory;;;aws;;FAIL;AWS Config recorder 735291151388 is disabled.;arn:aws:config:ap-northeast-3:735291151388:recorder;config_recorder_all_regions_enabled;False;735291151388;FedRAMP-20x-KSI-Low;FedRAMP 20x Key Security Indicators (KSIs) - Low Impact Level v25.05C;
aws;FedRAMP 20x Key Security Indicators (KSIs) Low Impact Level represent core security indicators for cloud service providers, focusing on automation, continuous monitoring, and cloud-native security principles per FedRAMP 20x Phase One pilot requirements for Low impact systems.;735291151388;ap-northeast-3;2026-07-10 18:08:16.187152;ksi-mla-07;Maintain a list of information resources and event types that will be monitored, logged, and audited;Monitoring, Logging, and Auditing;;;aws;;FAIL;AWS Config recorder 735291151388 is disabled.;arn:aws:config:ap-northeast-3:735291151388:recorder;config_recorder_all_regions_enabled;False;735291151388;FedRAMP-20x-KSI-Low;FedRAMP 20x Key Security Indicators (KSIs) - Low Impact Level v25.05C;
aws;FedRAMP 20x Key Security Indicators (KSIs) Low Impact Level represent core security indicators for cloud service providers, focusing on automation, continuous monitoring, and cloud-native security principles per FedRAMP 20x Phase One pilot requirements for Low impact systems.;735291151388;ap-south-1;2026-07-10 18:08:16.187152;ksi-cmt;A secure cloud service provider will ensure that all system changes are properly documented and configuration baselines are updated accordingly;Change Management;;;aws;;FAIL;AWS Config recorder 735291151388 is disabled.;arn:aws:config:ap-south-1:735291151388:recorder;config_recorder_all_regions_enabled;False;735291151388;FedRAMP-20x-KSI-Low;FedRAMP 20x Key Security Indicators (KSIs) - Low Impact Level v25.05C;
aws;FedRAMP 20x Key Security Indicators (KSIs) Low Impact Level represent core security indicators for cloud service providers, focusing on automation, continuous monitoring, and cloud-native security principles per FedRAMP 20x Phase One pilot requirements for Low impact systems.;735291151388;ap-south-1;2026-07-10 18:08:16.187152;ksi-piy;A secure cloud service offering will have intentional, organized, universal guidance for how every information resource, including personnel, is secured;Policy and Inventory;;;aws;;FAIL;AWS Config recorder 735291151388 is disabled.;arn:aws:config:ap-south-1:735291151388:recorder;config_recorder_all_regions_enabled;False;735291151388;FedRAMP-20x-KSI-Low;FedRAMP 20x Key Security Indicators (KSIs) - Low Impact Level v25.05C;
aws;FedRAMP 20x Key Security Indicators (KSIs) Low Impact Level represent core security indicators for cloud service providers, focusing on automation, continuous monitoring, and cloud-native security principles per FedRAMP 20x Phase One pilot requirements for Low impact systems.;735291151388;ap-south-1;2026-07-10 18:08:16.187152;ksi-mla-07;Maintain a list of information resources and event types that will be monitored, logged, and audited;Monitoring, Logging, and Auditing;;;aws;;FAIL;AWS Config recorder 735291151388 is disabled.;arn:aws:config:ap-south-1:735291151388:recorder;config_recorder_all_regions_enabled;False;735291151388;FedRAMP-20x-KSI-Low;FedRAMP 20x Key Security Indicators (KSIs) - Low Impact Level v25.05C;
aws;FedRAMP 20x Key Security Indicators (KSIs) Low Impact Level represent core security indicators for cloud service providers, focusing on automation, continuous monitoring, and cloud-native security principles per FedRAMP 20x Phase One pilot requirements for Low impact systems.;735291151388;ap-southeast-1;2026-07-10 18:08:16.187152;ksi-cmt;A secure cloud service provider will ensure that all system changes are properly documented and configuration baselines are updated accordingly;Change Management;;;aws;;FAIL;AWS Config recorder 735291151388 is disabled.;arn:aws:config:ap-southeast-1:735291151388:recorder;config_recorder_all_regions_enabled;False;735291151388;FedRAMP-20x-KSI-Low;FedRAMP 20x Key Security Indicators (KSIs) - Low Impact Level v25.05C;
aws;FedRAMP 20x Key Security Indicators (KSIs) Low Impact Level represent core security indicators for cloud service providers, focusing on automation, continuous monitoring, and cloud-native security principles per FedRAMP 20x Phase One pilot requirements for Low impact systems.;735291151388;ap-southeast-1;2026-07-10 18:08:16.187152;ksi-piy;A secure cloud service offering will have intentional, organized, universal guidance for how every information resource, including personnel, is secured;Policy and Inventory;;;aws;;FAIL;AWS Config recorder 735291151388 is disabled.;arn:aws:config:ap-southeast-1:735291151388:recorder;config_recorder_all_regions_enabled;False;735291151388;FedRAMP-20x-KSI-Low;FedRAMP 20x Key Security Indicators (KSIs) - Low Impact Level v25.05C;
aws;FedRAMP 20x Key Security Indicators (KSIs) Low Impact Level represent core security indicators for cloud service providers, focusing on automation, continuous monitoring, and cloud-native security principles per FedRAMP 20x Phase One pilot requirements for Low impact systems.;735291151388;ap-southeast-1;2026-07-10 18:08:16.187152;ksi-mla-07;Maintain a list of information resources and event types that will be monitored, logged, and audited;Monitoring, Logging, and Auditing;;;aws;;FAIL;AWS Config recorder 735291151388 is disabled.;arn:aws:config:ap-southeast-1:735291151388:recorder;config_recorder_all_regions_enabled;False;735291151388;FedRAMP-20x-KSI-Low;FedRAMP 20x Key Security Indicators (KSIs) - Low Impact Level v25.05C;
aws;FedRAMP 20x Key Security Indicators (KSIs) Low Impact Level represent core security indicators for cloud service providers, focusing on automation, continuous monitoring, and cloud-native security principles per FedRAMP 20x Phase One pilot requirements for Low impact systems.;735291151388;ap-southeast-2;2026-07-10 18:08:16.187152;ksi-cmt;A secure cloud service provider will ensure that all system changes are properly documented and configuration baselines are updated accordingly;Change Management;;;aws;;FAIL;AWS Config recorder 735291151388 is disabled.;arn:aws:config:ap-southeast-2:735291151388:recorder;config_recorder_all_regions_enabled;False;735291151388;FedRAMP-20x-KSI-Low;FedRAMP 20x Key Security Indicators (KSIs) - Low Impact Level v25.05C;
aws;FedRAMP 20x Key Security Indicators (KSIs) Low Impact Level represent core security indicators for cloud service providers, focusing on automation, continuous monitoring, and cloud-native security principles per FedRAMP 20x Phase One pilot requirements for Low impact systems.;735291151388;ap-southeast-2;2026-07-10 18:08:16.187152;ksi-piy;A secure cloud service offering will have intentional, organized, universal guidance for how every information resource, including personnel, is secured;Policy and Inventory;;;aws;;FAIL;AWS Config recorder 735291151388 is disabled.;arn:aws:config:ap-southeast-2:735291151388:recorder;config_recorder_all_regions_enabled;False;735291151388;FedRAMP-20x-KSI-Low;FedRAMP 20x Key Security Indicators (KSIs) - Low Impact Level v25.05C;
aws;FedRAMP 20x Key Security Indicators (KSIs) Low Impact Level represent core security indicators for cloud service providers, focusing on automation, continuous monitoring, and cloud-native security principles per FedRAMP 20x Phase One pilot requirements for Low impact systems.;735291151388;ap-southeast-2;2026-07-10 18:08:16.187152;ksi-mla-07;Maintain a list of information resources and event types that will be monitored, logged, and audited;Monitoring, Logging, and Auditing;;;aws;;FAIL;AWS Config recorder 735291151388 is disabled.;arn:aws:config:ap-southeast-2:735291151388:recorder;config_recorder_all_regions_enabled;False;735291151388;FedRAMP-20x-KSI-Low;FedRAMP 20x Key Security Indicators (KSIs) - Low Impact Level v25.05C;
aws;FedRAMP 20x Key Security Indicators (KSIs) Low Impact Level represent core security indicators for cloud service providers, focusing on automation, continuous monitoring, and cloud-native security principles per FedRAMP 20x Phase One pilot requirements for Low impact systems.;735291151388;ca-central-1;2026-07-10 18:08:16.187152;ksi-cmt;A secure cloud service provider will ensure that all system changes are properly documented and configuration baselines are updated accordingly;Change Management;;;aws;;FAIL;AWS Config recorder 735291151388 is disabled.;arn:aws:config:ca-central-1:735291151388:recorder;config_recorder_all_regions_enabled;False;735291151388;FedRAMP-20x-KSI-Low;FedRAMP 20x Key Security Indicators (KSIs) - Low Impact Level v25.05C;
aws;FedRAMP 20x Key Security Indicators (KSIs) Low Impact Level represent core security indicators for cloud service providers, focusing on automation, continuous monitoring, and cloud-native security principles per FedRAMP 20x Phase One pilot requirements for Low impact systems.;735291151388;ca-central-1;2026-07-10 18:08:16.187152;ksi-piy;A secure cloud service offering will have intentional, organized, universal guidance for how every information resource, including personnel, is secured;Policy and Inventory;;;aws;;FAIL;AWS Config recorder 735291151388 is disabled.;arn:aws:config:ca-central-1:735291151388:recorder;config_recorder_all_regions_enabled;False;735291151388;FedRAMP-20x-KSI-Low;FedRAMP 20x Key Security Indicators (KSIs) - Low Impact Level v25.05C;
aws;FedRAMP 20x Key Security Indicators (KSIs) Low Impact Level represent core security indicators for cloud service providers, focusing on automation, continuous monitoring, and cloud-native security principles per FedRAMP 20x Phase One pilot requirements for Low impact systems.;735291151388;ca-central-1;2026-07-10 18:08:16.187152;ksi-mla-07;Maintain a list of information resources and event types that will be monitored, logged, and audited;Monitoring, Logging, and Auditing;;;aws;;FAIL;AWS Config recorder 735291151388 is disabled.;arn:aws:config:ca-central-1:735291151388:recorder;config_recorder_all_regions_enabled;False;735291151388;FedRAMP-20x-KSI-Low;FedRAMP 20x Key Security Indicators (KSIs) - Low Impact Level v25.05C;
aws;FedRAMP 20x Key Security Indicators (KSIs) Low Impact Level represent core security indicators for cloud service providers, focusing on automation, continuous monitoring, and cloud-native security principles per FedRAMP 20x Phase One pilot requirements for Low impact systems.;735291151388;eu-central-1;2026-07-10 18:08:16.187152;ksi-cmt;A secure cloud service provider will ensure that all system changes are properly documented and configuration baselines are updated accordingly;Change Management;;;aws;;FAIL;AWS Config recorder 735291151388 is disabled.;arn:aws:config:eu-central-1:735291151388:recorder;config_recorder_all_regions_enabled;False;735291151388;FedRAMP-20x-KSI-Low;FedRAMP 20x Key Security Indicators (KSIs) - Low Impact Level v25.05C;
aws;FedRAMP 20x Key Security Indicators (KSIs) Low Impact Level represent core security indicators for cloud service providers, focusing on automation, continuous monitoring, and cloud-native security principles per FedRAMP 20x Phase One pilot requirements for Low impact systems.;735291151388;eu-central-1;2026-07-10 18:08:16.187152;ksi-piy;A secure cloud service offering will have intentional, organized, universal guidance for how every information resource, including personnel, is secured;Policy and Inventory;;;aws;;FAIL;AWS Config recorder 735291151388 is disabled.;arn:aws:config:eu-central-1:735291151388:recorder;config_recorder_all_regions_enabled;False;735291151388;FedRAMP-20x-KSI-Low;FedRAMP 20x Key Security Indicators (KSIs) - Low Impact Level v25.05C;
aws;FedRAMP 20x Key Security Indicators (KSIs) Low Impact Level represent core security indicators for cloud service providers, focusing on automation, continuous monitoring, and cloud-native security principles per FedRAMP 20x Phase One pilot requirements for Low impact systems.;735291151388;eu-central-1;2026-07-10 18:08:16.187152;ksi-mla-07;Maintain a list of information resources and event types that will be monitored, logged, and audited;Monitoring, Logging, and Auditing;;;aws;;FAIL;AWS Config recorder 735291151388 is disabled.;arn:aws:config:eu-central-1:735291151388:recorder;config_recorder_all_regions_enabled;False;735291151388;FedRAMP-20x-KSI-Low;FedRAMP 20x Key Security Indicators (KSIs) - Low Impact Level v25.05C;
aws;FedRAMP 20x Key Security Indicators (KSIs) Low Impact Level represent core security indicators for cloud service providers, focusing on automation, continuous monitoring, and cloud-native security principles per FedRAMP 20x Phase One pilot requirements for Low impact systems.;735291151388;eu-north-1;2026-07-10 18:08:16.187152;ksi-cmt;A secure cloud service provider will ensure that all system changes are properly documented and configuration baselines are updated accordingly;Change Management;;;aws;;FAIL;AWS Config recorder 735291151388 is disabled.;arn:aws:config:eu-north-1:735291151388:recorder;config_recorder_all_regions_enabled;False;735291151388;FedRAMP-20x-KSI-Low;FedRAMP 20x Key Security Indicators (KSIs) - Low Impact Level v25.05C;
aws;FedRAMP 20x Key Security Indicators (KSIs) Low Impact Level represent core security indicators for cloud service providers, focusing on automation, continuous monitoring, and cloud-native security principles per FedRAMP 20x Phase One pilot requirements for Low impact systems.;735291151388;eu-north-1;2026-07-10 18:08:16.187152;ksi-piy;A secure cloud service offering will have intentional, organized, universal guidance for how every information resource, including personnel, is secured;Policy and Inventory;;;aws;;FAIL;AWS Config recorder 735291151388 is disabled.;arn:aws:config:eu-north-1:735291151388:recorder;config_recorder_all_regions_enabled;False;735291151388;FedRAMP-20x-KSI-Low;FedRAMP 20x Key Security Indicators (KSIs) - Low Impact Level v25.05C;
aws;FedRAMP 20x Key Security Indicators (KSIs) Low Impact Level represent core security indicators for cloud service providers, focusing on automation, continuous monitoring, and cloud-native security principles per FedRAMP 20x Phase One pilot requirements for Low impact systems.;735291151388;eu-north-1;2026-07-10 18:08:16.187152;ksi-mla-07;Maintain a list of information resources and event types that will be monitored, logged, and audited;Monitoring, Logging, and Auditing;;;aws;;FAIL;AWS Config recorder 735291151388 is disabled.;arn:aws:config:eu-north-1:735291151388:recorder;config_recorder_all_regions_enabled;False;735291151388;FedRAMP-20x-KSI-Low;FedRAMP 20x Key Security Indicators (KSIs) - Low Impact Level v25.05C;
aws;FedRAMP 20x Key Security Indicators (KSIs) Low Impact Level represent core security indicators for cloud service providers, focusing on automation, continuous monitoring, and cloud-native security principles per FedRAMP 20x Phase One pilot requirements for Low impact systems.;735291151388;eu-west-1;2026-07-10 18:08:16.187152;ksi-cmt;A secure cloud service provider will ensure that all system changes are properly documented and configuration baselines are updated accordingly;Change Management;;;aws;;FAIL;AWS Config recorder 735291151388 is disabled.;arn:aws:config:eu-west-1:735291151388:recorder;config_recorder_all_regions_enabled;False;735291151388;FedRAMP-20x-KSI-Low;FedRAMP 20x Key Security Indicators (KSIs) - Low Impact Level v25.05C;
aws;FedRAMP 20x Key Security Indicators (KSIs) Low Impact Level represent core security indicators for cloud service providers, focusing on automation, continuous monitoring, and cloud-native security principles per FedRAMP 20x Phase One pilot requirements for Low impact systems.;735291151388;eu-west-1;2026-07-10 18:08:16.187152;ksi-piy;A secure cloud service offering will have intentional, organized, universal guidance for how every information resource, including personnel, is secured;Policy and Inventory;;;aws;;FAIL;AWS Config recorder 735291151388 is disabled.;arn:aws:config:eu-west-1:735291151388:recorder;config_recorder_all_regions_enabled;False;735291151388;FedRAMP-20x-KSI-Low;FedRAMP 20x Key Security Indicators (KSIs) - Low Impact Level v25.05C;
aws;FedRAMP 20x Key Security Indicators (KSIs) Low Impact Level represent core security indicators for cloud service providers, focusing on automation, continuous monitoring, and cloud-native security principles per FedRAMP 20x Phase One pilot requirements for Low impact systems.;735291151388;eu-west-1;2026-07-10 18:08:16.187152;ksi-mla-07;Maintain a list of information resources and event types that will be monitored, logged, and audited;Monitoring, Logging, and Auditing;;;aws;;FAIL;AWS Config recorder 735291151388 is disabled.;arn:aws:config:eu-west-1:735291151388:recorder;config_recorder_all_regions_enabled;False;735291151388;FedRAMP-20x-KSI-Low;FedRAMP 20x Key Security Indicators (KSIs) - Low Impact Level v25.05C;
aws;FedRAMP 20x Key Security Indicators (KSIs) Low Impact Level represent core security indicators for cloud service providers, focusing on automation, continuous monitoring, and cloud-native security principles per FedRAMP 20x Phase One pilot requirements for Low impact systems.;735291151388;eu-west-2;2026-07-10 18:08:16.187152;ksi-cmt;A secure cloud service provider will ensure that all system changes are properly documented and configuration baselines are updated accordingly;Change Management;;;aws;;FAIL;AWS Config recorder 735291151388 is disabled.;arn:aws:config:eu-west-2:735291151388:recorder;config_recorder_all_regions_enabled;False;735291151388;FedRAMP-20x-KSI-Low;FedRAMP 20x Key Security Indicators (KSIs) - Low Impact Level v25.05C;
aws;FedRAMP 20x Key Security Indicators (KSIs) Low Impact Level represent core security indicators for cloud service providers, focusing on automation, continuous monitoring, and cloud-native security principles per FedRAMP 20x Phase One pilot requirements for Low impact systems.;735291151388;eu-west-2;2026-07-10 18:08:16.187152;ksi-piy;A secure cloud service offering will have intentional, organized, universal guidance for how every information resource, including personnel, is secured;Policy and Inventory;;;aws;;FAIL;AWS Config recorder 735291151388 is disabled.;arn:aws:config:eu-west-2:735291151388:recorder;config_recorder_all_regions_enabled;False;735291151388;FedRAMP-20x-KSI-Low;FedRAMP 20x Key Security Indicators (KSIs) - Low Impact Level v25.05C;
aws;FedRAMP 20x Key Security Indicators (KSIs) Low Impact Level represent core security indicators for cloud service providers, focusing on automation, continuous monitoring, and cloud-native security principles per FedRAMP 20x Phase One pilot requirements for Low impact systems.;735291151388;eu-west-2;2026-07-10 18:08:16.187152;ksi-mla-07;Maintain a list of information resources and event types that will be monitored, logged, and audited;Monitoring, Logging, and Auditing;;;aws;;FAIL;AWS Config recorder 735291151388 is disabled.;arn:aws:config:eu-west-2:735291151388:recorder;config_recorder_all_regions_enabled;False;735291151388;FedRAMP-20x-KSI-Low;FedRAMP 20x Key Security Indicators (KSIs) - Low Impact Level v25.05C;
aws;FedRAMP 20x Key Security Indicators (KSIs) Low Impact Level represent core security indicators for cloud service providers, focusing on automation, continuous monitoring, and cloud-native security principles per FedRAMP 20x Phase One pilot requirements for Low impact systems.;735291151388;eu-west-3;2026-07-10 18:08:16.187152;ksi-cmt;A secure cloud service provider will ensure that all system changes are properly documented and configuration baselines are updated accordingly;Change Management;;;aws;;FAIL;AWS Config recorder 735291151388 is disabled.;arn:aws:config:eu-west-3:735291151388:recorder;config_recorder_all_regions_enabled;False;735291151388;FedRAMP-20x-KSI-Low;FedRAMP 20x Key Security Indicators (KSIs) - Low Impact Level v25.05C;
aws;FedRAMP 20x Key Security Indicators (KSIs) Low Impact Level represent core security indicators for cloud service providers, focusing on automation, continuous monitoring, and cloud-native security principles per FedRAMP 20x Phase One pilot requirements for Low impact systems.;735291151388;eu-west-3;2026-07-10 18:08:16.187152;ksi-piy;A secure cloud service offering will have intentional, organized, universal guidance for how every information resource, including personnel, is secured;Policy and Inventory;;;aws;;FAIL;AWS Config recorder 735291151388 is disabled.;arn:aws:config:eu-west-3:735291151388:recorder;config_recorder_all_regions_enabled;False;735291151388;FedRAMP-20x-KSI-Low;FedRAMP 20x Key Security Indicators (KSIs) - Low Impact Level v25.05C;
aws;FedRAMP 20x Key Security Indicators (KSIs) Low Impact Level represent core security indicators for cloud service providers, focusing on automation, continuous monitoring, and cloud-native security principles per FedRAMP 20x Phase One pilot requirements for Low impact systems.;735291151388;eu-west-3;2026-07-10 18:08:16.187152;ksi-mla-07;Maintain a list of information resources and event types that will be monitored, logged, and audited;Monitoring, Logging, and Auditing;;;aws;;FAIL;AWS Config recorder 735291151388 is disabled.;arn:aws:config:eu-west-3:735291151388:recorder;config_recorder_all_regions_enabled;False;735291151388;FedRAMP-20x-KSI-Low;FedRAMP 20x Key Security Indicators (KSIs) - Low Impact Level v25.05C;
aws;FedRAMP 20x Key Security Indicators (KSIs) Low Impact Level represent core security indicators for cloud service providers, focusing on automation, continuous monitoring, and cloud-native security principles per FedRAMP 20x Phase One pilot requirements for Low impact systems.;735291151388;sa-east-1;2026-07-10 18:08:16.187152;ksi-cmt;A secure cloud service provider will ensure that all system changes are properly documented and configuration baselines are updated accordingly;Change Management;;;aws;;FAIL;AWS Config recorder 735291151388 is disabled.;arn:aws:config:sa-east-1:735291151388:recorder;config_recorder_all_regions_enabled;False;735291151388;FedRAMP-20x-KSI-Low;FedRAMP 20x Key Security Indicators (KSIs) - Low Impact Level v25.05C;
aws;FedRAMP 20x Key Security Indicators (KSIs) Low Impact Level represent core security indicators for cloud service providers, focusing on automation, continuous monitoring, and cloud-native security principles per FedRAMP 20x Phase One pilot requirements for Low impact systems.;735291151388;sa-east-1;2026-07-10 18:08:16.187152;ksi-piy;A secure cloud service offering will have intentional, organized, universal guidance for how every information resource, including personnel, is secured;Policy and Inventory;;;aws;;FAIL;AWS Config recorder 735291151388 is disabled.;arn:aws:config:sa-east-1:735291151388:recorder;config_recorder_all_regions_enabled;False;735291151388;FedRAMP-20x-KSI-Low;FedRAMP 20x Key Security Indicators (KSIs) - Low Impact Level v25.05C;
aws;FedRAMP 20x Key Security Indicators (KSIs) Low Impact Level represent core security indicators for cloud service providers, focusing on automation, continuous monitoring, and cloud-native security principles per FedRAMP 20x Phase One pilot requirements for Low impact systems.;735291151388;sa-east-1;2026-07-10 18:08:16.187152;ksi-mla-07;Maintain a list of information resources and event types that will be monitored, logged, and audited;Monitoring, Logging, and Auditing;;;aws;;FAIL;AWS Config recorder 735291151388 is disabled.;arn:aws:config:sa-east-1:735291151388:recorder;config_recorder_all_regions_enabled;False;735291151388;FedRAMP-20x-KSI-Low;FedRAMP 20x Key Security Indicators (KSIs) - Low Impact Level v25.05C;
aws;FedRAMP 20x Key Security Indicators (KSIs) Low Impact Level represent core security indicators for cloud service providers, focusing on automation, continuous monitoring, and cloud-native security principles per FedRAMP 20x Phase One pilot requirements for Low impact systems.;735291151388;us-east-1;2026-07-10 18:08:16.187152;ksi-cmt;A secure cloud service provider will ensure that all system changes are properly documented and configuration baselines are updated accordingly;Change Management;;;aws;;FAIL;AWS Config recorder 735291151388 is disabled.;arn:aws:config:us-east-1:735291151388:recorder;config_recorder_all_regions_enabled;False;735291151388;FedRAMP-20x-KSI-Low;FedRAMP 20x Key Security Indicators (KSIs) - Low Impact Level v25.05C;
aws;FedRAMP 20x Key Security Indicators (KSIs) Low Impact Level represent core security indicators for cloud service providers, focusing on automation, continuous monitoring, and cloud-native security principles per FedRAMP 20x Phase One pilot requirements for Low impact systems.;735291151388;us-east-1;2026-07-10 18:08:16.187152;ksi-piy;A secure cloud service offering will have intentional, organized, universal guidance for how every information resource, including personnel, is secured;Policy and Inventory;;;aws;;FAIL;AWS Config recorder 735291151388 is disabled.;arn:aws:config:us-east-1:735291151388:recorder;config_recorder_all_regions_enabled;False;735291151388;FedRAMP-20x-KSI-Low;FedRAMP 20x Key Security Indicators (KSIs) - Low Impact Level v25.05C;
aws;FedRAMP 20x Key Security Indicators (KSIs) Low Impact Level represent core security indicators for cloud service providers, focusing on automation, continuous monitoring, and cloud-native security principles per FedRAMP 20x Phase One pilot requirements for Low impact systems.;735291151388;us-east-1;2026-07-10 18:08:16.187152;ksi-mla-07;Maintain a list of information resources and event types that will be monitored, logged, and audited;Monitoring, Logging, and Auditing;;;aws;;FAIL;AWS Config recorder 735291151388 is disabled.;arn:aws:config:us-east-1:735291151388:recorder;config_recorder_all_regions_enabled;False;735291151388;FedRAMP-20x-KSI-Low;FedRAMP 20x Key Security Indicators (KSIs) - Low Impact Level v25.05C;
aws;FedRAMP 20x Key Security Indicators (KSIs) Low Impact Level represent core security indicators for cloud service providers, focusing on automation, continuous monitoring, and cloud-native security principles per FedRAMP 20x Phase One pilot requirements for Low impact systems.;735291151388;us-east-2;2026-07-10 18:08:16.187152;ksi-cmt;A secure cloud service provider will ensure that all system changes are properly documented and configuration baselines are updated accordingly;Change Management;;;aws;;FAIL;AWS Config recorder 735291151388 is disabled.;arn:aws:config:us-east-2:735291151388:recorder;config_recorder_all_regions_enabled;False;735291151388;FedRAMP-20x-KSI-Low;FedRAMP 20x Key Security Indicators (KSIs) - Low Impact Level v25.05C;
aws;FedRAMP 20x Key Security Indicators (KSIs) Low Impact Level represent core security indicators for cloud service providers, focusing on automation, continuous monitoring, and cloud-native security principles per FedRAMP 20x Phase One pilot requirements for Low impact systems.;735291151388;us-east-2;2026-07-10 18:08:16.187152;ksi-piy;A secure cloud service offering will have intentional, organized, universal guidance for how every information resource, including personnel, is secured;Policy and Inventory;;;aws;;FAIL;AWS Config recorder 735291151388 is disabled.;arn:aws:config:us-east-2:735291151388:recorder;config_recorder_all_regions_enabled;False;735291151388;FedRAMP-20x-KSI-Low;FedRAMP 20x Key Security Indicators (KSIs) - Low Impact Level v25.05C;
aws;FedRAMP 20x Key Security Indicators (KSIs) Low Impact Level represent core security indicators for cloud service providers, focusing on automation, continuous monitoring, and cloud-native security principles per FedRAMP 20x Phase One pilot requirements for Low impact systems.;735291151388;us-east-2;2026-07-10 18:08:16.187152;ksi-mla-07;Maintain a list of information resources and event types that will be monitored, logged, and audited;Monitoring, Logging, and Auditing;;;aws;;FAIL;AWS Config recorder 735291151388 is disabled.;arn:aws:config:us-east-2:735291151388:recorder;config_recorder_all_regions_enabled;False;735291151388;FedRAMP-20x-KSI-Low;FedRAMP 20x Key Security Indicators (KSIs) - Low Impact Level v25.05C;
aws;FedRAMP 20x Key Security Indicators (KSIs) Low Impact Level represent core security indicators for cloud service providers, focusing on automation, continuous monitoring, and cloud-native security principles per FedRAMP 20x Phase One pilot requirements for Low impact systems.;735291151388;us-west-1;2026-07-10 18:08:16.187152;ksi-cmt;A secure cloud service provider will ensure that all system changes are properly documented and configuration baselines are updated accordingly;Change Management;;;aws;;FAIL;AWS Config recorder 735291151388 is disabled.;arn:aws:config:us-west-1:735291151388:recorder;config_recorder_all_regions_enabled;False;735291151388;FedRAMP-20x-KSI-Low;FedRAMP 20x Key Security Indicators (KSIs) - Low Impact Level v25.05C;
aws;FedRAMP 20x Key Security Indicators (KSIs) Low Impact Level represent core security indicators for cloud service providers, focusing on automation, continuous monitoring, and cloud-native security principles per FedRAMP 20x Phase One pilot requirements for Low impact systems.;735291151388;us-west-1;2026-07-10 18:08:16.187152;ksi-piy;A secure cloud service offering will have intentional, organized, universal guidance for how every information resource, including personnel, is secured;Policy and Inventory;;;aws;;FAIL;AWS Config recorder 735291151388 is disabled.;arn:aws:config:us-west-1:735291151388:recorder;config_recorder_all_regions_enabled;False;735291151388;FedRAMP-20x-KSI-Low;FedRAMP 20x Key Security Indicators (KSIs) - Low Impact Level v25.05C;
aws;FedRAMP 20x Key Security Indicators (KSIs) Low Impact Level represent core security indicators for cloud service providers, focusing on automation, continuous monitoring, and cloud-native security principles per FedRAMP 20x Phase One pilot requirements for Low impact systems.;735291151388;us-west-1;2026-07-10 18:08:16.187152;ksi-mla-07;Maintain a list of information resources and event types that will be monitored, logged, and audited;Monitoring, Logging, and Auditing;;;aws;;FAIL;AWS Config recorder 735291151388 is disabled.;arn:aws:config:us-west-1:735291151388:recorder;config_recorder_all_regions_enabled;False;735291151388;FedRAMP-20x-KSI-Low;FedRAMP 20x Key Security Indicators (KSIs) - Low Impact Level v25.05C;
aws;FedRAMP 20x Key Security Indicators (KSIs) Low Impact Level represent core security indicators for cloud service providers, focusing on automation, continuous monitoring, and cloud-native security principles per FedRAMP 20x Phase One pilot requirements for Low impact systems.;735291151388;us-west-2;2026-07-10 18:08:16.187152;ksi-cmt;A secure cloud service provider will ensure that all system changes are properly documented and configuration baselines are updated accordingly;Change Management;;;aws;;FAIL;AWS Config recorder 735291151388 is disabled.;arn:aws:config:us-west-2:735291151388:recorder;config_recorder_all_regions_enabled;False;735291151388;FedRAMP-20x-KSI-Low;FedRAMP 20x Key Security Indicators (KSIs) - Low Impact Level v25.05C;
aws;FedRAMP 20x Key Security Indicators (KSIs) Low Impact Level represent core security indicators for cloud service providers, focusing on automation, continuous monitoring, and cloud-native security principles per FedRAMP 20x Phase One pilot requirements for Low impact systems.;735291151388;us-west-2;2026-07-10 18:08:16.187152;ksi-piy;A secure cloud service offering will have intentional, organized, universal guidance for how every information resource, including personnel, is secured;Policy and Inventory;;;aws;;FAIL;AWS Config recorder 735291151388 is disabled.;arn:aws:config:us-west-2:735291151388:recorder;config_recorder_all_regions_enabled;False;735291151388;FedRAMP-20x-KSI-Low;FedRAMP 20x Key Security Indicators (KSIs) - Low Impact Level v25.05C;
aws;FedRAMP 20x Key Security Indicators (KSIs) Low Impact Level represent core security indicators for cloud service providers, focusing on automation, continuous monitoring, and cloud-native security principles per FedRAMP 20x Phase One pilot requirements for Low impact systems.;735291151388;us-west-2;2026-07-10 18:08:16.187152;ksi-mla-07;Maintain a list of information resources and event types that will be monitored, logged, and audited;Monitoring, Logging, and Auditing;;;aws;;FAIL;AWS Config recorder 735291151388 is disabled.;arn:aws:config:us-west-2:735291151388:recorder;config_recorder_all_regions_enabled;False;735291151388;FedRAMP-20x-KSI-Low;FedRAMP 20x Key Security Indicators (KSIs) - Low Impact Level v25.05C;
aws;FedRAMP 20x Key Security Indicators (KSIs) Low Impact Level represent core security indicators for cloud service providers, focusing on automation, continuous monitoring, and cloud-native security principles per FedRAMP 20x Phase One pilot requirements for Low impact systems.;735291151388;ap-south-1;2026-07-10 18:08:16.187152;ksi-svc;A secure cloud service offering will follow FedRAMP encryption policies, continuously verify information resource integrity, and restrict access to third-party information resources;Service Configuration;;;aws;;FAIL;EBS Default Encryption is not activated.;arn:aws:ec2:ap-south-1:735291151388:volume;ec2_ebs_default_encryption;False;735291151388;FedRAMP-20x-KSI-Low;FedRAMP 20x Key Security Indicators (KSIs) - Low Impact Level v25.05C;
aws;FedRAMP 20x Key Security Indicators (KSIs) Low Impact Level represent core security indicators for cloud service providers, focusing on automation, continuous monitoring, and cloud-native security principles per FedRAMP 20x Phase One pilot requirements for Low impact systems.;735291151388;ap-south-1;2026-07-10 18:08:16.187152;ksi-cna;A secure cloud service offering will use cloud native architecture and design principles to enforce and enhance the Confidentiality, Integrity and Availability of the system;Cloud Native Architecture;;;aws;;PASS;EC2 Instance i-0c7395c282641f31e has IMDSv2 enabled and required.;arn:aws:ec2:ap-south-1:735291151388:instance/i-0c7395c282641f31e;ec2_instance_imdsv2_enabled;False;i-0c7395c282641f31e;FedRAMP-20x-KSI-Low;FedRAMP 20x Key Security Indicators (KSIs) - Low Impact Level v25.05C;
aws;FedRAMP 20x Key Security Indicators (KSIs) Low Impact Level represent core security indicators for cloud service providers, focusing on automation, continuous monitoring, and cloud-native security principles per FedRAMP 20x Phase One pilot requirements for Low impact systems.;735291151388;ap-south-1;2026-07-10 18:08:16.187152;ksi-cmt;A secure cloud service provider will ensure that all system changes are properly documented and configuration baselines are updated accordingly;Change Management;;;aws;;FAIL;EC2 Instance i-0c7395c282641f31e is not managed by Systems Manager.;arn:aws:ec2:ap-south-1:735291151388:instance/i-0c7395c282641f31e;ec2_instance_managed_by_ssm;False;i-0c7395c282641f31e;FedRAMP-20x-KSI-Low;FedRAMP 20x Key Security Indicators (KSIs) - Low Impact Level v25.05C;
aws;FedRAMP 20x Key Security Indicators (KSIs) Low Impact Level represent core security indicators for cloud service providers, focusing on automation, continuous monitoring, and cloud-native security principles per FedRAMP 20x Phase One pilot requirements for Low impact systems.;735291151388;ap-south-1;2026-07-10 18:08:16.187152;ksi-piy;A secure cloud service offering will have intentional, organized, universal guidance for how every information resource, including personnel, is secured;Policy and Inventory;;;aws;;FAIL;EC2 Instance i-0c7395c282641f31e is not managed by Systems Manager.;arn:aws:ec2:ap-south-1:735291151388:instance/i-0c7395c282641f31e;ec2_instance_managed_by_ssm;False;i-0c7395c282641f31e;FedRAMP-20x-KSI-Low;FedRAMP 20x Key Security Indicators (KSIs) - Low Impact Level v25.05C;
aws;FedRAMP 20x Key Security Indicators (KSIs) Low Impact Level represent core security indicators for cloud service providers, focusing on automation, continuous monitoring, and cloud-native security principles per FedRAMP 20x Phase One pilot requirements for Low impact systems.;735291151388;ap-south-1;2026-07-10 18:08:16.187152;ksi-cmt;A secure cloud service provider will ensure that all system changes are properly documented and configuration baselines are updated accordingly;Change Management;;;aws;;PASS;EC2 Instance i-0c7395c282641f31e is not older than 180 days (0 days).;arn:aws:ec2:ap-south-1:735291151388:instance/i-0c7395c282641f31e;ec2_instance_older_than_specific_days;False;i-0c7395c282641f31e;FedRAMP-20x-KSI-Low;FedRAMP 20x Key Security Indicators (KSIs) - Low Impact Level v25.05C;
aws;FedRAMP 20x Key Security Indicators (KSIs) Low Impact Level represent core security indicators for cloud service providers, focusing on automation, continuous monitoring, and cloud-native security principles per FedRAMP 20x Phase One pilot requirements for Low impact systems.;735291151388;ap-south-1;2026-07-10 18:08:16.187152;ksi-cna;A secure cloud service offering will use cloud native architecture and design principles to enforce and enhance the Confidentiality, Integrity and Availability of the system;Cloud Native Architecture;;;aws;;FAIL;Network ACL acl-055a0136ea4bc4585 has every port open to the Internet.;arn:aws:ec2:ap-south-1:735291151388:network-acl/acl-055a0136ea4bc4585;ec2_networkacl_allow_ingress_any_port;False;acl-055a0136ea4bc4585;FedRAMP-20x-KSI-Low;FedRAMP 20x Key Security Indicators (KSIs) - Low Impact Level v25.05C;
aws;FedRAMP 20x Key Security Indicators (KSIs) Low Impact Level represent core security indicators for cloud service providers, focusing on automation, continuous monitoring, and cloud-native security principles per FedRAMP 20x Phase One pilot requirements for Low impact systems.;735291151388;ap-south-1;2026-07-10 18:08:16.187152;ksi-cna;A secure cloud service offering will use cloud native architecture and design principles to enforce and enhance the Confidentiality, Integrity and Availability of the system;Cloud Native Architecture;;;aws;;FAIL;Network ACL acl-0db7c7715aa3918aa has every port open to the Internet.;arn:aws:ec2:ap-south-1:735291151388:network-acl/acl-0db7c7715aa3918aa;ec2_networkacl_allow_ingress_any_port;False;acl-0db7c7715aa3918aa;FedRAMP-20x-KSI-Low;FedRAMP 20x Key Security Indicators (KSIs) - Low Impact Level v25.05C;
aws;FedRAMP 20x Key Security Indicators (KSIs) Low Impact Level represent core security indicators for cloud service providers, focusing on automation, continuous monitoring, and cloud-native security principles per FedRAMP 20x Phase One pilot requirements for Low impact systems.;735291151388;ap-south-1;2026-07-10 18:08:16.187152;ksi-cna;A secure cloud service offering will use cloud native architecture and design principles to enforce and enhance the Confidentiality, Integrity and Availability of the system;Cloud Native Architecture;;;aws;;PASS;Security group cloudguardian-rds-sg (sg-0be0be5f1a7d28519) does not have any port open to the Internet.;arn:aws:ec2:ap-south-1:735291151388:security-group/sg-0be0be5f1a7d28519;ec2_securitygroup_allow_ingress_from_internet_to_any_port;False;sg-0be0be5f1a7d28519;FedRAMP-20x-KSI-Low;FedRAMP 20x Key Security Indicators (KSIs) - Low Impact Level v25.05C;
aws;FedRAMP 20x Key Security Indicators (KSIs) Low Impact Level represent core security indicators for cloud service providers, focusing on automation, continuous monitoring, and cloud-native security principles per FedRAMP 20x Phase One pilot requirements for Low impact systems.;735291151388;ap-south-1;2026-07-10 18:08:16.187152;ksi-cna;A secure cloud service offering will use cloud native architecture and design principles to enforce and enhance the Confidentiality, Integrity and Availability of the system;Cloud Native Architecture;;;aws;;FAIL;Security group cloudguardian-web-sg (sg-0fdba0a657788f1d7) has at least one port open to the Internet but its network interface type (interface) is not allowed.;arn:aws:ec2:ap-south-1:735291151388:security-group/sg-0fdba0a657788f1d7;ec2_securitygroup_allow_ingress_from_internet_to_any_port;False;sg-0fdba0a657788f1d7;FedRAMP-20x-KSI-Low;FedRAMP 20x Key Security Indicators (KSIs) - Low Impact Level v25.05C;
aws;FedRAMP 20x Key Security Indicators (KSIs) Low Impact Level represent core security indicators for cloud service providers, focusing on automation, continuous monitoring, and cloud-native security principles per FedRAMP 20x Phase One pilot requirements for Low impact systems.;735291151388;ap-south-1;2026-07-10 18:08:16.187152;ksi-iam;A secure cloud service offering will protect user data, control access, and apply zero trust principles;Identity and Access Management;;;aws;;FAIL;Group admin provides administrator access to User Alex with MFA disabled.;arn:aws:iam::735291151388:group/admin;iam_administrator_access_with_mfa;False;admin;FedRAMP-20x-KSI-Low;FedRAMP 20x Key Security Indicators (KSIs) - Low Impact Level v25.05C;
aws;FedRAMP 20x Key Security Indicators (KSIs) Low Impact Level represent core security indicators for cloud service providers, focusing on automation, continuous monitoring, and cloud-native security principles per FedRAMP 20x Phase One pilot requirements for Low impact systems.;735291151388;ap-south-1;2026-07-10 18:08:16.187152;ksi-iam;A secure cloud service offering will protect user data, control access, and apply zero trust principles;Identity and Access Management;;;aws;;PASS;AWS policy AmazonRDSServiceRolePolicy is attached but does not allow '*:*' administrative privileges.;arn:aws:iam::aws:policy/aws-service-role/AmazonRDSServiceRolePolicy;iam_aws_attached_policy_no_administrative_privileges;False;AmazonRDSServiceRolePolicy;FedRAMP-20x-KSI-Low;FedRAMP 20x Key Security Indicators (KSIs) - Low Impact Level v25.05C;
aws;FedRAMP 20x Key Security Indicators (KSIs) Low Impact Level represent core security indicators for cloud service providers, focusing on automation, continuous monitoring, and cloud-native security principles per FedRAMP 20x Phase One pilot requirements for Low impact systems.;735291151388;ap-south-1;2026-07-10 18:08:16.187152;ksi-iam;A secure cloud service offering will protect user data, control access, and apply zero trust principles;Identity and Access Management;;;aws;;PASS;AWS policy AWSTrustedAdvisorServiceRolePolicy is attached but does not allow '*:*' administrative privileges.;arn:aws:iam::aws:policy/aws-service-role/AWSTrustedAdvisorServiceRolePolicy;iam_aws_attached_policy_no_administrative_privileges;False;AWSTrustedAdvisorServiceRolePolicy;FedRAMP-20x-KSI-Low;FedRAMP 20x Key Security Indicators (KSIs) - Low Impact Level v25.05C;
aws;FedRAMP 20x Key Security Indicators (KSIs) Low Impact Level represent core security indicators for cloud service providers, focusing on automation, continuous monitoring, and cloud-native security principles per FedRAMP 20x Phase One pilot requirements for Low impact systems.;735291151388;ap-south-1;2026-07-10 18:08:16.187152;ksi-iam;A secure cloud service offering will protect user data, control access, and apply zero trust principles;Identity and Access Management;;;aws;;FAIL;AWS policy AdministratorAccess is attached and allows '*:*' administrative privileges.;arn:aws:iam::aws:policy/AdministratorAccess;iam_aws_attached_policy_no_administrative_privileges;False;AdministratorAccess;FedRAMP-20x-KSI-Low;FedRAMP 20x Key Security Indicators (KSIs) - Low Impact Level v25.05C;
aws;FedRAMP 20x Key Security Indicators (KSIs) Low Impact Level represent core security indicators for cloud service providers, focusing on automation, continuous monitoring, and cloud-native security principles per FedRAMP 20x Phase One pilot requirements for Low impact systems.;735291151388;ap-south-1;2026-07-10 18:08:16.187152;ksi-iam;A secure cloud service offering will protect user data, control access, and apply zero trust principles;Identity and Access Management;;;aws;;PASS;AWS policy AWSSupportServiceRolePolicy is attached but does not allow '*:*' administrative privileges.;arn:aws:iam::aws:policy/aws-service-role/AWSSupportServiceRolePolicy;iam_aws_attached_policy_no_administrative_privileges;False;AWSSupportServiceRolePolicy;FedRAMP-20x-KSI-Low;FedRAMP 20x Key Security Indicators (KSIs) - Low Impact Level v25.05C;
aws;FedRAMP 20x Key Security Indicators (KSIs) Low Impact Level represent core security indicators for cloud service providers, focusing on automation, continuous monitoring, and cloud-native security principles per FedRAMP 20x Phase One pilot requirements for Low impact systems.;735291151388;ap-south-1;2026-07-10 18:08:16.187152;ksi-iam;A secure cloud service offering will protect user data, control access, and apply zero trust principles;Identity and Access Management;;;aws;;PASS;AWS policy AWSResourceExplorerServiceRolePolicy is attached but does not allow '*:*' administrative privileges.;arn:aws:iam::aws:policy/aws-service-role/AWSResourceExplorerServiceRolePolicy;iam_aws_attached_policy_no_administrative_privileges;False;AWSResourceExplorerServiceRolePolicy;FedRAMP-20x-KSI-Low;FedRAMP 20x Key Security Indicators (KSIs) - Low Impact Level v25.05C;
aws;FedRAMP 20x Key Security Indicators (KSIs) Low Impact Level represent core security indicators for cloud service providers, focusing on automation, continuous monitoring, and cloud-native security principles per FedRAMP 20x Phase One pilot requirements for Low impact systems.;735291151388;ap-south-1;2026-07-10 18:08:16.187152;ksi-iam;A secure cloud service offering will protect user data, control access, and apply zero trust principles;Identity and Access Management;;;aws;;PASS;Inline policy cloudguardian-s3-read-only attached to role cloudguardian-web-role does not allow '*:*' administrative privileges.;arn:aws:iam::735291151388:role/cloudguardian-web-role;iam_inline_policy_no_administrative_privileges;False;cloudguardian-web-role/cloudguardian-s3-read-only;FedRAMP-20x-KSI-Low;FedRAMP 20x Key Security Indicators (KSIs) - Low Impact Level v25.05C;
aws;FedRAMP 20x Key Security Indicators (KSIs) Low Impact Level represent core security indicators for cloud service providers, focusing on automation, continuous monitoring, and cloud-native security principles per FedRAMP 20x Phase One pilot requirements for Low impact systems.;735291151388;ap-south-1;2026-07-10 18:08:16.187152;ksi-iam;A secure cloud service offering will protect user data, control access, and apply zero trust principles;Identity and Access Management;;;aws;;PASS;Inline policy cloudguardian-s3-read-only attached to role cloudguardian-web-role does not allow 'aws-marketplace:Subscribe' on all resources.;arn:aws:iam::735291151388:role/cloudguardian-web-role;iam_inline_policy_no_wildcard_marketplace_subscribe;False;cloudguardian-web-role/cloudguardian-s3-read-only;FedRAMP-20x-KSI-Low;FedRAMP 20x Key Security Indicators (KSIs) - Low Impact Level v25.05C;
aws;FedRAMP 20x Key Security Indicators (KSIs) Low Impact Level represent core security indicators for cloud service providers, focusing on automation, continuous monitoring, and cloud-native security principles per FedRAMP 20x Phase One pilot requirements for Low impact systems.;735291151388;ap-south-1;2026-07-10 18:08:16.187152;ksi-iam;A secure cloud service offering will protect user data, control access, and apply zero trust principles;Identity and Access Management;;;aws;;PASS;Root account does not have access keys.;arn:aws:iam::735291151388:root;iam_no_root_access_key;False;<root_account>;FedRAMP-20x-KSI-Low;FedRAMP 20x Key Security Indicators (KSIs) - Low Impact Level v25.05C;
aws;FedRAMP 20x Key Security Indicators (KSIs) Low Impact Level represent core security indicators for cloud service providers, focusing on automation, continuous monitoring, and cloud-native security principles per FedRAMP 20x Phase One pilot requirements for Low impact systems.;735291151388;ap-south-1;2026-07-10 18:08:16.187152;ksi-iam-07;Securely manage the lifecycle and privileges of all accounts, roles, and groups;Identity and Access Management;;;aws;;PASS;Root account does not have access keys.;arn:aws:iam::735291151388:root;iam_no_root_access_key;False;<root_account>;FedRAMP-20x-KSI-Low;FedRAMP 20x Key Security Indicators (KSIs) - Low Impact Level v25.05C;
aws;FedRAMP 20x Key Security Indicators (KSIs) Low Impact Level represent core security indicators for cloud service providers, focusing on automation, continuous monitoring, and cloud-native security principles per FedRAMP 20x Phase One pilot requirements for Low impact systems.;735291151388;ap-south-1;2026-07-10 18:08:16.187152;ksi-iam;A secure cloud service offering will protect user data, control access, and apply zero trust principles;Identity and Access Management;;;aws;;FAIL;Password expiration is not set.;arn:aws:iam:ap-south-1:735291151388:password-policy;iam_password_policy_expires_passwords_within_90_days_or_less;False;735291151388;FedRAMP-20x-KSI-Low;FedRAMP 20x Key Security Indicators (KSIs) - Low Impact Level v25.05C;
aws;FedRAMP 20x Key Security Indicators (KSIs) Low Impact Level represent core security indicators for cloud service providers, focusing on automation, continuous monitoring, and cloud-native security principles per FedRAMP 20x Phase One pilot requirements for Low impact systems.;735291151388;ap-south-1;2026-07-10 18:08:16.187152;ksi-iam;A secure cloud service offering will protect user data, control access, and apply zero trust principles;Identity and Access Management;;;aws;;FAIL;IAM password policy does not require at least one lowercase letter.;arn:aws:iam:ap-south-1:735291151388:password-policy;iam_password_policy_lowercase;False;735291151388;FedRAMP-20x-KSI-Low;FedRAMP 20x Key Security Indicators (KSIs) - Low Impact Level v25.05C;
aws;FedRAMP 20x Key Security Indicators (KSIs) Low Impact Level represent core security indicators for cloud service providers, focusing on automation, continuous monitoring, and cloud-native security principles per FedRAMP 20x Phase One pilot requirements for Low impact systems.;735291151388;ap-south-1;2026-07-10 18:08:16.187152;ksi-iam;A secure cloud service offering will protect user data, control access, and apply zero trust principles;Identity and Access Management;;;aws;;FAIL;IAM password policy does not require minimum length of 14 characters.;arn:aws:iam:ap-south-1:735291151388:password-policy;iam_password_policy_minimum_length_14;False;735291151388;FedRAMP-20x-KSI-Low;FedRAMP 20x Key Security Indicators (KSIs) - Low Impact Level v25.05C;
aws;FedRAMP 20x Key Security Indicators (KSIs) Low Impact Level represent core security indicators for cloud service providers, focusing on automation, continuous monitoring, and cloud-native security principles per FedRAMP 20x Phase One pilot requirements for Low impact systems.;735291151388;ap-south-1;2026-07-10 18:08:16.187152;ksi-iam;A secure cloud service offering will protect user data, control access, and apply zero trust principles;Identity and Access Management;;;aws;;FAIL;IAM password policy does not require at least one number.;arn:aws:iam:ap-south-1:735291151388:password-policy;iam_password_policy_number;False;735291151388;FedRAMP-20x-KSI-Low;FedRAMP 20x Key Security Indicators (KSIs) - Low Impact Level v25.05C;
aws;FedRAMP 20x Key Security Indicators (KSIs) Low Impact Level represent core security indicators for cloud service providers, focusing on automation, continuous monitoring, and cloud-native security principles per FedRAMP 20x Phase One pilot requirements for Low impact systems.;735291151388;ap-south-1;2026-07-10 18:08:16.187152;ksi-iam;A secure cloud service offering will protect user data, control access, and apply zero trust principles;Identity and Access Management;;;aws;;FAIL;IAM password policy reuse prevention is less than 24 or not set.;arn:aws:iam:ap-south-1:735291151388:password-policy;iam_password_policy_reuse_24;False;735291151388;FedRAMP-20x-KSI-Low;FedRAMP 20x Key Security Indicators (KSIs) - Low Impact Level v25.05C;
aws;FedRAMP 20x Key Security Indicators (KSIs) Low Impact Level represent core security indicators for cloud service providers, focusing on automation, continuous monitoring, and cloud-native security principles per FedRAMP 20x Phase One pilot requirements for Low impact systems.;735291151388;ap-south-1;2026-07-10 18:08:16.187152;ksi-iam;A secure cloud service offering will protect user data, control access, and apply zero trust principles;Identity and Access Management;;;aws;;FAIL;IAM password policy does not require at least one symbol.;arn:aws:iam:ap-south-1:735291151388:password-policy;iam_password_policy_symbol;False;735291151388;FedRAMP-20x-KSI-Low;FedRAMP 20x Key Security Indicators (KSIs) - Low Impact Level v25.05C;
aws;FedRAMP 20x Key Security Indicators (KSIs) Low Impact Level represent core security indicators for cloud service providers, focusing on automation, continuous monitoring, and cloud-native security principles per FedRAMP 20x Phase One pilot requirements for Low impact systems.;735291151388;ap-south-1;2026-07-10 18:08:16.187152;ksi-iam;A secure cloud service offering will protect user data, control access, and apply zero trust principles;Identity and Access Management;;;aws;;FAIL;IAM password policy does not require at least one uppercase letter.;arn:aws:iam:ap-south-1:735291151388:password-policy;iam_password_policy_uppercase;False;735291151388;FedRAMP-20x-KSI-Low;FedRAMP 20x Key Security Indicators (KSIs) - Low Impact Level v25.05C;
aws;FedRAMP 20x Key Security Indicators (KSIs) Low Impact Level represent core security indicators for cloud service providers, focusing on automation, continuous monitoring, and cloud-native security principles per FedRAMP 20x Phase One pilot requirements for Low impact systems.;735291151388;ap-south-1;2026-07-10 18:08:16.187152;ksi-iam;A secure cloud service offering will protect user data, control access, and apply zero trust principles;Identity and Access Management;;;aws;;PASS;User Alex has no inline or attached policies.;arn:aws:iam::735291151388:user/Alex;iam_policy_attached_only_to_group_or_roles;False;Alex;FedRAMP-20x-KSI-Low;FedRAMP 20x Key Security Indicators (KSIs) - Low Impact Level v25.05C;
aws;FedRAMP 20x Key Security Indicators (KSIs) Low Impact Level represent core security indicators for cloud service providers, focusing on automation, continuous monitoring, and cloud-native security principles per FedRAMP 20x Phase One pilot requirements for Low impact systems.;735291151388;ap-south-1;2026-07-10 18:08:16.187152;ksi-iam-07;Securely manage the lifecycle and privileges of all accounts, roles, and groups;Identity and Access Management;;;aws;;PASS;User Alex has no inline or attached policies.;arn:aws:iam::735291151388:user/Alex;iam_policy_attached_only_to_group_or_roles;False;Alex;FedRAMP-20x-KSI-Low;FedRAMP 20x Key Security Indicators (KSIs) - Low Impact Level v25.05C;
aws;FedRAMP 20x Key Security Indicators (KSIs) Low Impact Level represent core security indicators for cloud service providers, focusing on automation, continuous monitoring, and cloud-native security principles per FedRAMP 20x Phase One pilot requirements for Low impact systems.;735291151388;ap-south-1;2026-07-10 18:08:16.187152;ksi-iam;A secure cloud service offering will protect user data, control access, and apply zero trust principles;Identity and Access Management;;;aws;;PASS;IAM Role AWSServiceRoleForResourceExplorer accessed Bedrock 0 days ago (threshold: 60 days).;arn:aws:iam::735291151388:role/aws-service-role/resource-explorer-2.amazonaws.com/AWSServiceRoleForResourceExplorer;iam_role_access_not_stale_to_bedrock;False;AWSServiceRoleForResourceExplorer;FedRAMP-20x-KSI-Low;FedRAMP 20x Key Security Indicators (KSIs) - Low Impact Level v25.05C;
aws;FedRAMP 20x Key Security Indicators (KSIs) Low Impact Level represent core security indicators for cloud service providers, focusing on automation, continuous monitoring, and cloud-native security principles per FedRAMP 20x Phase One pilot requirements for Low impact systems.;735291151388;ap-south-1;2026-07-10 18:08:16.187152;ksi-iam-07;Securely manage the lifecycle and privileges of all accounts, roles, and groups;Identity and Access Management;;;aws;;PASS;IAM Role AWSServiceRoleForResourceExplorer accessed Bedrock 0 days ago (threshold: 60 days).;arn:aws:iam::735291151388:role/aws-service-role/resource-explorer-2.amazonaws.com/AWSServiceRoleForResourceExplorer;iam_role_access_not_stale_to_bedrock;False;AWSServiceRoleForResourceExplorer;FedRAMP-20x-KSI-Low;FedRAMP 20x Key Security Indicators (KSIs) - Low Impact Level v25.05C;
aws;FedRAMP 20x Key Security Indicators (KSIs) Low Impact Level represent core security indicators for cloud service providers, focusing on automation, continuous monitoring, and cloud-native security principles per FedRAMP 20x Phase One pilot requirements for Low impact systems.;735291151388;ap-south-1;2026-07-10 18:08:16.187152;ksi-iam;A secure cloud service offering will protect user data, control access, and apply zero trust principles;Identity and Access Management;;;aws;;FAIL;IAM Role AWSServiceRoleForSupport has Bedrock permissions but has never used them.;arn:aws:iam::735291151388:role/aws-service-role/support.amazonaws.com/AWSServiceRoleForSupport;iam_role_access_not_stale_to_bedrock;False;AWSServiceRoleForSupport;FedRAMP-20x-KSI-Low;FedRAMP 20x Key Security Indicators (KSIs) - Low Impact Level v25.05C;
aws;FedRAMP 20x Key Security Indicators (KSIs) Low Impact Level represent core security indicators for cloud service providers, focusing on automation, continuous monitoring, and cloud-native security principles per FedRAMP 20x Phase One pilot requirements for Low impact systems.;735291151388;ap-south-1;2026-07-10 18:08:16.187152;ksi-iam-07;Securely manage the lifecycle and privileges of all accounts, roles, and groups;Identity and Access Management;;;aws;;FAIL;IAM Role AWSServiceRoleForSupport has Bedrock permissions but has never used them.;arn:aws:iam::735291151388:role/aws-service-role/support.amazonaws.com/AWSServiceRoleForSupport;iam_role_access_not_stale_to_bedrock;False;AWSServiceRoleForSupport;FedRAMP-20x-KSI-Low;FedRAMP 20x Key Security Indicators (KSIs) - Low Impact Level v25.05C;
aws;FedRAMP 20x Key Security Indicators (KSIs) Low Impact Level represent core security indicators for cloud service providers, focusing on automation, continuous monitoring, and cloud-native security principles per FedRAMP 20x Phase One pilot requirements for Low impact systems.;735291151388;ap-south-1;2026-07-10 18:08:16.187152;ksi-iam;A secure cloud service offering will protect user data, control access, and apply zero trust principles;Identity and Access Management;;;aws;;PASS;Root account has a hardware MFA device enabled.;arn:aws:iam::735291151388:mfa;iam_root_hardware_mfa_enabled;False;<root_account>;FedRAMP-20x-KSI-Low;FedRAMP 20x Key Security Indicators (KSIs) - Low Impact Level v25.05C;
aws;FedRAMP 20x Key Security Indicators (KSIs) Low Impact Level represent core security indicators for cloud service providers, focusing on automation, continuous monitoring, and cloud-native security principles per FedRAMP 20x Phase One pilot requirements for Low impact systems.;735291151388;ap-south-1;2026-07-10 18:08:16.187152;ksi-iam;A secure cloud service offering will protect user data, control access, and apply zero trust principles;Identity and Access Management;;;aws;;PASS;MFA is enabled for root account.;arn:aws:iam::735291151388:root;iam_root_mfa_enabled;False;<root_account>;FedRAMP-20x-KSI-Low;FedRAMP 20x Key Security Indicators (KSIs) - Low Impact Level v25.05C;
aws;FedRAMP 20x Key Security Indicators (KSIs) Low Impact Level represent core security indicators for cloud service providers, focusing on automation, continuous monitoring, and cloud-native security principles per FedRAMP 20x Phase One pilot requirements for Low impact systems.;735291151388;ap-south-1;2026-07-10 18:08:16.187152;ksi-iam;A secure cloud service offering will protect user data, control access, and apply zero trust principles;Identity and Access Management;;;aws;;PASS;User <root_account> does not have access keys.;arn:aws:iam::735291151388:root;iam_rotate_access_key_90_days;False;<root_account>;FedRAMP-20x-KSI-Low;FedRAMP 20x Key Security Indicators (KSIs) - Low Impact Level v25.05C;
aws;FedRAMP 20x Key Security Indicators (KSIs) Low Impact Level represent core security indicators for cloud service providers, focusing on automation, continuous monitoring, and cloud-native security principles per FedRAMP 20x Phase One pilot requirements for Low impact systems.;735291151388;ap-south-1;2026-07-10 18:08:16.187152;ksi-iam-07;Securely manage the lifecycle and privileges of all accounts, roles, and groups;Identity and Access Management;;;aws;;PASS;User <root_account> does not have access keys.;arn:aws:iam::735291151388:root;iam_rotate_access_key_90_days;False;<root_account>;FedRAMP-20x-KSI-Low;FedRAMP 20x Key Security Indicators (KSIs) - Low Impact Level v25.05C;
aws;FedRAMP 20x Key Security Indicators (KSIs) Low Impact Level represent core security indicators for cloud service providers, focusing on automation, continuous monitoring, and cloud-native security principles per FedRAMP 20x Phase One pilot requirements for Low impact systems.;735291151388;ap-south-1;2026-07-10 18:08:16.187152;ksi-iam;A secure cloud service offering will protect user data, control access, and apply zero trust principles;Identity and Access Management;;;aws;;PASS;User Alex does not have access keys older than 90 days.;arn:aws:iam::735291151388:user/Alex;iam_rotate_access_key_90_days;False;Alex;FedRAMP-20x-KSI-Low;FedRAMP 20x Key Security Indicators (KSIs) - Low Impact Level v25.05C;
aws;FedRAMP 20x Key Security Indicators (KSIs) Low Impact Level represent core security indicators for cloud service providers, focusing on automation, continuous monitoring, and cloud-native security principles per FedRAMP 20x Phase One pilot requirements for Low impact systems.;735291151388;ap-south-1;2026-07-10 18:08:16.187152;ksi-iam-07;Securely manage the lifecycle and privileges of all accounts, roles, and groups;Identity and Access Management;;;aws;;PASS;User Alex does not have access keys older than 90 days.;arn:aws:iam::735291151388:user/Alex;iam_rotate_access_key_90_days;False;Alex;FedRAMP-20x-KSI-Low;FedRAMP 20x Key Security Indicators (KSIs) - Low Impact Level v25.05C;
aws;FedRAMP 20x Key Security Indicators (KSIs) Low Impact Level represent core security indicators for cloud service providers, focusing on automation, continuous monitoring, and cloud-native security principles per FedRAMP 20x Phase One pilot requirements for Low impact systems.;735291151388;ap-south-1;2026-07-10 18:08:16.187152;ksi-iam;A secure cloud service offering will protect user data, control access, and apply zero trust principles;Identity and Access Management;;;aws;;PASS;IAM User Alex accessed Bedrock 0 days ago (threshold: 60 days).;arn:aws:iam::735291151388:user/Alex;iam_user_access_not_stale_to_bedrock;False;Alex;FedRAMP-20x-KSI-Low;FedRAMP 20x Key Security Indicators (KSIs) - Low Impact Level v25.05C;
aws;FedRAMP 20x Key Security Indicators (KSIs) Low Impact Level represent core security indicators for cloud service providers, focusing on automation, continuous monitoring, and cloud-native security principles per FedRAMP 20x Phase One pilot requirements for Low impact systems.;735291151388;ap-south-1;2026-07-10 18:08:16.187152;ksi-iam-07;Securely manage the lifecycle and privileges of all accounts, roles, and groups;Identity and Access Management;;;aws;;PASS;IAM User Alex accessed Bedrock 0 days ago (threshold: 60 days).;arn:aws:iam::735291151388:user/Alex;iam_user_access_not_stale_to_bedrock;False;Alex;FedRAMP-20x-KSI-Low;FedRAMP 20x Key Security Indicators (KSIs) - Low Impact Level v25.05C;
aws;FedRAMP 20x Key Security Indicators (KSIs) Low Impact Level represent core security indicators for cloud service providers, focusing on automation, continuous monitoring, and cloud-native security principles per FedRAMP 20x Phase One pilot requirements for Low impact systems.;735291151388;ap-south-1;2026-07-10 18:08:16.187152;ksi-iam;A secure cloud service offering will protect user data, control access, and apply zero trust principles;Identity and Access Management;;;aws;;PASS;User <root_account> does not have access keys.;arn:aws:iam::735291151388:root;iam_user_accesskey_unused;False;<root_account>;FedRAMP-20x-KSI-Low;FedRAMP 20x Key Security Indicators (KSIs) - Low Impact Level v25.05C;
aws;FedRAMP 20x Key Security Indicators (KSIs) Low Impact Level represent core security indicators for cloud service providers, focusing on automation, continuous monitoring, and cloud-native security principles per FedRAMP 20x Phase One pilot requirements for Low impact systems.;735291151388;ap-south-1;2026-07-10 18:08:16.187152;ksi-iam-07;Securely manage the lifecycle and privileges of all accounts, roles, and groups;Identity and Access Management;;;aws;;PASS;User <root_account> does not have access keys.;arn:aws:iam::735291151388:root;iam_user_accesskey_unused;False;<root_account>;FedRAMP-20x-KSI-Low;FedRAMP 20x Key Security Indicators (KSIs) - Low Impact Level v25.05C;
aws;FedRAMP 20x Key Security Indicators (KSIs) Low Impact Level represent core security indicators for cloud service providers, focusing on automation, continuous monitoring, and cloud-native security principles per FedRAMP 20x Phase One pilot requirements for Low impact systems.;735291151388;ap-south-1;2026-07-10 18:08:16.187152;ksi-iam;A secure cloud service offering will protect user data, control access, and apply zero trust principles;Identity and Access Management;;;aws;;PASS;User Alex does not have unused access keys for 45 days.;arn:aws:iam::735291151388:user/Alex;iam_user_accesskey_unused;False;Alex;FedRAMP-20x-KSI-Low;FedRAMP 20x Key Security Indicators (KSIs) - Low Impact Level v25.05C;
aws;FedRAMP 20x Key Security Indicators (KSIs) Low Impact Level represent core security indicators for cloud service providers, focusing on automation, continuous monitoring, and cloud-native security principles per FedRAMP 20x Phase One pilot requirements for Low impact systems.;735291151388;ap-south-1;2026-07-10 18:08:16.187152;ksi-iam-07;Securely manage the lifecycle and privileges of all accounts, roles, and groups;Identity and Access Management;;;aws;;PASS;User Alex does not have unused access keys for 45 days.;arn:aws:iam::735291151388:user/Alex;iam_user_accesskey_unused;False;Alex;FedRAMP-20x-KSI-Low;FedRAMP 20x Key Security Indicators (KSIs) - Low Impact Level v25.05C;
aws;FedRAMP 20x Key Security Indicators (KSIs) Low Impact Level represent core security indicators for cloud service providers, focusing on automation, continuous monitoring, and cloud-native security principles per FedRAMP 20x Phase One pilot requirements for Low impact systems.;735291151388;ap-south-1;2026-07-10 18:08:16.187152;ksi-iam;A secure cloud service offering will protect user data, control access, and apply zero trust principles;Identity and Access Management;;;aws;;PASS;User Alex does not have console access enabled or is unused.;arn:aws:iam::735291151388:user/Alex;iam_user_console_access_unused;False;Alex;FedRAMP-20x-KSI-Low;FedRAMP 20x Key Security Indicators (KSIs) - Low Impact Level v25.05C;
aws;FedRAMP 20x Key Security Indicators (KSIs) Low Impact Level represent core security indicators for cloud service providers, focusing on automation, continuous monitoring, and cloud-native security principles per FedRAMP 20x Phase One pilot requirements for Low impact systems.;735291151388;ap-south-1;2026-07-10 18:08:16.187152;ksi-iam-07;Securely manage the lifecycle and privileges of all accounts, roles, and groups;Identity and Access Management;;;aws;;PASS;User Alex does not have console access enabled or is unused.;arn:aws:iam::735291151388:user/Alex;iam_user_console_access_unused;False;Alex;FedRAMP-20x-KSI-Low;FedRAMP 20x Key Security Indicators (KSIs) - Low Impact Level v25.05C;
aws;FedRAMP 20x Key Security Indicators (KSIs) Low Impact Level represent core security indicators for cloud service providers, focusing on automation, continuous monitoring, and cloud-native security principles per FedRAMP 20x Phase One pilot requirements for Low impact systems.;735291151388;ap-south-1;2026-07-10 18:08:16.187152;ksi-iam;A secure cloud service offering will protect user data, control access, and apply zero trust principles;Identity and Access Management;;;aws;;FAIL;User Alex does not have any type of MFA enabled.;arn:aws:iam::735291151388:user/Alex;iam_user_hardware_mfa_enabled;False;Alex;FedRAMP-20x-KSI-Low;FedRAMP 20x Key Security Indicators (KSIs) - Low Impact Level v25.05C;
aws;FedRAMP 20x Key Security Indicators (KSIs) Low Impact Level represent core security indicators for cloud service providers, focusing on automation, continuous monitoring, and cloud-native security principles per FedRAMP 20x Phase One pilot requirements for Low impact systems.;735291151388;ap-south-1;2026-07-10 18:08:16.187152;ksi-iam;A secure cloud service offering will protect user data, control access, and apply zero trust principles;Identity and Access Management;;;aws;;PASS;User Alex does not have Console Password enabled.;arn:aws:iam::735291151388:user/Alex;iam_user_mfa_enabled_console_access;False;Alex;FedRAMP-20x-KSI-Low;FedRAMP 20x Key Security Indicators (KSIs) - Low Impact Level v25.05C;
aws;FedRAMP 20x Key Security Indicators (KSIs) Low Impact Level represent core security indicators for cloud service providers, focusing on automation, continuous monitoring, and cloud-native security principles per FedRAMP 20x Phase One pilot requirements for Low impact systems.;735291151388;ap-south-1;2026-07-10 18:08:16.187152;ksi-iam;A secure cloud service offering will protect user data, control access, and apply zero trust principles;Identity and Access Management;;;aws;;PASS;User <root_account> does not have 2 active access keys.;arn:aws:iam::735291151388:root;iam_user_two_active_access_key;False;<root_account>;FedRAMP-20x-KSI-Low;FedRAMP 20x Key Security Indicators (KSIs) - Low Impact Level v25.05C;
aws;FedRAMP 20x Key Security Indicators (KSIs) Low Impact Level represent core security indicators for cloud service providers, focusing on automation, continuous monitoring, and cloud-native security principles per FedRAMP 20x Phase One pilot requirements for Low impact systems.;735291151388;ap-south-1;2026-07-10 18:08:16.187152;ksi-iam;A secure cloud service offering will protect user data, control access, and apply zero trust principles;Identity and Access Management;;;aws;;PASS;User Alex does not have 2 active access keys.;arn:aws:iam::735291151388:user/Alex;iam_user_two_active_access_key;False;Alex;FedRAMP-20x-KSI-Low;FedRAMP 20x Key Security Indicators (KSIs) - Low Impact Level v25.05C;
aws;FedRAMP 20x Key Security Indicators (KSIs) Low Impact Level represent core security indicators for cloud service providers, focusing on automation, continuous monitoring, and cloud-native security principles per FedRAMP 20x Phase One pilot requirements for Low impact systems.;735291151388;ap-south-1;2026-07-10 18:08:16.187152;ksi-piy;A secure cloud service offering will have intentional, organized, universal guidance for how every information resource, including personnel, is secured;Policy and Inventory;;;aws;;FAIL;AWS Organizations is not in-use for this AWS Account.;arn:aws:organizations::735291151388:unknown;organizations_account_part_of_organizations;False;unknown;FedRAMP-20x-KSI-Low;FedRAMP 20x Key Security Indicators (KSIs) - Low Impact Level v25.05C;
aws;FedRAMP 20x Key Security Indicators (KSIs) Low Impact Level represent core security indicators for cloud service providers, focusing on automation, continuous monitoring, and cloud-native security principles per FedRAMP 20x Phase One pilot requirements for Low impact systems.;735291151388;ap-south-1;2026-07-10 18:08:16.187152;ksi-iam;A secure cloud service offering will protect user data, control access, and apply zero trust principles;Identity and Access Management;;;aws;;FAIL;AWS Organizations is not in-use for this AWS Account.;arn:aws:organizations::735291151388:unknown;organizations_opt_out_ai_services_policy;False;unknown;FedRAMP-20x-KSI-Low;FedRAMP 20x Key Security Indicators (KSIs) - Low Impact Level v25.05C;
aws;FedRAMP 20x Key Security Indicators (KSIs) Low Impact Level represent core security indicators for cloud service providers, focusing on automation, continuous monitoring, and cloud-native security principles per FedRAMP 20x Phase One pilot requirements for Low impact systems.;735291151388;ap-south-1;2026-07-10 18:08:16.187152;ksi-iam;A secure cloud service offering will protect user data, control access, and apply zero trust principles;Identity and Access Management;;;aws;;FAIL;AWS Organizations is not in-use for this AWS Account.;arn:aws:organizations::735291151388:unknown;organizations_scp_check_deny_regions;False;unknown;FedRAMP-20x-KSI-Low;FedRAMP 20x Key Security Indicators (KSIs) - Low Impact Level v25.05C;
aws;FedRAMP 20x Key Security Indicators (KSIs) Low Impact Level represent core security indicators for cloud service providers, focusing on automation, continuous monitoring, and cloud-native security principles per FedRAMP 20x Phase One pilot requirements for Low impact systems.;735291151388;ap-south-1;2026-07-10 18:08:16.187152;ksi-piy;A secure cloud service offering will have intentional, organized, universal guidance for how every information resource, including personnel, is secured;Policy and Inventory;;;aws;;FAIL;AWS Organizations is not in-use for this AWS Account.;arn:aws:organizations::735291151388:unknown;organizations_scp_check_deny_regions;False;unknown;FedRAMP-20x-KSI-Low;FedRAMP 20x Key Security Indicators (KSIs) - Low Impact Level v25.05C;
aws;FedRAMP 20x Key Security Indicators (KSIs) Low Impact Level represent core security indicators for cloud service providers, focusing on automation, continuous monitoring, and cloud-native security principles per FedRAMP 20x Phase One pilot requirements for Low impact systems.;735291151388;ap-south-1;2026-07-10 18:08:16.187152;ksi-piy;A secure cloud service offering will have intentional, organized, universal guidance for how every information resource, including personnel, is secured;Policy and Inventory;;;aws;;FAIL;AWS Organizations is not in-use for this AWS Account.;arn:aws:organizations::735291151388:unknown;organizations_tags_policies_enabled_and_attached;False;unknown;FedRAMP-20x-KSI-Low;FedRAMP 20x Key Security Indicators (KSIs) - Low Impact Level v25.05C;
aws;FedRAMP 20x Key Security Indicators (KSIs) Low Impact Level represent core security indicators for cloud service providers, focusing on automation, continuous monitoring, and cloud-native security principles per FedRAMP 20x Phase One pilot requirements for Low impact systems.;735291151388;ap-south-1;2026-07-10 18:08:16.187152;ksi-rpl;A secure cloud service offering will define, maintain, and test incident response plan(s) and recovery capabilities to ensure minimal service disruption and data loss;Recovery Planning;;;aws;;FAIL;RDS Instance cloudguardian-db does not have backup enabled.;arn:aws:rds:ap-south-1:735291151388:db:cloudguardian-db;rds_instance_backup_enabled;False;cloudguardian-db;FedRAMP-20x-KSI-Low;FedRAMP 20x Key Security Indicators (KSIs) - Low Impact Level v25.05C;
aws;FedRAMP 20x Key Security Indicators (KSIs) Low Impact Level represent core security indicators for cloud service providers, focusing on automation, continuous monitoring, and cloud-native security principles per FedRAMP 20x Phase One pilot requirements for Low impact systems.;735291151388;ap-south-1;2026-07-10 18:08:16.187152;ksi-rpl;A secure cloud service offering will define, maintain, and test incident response plan(s) and recovery capabilities to ensure minimal service disruption and data loss;Recovery Planning;;;aws;;FAIL;RDS Instance cloudguardian-db deletion protection is not enabled.;arn:aws:rds:ap-south-1:735291151388:db:cloudguardian-db;rds_instance_deletion_protection;False;cloudguardian-db;FedRAMP-20x-KSI-Low;FedRAMP 20x Key Security Indicators (KSIs) - Low Impact Level v25.05C;
aws;FedRAMP 20x Key Security Indicators (KSIs) Low Impact Level represent core security indicators for cloud service providers, focusing on automation, continuous monitoring, and cloud-native security principles per FedRAMP 20x Phase One pilot requirements for Low impact systems.;735291151388;ap-south-1;2026-07-10 18:08:16.187152;ksi-mla;A secure cloud service offering will monitor, log, and audit all important events, activity, and changes;Monitoring, Logging, and Auditing;;;aws;;FAIL;RDS Instance cloudguardian-db does not have enhanced monitoring enabled.;arn:aws:rds:ap-south-1:735291151388:db:cloudguardian-db;rds_instance_enhanced_monitoring_enabled;False;cloudguardian-db;FedRAMP-20x-KSI-Low;FedRAMP 20x Key Security Indicators (KSIs) - Low Impact Level v25.05C;
aws;FedRAMP 20x Key Security Indicators (KSIs) Low Impact Level represent core security indicators for cloud service providers, focusing on automation, continuous monitoring, and cloud-native security principles per FedRAMP 20x Phase One pilot requirements for Low impact systems.;735291151388;ap-south-1;2026-07-10 18:08:16.187152;ksi-mla;A secure cloud service offering will monitor, log, and audit all important events, activity, and changes;Monitoring, Logging, and Auditing;;;aws;;FAIL;RDS Instance cloudguardian-db does not have CloudWatch Logs enabled.;arn:aws:rds:ap-south-1:735291151388:db:cloudguardian-db;rds_instance_integration_cloudwatch_logs;False;cloudguardian-db;FedRAMP-20x-KSI-Low;FedRAMP 20x Key Security Indicators (KSIs) - Low Impact Level v25.05C;
aws;FedRAMP 20x Key Security Indicators (KSIs) Low Impact Level represent core security indicators for cloud service providers, focusing on automation, continuous monitoring, and cloud-native security principles per FedRAMP 20x Phase One pilot requirements for Low impact systems.;735291151388;ap-south-1;2026-07-10 18:08:16.187152;ksi-cna;A secure cloud service offering will use cloud native architecture and design principles to enforce and enhance the Confidentiality, Integrity and Availability of the system;Cloud Native Architecture;;;aws;;FAIL;RDS Instance cloudguardian-db does not have multi-AZ enabled.;arn:aws:rds:ap-south-1:735291151388:db:cloudguardian-db;rds_instance_multi_az;False;cloudguardian-db;FedRAMP-20x-KSI-Low;FedRAMP 20x Key Security Indicators (KSIs) - Low Impact Level v25.05C;
aws;FedRAMP 20x Key Security Indicators (KSIs) Low Impact Level represent core security indicators for cloud service providers, focusing on automation, continuous monitoring, and cloud-native security principles per FedRAMP 20x Phase One pilot requirements for Low impact systems.;735291151388;ap-south-1;2026-07-10 18:08:16.187152;ksi-svc;A secure cloud service offering will follow FedRAMP encryption policies, continuously verify information resource integrity, and restrict access to third-party information resources;Service Configuration;;;aws;;PASS;RDS Instance cloudguardian-db is encrypted.;arn:aws:rds:ap-south-1:735291151388:db:cloudguardian-db;rds_instance_storage_encrypted;False;cloudguardian-db;FedRAMP-20x-KSI-Low;FedRAMP 20x Key Security Indicators (KSIs) - Low Impact Level v25.05C;
aws;FedRAMP 20x Key Security Indicators (KSIs) Low Impact Level represent core security indicators for cloud service providers, focusing on automation, continuous monitoring, and cloud-native security principles per FedRAMP 20x Phase One pilot requirements for Low impact systems.;735291151388;ap-south-1;2026-07-10 18:08:16.187152;ksi-svc;A secure cloud service offering will follow FedRAMP encryption policies, continuously verify information resource integrity, and restrict access to third-party information resources;Service Configuration;;;aws;;PASS;S3 Bucket cloudguardian-data-c8f4e2a3 has Server Side Encryption with AES256.;arn:aws:s3:::cloudguardian-data-c8f4e2a3;s3_bucket_default_encryption;False;cloudguardian-data-c8f4e2a3;FedRAMP-20x-KSI-Low;FedRAMP 20x Key Security Indicators (KSIs) - Low Impact Level v25.05C;
aws;FedRAMP 20x Key Security Indicators (KSIs) Low Impact Level represent core security indicators for cloud service providers, focusing on automation, continuous monitoring, and cloud-native security principles per FedRAMP 20x Phase One pilot requirements for Low impact systems.;735291151388;ap-south-1;2026-07-10 18:08:16.187152;ksi-svc;A secure cloud service offering will follow FedRAMP encryption policies, continuously verify information resource integrity, and restrict access to third-party information resources;Service Configuration;;;aws;;FAIL;S3 Bucket cloudguardian-data-c8f4e2a3 does not have a bucket policy, thus it allows HTTP requests.;arn:aws:s3:::cloudguardian-data-c8f4e2a3;s3_bucket_secure_transport_policy;False;cloudguardian-data-c8f4e2a3;FedRAMP-20x-KSI-Low;FedRAMP 20x Key Security Indicators (KSIs) - Low Impact Level v25.05C;
aws;FedRAMP 20x Key Security Indicators (KSIs) Low Impact Level represent core security indicators for cloud service providers, focusing on automation, continuous monitoring, and cloud-native security principles per FedRAMP 20x Phase One pilot requirements for Low impact systems.;735291151388;ap-south-1;2026-07-10 18:08:16.187152;ksi-mla;A secure cloud service offering will monitor, log, and audit all important events, activity, and changes;Monitoring, Logging, and Auditing;;;aws;;FAIL;S3 Bucket cloudguardian-data-c8f4e2a3 has server access logging disabled.;arn:aws:s3:::cloudguardian-data-c8f4e2a3;s3_bucket_server_access_logging_enabled;False;cloudguardian-data-c8f4e2a3;FedRAMP-20x-KSI-Low;FedRAMP 20x Key Security Indicators (KSIs) - Low Impact Level v25.05C;
aws;FedRAMP 20x Key Security Indicators (KSIs) Low Impact Level represent core security indicators for cloud service providers, focusing on automation, continuous monitoring, and cloud-native security principles per FedRAMP 20x Phase One pilot requirements for Low impact systems.;735291151388;us-east-1;2026-07-10 18:08:16.187152;ksi-piy;A secure cloud service offering will have intentional, organized, universal guidance for how every information resource, including personnel, is secured;Policy and Inventory;;;aws;;FAIL;Amazon Web Services Premium Support Plan isn't subscribed.;arn:aws:trusted-advisor:us-east-1:735291151388:account;trustedadvisor_premium_support_plan_subscribed;False;735291151388;FedRAMP-20x-KSI-Low;FedRAMP 20x Key Security Indicators (KSIs) - Low Impact Level v25.05C;
aws;FedRAMP 20x Key Security Indicators (KSIs) Low Impact Level represent core security indicators for cloud service providers, focusing on automation, continuous monitoring, and cloud-native security principles per FedRAMP 20x Phase One pilot requirements for Low impact systems.;735291151388;us-east-1;2026-07-10 18:08:16.187152;ksi-tpr;A secure cloud service offering will understand, monitor, and manage supply chain risks from third-party information resources;Third-Party Information Resources;;;aws;;FAIL;Amazon Web Services Premium Support Plan isn't subscribed.;arn:aws:trusted-advisor:us-east-1:735291151388:account;trustedadvisor_premium_support_plan_subscribed;False;735291151388;FedRAMP-20x-KSI-Low;FedRAMP 20x Key Security Indicators (KSIs) - Low Impact Level v25.05C;
aws;FedRAMP 20x Key Security Indicators (KSIs) Low Impact Level represent core security indicators for cloud service providers, focusing on automation, continuous monitoring, and cloud-native security principles per FedRAMP 20x Phase One pilot requirements for Low impact systems.;735291151388;ap-south-1;2026-07-10 18:08:16.187152;ksi-mla;A secure cloud service offering will monitor, log, and audit all important events, activity, and changes;Monitoring, Logging, and Auditing;;;aws;;FAIL;VPC cloudguardian-vpc Flow logs are disabled.;arn:aws:ec2:ap-south-1:735291151388:vpc/vpc-056acc9b951114346;vpc_flow_logs_enabled;False;vpc-056acc9b951114346;FedRAMP-20x-KSI-Low;FedRAMP 20x Key Security Indicators (KSIs) - Low Impact Level v25.05C;
