PROVIDER;DESCRIPTION;SUBSCRIPTIONID;LOCATION;ASSESSMENTDATE;REQUIREMENTS_ID;REQUIREMENTS_NAME;REQUIREMENTS_DESCRIPTION;REQUIREMENTS_ATTRIBUTES_CATEGORY;REQUIREMENTS_ATTRIBUTES_OBJETIVE_ID;REQUIREMENTS_ATTRIBUTES_OBJETIVE_NAME;REQUIREMENTS_ATTRIBUTES_CHECK_SUMMARY;STATUS;STATUSEXTENDED;RESOURCEID;CHECKID;MUTED;RESOURCENAME;FRAMEWORK;NAME
azure;ISO (the International Organization for Standardization) and IEC (the International Electrotechnical Commission) form the specialized system for worldwide standardization. National bodies that are members of ISO or IEC participate in the development of International Standards through technical committees established by the respective organization to deal with particular fields of technical activity. ISO and IEC technical committees collaborate in fields of mutual interest. Other international organizations, governmental and non-governmental, in liaison with ISO and IEC, also take part in the work.;7e3283a3-d466-4e6f-95b1-543eec016e08;global;2026-07-02 19:32:49.149800;A.8.15;Logging;Logs that record activities, exceptions, faults and other relevant events should be produced, stored, protected and analysed.;A.8 Technological controls;A.8.15;Logging;Logs that record activities, exceptions, faults and other relevant events should be produced, stored, protected and analysed.;FAIL;Defender Auto Provisioning Log Analytics Agents from subscription Azure subscription 1 (7e3283a3-d466-4e6f-95b1-543eec016e08) is set to OFF.;/subscriptions/7e3283a3-d466-4e6f-95b1-543eec016e08/providers/Microsoft.Security/autoProvisioningSettings/default;defender_auto_provisioning_log_analytics_agent_vms_on;False;default;ISO27001;ISO/IEC 27001 Information Security Management Standard 2022
azure;ISO (the International Organization for Standardization) and IEC (the International Electrotechnical Commission) form the specialized system for worldwide standardization. National bodies that are members of ISO or IEC participate in the development of International Standards through technical committees established by the respective organization to deal with particular fields of technical activity. ISO and IEC technical committees collaborate in fields of mutual interest. Other international organizations, governmental and non-governmental, in liaison with ISO and IEC, also take part in the work.;7e3283a3-d466-4e6f-95b1-543eec016e08;global;2026-07-02 19:32:49.149800;A.5.19;Information Security In Supplier Relationships;Processes and procedures should be defined and implemented to manage the information security risks associated with the use of supplier’s products or services.;A.5 Organizational controls;A.5.19;Information Security In Supplier Relationships;Processes and procedures should be defined and implemented to manage the information security risks associated with the use of supplier’s products or services.;FAIL;Container image scan is disabled in subscription Azure subscription 1 (7e3283a3-d466-4e6f-95b1-543eec016e08).;/subscriptions/7e3283a3-d466-4e6f-95b1-543eec016e08/providers/Microsoft.Security/pricings/Containers;defender_container_images_scan_enabled;False;Containers;ISO27001;ISO/IEC 27001 Information Security Management Standard 2022
azure;ISO (the International Organization for Standardization) and IEC (the International Electrotechnical Commission) form the specialized system for worldwide standardization. National bodies that are members of ISO or IEC participate in the development of International Standards through technical committees established by the respective organization to deal with particular fields of technical activity. ISO and IEC technical committees collaborate in fields of mutual interest. Other international organizations, governmental and non-governmental, in liaison with ISO and IEC, also take part in the work.;7e3283a3-d466-4e6f-95b1-543eec016e08;global;2026-07-02 19:32:49.149800;A.5.21;Managing Information Security In The ICT Supply Chain;Processes and procedures should be defined and implemented to manage the information security risks associated with the ICT products and services supply chain.;A.5 Organizational controls;A.5.21;Managing Information Security In The ICT Supply Chain;Processes and procedures should be defined and implemented to manage the information security risks associated with the ICT products and services supply chain.;FAIL;Container image scan is disabled in subscription Azure subscription 1 (7e3283a3-d466-4e6f-95b1-543eec016e08).;/subscriptions/7e3283a3-d466-4e6f-95b1-543eec016e08/providers/Microsoft.Security/pricings/Containers;defender_container_images_scan_enabled;False;Containers;ISO27001;ISO/IEC 27001 Information Security Management Standard 2022
azure;ISO (the International Organization for Standardization) and IEC (the International Electrotechnical Commission) form the specialized system for worldwide standardization. National bodies that are members of ISO or IEC participate in the development of International Standards through technical committees established by the respective organization to deal with particular fields of technical activity. ISO and IEC technical committees collaborate in fields of mutual interest. Other international organizations, governmental and non-governmental, in liaison with ISO and IEC, also take part in the work.;7e3283a3-d466-4e6f-95b1-543eec016e08;global;2026-07-02 19:32:49.149800;A.5.25;Assessment And Decision On Information Security Events;The organisation should assess information security events and decide if they are to be categorised as information security incidents.;A.5 Organizational controls;A.5.25;Assessment And Decision On Information Security Events;The organisation should assess information security events and decide if they are to be categorised as information security incidents.;FAIL;Container image scan is disabled in subscription Azure subscription 1 (7e3283a3-d466-4e6f-95b1-543eec016e08).;/subscriptions/7e3283a3-d466-4e6f-95b1-543eec016e08/providers/Microsoft.Security/pricings/Containers;defender_container_images_scan_enabled;False;Containers;ISO27001;ISO/IEC 27001 Information Security Management Standard 2022
azure;ISO (the International Organization for Standardization) and IEC (the International Electrotechnical Commission) form the specialized system for worldwide standardization. National bodies that are members of ISO or IEC participate in the development of International Standards through technical committees established by the respective organization to deal with particular fields of technical activity. ISO and IEC technical committees collaborate in fields of mutual interest. Other international organizations, governmental and non-governmental, in liaison with ISO and IEC, also take part in the work.;7e3283a3-d466-4e6f-95b1-543eec016e08;global;2026-07-02 19:32:49.149800;A.5.28;Collection Of Evidence;The organisation should establish and implement procedures for the identification, collection, acquisition and preservation of evidence related to information security events.;A.5 Organizational controls;A.5.28;Collection Of Evidence;The organisation should establish and implement procedures for the identification, collection, acquisition and preservation of evidence related to information security events.;FAIL;Container image scan is disabled in subscription Azure subscription 1 (7e3283a3-d466-4e6f-95b1-543eec016e08).;/subscriptions/7e3283a3-d466-4e6f-95b1-543eec016e08/providers/Microsoft.Security/pricings/Containers;defender_container_images_scan_enabled;False;Containers;ISO27001;ISO/IEC 27001 Information Security Management Standard 2022
azure;ISO (the International Organization for Standardization) and IEC (the International Electrotechnical Commission) form the specialized system for worldwide standardization. National bodies that are members of ISO or IEC participate in the development of International Standards through technical committees established by the respective organization to deal with particular fields of technical activity. ISO and IEC technical committees collaborate in fields of mutual interest. Other international organizations, governmental and non-governmental, in liaison with ISO and IEC, also take part in the work.;7e3283a3-d466-4e6f-95b1-543eec016e08;global;2026-07-02 19:32:49.149800;A.5.29;Information Security During Disruption;The organisation should plan how to maintain information security at an appropriate level during disruption.;A.5 Organizational controls;A.5.29;Information Security During Disruption;The organisation should plan how to maintain information security at an appropriate level during disruption.;FAIL;Container image scan is disabled in subscription Azure subscription 1 (7e3283a3-d466-4e6f-95b1-543eec016e08).;/subscriptions/7e3283a3-d466-4e6f-95b1-543eec016e08/providers/Microsoft.Security/pricings/Containers;defender_container_images_scan_enabled;False;Containers;ISO27001;ISO/IEC 27001 Information Security Management Standard 2022
azure;ISO (the International Organization for Standardization) and IEC (the International Electrotechnical Commission) form the specialized system for worldwide standardization. National bodies that are members of ISO or IEC participate in the development of International Standards through technical committees established by the respective organization to deal with particular fields of technical activity. ISO and IEC technical committees collaborate in fields of mutual interest. Other international organizations, governmental and non-governmental, in liaison with ISO and IEC, also take part in the work.;7e3283a3-d466-4e6f-95b1-543eec016e08;global;2026-07-02 19:32:49.149800;A.8.7;Protection Against Malware;Protection against malware should be implemented and supported by appropriate user awareness.;A.8 Technological controls;A.8.7;Protection Against Malware;Protection against malware should be implemented and supported by appropriate user awareness.;FAIL;Container image scan is disabled in subscription Azure subscription 1 (7e3283a3-d466-4e6f-95b1-543eec016e08).;/subscriptions/7e3283a3-d466-4e6f-95b1-543eec016e08/providers/Microsoft.Security/pricings/Containers;defender_container_images_scan_enabled;False;Containers;ISO27001;ISO/IEC 27001 Information Security Management Standard 2022
azure;ISO (the International Organization for Standardization) and IEC (the International Electrotechnical Commission) form the specialized system for worldwide standardization. National bodies that are members of ISO or IEC participate in the development of International Standards through technical committees established by the respective organization to deal with particular fields of technical activity. ISO and IEC technical committees collaborate in fields of mutual interest. Other international organizations, governmental and non-governmental, in liaison with ISO and IEC, also take part in the work.;7e3283a3-d466-4e6f-95b1-543eec016e08;global;2026-07-02 19:32:49.149800;A.8.9;Configuration Management;Configurations, including security configurations, of hardware, software, services and networks should be established, documented, implemented, monitored and reviewed.;A.8 Technological controls;A.8.9;Configuration Management;Configurations, including security configurations, of hardware, software, services and networks should be established, documented, implemented, monitored and reviewed.;FAIL;Container image scan is disabled in subscription Azure subscription 1 (7e3283a3-d466-4e6f-95b1-543eec016e08).;/subscriptions/7e3283a3-d466-4e6f-95b1-543eec016e08/providers/Microsoft.Security/pricings/Containers;defender_container_images_scan_enabled;False;Containers;ISO27001;ISO/IEC 27001 Information Security Management Standard 2022
azure;ISO (the International Organization for Standardization) and IEC (the International Electrotechnical Commission) form the specialized system for worldwide standardization. National bodies that are members of ISO or IEC participate in the development of International Standards through technical committees established by the respective organization to deal with particular fields of technical activity. ISO and IEC technical committees collaborate in fields of mutual interest. Other international organizations, governmental and non-governmental, in liaison with ISO and IEC, also take part in the work.;7e3283a3-d466-4e6f-95b1-543eec016e08;global;2026-07-02 19:32:49.149800;A.5.19;Information Security In Supplier Relationships;Processes and procedures should be defined and implemented to manage the information security risks associated with the use of supplier’s products or services.;A.5 Organizational controls;A.5.19;Information Security In Supplier Relationships;Processes and procedures should be defined and implemented to manage the information security risks associated with the use of supplier’s products or services.;FAIL;Defender plan Defender for App Services from subscription Azure subscription 1 (7e3283a3-d466-4e6f-95b1-543eec016e08) is set to OFF (pricing tier not standard).;/subscriptions/7e3283a3-d466-4e6f-95b1-543eec016e08/providers/Microsoft.Security/pricings/AppServices;defender_ensure_defender_for_app_services_is_on;False;Defender plan App Services;ISO27001;ISO/IEC 27001 Information Security Management Standard 2022
azure;ISO (the International Organization for Standardization) and IEC (the International Electrotechnical Commission) form the specialized system for worldwide standardization. National bodies that are members of ISO or IEC participate in the development of International Standards through technical committees established by the respective organization to deal with particular fields of technical activity. ISO and IEC technical committees collaborate in fields of mutual interest. Other international organizations, governmental and non-governmental, in liaison with ISO and IEC, also take part in the work.;7e3283a3-d466-4e6f-95b1-543eec016e08;global;2026-07-02 19:32:49.149800;A.5.21;Managing Information Security In The ICT Supply Chain;Processes and procedures should be defined and implemented to manage the information security risks associated with the ICT products and services supply chain.;A.5 Organizational controls;A.5.21;Managing Information Security In The ICT Supply Chain;Processes and procedures should be defined and implemented to manage the information security risks associated with the ICT products and services supply chain.;FAIL;Defender plan Defender for App Services from subscription Azure subscription 1 (7e3283a3-d466-4e6f-95b1-543eec016e08) is set to OFF (pricing tier not standard).;/subscriptions/7e3283a3-d466-4e6f-95b1-543eec016e08/providers/Microsoft.Security/pricings/AppServices;defender_ensure_defender_for_app_services_is_on;False;Defender plan App Services;ISO27001;ISO/IEC 27001 Information Security Management Standard 2022
azure;ISO (the International Organization for Standardization) and IEC (the International Electrotechnical Commission) form the specialized system for worldwide standardization. National bodies that are members of ISO or IEC participate in the development of International Standards through technical committees established by the respective organization to deal with particular fields of technical activity. ISO and IEC technical committees collaborate in fields of mutual interest. Other international organizations, governmental and non-governmental, in liaison with ISO and IEC, also take part in the work.;7e3283a3-d466-4e6f-95b1-543eec016e08;global;2026-07-02 19:32:49.149800;A.5.25;Assessment And Decision On Information Security Events;The organisation should assess information security events and decide if they are to be categorised as information security incidents.;A.5 Organizational controls;A.5.25;Assessment And Decision On Information Security Events;The organisation should assess information security events and decide if they are to be categorised as information security incidents.;FAIL;Defender plan Defender for App Services from subscription Azure subscription 1 (7e3283a3-d466-4e6f-95b1-543eec016e08) is set to OFF (pricing tier not standard).;/subscriptions/7e3283a3-d466-4e6f-95b1-543eec016e08/providers/Microsoft.Security/pricings/AppServices;defender_ensure_defender_for_app_services_is_on;False;Defender plan App Services;ISO27001;ISO/IEC 27001 Information Security Management Standard 2022
azure;ISO (the International Organization for Standardization) and IEC (the International Electrotechnical Commission) form the specialized system for worldwide standardization. National bodies that are members of ISO or IEC participate in the development of International Standards through technical committees established by the respective organization to deal with particular fields of technical activity. ISO and IEC technical committees collaborate in fields of mutual interest. Other international organizations, governmental and non-governmental, in liaison with ISO and IEC, also take part in the work.;7e3283a3-d466-4e6f-95b1-543eec016e08;global;2026-07-02 19:32:49.149800;A.5.28;Collection Of Evidence;The organisation should establish and implement procedures for the identification, collection, acquisition and preservation of evidence related to information security events.;A.5 Organizational controls;A.5.28;Collection Of Evidence;The organisation should establish and implement procedures for the identification, collection, acquisition and preservation of evidence related to information security events.;FAIL;Defender plan Defender for App Services from subscription Azure subscription 1 (7e3283a3-d466-4e6f-95b1-543eec016e08) is set to OFF (pricing tier not standard).;/subscriptions/7e3283a3-d466-4e6f-95b1-543eec016e08/providers/Microsoft.Security/pricings/AppServices;defender_ensure_defender_for_app_services_is_on;False;Defender plan App Services;ISO27001;ISO/IEC 27001 Information Security Management Standard 2022
azure;ISO (the International Organization for Standardization) and IEC (the International Electrotechnical Commission) form the specialized system for worldwide standardization. National bodies that are members of ISO or IEC participate in the development of International Standards through technical committees established by the respective organization to deal with particular fields of technical activity. ISO and IEC technical committees collaborate in fields of mutual interest. Other international organizations, governmental and non-governmental, in liaison with ISO and IEC, also take part in the work.;7e3283a3-d466-4e6f-95b1-543eec016e08;global;2026-07-02 19:32:49.149800;A.5.29;Information Security During Disruption;The organisation should plan how to maintain information security at an appropriate level during disruption.;A.5 Organizational controls;A.5.29;Information Security During Disruption;The organisation should plan how to maintain information security at an appropriate level during disruption.;FAIL;Defender plan Defender for App Services from subscription Azure subscription 1 (7e3283a3-d466-4e6f-95b1-543eec016e08) is set to OFF (pricing tier not standard).;/subscriptions/7e3283a3-d466-4e6f-95b1-543eec016e08/providers/Microsoft.Security/pricings/AppServices;defender_ensure_defender_for_app_services_is_on;False;Defender plan App Services;ISO27001;ISO/IEC 27001 Information Security Management Standard 2022
azure;ISO (the International Organization for Standardization) and IEC (the International Electrotechnical Commission) form the specialized system for worldwide standardization. National bodies that are members of ISO or IEC participate in the development of International Standards through technical committees established by the respective organization to deal with particular fields of technical activity. ISO and IEC technical committees collaborate in fields of mutual interest. Other international organizations, governmental and non-governmental, in liaison with ISO and IEC, also take part in the work.;7e3283a3-d466-4e6f-95b1-543eec016e08;global;2026-07-02 19:32:49.149800;A.8.7;Protection Against Malware;Protection against malware should be implemented and supported by appropriate user awareness.;A.8 Technological controls;A.8.7;Protection Against Malware;Protection against malware should be implemented and supported by appropriate user awareness.;FAIL;Defender plan Defender for App Services from subscription Azure subscription 1 (7e3283a3-d466-4e6f-95b1-543eec016e08) is set to OFF (pricing tier not standard).;/subscriptions/7e3283a3-d466-4e6f-95b1-543eec016e08/providers/Microsoft.Security/pricings/AppServices;defender_ensure_defender_for_app_services_is_on;False;Defender plan App Services;ISO27001;ISO/IEC 27001 Information Security Management Standard 2022
azure;ISO (the International Organization for Standardization) and IEC (the International Electrotechnical Commission) form the specialized system for worldwide standardization. National bodies that are members of ISO or IEC participate in the development of International Standards through technical committees established by the respective organization to deal with particular fields of technical activity. ISO and IEC technical committees collaborate in fields of mutual interest. Other international organizations, governmental and non-governmental, in liaison with ISO and IEC, also take part in the work.;7e3283a3-d466-4e6f-95b1-543eec016e08;global;2026-07-02 19:32:49.149800;A.8.9;Configuration Management;Configurations, including security configurations, of hardware, software, services and networks should be established, documented, implemented, monitored and reviewed.;A.8 Technological controls;A.8.9;Configuration Management;Configurations, including security configurations, of hardware, software, services and networks should be established, documented, implemented, monitored and reviewed.;FAIL;Defender plan Defender for App Services from subscription Azure subscription 1 (7e3283a3-d466-4e6f-95b1-543eec016e08) is set to OFF (pricing tier not standard).;/subscriptions/7e3283a3-d466-4e6f-95b1-543eec016e08/providers/Microsoft.Security/pricings/AppServices;defender_ensure_defender_for_app_services_is_on;False;Defender plan App Services;ISO27001;ISO/IEC 27001 Information Security Management Standard 2022
azure;ISO (the International Organization for Standardization) and IEC (the International Electrotechnical Commission) form the specialized system for worldwide standardization. National bodies that are members of ISO or IEC participate in the development of International Standards through technical committees established by the respective organization to deal with particular fields of technical activity. ISO and IEC technical committees collaborate in fields of mutual interest. Other international organizations, governmental and non-governmental, in liaison with ISO and IEC, also take part in the work.;7e3283a3-d466-4e6f-95b1-543eec016e08;global;2026-07-02 19:32:49.149800;A.5.19;Information Security In Supplier Relationships;Processes and procedures should be defined and implemented to manage the information security risks associated with the use of supplier’s products or services.;A.5 Organizational controls;A.5.19;Information Security In Supplier Relationships;Processes and procedures should be defined and implemented to manage the information security risks associated with the use of supplier’s products or services.;FAIL;Defender plan Defender for ARM from subscription Azure subscription 1 (7e3283a3-d466-4e6f-95b1-543eec016e08) is set to OFF (pricing tier not standard).;/subscriptions/7e3283a3-d466-4e6f-95b1-543eec016e08/providers/Microsoft.Security/pricings/Arm;defender_ensure_defender_for_arm_is_on;False;Defender plan ARM;ISO27001;ISO/IEC 27001 Information Security Management Standard 2022
azure;ISO (the International Organization for Standardization) and IEC (the International Electrotechnical Commission) form the specialized system for worldwide standardization. National bodies that are members of ISO or IEC participate in the development of International Standards through technical committees established by the respective organization to deal with particular fields of technical activity. ISO and IEC technical committees collaborate in fields of mutual interest. Other international organizations, governmental and non-governmental, in liaison with ISO and IEC, also take part in the work.;7e3283a3-d466-4e6f-95b1-543eec016e08;global;2026-07-02 19:32:49.149800;A.5.21;Managing Information Security In The ICT Supply Chain;Processes and procedures should be defined and implemented to manage the information security risks associated with the ICT products and services supply chain.;A.5 Organizational controls;A.5.21;Managing Information Security In The ICT Supply Chain;Processes and procedures should be defined and implemented to manage the information security risks associated with the ICT products and services supply chain.;FAIL;Defender plan Defender for ARM from subscription Azure subscription 1 (7e3283a3-d466-4e6f-95b1-543eec016e08) is set to OFF (pricing tier not standard).;/subscriptions/7e3283a3-d466-4e6f-95b1-543eec016e08/providers/Microsoft.Security/pricings/Arm;defender_ensure_defender_for_arm_is_on;False;Defender plan ARM;ISO27001;ISO/IEC 27001 Information Security Management Standard 2022
azure;ISO (the International Organization for Standardization) and IEC (the International Electrotechnical Commission) form the specialized system for worldwide standardization. National bodies that are members of ISO or IEC participate in the development of International Standards through technical committees established by the respective organization to deal with particular fields of technical activity. ISO and IEC technical committees collaborate in fields of mutual interest. Other international organizations, governmental and non-governmental, in liaison with ISO and IEC, also take part in the work.;7e3283a3-d466-4e6f-95b1-543eec016e08;global;2026-07-02 19:32:49.149800;A.5.25;Assessment And Decision On Information Security Events;The organisation should assess information security events and decide if they are to be categorised as information security incidents.;A.5 Organizational controls;A.5.25;Assessment And Decision On Information Security Events;The organisation should assess information security events and decide if they are to be categorised as information security incidents.;FAIL;Defender plan Defender for ARM from subscription Azure subscription 1 (7e3283a3-d466-4e6f-95b1-543eec016e08) is set to OFF (pricing tier not standard).;/subscriptions/7e3283a3-d466-4e6f-95b1-543eec016e08/providers/Microsoft.Security/pricings/Arm;defender_ensure_defender_for_arm_is_on;False;Defender plan ARM;ISO27001;ISO/IEC 27001 Information Security Management Standard 2022
azure;ISO (the International Organization for Standardization) and IEC (the International Electrotechnical Commission) form the specialized system for worldwide standardization. National bodies that are members of ISO or IEC participate in the development of International Standards through technical committees established by the respective organization to deal with particular fields of technical activity. ISO and IEC technical committees collaborate in fields of mutual interest. Other international organizations, governmental and non-governmental, in liaison with ISO and IEC, also take part in the work.;7e3283a3-d466-4e6f-95b1-543eec016e08;global;2026-07-02 19:32:49.149800;A.5.28;Collection Of Evidence;The organisation should establish and implement procedures for the identification, collection, acquisition and preservation of evidence related to information security events.;A.5 Organizational controls;A.5.28;Collection Of Evidence;The organisation should establish and implement procedures for the identification, collection, acquisition and preservation of evidence related to information security events.;FAIL;Defender plan Defender for ARM from subscription Azure subscription 1 (7e3283a3-d466-4e6f-95b1-543eec016e08) is set to OFF (pricing tier not standard).;/subscriptions/7e3283a3-d466-4e6f-95b1-543eec016e08/providers/Microsoft.Security/pricings/Arm;defender_ensure_defender_for_arm_is_on;False;Defender plan ARM;ISO27001;ISO/IEC 27001 Information Security Management Standard 2022
azure;ISO (the International Organization for Standardization) and IEC (the International Electrotechnical Commission) form the specialized system for worldwide standardization. National bodies that are members of ISO or IEC participate in the development of International Standards through technical committees established by the respective organization to deal with particular fields of technical activity. ISO and IEC technical committees collaborate in fields of mutual interest. Other international organizations, governmental and non-governmental, in liaison with ISO and IEC, also take part in the work.;7e3283a3-d466-4e6f-95b1-543eec016e08;global;2026-07-02 19:32:49.149800;A.5.29;Information Security During Disruption;The organisation should plan how to maintain information security at an appropriate level during disruption.;A.5 Organizational controls;A.5.29;Information Security During Disruption;The organisation should plan how to maintain information security at an appropriate level during disruption.;FAIL;Defender plan Defender for ARM from subscription Azure subscription 1 (7e3283a3-d466-4e6f-95b1-543eec016e08) is set to OFF (pricing tier not standard).;/subscriptions/7e3283a3-d466-4e6f-95b1-543eec016e08/providers/Microsoft.Security/pricings/Arm;defender_ensure_defender_for_arm_is_on;False;Defender plan ARM;ISO27001;ISO/IEC 27001 Information Security Management Standard 2022
azure;ISO (the International Organization for Standardization) and IEC (the International Electrotechnical Commission) form the specialized system for worldwide standardization. National bodies that are members of ISO or IEC participate in the development of International Standards through technical committees established by the respective organization to deal with particular fields of technical activity. ISO and IEC technical committees collaborate in fields of mutual interest. Other international organizations, governmental and non-governmental, in liaison with ISO and IEC, also take part in the work.;7e3283a3-d466-4e6f-95b1-543eec016e08;global;2026-07-02 19:32:49.149800;A.8.7;Protection Against Malware;Protection against malware should be implemented and supported by appropriate user awareness.;A.8 Technological controls;A.8.7;Protection Against Malware;Protection against malware should be implemented and supported by appropriate user awareness.;FAIL;Defender plan Defender for ARM from subscription Azure subscription 1 (7e3283a3-d466-4e6f-95b1-543eec016e08) is set to OFF (pricing tier not standard).;/subscriptions/7e3283a3-d466-4e6f-95b1-543eec016e08/providers/Microsoft.Security/pricings/Arm;defender_ensure_defender_for_arm_is_on;False;Defender plan ARM;ISO27001;ISO/IEC 27001 Information Security Management Standard 2022
azure;ISO (the International Organization for Standardization) and IEC (the International Electrotechnical Commission) form the specialized system for worldwide standardization. National bodies that are members of ISO or IEC participate in the development of International Standards through technical committees established by the respective organization to deal with particular fields of technical activity. ISO and IEC technical committees collaborate in fields of mutual interest. Other international organizations, governmental and non-governmental, in liaison with ISO and IEC, also take part in the work.;7e3283a3-d466-4e6f-95b1-543eec016e08;global;2026-07-02 19:32:49.149800;A.8.9;Configuration Management;Configurations, including security configurations, of hardware, software, services and networks should be established, documented, implemented, monitored and reviewed.;A.8 Technological controls;A.8.9;Configuration Management;Configurations, including security configurations, of hardware, software, services and networks should be established, documented, implemented, monitored and reviewed.;FAIL;Defender plan Defender for ARM from subscription Azure subscription 1 (7e3283a3-d466-4e6f-95b1-543eec016e08) is set to OFF (pricing tier not standard).;/subscriptions/7e3283a3-d466-4e6f-95b1-543eec016e08/providers/Microsoft.Security/pricings/Arm;defender_ensure_defender_for_arm_is_on;False;Defender plan ARM;ISO27001;ISO/IEC 27001 Information Security Management Standard 2022
azure;ISO (the International Organization for Standardization) and IEC (the International Electrotechnical Commission) form the specialized system for worldwide standardization. National bodies that are members of ISO or IEC participate in the development of International Standards through technical committees established by the respective organization to deal with particular fields of technical activity. ISO and IEC technical committees collaborate in fields of mutual interest. Other international organizations, governmental and non-governmental, in liaison with ISO and IEC, also take part in the work.;7e3283a3-d466-4e6f-95b1-543eec016e08;global;2026-07-02 19:32:49.149800;A.5.19;Information Security In Supplier Relationships;Processes and procedures should be defined and implemented to manage the information security risks associated with the use of supplier’s products or services.;A.5 Organizational controls;A.5.19;Information Security In Supplier Relationships;Processes and procedures should be defined and implemented to manage the information security risks associated with the use of supplier’s products or services.;FAIL;Defender plan Defender for Azure SQL DB Servers from subscription Azure subscription 1 (7e3283a3-d466-4e6f-95b1-543eec016e08) is set to OFF (pricing tier not standard).;/subscriptions/7e3283a3-d466-4e6f-95b1-543eec016e08/providers/Microsoft.Security/pricings/SqlServers;defender_ensure_defender_for_azure_sql_databases_is_on;False;SqlServers;ISO27001;ISO/IEC 27001 Information Security Management Standard 2022
azure;ISO (the International Organization for Standardization) and IEC (the International Electrotechnical Commission) form the specialized system for worldwide standardization. National bodies that are members of ISO or IEC participate in the development of International Standards through technical committees established by the respective organization to deal with particular fields of technical activity. ISO and IEC technical committees collaborate in fields of mutual interest. Other international organizations, governmental and non-governmental, in liaison with ISO and IEC, also take part in the work.;7e3283a3-d466-4e6f-95b1-543eec016e08;global;2026-07-02 19:32:49.149800;A.5.21;Managing Information Security In The ICT Supply Chain;Processes and procedures should be defined and implemented to manage the information security risks associated with the ICT products and services supply chain.;A.5 Organizational controls;A.5.21;Managing Information Security In The ICT Supply Chain;Processes and procedures should be defined and implemented to manage the information security risks associated with the ICT products and services supply chain.;FAIL;Defender plan Defender for Azure SQL DB Servers from subscription Azure subscription 1 (7e3283a3-d466-4e6f-95b1-543eec016e08) is set to OFF (pricing tier not standard).;/subscriptions/7e3283a3-d466-4e6f-95b1-543eec016e08/providers/Microsoft.Security/pricings/SqlServers;defender_ensure_defender_for_azure_sql_databases_is_on;False;SqlServers;ISO27001;ISO/IEC 27001 Information Security Management Standard 2022
azure;ISO (the International Organization for Standardization) and IEC (the International Electrotechnical Commission) form the specialized system for worldwide standardization. National bodies that are members of ISO or IEC participate in the development of International Standards through technical committees established by the respective organization to deal with particular fields of technical activity. ISO and IEC technical committees collaborate in fields of mutual interest. Other international organizations, governmental and non-governmental, in liaison with ISO and IEC, also take part in the work.;7e3283a3-d466-4e6f-95b1-543eec016e08;global;2026-07-02 19:32:49.149800;A.5.25;Assessment And Decision On Information Security Events;The organisation should assess information security events and decide if they are to be categorised as information security incidents.;A.5 Organizational controls;A.5.25;Assessment And Decision On Information Security Events;The organisation should assess information security events and decide if they are to be categorised as information security incidents.;FAIL;Defender plan Defender for Azure SQL DB Servers from subscription Azure subscription 1 (7e3283a3-d466-4e6f-95b1-543eec016e08) is set to OFF (pricing tier not standard).;/subscriptions/7e3283a3-d466-4e6f-95b1-543eec016e08/providers/Microsoft.Security/pricings/SqlServers;defender_ensure_defender_for_azure_sql_databases_is_on;False;SqlServers;ISO27001;ISO/IEC 27001 Information Security Management Standard 2022
azure;ISO (the International Organization for Standardization) and IEC (the International Electrotechnical Commission) form the specialized system for worldwide standardization. National bodies that are members of ISO or IEC participate in the development of International Standards through technical committees established by the respective organization to deal with particular fields of technical activity. ISO and IEC technical committees collaborate in fields of mutual interest. Other international organizations, governmental and non-governmental, in liaison with ISO and IEC, also take part in the work.;7e3283a3-d466-4e6f-95b1-543eec016e08;global;2026-07-02 19:32:49.149800;A.5.28;Collection Of Evidence;The organisation should establish and implement procedures for the identification, collection, acquisition and preservation of evidence related to information security events.;A.5 Organizational controls;A.5.28;Collection Of Evidence;The organisation should establish and implement procedures for the identification, collection, acquisition and preservation of evidence related to information security events.;FAIL;Defender plan Defender for Azure SQL DB Servers from subscription Azure subscription 1 (7e3283a3-d466-4e6f-95b1-543eec016e08) is set to OFF (pricing tier not standard).;/subscriptions/7e3283a3-d466-4e6f-95b1-543eec016e08/providers/Microsoft.Security/pricings/SqlServers;defender_ensure_defender_for_azure_sql_databases_is_on;False;SqlServers;ISO27001;ISO/IEC 27001 Information Security Management Standard 2022
azure;ISO (the International Organization for Standardization) and IEC (the International Electrotechnical Commission) form the specialized system for worldwide standardization. National bodies that are members of ISO or IEC participate in the development of International Standards through technical committees established by the respective organization to deal with particular fields of technical activity. ISO and IEC technical committees collaborate in fields of mutual interest. Other international organizations, governmental and non-governmental, in liaison with ISO and IEC, also take part in the work.;7e3283a3-d466-4e6f-95b1-543eec016e08;global;2026-07-02 19:32:49.149800;A.5.29;Information Security During Disruption;The organisation should plan how to maintain information security at an appropriate level during disruption.;A.5 Organizational controls;A.5.29;Information Security During Disruption;The organisation should plan how to maintain information security at an appropriate level during disruption.;FAIL;Defender plan Defender for Azure SQL DB Servers from subscription Azure subscription 1 (7e3283a3-d466-4e6f-95b1-543eec016e08) is set to OFF (pricing tier not standard).;/subscriptions/7e3283a3-d466-4e6f-95b1-543eec016e08/providers/Microsoft.Security/pricings/SqlServers;defender_ensure_defender_for_azure_sql_databases_is_on;False;SqlServers;ISO27001;ISO/IEC 27001 Information Security Management Standard 2022
azure;ISO (the International Organization for Standardization) and IEC (the International Electrotechnical Commission) form the specialized system for worldwide standardization. National bodies that are members of ISO or IEC participate in the development of International Standards through technical committees established by the respective organization to deal with particular fields of technical activity. ISO and IEC technical committees collaborate in fields of mutual interest. Other international organizations, governmental and non-governmental, in liaison with ISO and IEC, also take part in the work.;7e3283a3-d466-4e6f-95b1-543eec016e08;global;2026-07-02 19:32:49.149800;A.8.7;Protection Against Malware;Protection against malware should be implemented and supported by appropriate user awareness.;A.8 Technological controls;A.8.7;Protection Against Malware;Protection against malware should be implemented and supported by appropriate user awareness.;FAIL;Defender plan Defender for Azure SQL DB Servers from subscription Azure subscription 1 (7e3283a3-d466-4e6f-95b1-543eec016e08) is set to OFF (pricing tier not standard).;/subscriptions/7e3283a3-d466-4e6f-95b1-543eec016e08/providers/Microsoft.Security/pricings/SqlServers;defender_ensure_defender_for_azure_sql_databases_is_on;False;SqlServers;ISO27001;ISO/IEC 27001 Information Security Management Standard 2022
azure;ISO (the International Organization for Standardization) and IEC (the International Electrotechnical Commission) form the specialized system for worldwide standardization. National bodies that are members of ISO or IEC participate in the development of International Standards through technical committees established by the respective organization to deal with particular fields of technical activity. ISO and IEC technical committees collaborate in fields of mutual interest. Other international organizations, governmental and non-governmental, in liaison with ISO and IEC, also take part in the work.;7e3283a3-d466-4e6f-95b1-543eec016e08;global;2026-07-02 19:32:49.149800;A.8.9;Configuration Management;Configurations, including security configurations, of hardware, software, services and networks should be established, documented, implemented, monitored and reviewed.;A.8 Technological controls;A.8.9;Configuration Management;Configurations, including security configurations, of hardware, software, services and networks should be established, documented, implemented, monitored and reviewed.;FAIL;Defender plan Defender for Azure SQL DB Servers from subscription Azure subscription 1 (7e3283a3-d466-4e6f-95b1-543eec016e08) is set to OFF (pricing tier not standard).;/subscriptions/7e3283a3-d466-4e6f-95b1-543eec016e08/providers/Microsoft.Security/pricings/SqlServers;defender_ensure_defender_for_azure_sql_databases_is_on;False;SqlServers;ISO27001;ISO/IEC 27001 Information Security Management Standard 2022
azure;ISO (the International Organization for Standardization) and IEC (the International Electrotechnical Commission) form the specialized system for worldwide standardization. National bodies that are members of ISO or IEC participate in the development of International Standards through technical committees established by the respective organization to deal with particular fields of technical activity. ISO and IEC technical committees collaborate in fields of mutual interest. Other international organizations, governmental and non-governmental, in liaison with ISO and IEC, also take part in the work.;7e3283a3-d466-4e6f-95b1-543eec016e08;global;2026-07-02 19:32:49.149800;A.5.16;Identity Management;The full lifecycle of identities should be managed.;A.5 Organizational controls;A.5.16;Identity Management;The full lifecycle of identities should be managed.;FAIL;Defender plan Defender for Containers from subscription Azure subscription 1 (7e3283a3-d466-4e6f-95b1-543eec016e08) is set to OFF (pricing tier not standard).;/subscriptions/7e3283a3-d466-4e6f-95b1-543eec016e08/providers/Microsoft.Security/pricings/Containers;defender_ensure_defender_for_containers_is_on;False;Containers;ISO27001;ISO/IEC 27001 Information Security Management Standard 2022
azure;ISO (the International Organization for Standardization) and IEC (the International Electrotechnical Commission) form the specialized system for worldwide standardization. National bodies that are members of ISO or IEC participate in the development of International Standards through technical committees established by the respective organization to deal with particular fields of technical activity. ISO and IEC technical committees collaborate in fields of mutual interest. Other international organizations, governmental and non-governmental, in liaison with ISO and IEC, also take part in the work.;7e3283a3-d466-4e6f-95b1-543eec016e08;global;2026-07-02 19:32:49.149800;A.5.19;Information Security In Supplier Relationships;Processes and procedures should be defined and implemented to manage the information security risks associated with the use of supplier’s products or services.;A.5 Organizational controls;A.5.19;Information Security In Supplier Relationships;Processes and procedures should be defined and implemented to manage the information security risks associated with the use of supplier’s products or services.;FAIL;Defender plan Defender for Containers from subscription Azure subscription 1 (7e3283a3-d466-4e6f-95b1-543eec016e08) is set to OFF (pricing tier not standard).;/subscriptions/7e3283a3-d466-4e6f-95b1-543eec016e08/providers/Microsoft.Security/pricings/Containers;defender_ensure_defender_for_containers_is_on;False;Containers;ISO27001;ISO/IEC 27001 Information Security Management Standard 2022
azure;ISO (the International Organization for Standardization) and IEC (the International Electrotechnical Commission) form the specialized system for worldwide standardization. National bodies that are members of ISO or IEC participate in the development of International Standards through technical committees established by the respective organization to deal with particular fields of technical activity. ISO and IEC technical committees collaborate in fields of mutual interest. Other international organizations, governmental and non-governmental, in liaison with ISO and IEC, also take part in the work.;7e3283a3-d466-4e6f-95b1-543eec016e08;global;2026-07-02 19:32:49.149800;A.5.21;Managing Information Security In The ICT Supply Chain;Processes and procedures should be defined and implemented to manage the information security risks associated with the ICT products and services supply chain.;A.5 Organizational controls;A.5.21;Managing Information Security In The ICT Supply Chain;Processes and procedures should be defined and implemented to manage the information security risks associated with the ICT products and services supply chain.;FAIL;Defender plan Defender for Containers from subscription Azure subscription 1 (7e3283a3-d466-4e6f-95b1-543eec016e08) is set to OFF (pricing tier not standard).;/subscriptions/7e3283a3-d466-4e6f-95b1-543eec016e08/providers/Microsoft.Security/pricings/Containers;defender_ensure_defender_for_containers_is_on;False;Containers;ISO27001;ISO/IEC 27001 Information Security Management Standard 2022
azure;ISO (the International Organization for Standardization) and IEC (the International Electrotechnical Commission) form the specialized system for worldwide standardization. National bodies that are members of ISO or IEC participate in the development of International Standards through technical committees established by the respective organization to deal with particular fields of technical activity. ISO and IEC technical committees collaborate in fields of mutual interest. Other international organizations, governmental and non-governmental, in liaison with ISO and IEC, also take part in the work.;7e3283a3-d466-4e6f-95b1-543eec016e08;global;2026-07-02 19:32:49.149800;A.5.22;Monitor, Review And Change Management Of Supplier Services;The organisation should regularly monitor, review, evaluate and manage change in supplier information security practices and service delivery.;A.5 Organizational controls;A.5.22;Monitor, Review And Change Management Of Supplier Services;The organisation should regularly monitor, review, evaluate and manage change in supplier information security practices and service delivery.;FAIL;Defender plan Defender for Containers from subscription Azure subscription 1 (7e3283a3-d466-4e6f-95b1-543eec016e08) is set to OFF (pricing tier not standard).;/subscriptions/7e3283a3-d466-4e6f-95b1-543eec016e08/providers/Microsoft.Security/pricings/Containers;defender_ensure_defender_for_containers_is_on;False;Containers;ISO27001;ISO/IEC 27001 Information Security Management Standard 2022
azure;ISO (the International Organization for Standardization) and IEC (the International Electrotechnical Commission) form the specialized system for worldwide standardization. National bodies that are members of ISO or IEC participate in the development of International Standards through technical committees established by the respective organization to deal with particular fields of technical activity. ISO and IEC technical committees collaborate in fields of mutual interest. Other international organizations, governmental and non-governmental, in liaison with ISO and IEC, also take part in the work.;7e3283a3-d466-4e6f-95b1-543eec016e08;global;2026-07-02 19:32:49.149800;A.5.25;Assessment And Decision On Information Security Events;The organisation should assess information security events and decide if they are to be categorised as information security incidents.;A.5 Organizational controls;A.5.25;Assessment And Decision On Information Security Events;The organisation should assess information security events and decide if they are to be categorised as information security incidents.;FAIL;Defender plan Defender for Containers from subscription Azure subscription 1 (7e3283a3-d466-4e6f-95b1-543eec016e08) is set to OFF (pricing tier not standard).;/subscriptions/7e3283a3-d466-4e6f-95b1-543eec016e08/providers/Microsoft.Security/pricings/Containers;defender_ensure_defender_for_containers_is_on;False;Containers;ISO27001;ISO/IEC 27001 Information Security Management Standard 2022
azure;ISO (the International Organization for Standardization) and IEC (the International Electrotechnical Commission) form the specialized system for worldwide standardization. National bodies that are members of ISO or IEC participate in the development of International Standards through technical committees established by the respective organization to deal with particular fields of technical activity. ISO and IEC technical committees collaborate in fields of mutual interest. Other international organizations, governmental and non-governmental, in liaison with ISO and IEC, also take part in the work.;7e3283a3-d466-4e6f-95b1-543eec016e08;global;2026-07-02 19:32:49.149800;A.5.28;Collection Of Evidence;The organisation should establish and implement procedures for the identification, collection, acquisition and preservation of evidence related to information security events.;A.5 Organizational controls;A.5.28;Collection Of Evidence;The organisation should establish and implement procedures for the identification, collection, acquisition and preservation of evidence related to information security events.;FAIL;Defender plan Defender for Containers from subscription Azure subscription 1 (7e3283a3-d466-4e6f-95b1-543eec016e08) is set to OFF (pricing tier not standard).;/subscriptions/7e3283a3-d466-4e6f-95b1-543eec016e08/providers/Microsoft.Security/pricings/Containers;defender_ensure_defender_for_containers_is_on;False;Containers;ISO27001;ISO/IEC 27001 Information Security Management Standard 2022
azure;ISO (the International Organization for Standardization) and IEC (the International Electrotechnical Commission) form the specialized system for worldwide standardization. National bodies that are members of ISO or IEC participate in the development of International Standards through technical committees established by the respective organization to deal with particular fields of technical activity. ISO and IEC technical committees collaborate in fields of mutual interest. Other international organizations, governmental and non-governmental, in liaison with ISO and IEC, also take part in the work.;7e3283a3-d466-4e6f-95b1-543eec016e08;global;2026-07-02 19:32:49.149800;A.5.29;Information Security During Disruption;The organisation should plan how to maintain information security at an appropriate level during disruption.;A.5 Organizational controls;A.5.29;Information Security During Disruption;The organisation should plan how to maintain information security at an appropriate level during disruption.;FAIL;Defender plan Defender for Containers from subscription Azure subscription 1 (7e3283a3-d466-4e6f-95b1-543eec016e08) is set to OFF (pricing tier not standard).;/subscriptions/7e3283a3-d466-4e6f-95b1-543eec016e08/providers/Microsoft.Security/pricings/Containers;defender_ensure_defender_for_containers_is_on;False;Containers;ISO27001;ISO/IEC 27001 Information Security Management Standard 2022
azure;ISO (the International Organization for Standardization) and IEC (the International Electrotechnical Commission) form the specialized system for worldwide standardization. National bodies that are members of ISO or IEC participate in the development of International Standards through technical committees established by the respective organization to deal with particular fields of technical activity. ISO and IEC technical committees collaborate in fields of mutual interest. Other international organizations, governmental and non-governmental, in liaison with ISO and IEC, also take part in the work.;7e3283a3-d466-4e6f-95b1-543eec016e08;global;2026-07-02 19:32:49.149800;A.8.7;Protection Against Malware;Protection against malware should be implemented and supported by appropriate user awareness.;A.8 Technological controls;A.8.7;Protection Against Malware;Protection against malware should be implemented and supported by appropriate user awareness.;FAIL;Defender plan Defender for Containers from subscription Azure subscription 1 (7e3283a3-d466-4e6f-95b1-543eec016e08) is set to OFF (pricing tier not standard).;/subscriptions/7e3283a3-d466-4e6f-95b1-543eec016e08/providers/Microsoft.Security/pricings/Containers;defender_ensure_defender_for_containers_is_on;False;Containers;ISO27001;ISO/IEC 27001 Information Security Management Standard 2022
azure;ISO (the International Organization for Standardization) and IEC (the International Electrotechnical Commission) form the specialized system for worldwide standardization. National bodies that are members of ISO or IEC participate in the development of International Standards through technical committees established by the respective organization to deal with particular fields of technical activity. ISO and IEC technical committees collaborate in fields of mutual interest. Other international organizations, governmental and non-governmental, in liaison with ISO and IEC, also take part in the work.;7e3283a3-d466-4e6f-95b1-543eec016e08;global;2026-07-02 19:32:49.149800;A.8.9;Configuration Management;Configurations, including security configurations, of hardware, software, services and networks should be established, documented, implemented, monitored and reviewed.;A.8 Technological controls;A.8.9;Configuration Management;Configurations, including security configurations, of hardware, software, services and networks should be established, documented, implemented, monitored and reviewed.;FAIL;Defender plan Defender for Containers from subscription Azure subscription 1 (7e3283a3-d466-4e6f-95b1-543eec016e08) is set to OFF (pricing tier not standard).;/subscriptions/7e3283a3-d466-4e6f-95b1-543eec016e08/providers/Microsoft.Security/pricings/Containers;defender_ensure_defender_for_containers_is_on;False;Containers;ISO27001;ISO/IEC 27001 Information Security Management Standard 2022
azure;ISO (the International Organization for Standardization) and IEC (the International Electrotechnical Commission) form the specialized system for worldwide standardization. National bodies that are members of ISO or IEC participate in the development of International Standards through technical committees established by the respective organization to deal with particular fields of technical activity. ISO and IEC technical committees collaborate in fields of mutual interest. Other international organizations, governmental and non-governmental, in liaison with ISO and IEC, also take part in the work.;7e3283a3-d466-4e6f-95b1-543eec016e08;global;2026-07-02 19:32:49.149800;A.5.16;Identity Management;The full lifecycle of identities should be managed.;A.5 Organizational controls;A.5.16;Identity Management;The full lifecycle of identities should be managed.;FAIL;Defender plan Defender for Cosmos DB from subscription Azure subscription 1 (7e3283a3-d466-4e6f-95b1-543eec016e08) is set to OFF (pricing tier not standard).;/subscriptions/7e3283a3-d466-4e6f-95b1-543eec016e08/providers/Microsoft.Security/pricings/CosmosDbs;defender_ensure_defender_for_cosmosdb_is_on;False;Defender plan Cosmos DB;ISO27001;ISO/IEC 27001 Information Security Management Standard 2022
azure;ISO (the International Organization for Standardization) and IEC (the International Electrotechnical Commission) form the specialized system for worldwide standardization. National bodies that are members of ISO or IEC participate in the development of International Standards through technical committees established by the respective organization to deal with particular fields of technical activity. ISO and IEC technical committees collaborate in fields of mutual interest. Other international organizations, governmental and non-governmental, in liaison with ISO and IEC, also take part in the work.;7e3283a3-d466-4e6f-95b1-543eec016e08;global;2026-07-02 19:32:49.149800;A.5.19;Information Security In Supplier Relationships;Processes and procedures should be defined and implemented to manage the information security risks associated with the use of supplier’s products or services.;A.5 Organizational controls;A.5.19;Information Security In Supplier Relationships;Processes and procedures should be defined and implemented to manage the information security risks associated with the use of supplier’s products or services.;FAIL;Defender plan Defender for Cosmos DB from subscription Azure subscription 1 (7e3283a3-d466-4e6f-95b1-543eec016e08) is set to OFF (pricing tier not standard).;/subscriptions/7e3283a3-d466-4e6f-95b1-543eec016e08/providers/Microsoft.Security/pricings/CosmosDbs;defender_ensure_defender_for_cosmosdb_is_on;False;Defender plan Cosmos DB;ISO27001;ISO/IEC 27001 Information Security Management Standard 2022
azure;ISO (the International Organization for Standardization) and IEC (the International Electrotechnical Commission) form the specialized system for worldwide standardization. National bodies that are members of ISO or IEC participate in the development of International Standards through technical committees established by the respective organization to deal with particular fields of technical activity. ISO and IEC technical committees collaborate in fields of mutual interest. Other international organizations, governmental and non-governmental, in liaison with ISO and IEC, also take part in the work.;7e3283a3-d466-4e6f-95b1-543eec016e08;global;2026-07-02 19:32:49.149800;A.5.21;Managing Information Security In The ICT Supply Chain;Processes and procedures should be defined and implemented to manage the information security risks associated with the ICT products and services supply chain.;A.5 Organizational controls;A.5.21;Managing Information Security In The ICT Supply Chain;Processes and procedures should be defined and implemented to manage the information security risks associated with the ICT products and services supply chain.;FAIL;Defender plan Defender for Cosmos DB from subscription Azure subscription 1 (7e3283a3-d466-4e6f-95b1-543eec016e08) is set to OFF (pricing tier not standard).;/subscriptions/7e3283a3-d466-4e6f-95b1-543eec016e08/providers/Microsoft.Security/pricings/CosmosDbs;defender_ensure_defender_for_cosmosdb_is_on;False;Defender plan Cosmos DB;ISO27001;ISO/IEC 27001 Information Security Management Standard 2022
azure;ISO (the International Organization for Standardization) and IEC (the International Electrotechnical Commission) form the specialized system for worldwide standardization. National bodies that are members of ISO or IEC participate in the development of International Standards through technical committees established by the respective organization to deal with particular fields of technical activity. ISO and IEC technical committees collaborate in fields of mutual interest. Other international organizations, governmental and non-governmental, in liaison with ISO and IEC, also take part in the work.;7e3283a3-d466-4e6f-95b1-543eec016e08;global;2026-07-02 19:32:49.149800;A.5.22;Monitor, Review And Change Management Of Supplier Services;The organisation should regularly monitor, review, evaluate and manage change in supplier information security practices and service delivery.;A.5 Organizational controls;A.5.22;Monitor, Review And Change Management Of Supplier Services;The organisation should regularly monitor, review, evaluate and manage change in supplier information security practices and service delivery.;FAIL;Defender plan Defender for Cosmos DB from subscription Azure subscription 1 (7e3283a3-d466-4e6f-95b1-543eec016e08) is set to OFF (pricing tier not standard).;/subscriptions/7e3283a3-d466-4e6f-95b1-543eec016e08/providers/Microsoft.Security/pricings/CosmosDbs;defender_ensure_defender_for_cosmosdb_is_on;False;Defender plan Cosmos DB;ISO27001;ISO/IEC 27001 Information Security Management Standard 2022
azure;ISO (the International Organization for Standardization) and IEC (the International Electrotechnical Commission) form the specialized system for worldwide standardization. National bodies that are members of ISO or IEC participate in the development of International Standards through technical committees established by the respective organization to deal with particular fields of technical activity. ISO and IEC technical committees collaborate in fields of mutual interest. Other international organizations, governmental and non-governmental, in liaison with ISO and IEC, also take part in the work.;7e3283a3-d466-4e6f-95b1-543eec016e08;global;2026-07-02 19:32:49.149800;A.5.25;Assessment And Decision On Information Security Events;The organisation should assess information security events and decide if they are to be categorised as information security incidents.;A.5 Organizational controls;A.5.25;Assessment And Decision On Information Security Events;The organisation should assess information security events and decide if they are to be categorised as information security incidents.;FAIL;Defender plan Defender for Cosmos DB from subscription Azure subscription 1 (7e3283a3-d466-4e6f-95b1-543eec016e08) is set to OFF (pricing tier not standard).;/subscriptions/7e3283a3-d466-4e6f-95b1-543eec016e08/providers/Microsoft.Security/pricings/CosmosDbs;defender_ensure_defender_for_cosmosdb_is_on;False;Defender plan Cosmos DB;ISO27001;ISO/IEC 27001 Information Security Management Standard 2022
azure;ISO (the International Organization for Standardization) and IEC (the International Electrotechnical Commission) form the specialized system for worldwide standardization. National bodies that are members of ISO or IEC participate in the development of International Standards through technical committees established by the respective organization to deal with particular fields of technical activity. ISO and IEC technical committees collaborate in fields of mutual interest. Other international organizations, governmental and non-governmental, in liaison with ISO and IEC, also take part in the work.;7e3283a3-d466-4e6f-95b1-543eec016e08;global;2026-07-02 19:32:49.149800;A.5.28;Collection Of Evidence;The organisation should establish and implement procedures for the identification, collection, acquisition and preservation of evidence related to information security events.;A.5 Organizational controls;A.5.28;Collection Of Evidence;The organisation should establish and implement procedures for the identification, collection, acquisition and preservation of evidence related to information security events.;FAIL;Defender plan Defender for Cosmos DB from subscription Azure subscription 1 (7e3283a3-d466-4e6f-95b1-543eec016e08) is set to OFF (pricing tier not standard).;/subscriptions/7e3283a3-d466-4e6f-95b1-543eec016e08/providers/Microsoft.Security/pricings/CosmosDbs;defender_ensure_defender_for_cosmosdb_is_on;False;Defender plan Cosmos DB;ISO27001;ISO/IEC 27001 Information Security Management Standard 2022
azure;ISO (the International Organization for Standardization) and IEC (the International Electrotechnical Commission) form the specialized system for worldwide standardization. National bodies that are members of ISO or IEC participate in the development of International Standards through technical committees established by the respective organization to deal with particular fields of technical activity. ISO and IEC technical committees collaborate in fields of mutual interest. Other international organizations, governmental and non-governmental, in liaison with ISO and IEC, also take part in the work.;7e3283a3-d466-4e6f-95b1-543eec016e08;global;2026-07-02 19:32:49.149800;A.5.29;Information Security During Disruption;The organisation should plan how to maintain information security at an appropriate level during disruption.;A.5 Organizational controls;A.5.29;Information Security During Disruption;The organisation should plan how to maintain information security at an appropriate level during disruption.;FAIL;Defender plan Defender for Cosmos DB from subscription Azure subscription 1 (7e3283a3-d466-4e6f-95b1-543eec016e08) is set to OFF (pricing tier not standard).;/subscriptions/7e3283a3-d466-4e6f-95b1-543eec016e08/providers/Microsoft.Security/pricings/CosmosDbs;defender_ensure_defender_for_cosmosdb_is_on;False;Defender plan Cosmos DB;ISO27001;ISO/IEC 27001 Information Security Management Standard 2022
azure;ISO (the International Organization for Standardization) and IEC (the International Electrotechnical Commission) form the specialized system for worldwide standardization. National bodies that are members of ISO or IEC participate in the development of International Standards through technical committees established by the respective organization to deal with particular fields of technical activity. ISO and IEC technical committees collaborate in fields of mutual interest. Other international organizations, governmental and non-governmental, in liaison with ISO and IEC, also take part in the work.;7e3283a3-d466-4e6f-95b1-543eec016e08;global;2026-07-02 19:32:49.149800;A.8.7;Protection Against Malware;Protection against malware should be implemented and supported by appropriate user awareness.;A.8 Technological controls;A.8.7;Protection Against Malware;Protection against malware should be implemented and supported by appropriate user awareness.;FAIL;Defender plan Defender for Cosmos DB from subscription Azure subscription 1 (7e3283a3-d466-4e6f-95b1-543eec016e08) is set to OFF (pricing tier not standard).;/subscriptions/7e3283a3-d466-4e6f-95b1-543eec016e08/providers/Microsoft.Security/pricings/CosmosDbs;defender_ensure_defender_for_cosmosdb_is_on;False;Defender plan Cosmos DB;ISO27001;ISO/IEC 27001 Information Security Management Standard 2022
azure;ISO (the International Organization for Standardization) and IEC (the International Electrotechnical Commission) form the specialized system for worldwide standardization. National bodies that are members of ISO or IEC participate in the development of International Standards through technical committees established by the respective organization to deal with particular fields of technical activity. ISO and IEC technical committees collaborate in fields of mutual interest. Other international organizations, governmental and non-governmental, in liaison with ISO and IEC, also take part in the work.;7e3283a3-d466-4e6f-95b1-543eec016e08;global;2026-07-02 19:32:49.149800;A.8.9;Configuration Management;Configurations, including security configurations, of hardware, software, services and networks should be established, documented, implemented, monitored and reviewed.;A.8 Technological controls;A.8.9;Configuration Management;Configurations, including security configurations, of hardware, software, services and networks should be established, documented, implemented, monitored and reviewed.;FAIL;Defender plan Defender for Cosmos DB from subscription Azure subscription 1 (7e3283a3-d466-4e6f-95b1-543eec016e08) is set to OFF (pricing tier not standard).;/subscriptions/7e3283a3-d466-4e6f-95b1-543eec016e08/providers/Microsoft.Security/pricings/CosmosDbs;defender_ensure_defender_for_cosmosdb_is_on;False;Defender plan Cosmos DB;ISO27001;ISO/IEC 27001 Information Security Management Standard 2022
azure;ISO (the International Organization for Standardization) and IEC (the International Electrotechnical Commission) form the specialized system for worldwide standardization. National bodies that are members of ISO or IEC participate in the development of International Standards through technical committees established by the respective organization to deal with particular fields of technical activity. ISO and IEC technical committees collaborate in fields of mutual interest. Other international organizations, governmental and non-governmental, in liaison with ISO and IEC, also take part in the work.;7e3283a3-d466-4e6f-95b1-543eec016e08;global;2026-07-02 19:32:49.149800;A.5.16;Identity Management;The full lifecycle of identities should be managed.;A.5 Organizational controls;A.5.16;Identity Management;The full lifecycle of identities should be managed.;FAIL;Defender plan Defender for Databases from subscription Azure subscription 1 (7e3283a3-d466-4e6f-95b1-543eec016e08) is set to OFF (pricing tier not standard).;/subscriptions/7e3283a3-d466-4e6f-95b1-543eec016e08/providers/Microsoft.Security/pricings/SqlServers;defender_ensure_defender_for_databases_is_on;False;SqlServers;ISO27001;ISO/IEC 27001 Information Security Management Standard 2022
azure;ISO (the International Organization for Standardization) and IEC (the International Electrotechnical Commission) form the specialized system for worldwide standardization. National bodies that are members of ISO or IEC participate in the development of International Standards through technical committees established by the respective organization to deal with particular fields of technical activity. ISO and IEC technical committees collaborate in fields of mutual interest. Other international organizations, governmental and non-governmental, in liaison with ISO and IEC, also take part in the work.;7e3283a3-d466-4e6f-95b1-543eec016e08;global;2026-07-02 19:32:49.149800;A.5.19;Information Security In Supplier Relationships;Processes and procedures should be defined and implemented to manage the information security risks associated with the use of supplier’s products or services.;A.5 Organizational controls;A.5.19;Information Security In Supplier Relationships;Processes and procedures should be defined and implemented to manage the information security risks associated with the use of supplier’s products or services.;FAIL;Defender plan Defender for Databases from subscription Azure subscription 1 (7e3283a3-d466-4e6f-95b1-543eec016e08) is set to OFF (pricing tier not standard).;/subscriptions/7e3283a3-d466-4e6f-95b1-543eec016e08/providers/Microsoft.Security/pricings/SqlServers;defender_ensure_defender_for_databases_is_on;False;SqlServers;ISO27001;ISO/IEC 27001 Information Security Management Standard 2022
azure;ISO (the International Organization for Standardization) and IEC (the International Electrotechnical Commission) form the specialized system for worldwide standardization. National bodies that are members of ISO or IEC participate in the development of International Standards through technical committees established by the respective organization to deal with particular fields of technical activity. ISO and IEC technical committees collaborate in fields of mutual interest. Other international organizations, governmental and non-governmental, in liaison with ISO and IEC, also take part in the work.;7e3283a3-d466-4e6f-95b1-543eec016e08;global;2026-07-02 19:32:49.149800;A.5.21;Managing Information Security In The ICT Supply Chain;Processes and procedures should be defined and implemented to manage the information security risks associated with the ICT products and services supply chain.;A.5 Organizational controls;A.5.21;Managing Information Security In The ICT Supply Chain;Processes and procedures should be defined and implemented to manage the information security risks associated with the ICT products and services supply chain.;FAIL;Defender plan Defender for Databases from subscription Azure subscription 1 (7e3283a3-d466-4e6f-95b1-543eec016e08) is set to OFF (pricing tier not standard).;/subscriptions/7e3283a3-d466-4e6f-95b1-543eec016e08/providers/Microsoft.Security/pricings/SqlServers;defender_ensure_defender_for_databases_is_on;False;SqlServers;ISO27001;ISO/IEC 27001 Information Security Management Standard 2022
azure;ISO (the International Organization for Standardization) and IEC (the International Electrotechnical Commission) form the specialized system for worldwide standardization. National bodies that are members of ISO or IEC participate in the development of International Standards through technical committees established by the respective organization to deal with particular fields of technical activity. ISO and IEC technical committees collaborate in fields of mutual interest. Other international organizations, governmental and non-governmental, in liaison with ISO and IEC, also take part in the work.;7e3283a3-d466-4e6f-95b1-543eec016e08;global;2026-07-02 19:32:49.149800;A.5.22;Monitor, Review And Change Management Of Supplier Services;The organisation should regularly monitor, review, evaluate and manage change in supplier information security practices and service delivery.;A.5 Organizational controls;A.5.22;Monitor, Review And Change Management Of Supplier Services;The organisation should regularly monitor, review, evaluate and manage change in supplier information security practices and service delivery.;FAIL;Defender plan Defender for Databases from subscription Azure subscription 1 (7e3283a3-d466-4e6f-95b1-543eec016e08) is set to OFF (pricing tier not standard).;/subscriptions/7e3283a3-d466-4e6f-95b1-543eec016e08/providers/Microsoft.Security/pricings/SqlServers;defender_ensure_defender_for_databases_is_on;False;SqlServers;ISO27001;ISO/IEC 27001 Information Security Management Standard 2022
azure;ISO (the International Organization for Standardization) and IEC (the International Electrotechnical Commission) form the specialized system for worldwide standardization. National bodies that are members of ISO or IEC participate in the development of International Standards through technical committees established by the respective organization to deal with particular fields of technical activity. ISO and IEC technical committees collaborate in fields of mutual interest. Other international organizations, governmental and non-governmental, in liaison with ISO and IEC, also take part in the work.;7e3283a3-d466-4e6f-95b1-543eec016e08;global;2026-07-02 19:32:49.149800;A.5.25;Assessment And Decision On Information Security Events;The organisation should assess information security events and decide if they are to be categorised as information security incidents.;A.5 Organizational controls;A.5.25;Assessment And Decision On Information Security Events;The organisation should assess information security events and decide if they are to be categorised as information security incidents.;FAIL;Defender plan Defender for Databases from subscription Azure subscription 1 (7e3283a3-d466-4e6f-95b1-543eec016e08) is set to OFF (pricing tier not standard).;/subscriptions/7e3283a3-d466-4e6f-95b1-543eec016e08/providers/Microsoft.Security/pricings/SqlServers;defender_ensure_defender_for_databases_is_on;False;SqlServers;ISO27001;ISO/IEC 27001 Information Security Management Standard 2022
azure;ISO (the International Organization for Standardization) and IEC (the International Electrotechnical Commission) form the specialized system for worldwide standardization. National bodies that are members of ISO or IEC participate in the development of International Standards through technical committees established by the respective organization to deal with particular fields of technical activity. ISO and IEC technical committees collaborate in fields of mutual interest. Other international organizations, governmental and non-governmental, in liaison with ISO and IEC, also take part in the work.;7e3283a3-d466-4e6f-95b1-543eec016e08;global;2026-07-02 19:32:49.149800;A.5.28;Collection Of Evidence;The organisation should establish and implement procedures for the identification, collection, acquisition and preservation of evidence related to information security events.;A.5 Organizational controls;A.5.28;Collection Of Evidence;The organisation should establish and implement procedures for the identification, collection, acquisition and preservation of evidence related to information security events.;FAIL;Defender plan Defender for Databases from subscription Azure subscription 1 (7e3283a3-d466-4e6f-95b1-543eec016e08) is set to OFF (pricing tier not standard).;/subscriptions/7e3283a3-d466-4e6f-95b1-543eec016e08/providers/Microsoft.Security/pricings/SqlServers;defender_ensure_defender_for_databases_is_on;False;SqlServers;ISO27001;ISO/IEC 27001 Information Security Management Standard 2022
azure;ISO (the International Organization for Standardization) and IEC (the International Electrotechnical Commission) form the specialized system for worldwide standardization. National bodies that are members of ISO or IEC participate in the development of International Standards through technical committees established by the respective organization to deal with particular fields of technical activity. ISO and IEC technical committees collaborate in fields of mutual interest. Other international organizations, governmental and non-governmental, in liaison with ISO and IEC, also take part in the work.;7e3283a3-d466-4e6f-95b1-543eec016e08;global;2026-07-02 19:32:49.149800;A.5.29;Information Security During Disruption;The organisation should plan how to maintain information security at an appropriate level during disruption.;A.5 Organizational controls;A.5.29;Information Security During Disruption;The organisation should plan how to maintain information security at an appropriate level during disruption.;FAIL;Defender plan Defender for Databases from subscription Azure subscription 1 (7e3283a3-d466-4e6f-95b1-543eec016e08) is set to OFF (pricing tier not standard).;/subscriptions/7e3283a3-d466-4e6f-95b1-543eec016e08/providers/Microsoft.Security/pricings/SqlServers;defender_ensure_defender_for_databases_is_on;False;SqlServers;ISO27001;ISO/IEC 27001 Information Security Management Standard 2022
azure;ISO (the International Organization for Standardization) and IEC (the International Electrotechnical Commission) form the specialized system for worldwide standardization. National bodies that are members of ISO or IEC participate in the development of International Standards through technical committees established by the respective organization to deal with particular fields of technical activity. ISO and IEC technical committees collaborate in fields of mutual interest. Other international organizations, governmental and non-governmental, in liaison with ISO and IEC, also take part in the work.;7e3283a3-d466-4e6f-95b1-543eec016e08;global;2026-07-02 19:32:49.149800;A.8.7;Protection Against Malware;Protection against malware should be implemented and supported by appropriate user awareness.;A.8 Technological controls;A.8.7;Protection Against Malware;Protection against malware should be implemented and supported by appropriate user awareness.;FAIL;Defender plan Defender for Databases from subscription Azure subscription 1 (7e3283a3-d466-4e6f-95b1-543eec016e08) is set to OFF (pricing tier not standard).;/subscriptions/7e3283a3-d466-4e6f-95b1-543eec016e08/providers/Microsoft.Security/pricings/SqlServers;defender_ensure_defender_for_databases_is_on;False;SqlServers;ISO27001;ISO/IEC 27001 Information Security Management Standard 2022
azure;ISO (the International Organization for Standardization) and IEC (the International Electrotechnical Commission) form the specialized system for worldwide standardization. National bodies that are members of ISO or IEC participate in the development of International Standards through technical committees established by the respective organization to deal with particular fields of technical activity. ISO and IEC technical committees collaborate in fields of mutual interest. Other international organizations, governmental and non-governmental, in liaison with ISO and IEC, also take part in the work.;7e3283a3-d466-4e6f-95b1-543eec016e08;global;2026-07-02 19:32:49.149800;A.8.9;Configuration Management;Configurations, including security configurations, of hardware, software, services and networks should be established, documented, implemented, monitored and reviewed.;A.8 Technological controls;A.8.9;Configuration Management;Configurations, including security configurations, of hardware, software, services and networks should be established, documented, implemented, monitored and reviewed.;FAIL;Defender plan Defender for Databases from subscription Azure subscription 1 (7e3283a3-d466-4e6f-95b1-543eec016e08) is set to OFF (pricing tier not standard).;/subscriptions/7e3283a3-d466-4e6f-95b1-543eec016e08/providers/Microsoft.Security/pricings/SqlServers;defender_ensure_defender_for_databases_is_on;False;SqlServers;ISO27001;ISO/IEC 27001 Information Security Management Standard 2022
azure;ISO (the International Organization for Standardization) and IEC (the International Electrotechnical Commission) form the specialized system for worldwide standardization. National bodies that are members of ISO or IEC participate in the development of International Standards through technical committees established by the respective organization to deal with particular fields of technical activity. ISO and IEC technical committees collaborate in fields of mutual interest. Other international organizations, governmental and non-governmental, in liaison with ISO and IEC, also take part in the work.;7e3283a3-d466-4e6f-95b1-543eec016e08;global;2026-07-02 19:32:49.149800;A.5.16;Identity Management;The full lifecycle of identities should be managed.;A.5 Organizational controls;A.5.16;Identity Management;The full lifecycle of identities should be managed.;FAIL;Defender plan Defender for DNS from subscription Azure subscription 1 (7e3283a3-d466-4e6f-95b1-543eec016e08) is set to OFF (pricing tier not standard).;/subscriptions/7e3283a3-d466-4e6f-95b1-543eec016e08/providers/Microsoft.Security/pricings/Dns;defender_ensure_defender_for_dns_is_on;False;Defender plan DNS;ISO27001;ISO/IEC 27001 Information Security Management Standard 2022
azure;ISO (the International Organization for Standardization) and IEC (the International Electrotechnical Commission) form the specialized system for worldwide standardization. National bodies that are members of ISO or IEC participate in the development of International Standards through technical committees established by the respective organization to deal with particular fields of technical activity. ISO and IEC technical committees collaborate in fields of mutual interest. Other international organizations, governmental and non-governmental, in liaison with ISO and IEC, also take part in the work.;7e3283a3-d466-4e6f-95b1-543eec016e08;global;2026-07-02 19:32:49.149800;A.5.19;Information Security In Supplier Relationships;Processes and procedures should be defined and implemented to manage the information security risks associated with the use of supplier’s products or services.;A.5 Organizational controls;A.5.19;Information Security In Supplier Relationships;Processes and procedures should be defined and implemented to manage the information security risks associated with the use of supplier’s products or services.;FAIL;Defender plan Defender for DNS from subscription Azure subscription 1 (7e3283a3-d466-4e6f-95b1-543eec016e08) is set to OFF (pricing tier not standard).;/subscriptions/7e3283a3-d466-4e6f-95b1-543eec016e08/providers/Microsoft.Security/pricings/Dns;defender_ensure_defender_for_dns_is_on;False;Defender plan DNS;ISO27001;ISO/IEC 27001 Information Security Management Standard 2022
azure;ISO (the International Organization for Standardization) and IEC (the International Electrotechnical Commission) form the specialized system for worldwide standardization. National bodies that are members of ISO or IEC participate in the development of International Standards through technical committees established by the respective organization to deal with particular fields of technical activity. ISO and IEC technical committees collaborate in fields of mutual interest. Other international organizations, governmental and non-governmental, in liaison with ISO and IEC, also take part in the work.;7e3283a3-d466-4e6f-95b1-543eec016e08;global;2026-07-02 19:32:49.149800;A.5.21;Managing Information Security In The ICT Supply Chain;Processes and procedures should be defined and implemented to manage the information security risks associated with the ICT products and services supply chain.;A.5 Organizational controls;A.5.21;Managing Information Security In The ICT Supply Chain;Processes and procedures should be defined and implemented to manage the information security risks associated with the ICT products and services supply chain.;FAIL;Defender plan Defender for DNS from subscription Azure subscription 1 (7e3283a3-d466-4e6f-95b1-543eec016e08) is set to OFF (pricing tier not standard).;/subscriptions/7e3283a3-d466-4e6f-95b1-543eec016e08/providers/Microsoft.Security/pricings/Dns;defender_ensure_defender_for_dns_is_on;False;Defender plan DNS;ISO27001;ISO/IEC 27001 Information Security Management Standard 2022
azure;ISO (the International Organization for Standardization) and IEC (the International Electrotechnical Commission) form the specialized system for worldwide standardization. National bodies that are members of ISO or IEC participate in the development of International Standards through technical committees established by the respective organization to deal with particular fields of technical activity. ISO and IEC technical committees collaborate in fields of mutual interest. Other international organizations, governmental and non-governmental, in liaison with ISO and IEC, also take part in the work.;7e3283a3-d466-4e6f-95b1-543eec016e08;global;2026-07-02 19:32:49.149800;A.5.22;Monitor, Review And Change Management Of Supplier Services;The organisation should regularly monitor, review, evaluate and manage change in supplier information security practices and service delivery.;A.5 Organizational controls;A.5.22;Monitor, Review And Change Management Of Supplier Services;The organisation should regularly monitor, review, evaluate and manage change in supplier information security practices and service delivery.;FAIL;Defender plan Defender for DNS from subscription Azure subscription 1 (7e3283a3-d466-4e6f-95b1-543eec016e08) is set to OFF (pricing tier not standard).;/subscriptions/7e3283a3-d466-4e6f-95b1-543eec016e08/providers/Microsoft.Security/pricings/Dns;defender_ensure_defender_for_dns_is_on;False;Defender plan DNS;ISO27001;ISO/IEC 27001 Information Security Management Standard 2022
azure;ISO (the International Organization for Standardization) and IEC (the International Electrotechnical Commission) form the specialized system for worldwide standardization. National bodies that are members of ISO or IEC participate in the development of International Standards through technical committees established by the respective organization to deal with particular fields of technical activity. ISO and IEC technical committees collaborate in fields of mutual interest. Other international organizations, governmental and non-governmental, in liaison with ISO and IEC, also take part in the work.;7e3283a3-d466-4e6f-95b1-543eec016e08;global;2026-07-02 19:32:49.149800;A.5.25;Assessment And Decision On Information Security Events;The organisation should assess information security events and decide if they are to be categorised as information security incidents.;A.5 Organizational controls;A.5.25;Assessment And Decision On Information Security Events;The organisation should assess information security events and decide if they are to be categorised as information security incidents.;FAIL;Defender plan Defender for DNS from subscription Azure subscription 1 (7e3283a3-d466-4e6f-95b1-543eec016e08) is set to OFF (pricing tier not standard).;/subscriptions/7e3283a3-d466-4e6f-95b1-543eec016e08/providers/Microsoft.Security/pricings/Dns;defender_ensure_defender_for_dns_is_on;False;Defender plan DNS;ISO27001;ISO/IEC 27001 Information Security Management Standard 2022
azure;ISO (the International Organization for Standardization) and IEC (the International Electrotechnical Commission) form the specialized system for worldwide standardization. National bodies that are members of ISO or IEC participate in the development of International Standards through technical committees established by the respective organization to deal with particular fields of technical activity. ISO and IEC technical committees collaborate in fields of mutual interest. Other international organizations, governmental and non-governmental, in liaison with ISO and IEC, also take part in the work.;7e3283a3-d466-4e6f-95b1-543eec016e08;global;2026-07-02 19:32:49.149800;A.5.28;Collection Of Evidence;The organisation should establish and implement procedures for the identification, collection, acquisition and preservation of evidence related to information security events.;A.5 Organizational controls;A.5.28;Collection Of Evidence;The organisation should establish and implement procedures for the identification, collection, acquisition and preservation of evidence related to information security events.;FAIL;Defender plan Defender for DNS from subscription Azure subscription 1 (7e3283a3-d466-4e6f-95b1-543eec016e08) is set to OFF (pricing tier not standard).;/subscriptions/7e3283a3-d466-4e6f-95b1-543eec016e08/providers/Microsoft.Security/pricings/Dns;defender_ensure_defender_for_dns_is_on;False;Defender plan DNS;ISO27001;ISO/IEC 27001 Information Security Management Standard 2022
azure;ISO (the International Organization for Standardization) and IEC (the International Electrotechnical Commission) form the specialized system for worldwide standardization. National bodies that are members of ISO or IEC participate in the development of International Standards through technical committees established by the respective organization to deal with particular fields of technical activity. ISO and IEC technical committees collaborate in fields of mutual interest. Other international organizations, governmental and non-governmental, in liaison with ISO and IEC, also take part in the work.;7e3283a3-d466-4e6f-95b1-543eec016e08;global;2026-07-02 19:32:49.149800;A.5.29;Information Security During Disruption;The organisation should plan how to maintain information security at an appropriate level during disruption.;A.5 Organizational controls;A.5.29;Information Security During Disruption;The organisation should plan how to maintain information security at an appropriate level during disruption.;FAIL;Defender plan Defender for DNS from subscription Azure subscription 1 (7e3283a3-d466-4e6f-95b1-543eec016e08) is set to OFF (pricing tier not standard).;/subscriptions/7e3283a3-d466-4e6f-95b1-543eec016e08/providers/Microsoft.Security/pricings/Dns;defender_ensure_defender_for_dns_is_on;False;Defender plan DNS;ISO27001;ISO/IEC 27001 Information Security Management Standard 2022
azure;ISO (the International Organization for Standardization) and IEC (the International Electrotechnical Commission) form the specialized system for worldwide standardization. National bodies that are members of ISO or IEC participate in the development of International Standards through technical committees established by the respective organization to deal with particular fields of technical activity. ISO and IEC technical committees collaborate in fields of mutual interest. Other international organizations, governmental and non-governmental, in liaison with ISO and IEC, also take part in the work.;7e3283a3-d466-4e6f-95b1-543eec016e08;global;2026-07-02 19:32:49.149800;A.8.7;Protection Against Malware;Protection against malware should be implemented and supported by appropriate user awareness.;A.8 Technological controls;A.8.7;Protection Against Malware;Protection against malware should be implemented and supported by appropriate user awareness.;FAIL;Defender plan Defender for DNS from subscription Azure subscription 1 (7e3283a3-d466-4e6f-95b1-543eec016e08) is set to OFF (pricing tier not standard).;/subscriptions/7e3283a3-d466-4e6f-95b1-543eec016e08/providers/Microsoft.Security/pricings/Dns;defender_ensure_defender_for_dns_is_on;False;Defender plan DNS;ISO27001;ISO/IEC 27001 Information Security Management Standard 2022
azure;ISO (the International Organization for Standardization) and IEC (the International Electrotechnical Commission) form the specialized system for worldwide standardization. National bodies that are members of ISO or IEC participate in the development of International Standards through technical committees established by the respective organization to deal with particular fields of technical activity. ISO and IEC technical committees collaborate in fields of mutual interest. Other international organizations, governmental and non-governmental, in liaison with ISO and IEC, also take part in the work.;7e3283a3-d466-4e6f-95b1-543eec016e08;global;2026-07-02 19:32:49.149800;A.8.9;Configuration Management;Configurations, including security configurations, of hardware, software, services and networks should be established, documented, implemented, monitored and reviewed.;A.8 Technological controls;A.8.9;Configuration Management;Configurations, including security configurations, of hardware, software, services and networks should be established, documented, implemented, monitored and reviewed.;FAIL;Defender plan Defender for DNS from subscription Azure subscription 1 (7e3283a3-d466-4e6f-95b1-543eec016e08) is set to OFF (pricing tier not standard).;/subscriptions/7e3283a3-d466-4e6f-95b1-543eec016e08/providers/Microsoft.Security/pricings/Dns;defender_ensure_defender_for_dns_is_on;False;Defender plan DNS;ISO27001;ISO/IEC 27001 Information Security Management Standard 2022
azure;ISO (the International Organization for Standardization) and IEC (the International Electrotechnical Commission) form the specialized system for worldwide standardization. National bodies that are members of ISO or IEC participate in the development of International Standards through technical committees established by the respective organization to deal with particular fields of technical activity. ISO and IEC technical committees collaborate in fields of mutual interest. Other international organizations, governmental and non-governmental, in liaison with ISO and IEC, also take part in the work.;7e3283a3-d466-4e6f-95b1-543eec016e08;global;2026-07-02 19:32:49.149800;A.5.16;Identity Management;The full lifecycle of identities should be managed.;A.5 Organizational controls;A.5.16;Identity Management;The full lifecycle of identities should be managed.;FAIL;Defender plan Defender for KeyVaults from subscription Azure subscription 1 (7e3283a3-d466-4e6f-95b1-543eec016e08) is set to OFF (pricing tier not standard).;/subscriptions/7e3283a3-d466-4e6f-95b1-543eec016e08/providers/Microsoft.Security/pricings/KeyVaults;defender_ensure_defender_for_keyvault_is_on;False;Defender plan KeyVaults;ISO27001;ISO/IEC 27001 Information Security Management Standard 2022
azure;ISO (the International Organization for Standardization) and IEC (the International Electrotechnical Commission) form the specialized system for worldwide standardization. National bodies that are members of ISO or IEC participate in the development of International Standards through technical committees established by the respective organization to deal with particular fields of technical activity. ISO and IEC technical committees collaborate in fields of mutual interest. Other international organizations, governmental and non-governmental, in liaison with ISO and IEC, also take part in the work.;7e3283a3-d466-4e6f-95b1-543eec016e08;global;2026-07-02 19:32:49.149800;A.5.19;Information Security In Supplier Relationships;Processes and procedures should be defined and implemented to manage the information security risks associated with the use of supplier’s products or services.;A.5 Organizational controls;A.5.19;Information Security In Supplier Relationships;Processes and procedures should be defined and implemented to manage the information security risks associated with the use of supplier’s products or services.;FAIL;Defender plan Defender for KeyVaults from subscription Azure subscription 1 (7e3283a3-d466-4e6f-95b1-543eec016e08) is set to OFF (pricing tier not standard).;/subscriptions/7e3283a3-d466-4e6f-95b1-543eec016e08/providers/Microsoft.Security/pricings/KeyVaults;defender_ensure_defender_for_keyvault_is_on;False;Defender plan KeyVaults;ISO27001;ISO/IEC 27001 Information Security Management Standard 2022
azure;ISO (the International Organization for Standardization) and IEC (the International Electrotechnical Commission) form the specialized system for worldwide standardization. National bodies that are members of ISO or IEC participate in the development of International Standards through technical committees established by the respective organization to deal with particular fields of technical activity. ISO and IEC technical committees collaborate in fields of mutual interest. Other international organizations, governmental and non-governmental, in liaison with ISO and IEC, also take part in the work.;7e3283a3-d466-4e6f-95b1-543eec016e08;global;2026-07-02 19:32:49.149800;A.5.21;Managing Information Security In The ICT Supply Chain;Processes and procedures should be defined and implemented to manage the information security risks associated with the ICT products and services supply chain.;A.5 Organizational controls;A.5.21;Managing Information Security In The ICT Supply Chain;Processes and procedures should be defined and implemented to manage the information security risks associated with the ICT products and services supply chain.;FAIL;Defender plan Defender for KeyVaults from subscription Azure subscription 1 (7e3283a3-d466-4e6f-95b1-543eec016e08) is set to OFF (pricing tier not standard).;/subscriptions/7e3283a3-d466-4e6f-95b1-543eec016e08/providers/Microsoft.Security/pricings/KeyVaults;defender_ensure_defender_for_keyvault_is_on;False;Defender plan KeyVaults;ISO27001;ISO/IEC 27001 Information Security Management Standard 2022
azure;ISO (the International Organization for Standardization) and IEC (the International Electrotechnical Commission) form the specialized system for worldwide standardization. National bodies that are members of ISO or IEC participate in the development of International Standards through technical committees established by the respective organization to deal with particular fields of technical activity. ISO and IEC technical committees collaborate in fields of mutual interest. Other international organizations, governmental and non-governmental, in liaison with ISO and IEC, also take part in the work.;7e3283a3-d466-4e6f-95b1-543eec016e08;global;2026-07-02 19:32:49.149800;A.5.22;Monitor, Review And Change Management Of Supplier Services;The organisation should regularly monitor, review, evaluate and manage change in supplier information security practices and service delivery.;A.5 Organizational controls;A.5.22;Monitor, Review And Change Management Of Supplier Services;The organisation should regularly monitor, review, evaluate and manage change in supplier information security practices and service delivery.;FAIL;Defender plan Defender for KeyVaults from subscription Azure subscription 1 (7e3283a3-d466-4e6f-95b1-543eec016e08) is set to OFF (pricing tier not standard).;/subscriptions/7e3283a3-d466-4e6f-95b1-543eec016e08/providers/Microsoft.Security/pricings/KeyVaults;defender_ensure_defender_for_keyvault_is_on;False;Defender plan KeyVaults;ISO27001;ISO/IEC 27001 Information Security Management Standard 2022
azure;ISO (the International Organization for Standardization) and IEC (the International Electrotechnical Commission) form the specialized system for worldwide standardization. National bodies that are members of ISO or IEC participate in the development of International Standards through technical committees established by the respective organization to deal with particular fields of technical activity. ISO and IEC technical committees collaborate in fields of mutual interest. Other international organizations, governmental and non-governmental, in liaison with ISO and IEC, also take part in the work.;7e3283a3-d466-4e6f-95b1-543eec016e08;global;2026-07-02 19:32:49.149800;A.5.25;Assessment And Decision On Information Security Events;The organisation should assess information security events and decide if they are to be categorised as information security incidents.;A.5 Organizational controls;A.5.25;Assessment And Decision On Information Security Events;The organisation should assess information security events and decide if they are to be categorised as information security incidents.;FAIL;Defender plan Defender for KeyVaults from subscription Azure subscription 1 (7e3283a3-d466-4e6f-95b1-543eec016e08) is set to OFF (pricing tier not standard).;/subscriptions/7e3283a3-d466-4e6f-95b1-543eec016e08/providers/Microsoft.Security/pricings/KeyVaults;defender_ensure_defender_for_keyvault_is_on;False;Defender plan KeyVaults;ISO27001;ISO/IEC 27001 Information Security Management Standard 2022
azure;ISO (the International Organization for Standardization) and IEC (the International Electrotechnical Commission) form the specialized system for worldwide standardization. National bodies that are members of ISO or IEC participate in the development of International Standards through technical committees established by the respective organization to deal with particular fields of technical activity. ISO and IEC technical committees collaborate in fields of mutual interest. Other international organizations, governmental and non-governmental, in liaison with ISO and IEC, also take part in the work.;7e3283a3-d466-4e6f-95b1-543eec016e08;global;2026-07-02 19:32:49.149800;A.5.28;Collection Of Evidence;The organisation should establish and implement procedures for the identification, collection, acquisition and preservation of evidence related to information security events.;A.5 Organizational controls;A.5.28;Collection Of Evidence;The organisation should establish and implement procedures for the identification, collection, acquisition and preservation of evidence related to information security events.;FAIL;Defender plan Defender for KeyVaults from subscription Azure subscription 1 (7e3283a3-d466-4e6f-95b1-543eec016e08) is set to OFF (pricing tier not standard).;/subscriptions/7e3283a3-d466-4e6f-95b1-543eec016e08/providers/Microsoft.Security/pricings/KeyVaults;defender_ensure_defender_for_keyvault_is_on;False;Defender plan KeyVaults;ISO27001;ISO/IEC 27001 Information Security Management Standard 2022
azure;ISO (the International Organization for Standardization) and IEC (the International Electrotechnical Commission) form the specialized system for worldwide standardization. National bodies that are members of ISO or IEC participate in the development of International Standards through technical committees established by the respective organization to deal with particular fields of technical activity. ISO and IEC technical committees collaborate in fields of mutual interest. Other international organizations, governmental and non-governmental, in liaison with ISO and IEC, also take part in the work.;7e3283a3-d466-4e6f-95b1-543eec016e08;global;2026-07-02 19:32:49.149800;A.5.29;Information Security During Disruption;The organisation should plan how to maintain information security at an appropriate level during disruption.;A.5 Organizational controls;A.5.29;Information Security During Disruption;The organisation should plan how to maintain information security at an appropriate level during disruption.;FAIL;Defender plan Defender for KeyVaults from subscription Azure subscription 1 (7e3283a3-d466-4e6f-95b1-543eec016e08) is set to OFF (pricing tier not standard).;/subscriptions/7e3283a3-d466-4e6f-95b1-543eec016e08/providers/Microsoft.Security/pricings/KeyVaults;defender_ensure_defender_for_keyvault_is_on;False;Defender plan KeyVaults;ISO27001;ISO/IEC 27001 Information Security Management Standard 2022
azure;ISO (the International Organization for Standardization) and IEC (the International Electrotechnical Commission) form the specialized system for worldwide standardization. National bodies that are members of ISO or IEC participate in the development of International Standards through technical committees established by the respective organization to deal with particular fields of technical activity. ISO and IEC technical committees collaborate in fields of mutual interest. Other international organizations, governmental and non-governmental, in liaison with ISO and IEC, also take part in the work.;7e3283a3-d466-4e6f-95b1-543eec016e08;global;2026-07-02 19:32:49.149800;A.8.7;Protection Against Malware;Protection against malware should be implemented and supported by appropriate user awareness.;A.8 Technological controls;A.8.7;Protection Against Malware;Protection against malware should be implemented and supported by appropriate user awareness.;FAIL;Defender plan Defender for KeyVaults from subscription Azure subscription 1 (7e3283a3-d466-4e6f-95b1-543eec016e08) is set to OFF (pricing tier not standard).;/subscriptions/7e3283a3-d466-4e6f-95b1-543eec016e08/providers/Microsoft.Security/pricings/KeyVaults;defender_ensure_defender_for_keyvault_is_on;False;Defender plan KeyVaults;ISO27001;ISO/IEC 27001 Information Security Management Standard 2022
azure;ISO (the International Organization for Standardization) and IEC (the International Electrotechnical Commission) form the specialized system for worldwide standardization. National bodies that are members of ISO or IEC participate in the development of International Standards through technical committees established by the respective organization to deal with particular fields of technical activity. ISO and IEC technical committees collaborate in fields of mutual interest. Other international organizations, governmental and non-governmental, in liaison with ISO and IEC, also take part in the work.;7e3283a3-d466-4e6f-95b1-543eec016e08;global;2026-07-02 19:32:49.149800;A.8.9;Configuration Management;Configurations, including security configurations, of hardware, software, services and networks should be established, documented, implemented, monitored and reviewed.;A.8 Technological controls;A.8.9;Configuration Management;Configurations, including security configurations, of hardware, software, services and networks should be established, documented, implemented, monitored and reviewed.;FAIL;Defender plan Defender for KeyVaults from subscription Azure subscription 1 (7e3283a3-d466-4e6f-95b1-543eec016e08) is set to OFF (pricing tier not standard).;/subscriptions/7e3283a3-d466-4e6f-95b1-543eec016e08/providers/Microsoft.Security/pricings/KeyVaults;defender_ensure_defender_for_keyvault_is_on;False;Defender plan KeyVaults;ISO27001;ISO/IEC 27001 Information Security Management Standard 2022
azure;ISO (the International Organization for Standardization) and IEC (the International Electrotechnical Commission) form the specialized system for worldwide standardization. National bodies that are members of ISO or IEC participate in the development of International Standards through technical committees established by the respective organization to deal with particular fields of technical activity. ISO and IEC technical committees collaborate in fields of mutual interest. Other international organizations, governmental and non-governmental, in liaison with ISO and IEC, also take part in the work.;7e3283a3-d466-4e6f-95b1-543eec016e08;global;2026-07-02 19:32:49.149800;A.5.16;Identity Management;The full lifecycle of identities should be managed.;A.5 Organizational controls;A.5.16;Identity Management;The full lifecycle of identities should be managed.;FAIL;Defender plan Defender for Open-Source Relational Databases from subscription Azure subscription 1 (7e3283a3-d466-4e6f-95b1-543eec016e08) is set to OFF (pricing tier not standard).;/subscriptions/7e3283a3-d466-4e6f-95b1-543eec016e08/providers/Microsoft.Security/pricings/OpenSourceRelationalDatabases;defender_ensure_defender_for_os_relational_databases_is_on;False;Defender plan Open-Source Relational Databases;ISO27001;ISO/IEC 27001 Information Security Management Standard 2022
azure;ISO (the International Organization for Standardization) and IEC (the International Electrotechnical Commission) form the specialized system for worldwide standardization. National bodies that are members of ISO or IEC participate in the development of International Standards through technical committees established by the respective organization to deal with particular fields of technical activity. ISO and IEC technical committees collaborate in fields of mutual interest. Other international organizations, governmental and non-governmental, in liaison with ISO and IEC, also take part in the work.;7e3283a3-d466-4e6f-95b1-543eec016e08;global;2026-07-02 19:32:49.149800;A.5.19;Information Security In Supplier Relationships;Processes and procedures should be defined and implemented to manage the information security risks associated with the use of supplier’s products or services.;A.5 Organizational controls;A.5.19;Information Security In Supplier Relationships;Processes and procedures should be defined and implemented to manage the information security risks associated with the use of supplier’s products or services.;FAIL;Defender plan Defender for Open-Source Relational Databases from subscription Azure subscription 1 (7e3283a3-d466-4e6f-95b1-543eec016e08) is set to OFF (pricing tier not standard).;/subscriptions/7e3283a3-d466-4e6f-95b1-543eec016e08/providers/Microsoft.Security/pricings/OpenSourceRelationalDatabases;defender_ensure_defender_for_os_relational_databases_is_on;False;Defender plan Open-Source Relational Databases;ISO27001;ISO/IEC 27001 Information Security Management Standard 2022
azure;ISO (the International Organization for Standardization) and IEC (the International Electrotechnical Commission) form the specialized system for worldwide standardization. National bodies that are members of ISO or IEC participate in the development of International Standards through technical committees established by the respective organization to deal with particular fields of technical activity. ISO and IEC technical committees collaborate in fields of mutual interest. Other international organizations, governmental and non-governmental, in liaison with ISO and IEC, also take part in the work.;7e3283a3-d466-4e6f-95b1-543eec016e08;global;2026-07-02 19:32:49.149800;A.5.21;Managing Information Security In The ICT Supply Chain;Processes and procedures should be defined and implemented to manage the information security risks associated with the ICT products and services supply chain.;A.5 Organizational controls;A.5.21;Managing Information Security In The ICT Supply Chain;Processes and procedures should be defined and implemented to manage the information security risks associated with the ICT products and services supply chain.;FAIL;Defender plan Defender for Open-Source Relational Databases from subscription Azure subscription 1 (7e3283a3-d466-4e6f-95b1-543eec016e08) is set to OFF (pricing tier not standard).;/subscriptions/7e3283a3-d466-4e6f-95b1-543eec016e08/providers/Microsoft.Security/pricings/OpenSourceRelationalDatabases;defender_ensure_defender_for_os_relational_databases_is_on;False;Defender plan Open-Source Relational Databases;ISO27001;ISO/IEC 27001 Information Security Management Standard 2022
azure;ISO (the International Organization for Standardization) and IEC (the International Electrotechnical Commission) form the specialized system for worldwide standardization. National bodies that are members of ISO or IEC participate in the development of International Standards through technical committees established by the respective organization to deal with particular fields of technical activity. ISO and IEC technical committees collaborate in fields of mutual interest. Other international organizations, governmental and non-governmental, in liaison with ISO and IEC, also take part in the work.;7e3283a3-d466-4e6f-95b1-543eec016e08;global;2026-07-02 19:32:49.149800;A.5.22;Monitor, Review And Change Management Of Supplier Services;The organisation should regularly monitor, review, evaluate and manage change in supplier information security practices and service delivery.;A.5 Organizational controls;A.5.22;Monitor, Review And Change Management Of Supplier Services;The organisation should regularly monitor, review, evaluate and manage change in supplier information security practices and service delivery.;FAIL;Defender plan Defender for Open-Source Relational Databases from subscription Azure subscription 1 (7e3283a3-d466-4e6f-95b1-543eec016e08) is set to OFF (pricing tier not standard).;/subscriptions/7e3283a3-d466-4e6f-95b1-543eec016e08/providers/Microsoft.Security/pricings/OpenSourceRelationalDatabases;defender_ensure_defender_for_os_relational_databases_is_on;False;Defender plan Open-Source Relational Databases;ISO27001;ISO/IEC 27001 Information Security Management Standard 2022
azure;ISO (the International Organization for Standardization) and IEC (the International Electrotechnical Commission) form the specialized system for worldwide standardization. National bodies that are members of ISO or IEC participate in the development of International Standards through technical committees established by the respective organization to deal with particular fields of technical activity. ISO and IEC technical committees collaborate in fields of mutual interest. Other international organizations, governmental and non-governmental, in liaison with ISO and IEC, also take part in the work.;7e3283a3-d466-4e6f-95b1-543eec016e08;global;2026-07-02 19:32:49.149800;A.5.25;Assessment And Decision On Information Security Events;The organisation should assess information security events and decide if they are to be categorised as information security incidents.;A.5 Organizational controls;A.5.25;Assessment And Decision On Information Security Events;The organisation should assess information security events and decide if they are to be categorised as information security incidents.;FAIL;Defender plan Defender for Open-Source Relational Databases from subscription Azure subscription 1 (7e3283a3-d466-4e6f-95b1-543eec016e08) is set to OFF (pricing tier not standard).;/subscriptions/7e3283a3-d466-4e6f-95b1-543eec016e08/providers/Microsoft.Security/pricings/OpenSourceRelationalDatabases;defender_ensure_defender_for_os_relational_databases_is_on;False;Defender plan Open-Source Relational Databases;ISO27001;ISO/IEC 27001 Information Security Management Standard 2022
azure;ISO (the International Organization for Standardization) and IEC (the International Electrotechnical Commission) form the specialized system for worldwide standardization. National bodies that are members of ISO or IEC participate in the development of International Standards through technical committees established by the respective organization to deal with particular fields of technical activity. ISO and IEC technical committees collaborate in fields of mutual interest. Other international organizations, governmental and non-governmental, in liaison with ISO and IEC, also take part in the work.;7e3283a3-d466-4e6f-95b1-543eec016e08;global;2026-07-02 19:32:49.149800;A.5.28;Collection Of Evidence;The organisation should establish and implement procedures for the identification, collection, acquisition and preservation of evidence related to information security events.;A.5 Organizational controls;A.5.28;Collection Of Evidence;The organisation should establish and implement procedures for the identification, collection, acquisition and preservation of evidence related to information security events.;FAIL;Defender plan Defender for Open-Source Relational Databases from subscription Azure subscription 1 (7e3283a3-d466-4e6f-95b1-543eec016e08) is set to OFF (pricing tier not standard).;/subscriptions/7e3283a3-d466-4e6f-95b1-543eec016e08/providers/Microsoft.Security/pricings/OpenSourceRelationalDatabases;defender_ensure_defender_for_os_relational_databases_is_on;False;Defender plan Open-Source Relational Databases;ISO27001;ISO/IEC 27001 Information Security Management Standard 2022
azure;ISO (the International Organization for Standardization) and IEC (the International Electrotechnical Commission) form the specialized system for worldwide standardization. National bodies that are members of ISO or IEC participate in the development of International Standards through technical committees established by the respective organization to deal with particular fields of technical activity. ISO and IEC technical committees collaborate in fields of mutual interest. Other international organizations, governmental and non-governmental, in liaison with ISO and IEC, also take part in the work.;7e3283a3-d466-4e6f-95b1-543eec016e08;global;2026-07-02 19:32:49.149800;A.5.29;Information Security During Disruption;The organisation should plan how to maintain information security at an appropriate level during disruption.;A.5 Organizational controls;A.5.29;Information Security During Disruption;The organisation should plan how to maintain information security at an appropriate level during disruption.;FAIL;Defender plan Defender for Open-Source Relational Databases from subscription Azure subscription 1 (7e3283a3-d466-4e6f-95b1-543eec016e08) is set to OFF (pricing tier not standard).;/subscriptions/7e3283a3-d466-4e6f-95b1-543eec016e08/providers/Microsoft.Security/pricings/OpenSourceRelationalDatabases;defender_ensure_defender_for_os_relational_databases_is_on;False;Defender plan Open-Source Relational Databases;ISO27001;ISO/IEC 27001 Information Security Management Standard 2022
azure;ISO (the International Organization for Standardization) and IEC (the International Electrotechnical Commission) form the specialized system for worldwide standardization. National bodies that are members of ISO or IEC participate in the development of International Standards through technical committees established by the respective organization to deal with particular fields of technical activity. ISO and IEC technical committees collaborate in fields of mutual interest. Other international organizations, governmental and non-governmental, in liaison with ISO and IEC, also take part in the work.;7e3283a3-d466-4e6f-95b1-543eec016e08;global;2026-07-02 19:32:49.149800;A.8.7;Protection Against Malware;Protection against malware should be implemented and supported by appropriate user awareness.;A.8 Technological controls;A.8.7;Protection Against Malware;Protection against malware should be implemented and supported by appropriate user awareness.;FAIL;Defender plan Defender for Open-Source Relational Databases from subscription Azure subscription 1 (7e3283a3-d466-4e6f-95b1-543eec016e08) is set to OFF (pricing tier not standard).;/subscriptions/7e3283a3-d466-4e6f-95b1-543eec016e08/providers/Microsoft.Security/pricings/OpenSourceRelationalDatabases;defender_ensure_defender_for_os_relational_databases_is_on;False;Defender plan Open-Source Relational Databases;ISO27001;ISO/IEC 27001 Information Security Management Standard 2022
azure;ISO (the International Organization for Standardization) and IEC (the International Electrotechnical Commission) form the specialized system for worldwide standardization. National bodies that are members of ISO or IEC participate in the development of International Standards through technical committees established by the respective organization to deal with particular fields of technical activity. ISO and IEC technical committees collaborate in fields of mutual interest. Other international organizations, governmental and non-governmental, in liaison with ISO and IEC, also take part in the work.;7e3283a3-d466-4e6f-95b1-543eec016e08;global;2026-07-02 19:32:49.149800;A.8.9;Configuration Management;Configurations, including security configurations, of hardware, software, services and networks should be established, documented, implemented, monitored and reviewed.;A.8 Technological controls;A.8.9;Configuration Management;Configurations, including security configurations, of hardware, software, services and networks should be established, documented, implemented, monitored and reviewed.;FAIL;Defender plan Defender for Open-Source Relational Databases from subscription Azure subscription 1 (7e3283a3-d466-4e6f-95b1-543eec016e08) is set to OFF (pricing tier not standard).;/subscriptions/7e3283a3-d466-4e6f-95b1-543eec016e08/providers/Microsoft.Security/pricings/OpenSourceRelationalDatabases;defender_ensure_defender_for_os_relational_databases_is_on;False;Defender plan Open-Source Relational Databases;ISO27001;ISO/IEC 27001 Information Security Management Standard 2022
azure;ISO (the International Organization for Standardization) and IEC (the International Electrotechnical Commission) form the specialized system for worldwide standardization. National bodies that are members of ISO or IEC participate in the development of International Standards through technical committees established by the respective organization to deal with particular fields of technical activity. ISO and IEC technical committees collaborate in fields of mutual interest. Other international organizations, governmental and non-governmental, in liaison with ISO and IEC, also take part in the work.;7e3283a3-d466-4e6f-95b1-543eec016e08;global;2026-07-02 19:32:49.149800;A.5.16;Identity Management;The full lifecycle of identities should be managed.;A.5 Organizational controls;A.5.16;Identity Management;The full lifecycle of identities should be managed.;FAIL;Defender plan Defender for Servers from subscription Azure subscription 1 (7e3283a3-d466-4e6f-95b1-543eec016e08) is set to OFF (pricing tier not standard).;/subscriptions/7e3283a3-d466-4e6f-95b1-543eec016e08/providers/Microsoft.Security/pricings/VirtualMachines;defender_ensure_defender_for_server_is_on;False;Defender plan Servers;ISO27001;ISO/IEC 27001 Information Security Management Standard 2022
azure;ISO (the International Organization for Standardization) and IEC (the International Electrotechnical Commission) form the specialized system for worldwide standardization. National bodies that are members of ISO or IEC participate in the development of International Standards through technical committees established by the respective organization to deal with particular fields of technical activity. ISO and IEC technical committees collaborate in fields of mutual interest. Other international organizations, governmental and non-governmental, in liaison with ISO and IEC, also take part in the work.;7e3283a3-d466-4e6f-95b1-543eec016e08;global;2026-07-02 19:32:49.149800;A.5.19;Information Security In Supplier Relationships;Processes and procedures should be defined and implemented to manage the information security risks associated with the use of supplier’s products or services.;A.5 Organizational controls;A.5.19;Information Security In Supplier Relationships;Processes and procedures should be defined and implemented to manage the information security risks associated with the use of supplier’s products or services.;FAIL;Defender plan Defender for Servers from subscription Azure subscription 1 (7e3283a3-d466-4e6f-95b1-543eec016e08) is set to OFF (pricing tier not standard).;/subscriptions/7e3283a3-d466-4e6f-95b1-543eec016e08/providers/Microsoft.Security/pricings/VirtualMachines;defender_ensure_defender_for_server_is_on;False;Defender plan Servers;ISO27001;ISO/IEC 27001 Information Security Management Standard 2022
azure;ISO (the International Organization for Standardization) and IEC (the International Electrotechnical Commission) form the specialized system for worldwide standardization. National bodies that are members of ISO or IEC participate in the development of International Standards through technical committees established by the respective organization to deal with particular fields of technical activity. ISO and IEC technical committees collaborate in fields of mutual interest. Other international organizations, governmental and non-governmental, in liaison with ISO and IEC, also take part in the work.;7e3283a3-d466-4e6f-95b1-543eec016e08;global;2026-07-02 19:32:49.149800;A.5.21;Managing Information Security In The ICT Supply Chain;Processes and procedures should be defined and implemented to manage the information security risks associated with the ICT products and services supply chain.;A.5 Organizational controls;A.5.21;Managing Information Security In The ICT Supply Chain;Processes and procedures should be defined and implemented to manage the information security risks associated with the ICT products and services supply chain.;FAIL;Defender plan Defender for Servers from subscription Azure subscription 1 (7e3283a3-d466-4e6f-95b1-543eec016e08) is set to OFF (pricing tier not standard).;/subscriptions/7e3283a3-d466-4e6f-95b1-543eec016e08/providers/Microsoft.Security/pricings/VirtualMachines;defender_ensure_defender_for_server_is_on;False;Defender plan Servers;ISO27001;ISO/IEC 27001 Information Security Management Standard 2022
azure;ISO (the International Organization for Standardization) and IEC (the International Electrotechnical Commission) form the specialized system for worldwide standardization. National bodies that are members of ISO or IEC participate in the development of International Standards through technical committees established by the respective organization to deal with particular fields of technical activity. ISO and IEC technical committees collaborate in fields of mutual interest. Other international organizations, governmental and non-governmental, in liaison with ISO and IEC, also take part in the work.;7e3283a3-d466-4e6f-95b1-543eec016e08;global;2026-07-02 19:32:49.149800;A.5.22;Monitor, Review And Change Management Of Supplier Services;The organisation should regularly monitor, review, evaluate and manage change in supplier information security practices and service delivery.;A.5 Organizational controls;A.5.22;Monitor, Review And Change Management Of Supplier Services;The organisation should regularly monitor, review, evaluate and manage change in supplier information security practices and service delivery.;FAIL;Defender plan Defender for Servers from subscription Azure subscription 1 (7e3283a3-d466-4e6f-95b1-543eec016e08) is set to OFF (pricing tier not standard).;/subscriptions/7e3283a3-d466-4e6f-95b1-543eec016e08/providers/Microsoft.Security/pricings/VirtualMachines;defender_ensure_defender_for_server_is_on;False;Defender plan Servers;ISO27001;ISO/IEC 27001 Information Security Management Standard 2022
azure;ISO (the International Organization for Standardization) and IEC (the International Electrotechnical Commission) form the specialized system for worldwide standardization. National bodies that are members of ISO or IEC participate in the development of International Standards through technical committees established by the respective organization to deal with particular fields of technical activity. ISO and IEC technical committees collaborate in fields of mutual interest. Other international organizations, governmental and non-governmental, in liaison with ISO and IEC, also take part in the work.;7e3283a3-d466-4e6f-95b1-543eec016e08;global;2026-07-02 19:32:49.149800;A.5.25;Assessment And Decision On Information Security Events;The organisation should assess information security events and decide if they are to be categorised as information security incidents.;A.5 Organizational controls;A.5.25;Assessment And Decision On Information Security Events;The organisation should assess information security events and decide if they are to be categorised as information security incidents.;FAIL;Defender plan Defender for Servers from subscription Azure subscription 1 (7e3283a3-d466-4e6f-95b1-543eec016e08) is set to OFF (pricing tier not standard).;/subscriptions/7e3283a3-d466-4e6f-95b1-543eec016e08/providers/Microsoft.Security/pricings/VirtualMachines;defender_ensure_defender_for_server_is_on;False;Defender plan Servers;ISO27001;ISO/IEC 27001 Information Security Management Standard 2022
azure;ISO (the International Organization for Standardization) and IEC (the International Electrotechnical Commission) form the specialized system for worldwide standardization. National bodies that are members of ISO or IEC participate in the development of International Standards through technical committees established by the respective organization to deal with particular fields of technical activity. ISO and IEC technical committees collaborate in fields of mutual interest. Other international organizations, governmental and non-governmental, in liaison with ISO and IEC, also take part in the work.;7e3283a3-d466-4e6f-95b1-543eec016e08;global;2026-07-02 19:32:49.149800;A.5.28;Collection Of Evidence;The organisation should establish and implement procedures for the identification, collection, acquisition and preservation of evidence related to information security events.;A.5 Organizational controls;A.5.28;Collection Of Evidence;The organisation should establish and implement procedures for the identification, collection, acquisition and preservation of evidence related to information security events.;FAIL;Defender plan Defender for Servers from subscription Azure subscription 1 (7e3283a3-d466-4e6f-95b1-543eec016e08) is set to OFF (pricing tier not standard).;/subscriptions/7e3283a3-d466-4e6f-95b1-543eec016e08/providers/Microsoft.Security/pricings/VirtualMachines;defender_ensure_defender_for_server_is_on;False;Defender plan Servers;ISO27001;ISO/IEC 27001 Information Security Management Standard 2022
azure;ISO (the International Organization for Standardization) and IEC (the International Electrotechnical Commission) form the specialized system for worldwide standardization. National bodies that are members of ISO or IEC participate in the development of International Standards through technical committees established by the respective organization to deal with particular fields of technical activity. ISO and IEC technical committees collaborate in fields of mutual interest. Other international organizations, governmental and non-governmental, in liaison with ISO and IEC, also take part in the work.;7e3283a3-d466-4e6f-95b1-543eec016e08;global;2026-07-02 19:32:49.149800;A.5.29;Information Security During Disruption;The organisation should plan how to maintain information security at an appropriate level during disruption.;A.5 Organizational controls;A.5.29;Information Security During Disruption;The organisation should plan how to maintain information security at an appropriate level during disruption.;FAIL;Defender plan Defender for Servers from subscription Azure subscription 1 (7e3283a3-d466-4e6f-95b1-543eec016e08) is set to OFF (pricing tier not standard).;/subscriptions/7e3283a3-d466-4e6f-95b1-543eec016e08/providers/Microsoft.Security/pricings/VirtualMachines;defender_ensure_defender_for_server_is_on;False;Defender plan Servers;ISO27001;ISO/IEC 27001 Information Security Management Standard 2022
azure;ISO (the International Organization for Standardization) and IEC (the International Electrotechnical Commission) form the specialized system for worldwide standardization. National bodies that are members of ISO or IEC participate in the development of International Standards through technical committees established by the respective organization to deal with particular fields of technical activity. ISO and IEC technical committees collaborate in fields of mutual interest. Other international organizations, governmental and non-governmental, in liaison with ISO and IEC, also take part in the work.;7e3283a3-d466-4e6f-95b1-543eec016e08;global;2026-07-02 19:32:49.149800;A.8.7;Protection Against Malware;Protection against malware should be implemented and supported by appropriate user awareness.;A.8 Technological controls;A.8.7;Protection Against Malware;Protection against malware should be implemented and supported by appropriate user awareness.;FAIL;Defender plan Defender for Servers from subscription Azure subscription 1 (7e3283a3-d466-4e6f-95b1-543eec016e08) is set to OFF (pricing tier not standard).;/subscriptions/7e3283a3-d466-4e6f-95b1-543eec016e08/providers/Microsoft.Security/pricings/VirtualMachines;defender_ensure_defender_for_server_is_on;False;Defender plan Servers;ISO27001;ISO/IEC 27001 Information Security Management Standard 2022
azure;ISO (the International Organization for Standardization) and IEC (the International Electrotechnical Commission) form the specialized system for worldwide standardization. National bodies that are members of ISO or IEC participate in the development of International Standards through technical committees established by the respective organization to deal with particular fields of technical activity. ISO and IEC technical committees collaborate in fields of mutual interest. Other international organizations, governmental and non-governmental, in liaison with ISO and IEC, also take part in the work.;7e3283a3-d466-4e6f-95b1-543eec016e08;global;2026-07-02 19:32:49.149800;A.8.9;Configuration Management;Configurations, including security configurations, of hardware, software, services and networks should be established, documented, implemented, monitored and reviewed.;A.8 Technological controls;A.8.9;Configuration Management;Configurations, including security configurations, of hardware, software, services and networks should be established, documented, implemented, monitored and reviewed.;FAIL;Defender plan Defender for Servers from subscription Azure subscription 1 (7e3283a3-d466-4e6f-95b1-543eec016e08) is set to OFF (pricing tier not standard).;/subscriptions/7e3283a3-d466-4e6f-95b1-543eec016e08/providers/Microsoft.Security/pricings/VirtualMachines;defender_ensure_defender_for_server_is_on;False;Defender plan Servers;ISO27001;ISO/IEC 27001 Information Security Management Standard 2022
azure;ISO (the International Organization for Standardization) and IEC (the International Electrotechnical Commission) form the specialized system for worldwide standardization. National bodies that are members of ISO or IEC participate in the development of International Standards through technical committees established by the respective organization to deal with particular fields of technical activity. ISO and IEC technical committees collaborate in fields of mutual interest. Other international organizations, governmental and non-governmental, in liaison with ISO and IEC, also take part in the work.;7e3283a3-d466-4e6f-95b1-543eec016e08;global;2026-07-02 19:32:49.149800;A.5.16;Identity Management;The full lifecycle of identities should be managed.;A.5 Organizational controls;A.5.16;Identity Management;The full lifecycle of identities should be managed.;FAIL;Defender plan Defender for SQL Server VMs from subscription Azure subscription 1 (7e3283a3-d466-4e6f-95b1-543eec016e08) is set to OFF (pricing tier not standard).;/subscriptions/7e3283a3-d466-4e6f-95b1-543eec016e08/providers/Microsoft.Security/pricings/SqlServerVirtualMachines;defender_ensure_defender_for_sql_servers_is_on;False;Defender plan SQL Server VMs;ISO27001;ISO/IEC 27001 Information Security Management Standard 2022
azure;ISO (the International Organization for Standardization) and IEC (the International Electrotechnical Commission) form the specialized system for worldwide standardization. National bodies that are members of ISO or IEC participate in the development of International Standards through technical committees established by the respective organization to deal with particular fields of technical activity. ISO and IEC technical committees collaborate in fields of mutual interest. Other international organizations, governmental and non-governmental, in liaison with ISO and IEC, also take part in the work.;7e3283a3-d466-4e6f-95b1-543eec016e08;global;2026-07-02 19:32:49.149800;A.5.19;Information Security In Supplier Relationships;Processes and procedures should be defined and implemented to manage the information security risks associated with the use of supplier’s products or services.;A.5 Organizational controls;A.5.19;Information Security In Supplier Relationships;Processes and procedures should be defined and implemented to manage the information security risks associated with the use of supplier’s products or services.;FAIL;Defender plan Defender for SQL Server VMs from subscription Azure subscription 1 (7e3283a3-d466-4e6f-95b1-543eec016e08) is set to OFF (pricing tier not standard).;/subscriptions/7e3283a3-d466-4e6f-95b1-543eec016e08/providers/Microsoft.Security/pricings/SqlServerVirtualMachines;defender_ensure_defender_for_sql_servers_is_on;False;Defender plan SQL Server VMs;ISO27001;ISO/IEC 27001 Information Security Management Standard 2022
azure;ISO (the International Organization for Standardization) and IEC (the International Electrotechnical Commission) form the specialized system for worldwide standardization. National bodies that are members of ISO or IEC participate in the development of International Standards through technical committees established by the respective organization to deal with particular fields of technical activity. ISO and IEC technical committees collaborate in fields of mutual interest. Other international organizations, governmental and non-governmental, in liaison with ISO and IEC, also take part in the work.;7e3283a3-d466-4e6f-95b1-543eec016e08;global;2026-07-02 19:32:49.149800;A.5.21;Managing Information Security In The ICT Supply Chain;Processes and procedures should be defined and implemented to manage the information security risks associated with the ICT products and services supply chain.;A.5 Organizational controls;A.5.21;Managing Information Security In The ICT Supply Chain;Processes and procedures should be defined and implemented to manage the information security risks associated with the ICT products and services supply chain.;FAIL;Defender plan Defender for SQL Server VMs from subscription Azure subscription 1 (7e3283a3-d466-4e6f-95b1-543eec016e08) is set to OFF (pricing tier not standard).;/subscriptions/7e3283a3-d466-4e6f-95b1-543eec016e08/providers/Microsoft.Security/pricings/SqlServerVirtualMachines;defender_ensure_defender_for_sql_servers_is_on;False;Defender plan SQL Server VMs;ISO27001;ISO/IEC 27001 Information Security Management Standard 2022
azure;ISO (the International Organization for Standardization) and IEC (the International Electrotechnical Commission) form the specialized system for worldwide standardization. National bodies that are members of ISO or IEC participate in the development of International Standards through technical committees established by the respective organization to deal with particular fields of technical activity. ISO and IEC technical committees collaborate in fields of mutual interest. Other international organizations, governmental and non-governmental, in liaison with ISO and IEC, also take part in the work.;7e3283a3-d466-4e6f-95b1-543eec016e08;global;2026-07-02 19:32:49.149800;A.5.22;Monitor, Review And Change Management Of Supplier Services;The organisation should regularly monitor, review, evaluate and manage change in supplier information security practices and service delivery.;A.5 Organizational controls;A.5.22;Monitor, Review And Change Management Of Supplier Services;The organisation should regularly monitor, review, evaluate and manage change in supplier information security practices and service delivery.;FAIL;Defender plan Defender for SQL Server VMs from subscription Azure subscription 1 (7e3283a3-d466-4e6f-95b1-543eec016e08) is set to OFF (pricing tier not standard).;/subscriptions/7e3283a3-d466-4e6f-95b1-543eec016e08/providers/Microsoft.Security/pricings/SqlServerVirtualMachines;defender_ensure_defender_for_sql_servers_is_on;False;Defender plan SQL Server VMs;ISO27001;ISO/IEC 27001 Information Security Management Standard 2022
azure;ISO (the International Organization for Standardization) and IEC (the International Electrotechnical Commission) form the specialized system for worldwide standardization. National bodies that are members of ISO or IEC participate in the development of International Standards through technical committees established by the respective organization to deal with particular fields of technical activity. ISO and IEC technical committees collaborate in fields of mutual interest. Other international organizations, governmental and non-governmental, in liaison with ISO and IEC, also take part in the work.;7e3283a3-d466-4e6f-95b1-543eec016e08;global;2026-07-02 19:32:49.149800;A.5.25;Assessment And Decision On Information Security Events;The organisation should assess information security events and decide if they are to be categorised as information security incidents.;A.5 Organizational controls;A.5.25;Assessment And Decision On Information Security Events;The organisation should assess information security events and decide if they are to be categorised as information security incidents.;FAIL;Defender plan Defender for SQL Server VMs from subscription Azure subscription 1 (7e3283a3-d466-4e6f-95b1-543eec016e08) is set to OFF (pricing tier not standard).;/subscriptions/7e3283a3-d466-4e6f-95b1-543eec016e08/providers/Microsoft.Security/pricings/SqlServerVirtualMachines;defender_ensure_defender_for_sql_servers_is_on;False;Defender plan SQL Server VMs;ISO27001;ISO/IEC 27001 Information Security Management Standard 2022
azure;ISO (the International Organization for Standardization) and IEC (the International Electrotechnical Commission) form the specialized system for worldwide standardization. National bodies that are members of ISO or IEC participate in the development of International Standards through technical committees established by the respective organization to deal with particular fields of technical activity. ISO and IEC technical committees collaborate in fields of mutual interest. Other international organizations, governmental and non-governmental, in liaison with ISO and IEC, also take part in the work.;7e3283a3-d466-4e6f-95b1-543eec016e08;global;2026-07-02 19:32:49.149800;A.5.28;Collection Of Evidence;The organisation should establish and implement procedures for the identification, collection, acquisition and preservation of evidence related to information security events.;A.5 Organizational controls;A.5.28;Collection Of Evidence;The organisation should establish and implement procedures for the identification, collection, acquisition and preservation of evidence related to information security events.;FAIL;Defender plan Defender for SQL Server VMs from subscription Azure subscription 1 (7e3283a3-d466-4e6f-95b1-543eec016e08) is set to OFF (pricing tier not standard).;/subscriptions/7e3283a3-d466-4e6f-95b1-543eec016e08/providers/Microsoft.Security/pricings/SqlServerVirtualMachines;defender_ensure_defender_for_sql_servers_is_on;False;Defender plan SQL Server VMs;ISO27001;ISO/IEC 27001 Information Security Management Standard 2022
azure;ISO (the International Organization for Standardization) and IEC (the International Electrotechnical Commission) form the specialized system for worldwide standardization. National bodies that are members of ISO or IEC participate in the development of International Standards through technical committees established by the respective organization to deal with particular fields of technical activity. ISO and IEC technical committees collaborate in fields of mutual interest. Other international organizations, governmental and non-governmental, in liaison with ISO and IEC, also take part in the work.;7e3283a3-d466-4e6f-95b1-543eec016e08;global;2026-07-02 19:32:49.149800;A.5.29;Information Security During Disruption;The organisation should plan how to maintain information security at an appropriate level during disruption.;A.5 Organizational controls;A.5.29;Information Security During Disruption;The organisation should plan how to maintain information security at an appropriate level during disruption.;FAIL;Defender plan Defender for SQL Server VMs from subscription Azure subscription 1 (7e3283a3-d466-4e6f-95b1-543eec016e08) is set to OFF (pricing tier not standard).;/subscriptions/7e3283a3-d466-4e6f-95b1-543eec016e08/providers/Microsoft.Security/pricings/SqlServerVirtualMachines;defender_ensure_defender_for_sql_servers_is_on;False;Defender plan SQL Server VMs;ISO27001;ISO/IEC 27001 Information Security Management Standard 2022
azure;ISO (the International Organization for Standardization) and IEC (the International Electrotechnical Commission) form the specialized system for worldwide standardization. National bodies that are members of ISO or IEC participate in the development of International Standards through technical committees established by the respective organization to deal with particular fields of technical activity. ISO and IEC technical committees collaborate in fields of mutual interest. Other international organizations, governmental and non-governmental, in liaison with ISO and IEC, also take part in the work.;7e3283a3-d466-4e6f-95b1-543eec016e08;global;2026-07-02 19:32:49.149800;A.8.7;Protection Against Malware;Protection against malware should be implemented and supported by appropriate user awareness.;A.8 Technological controls;A.8.7;Protection Against Malware;Protection against malware should be implemented and supported by appropriate user awareness.;FAIL;Defender plan Defender for SQL Server VMs from subscription Azure subscription 1 (7e3283a3-d466-4e6f-95b1-543eec016e08) is set to OFF (pricing tier not standard).;/subscriptions/7e3283a3-d466-4e6f-95b1-543eec016e08/providers/Microsoft.Security/pricings/SqlServerVirtualMachines;defender_ensure_defender_for_sql_servers_is_on;False;Defender plan SQL Server VMs;ISO27001;ISO/IEC 27001 Information Security Management Standard 2022
azure;ISO (the International Organization for Standardization) and IEC (the International Electrotechnical Commission) form the specialized system for worldwide standardization. National bodies that are members of ISO or IEC participate in the development of International Standards through technical committees established by the respective organization to deal with particular fields of technical activity. ISO and IEC technical committees collaborate in fields of mutual interest. Other international organizations, governmental and non-governmental, in liaison with ISO and IEC, also take part in the work.;7e3283a3-d466-4e6f-95b1-543eec016e08;global;2026-07-02 19:32:49.149800;A.8.9;Configuration Management;Configurations, including security configurations, of hardware, software, services and networks should be established, documented, implemented, monitored and reviewed.;A.8 Technological controls;A.8.9;Configuration Management;Configurations, including security configurations, of hardware, software, services and networks should be established, documented, implemented, monitored and reviewed.;FAIL;Defender plan Defender for SQL Server VMs from subscription Azure subscription 1 (7e3283a3-d466-4e6f-95b1-543eec016e08) is set to OFF (pricing tier not standard).;/subscriptions/7e3283a3-d466-4e6f-95b1-543eec016e08/providers/Microsoft.Security/pricings/SqlServerVirtualMachines;defender_ensure_defender_for_sql_servers_is_on;False;Defender plan SQL Server VMs;ISO27001;ISO/IEC 27001 Information Security Management Standard 2022
azure;ISO (the International Organization for Standardization) and IEC (the International Electrotechnical Commission) form the specialized system for worldwide standardization. National bodies that are members of ISO or IEC participate in the development of International Standards through technical committees established by the respective organization to deal with particular fields of technical activity. ISO and IEC technical committees collaborate in fields of mutual interest. Other international organizations, governmental and non-governmental, in liaison with ISO and IEC, also take part in the work.;7e3283a3-d466-4e6f-95b1-543eec016e08;global;2026-07-02 19:32:49.149800;A.5.16;Identity Management;The full lifecycle of identities should be managed.;A.5 Organizational controls;A.5.16;Identity Management;The full lifecycle of identities should be managed.;FAIL;Defender plan Defender for Storage Accounts from subscription Azure subscription 1 (7e3283a3-d466-4e6f-95b1-543eec016e08) is set to OFF (pricing tier not standard).;/subscriptions/7e3283a3-d466-4e6f-95b1-543eec016e08/providers/Microsoft.Security/pricings/StorageAccounts;defender_ensure_defender_for_storage_is_on;False;Defender plan Storage Accounts;ISO27001;ISO/IEC 27001 Information Security Management Standard 2022
azure;ISO (the International Organization for Standardization) and IEC (the International Electrotechnical Commission) form the specialized system for worldwide standardization. National bodies that are members of ISO or IEC participate in the development of International Standards through technical committees established by the respective organization to deal with particular fields of technical activity. ISO and IEC technical committees collaborate in fields of mutual interest. Other international organizations, governmental and non-governmental, in liaison with ISO and IEC, also take part in the work.;7e3283a3-d466-4e6f-95b1-543eec016e08;global;2026-07-02 19:32:49.149800;A.5.19;Information Security In Supplier Relationships;Processes and procedures should be defined and implemented to manage the information security risks associated with the use of supplier’s products or services.;A.5 Organizational controls;A.5.19;Information Security In Supplier Relationships;Processes and procedures should be defined and implemented to manage the information security risks associated with the use of supplier’s products or services.;FAIL;Defender plan Defender for Storage Accounts from subscription Azure subscription 1 (7e3283a3-d466-4e6f-95b1-543eec016e08) is set to OFF (pricing tier not standard).;/subscriptions/7e3283a3-d466-4e6f-95b1-543eec016e08/providers/Microsoft.Security/pricings/StorageAccounts;defender_ensure_defender_for_storage_is_on;False;Defender plan Storage Accounts;ISO27001;ISO/IEC 27001 Information Security Management Standard 2022
azure;ISO (the International Organization for Standardization) and IEC (the International Electrotechnical Commission) form the specialized system for worldwide standardization. National bodies that are members of ISO or IEC participate in the development of International Standards through technical committees established by the respective organization to deal with particular fields of technical activity. ISO and IEC technical committees collaborate in fields of mutual interest. Other international organizations, governmental and non-governmental, in liaison with ISO and IEC, also take part in the work.;7e3283a3-d466-4e6f-95b1-543eec016e08;global;2026-07-02 19:32:49.149800;A.5.21;Managing Information Security In The ICT Supply Chain;Processes and procedures should be defined and implemented to manage the information security risks associated with the ICT products and services supply chain.;A.5 Organizational controls;A.5.21;Managing Information Security In The ICT Supply Chain;Processes and procedures should be defined and implemented to manage the information security risks associated with the ICT products and services supply chain.;FAIL;Defender plan Defender for Storage Accounts from subscription Azure subscription 1 (7e3283a3-d466-4e6f-95b1-543eec016e08) is set to OFF (pricing tier not standard).;/subscriptions/7e3283a3-d466-4e6f-95b1-543eec016e08/providers/Microsoft.Security/pricings/StorageAccounts;defender_ensure_defender_for_storage_is_on;False;Defender plan Storage Accounts;ISO27001;ISO/IEC 27001 Information Security Management Standard 2022
azure;ISO (the International Organization for Standardization) and IEC (the International Electrotechnical Commission) form the specialized system for worldwide standardization. National bodies that are members of ISO or IEC participate in the development of International Standards through technical committees established by the respective organization to deal with particular fields of technical activity. ISO and IEC technical committees collaborate in fields of mutual interest. Other international organizations, governmental and non-governmental, in liaison with ISO and IEC, also take part in the work.;7e3283a3-d466-4e6f-95b1-543eec016e08;global;2026-07-02 19:32:49.149800;A.5.22;Monitor, Review And Change Management Of Supplier Services;The organisation should regularly monitor, review, evaluate and manage change in supplier information security practices and service delivery.;A.5 Organizational controls;A.5.22;Monitor, Review And Change Management Of Supplier Services;The organisation should regularly monitor, review, evaluate and manage change in supplier information security practices and service delivery.;FAIL;Defender plan Defender for Storage Accounts from subscription Azure subscription 1 (7e3283a3-d466-4e6f-95b1-543eec016e08) is set to OFF (pricing tier not standard).;/subscriptions/7e3283a3-d466-4e6f-95b1-543eec016e08/providers/Microsoft.Security/pricings/StorageAccounts;defender_ensure_defender_for_storage_is_on;False;Defender plan Storage Accounts;ISO27001;ISO/IEC 27001 Information Security Management Standard 2022
azure;ISO (the International Organization for Standardization) and IEC (the International Electrotechnical Commission) form the specialized system for worldwide standardization. National bodies that are members of ISO or IEC participate in the development of International Standards through technical committees established by the respective organization to deal with particular fields of technical activity. ISO and IEC technical committees collaborate in fields of mutual interest. Other international organizations, governmental and non-governmental, in liaison with ISO and IEC, also take part in the work.;7e3283a3-d466-4e6f-95b1-543eec016e08;global;2026-07-02 19:32:49.149800;A.5.25;Assessment And Decision On Information Security Events;The organisation should assess information security events and decide if they are to be categorised as information security incidents.;A.5 Organizational controls;A.5.25;Assessment And Decision On Information Security Events;The organisation should assess information security events and decide if they are to be categorised as information security incidents.;FAIL;Defender plan Defender for Storage Accounts from subscription Azure subscription 1 (7e3283a3-d466-4e6f-95b1-543eec016e08) is set to OFF (pricing tier not standard).;/subscriptions/7e3283a3-d466-4e6f-95b1-543eec016e08/providers/Microsoft.Security/pricings/StorageAccounts;defender_ensure_defender_for_storage_is_on;False;Defender plan Storage Accounts;ISO27001;ISO/IEC 27001 Information Security Management Standard 2022
azure;ISO (the International Organization for Standardization) and IEC (the International Electrotechnical Commission) form the specialized system for worldwide standardization. National bodies that are members of ISO or IEC participate in the development of International Standards through technical committees established by the respective organization to deal with particular fields of technical activity. ISO and IEC technical committees collaborate in fields of mutual interest. Other international organizations, governmental and non-governmental, in liaison with ISO and IEC, also take part in the work.;7e3283a3-d466-4e6f-95b1-543eec016e08;global;2026-07-02 19:32:49.149800;A.5.28;Collection Of Evidence;The organisation should establish and implement procedures for the identification, collection, acquisition and preservation of evidence related to information security events.;A.5 Organizational controls;A.5.28;Collection Of Evidence;The organisation should establish and implement procedures for the identification, collection, acquisition and preservation of evidence related to information security events.;FAIL;Defender plan Defender for Storage Accounts from subscription Azure subscription 1 (7e3283a3-d466-4e6f-95b1-543eec016e08) is set to OFF (pricing tier not standard).;/subscriptions/7e3283a3-d466-4e6f-95b1-543eec016e08/providers/Microsoft.Security/pricings/StorageAccounts;defender_ensure_defender_for_storage_is_on;False;Defender plan Storage Accounts;ISO27001;ISO/IEC 27001 Information Security Management Standard 2022
azure;ISO (the International Organization for Standardization) and IEC (the International Electrotechnical Commission) form the specialized system for worldwide standardization. National bodies that are members of ISO or IEC participate in the development of International Standards through technical committees established by the respective organization to deal with particular fields of technical activity. ISO and IEC technical committees collaborate in fields of mutual interest. Other international organizations, governmental and non-governmental, in liaison with ISO and IEC, also take part in the work.;7e3283a3-d466-4e6f-95b1-543eec016e08;global;2026-07-02 19:32:49.149800;A.5.29;Information Security During Disruption;The organisation should plan how to maintain information security at an appropriate level during disruption.;A.5 Organizational controls;A.5.29;Information Security During Disruption;The organisation should plan how to maintain information security at an appropriate level during disruption.;FAIL;Defender plan Defender for Storage Accounts from subscription Azure subscription 1 (7e3283a3-d466-4e6f-95b1-543eec016e08) is set to OFF (pricing tier not standard).;/subscriptions/7e3283a3-d466-4e6f-95b1-543eec016e08/providers/Microsoft.Security/pricings/StorageAccounts;defender_ensure_defender_for_storage_is_on;False;Defender plan Storage Accounts;ISO27001;ISO/IEC 27001 Information Security Management Standard 2022
azure;ISO (the International Organization for Standardization) and IEC (the International Electrotechnical Commission) form the specialized system for worldwide standardization. National bodies that are members of ISO or IEC participate in the development of International Standards through technical committees established by the respective organization to deal with particular fields of technical activity. ISO and IEC technical committees collaborate in fields of mutual interest. Other international organizations, governmental and non-governmental, in liaison with ISO and IEC, also take part in the work.;7e3283a3-d466-4e6f-95b1-543eec016e08;global;2026-07-02 19:32:49.149800;A.8.7;Protection Against Malware;Protection against malware should be implemented and supported by appropriate user awareness.;A.8 Technological controls;A.8.7;Protection Against Malware;Protection against malware should be implemented and supported by appropriate user awareness.;FAIL;Defender plan Defender for Storage Accounts from subscription Azure subscription 1 (7e3283a3-d466-4e6f-95b1-543eec016e08) is set to OFF (pricing tier not standard).;/subscriptions/7e3283a3-d466-4e6f-95b1-543eec016e08/providers/Microsoft.Security/pricings/StorageAccounts;defender_ensure_defender_for_storage_is_on;False;Defender plan Storage Accounts;ISO27001;ISO/IEC 27001 Information Security Management Standard 2022
azure;ISO (the International Organization for Standardization) and IEC (the International Electrotechnical Commission) form the specialized system for worldwide standardization. National bodies that are members of ISO or IEC participate in the development of International Standards through technical committees established by the respective organization to deal with particular fields of technical activity. ISO and IEC technical committees collaborate in fields of mutual interest. Other international organizations, governmental and non-governmental, in liaison with ISO and IEC, also take part in the work.;7e3283a3-d466-4e6f-95b1-543eec016e08;global;2026-07-02 19:32:49.149800;A.8.9;Configuration Management;Configurations, including security configurations, of hardware, software, services and networks should be established, documented, implemented, monitored and reviewed.;A.8 Technological controls;A.8.9;Configuration Management;Configurations, including security configurations, of hardware, software, services and networks should be established, documented, implemented, monitored and reviewed.;FAIL;Defender plan Defender for Storage Accounts from subscription Azure subscription 1 (7e3283a3-d466-4e6f-95b1-543eec016e08) is set to OFF (pricing tier not standard).;/subscriptions/7e3283a3-d466-4e6f-95b1-543eec016e08/providers/Microsoft.Security/pricings/StorageAccounts;defender_ensure_defender_for_storage_is_on;False;Defender plan Storage Accounts;ISO27001;ISO/IEC 27001 Information Security Management Standard 2022
azure;ISO (the International Organization for Standardization) and IEC (the International Electrotechnical Commission) form the specialized system for worldwide standardization. National bodies that are members of ISO or IEC participate in the development of International Standards through technical committees established by the respective organization to deal with particular fields of technical activity. ISO and IEC technical committees collaborate in fields of mutual interest. Other international organizations, governmental and non-governmental, in liaison with ISO and IEC, also take part in the work.;7e3283a3-d466-4e6f-95b1-543eec016e08;global;2026-07-02 19:32:49.149800;A.5.19;Information Security In Supplier Relationships;Processes and procedures should be defined and implemented to manage the information security risks associated with the use of supplier’s products or services.;A.5 Organizational controls;A.5.19;Information Security In Supplier Relationships;Processes and procedures should be defined and implemented to manage the information security risks associated with the use of supplier’s products or services.;FAIL;No IoT Security Solutions found in the subscription Azure subscription 1 (7e3283a3-d466-4e6f-95b1-543eec016e08).;/subscriptions/7e3283a3-d466-4e6f-95b1-543eec016e08;defender_ensure_iot_hub_defender_is_on;False;7e3283a3-d466-4e6f-95b1-543eec016e08;ISO27001;ISO/IEC 27001 Information Security Management Standard 2022
azure;ISO (the International Organization for Standardization) and IEC (the International Electrotechnical Commission) form the specialized system for worldwide standardization. National bodies that are members of ISO or IEC participate in the development of International Standards through technical committees established by the respective organization to deal with particular fields of technical activity. ISO and IEC technical committees collaborate in fields of mutual interest. Other international organizations, governmental and non-governmental, in liaison with ISO and IEC, also take part in the work.;7e3283a3-d466-4e6f-95b1-543eec016e08;global;2026-07-02 19:32:49.149800;A.5.21;Managing Information Security In The ICT Supply Chain;Processes and procedures should be defined and implemented to manage the information security risks associated with the ICT products and services supply chain.;A.5 Organizational controls;A.5.21;Managing Information Security In The ICT Supply Chain;Processes and procedures should be defined and implemented to manage the information security risks associated with the ICT products and services supply chain.;FAIL;No IoT Security Solutions found in the subscription Azure subscription 1 (7e3283a3-d466-4e6f-95b1-543eec016e08).;/subscriptions/7e3283a3-d466-4e6f-95b1-543eec016e08;defender_ensure_iot_hub_defender_is_on;False;7e3283a3-d466-4e6f-95b1-543eec016e08;ISO27001;ISO/IEC 27001 Information Security Management Standard 2022
azure;ISO (the International Organization for Standardization) and IEC (the International Electrotechnical Commission) form the specialized system for worldwide standardization. National bodies that are members of ISO or IEC participate in the development of International Standards through technical committees established by the respective organization to deal with particular fields of technical activity. ISO and IEC technical committees collaborate in fields of mutual interest. Other international organizations, governmental and non-governmental, in liaison with ISO and IEC, also take part in the work.;7e3283a3-d466-4e6f-95b1-543eec016e08;global;2026-07-02 19:32:49.149800;A.5.25;Assessment And Decision On Information Security Events;The organisation should assess information security events and decide if they are to be categorised as information security incidents.;A.5 Organizational controls;A.5.25;Assessment And Decision On Information Security Events;The organisation should assess information security events and decide if they are to be categorised as information security incidents.;FAIL;No IoT Security Solutions found in the subscription Azure subscription 1 (7e3283a3-d466-4e6f-95b1-543eec016e08).;/subscriptions/7e3283a3-d466-4e6f-95b1-543eec016e08;defender_ensure_iot_hub_defender_is_on;False;7e3283a3-d466-4e6f-95b1-543eec016e08;ISO27001;ISO/IEC 27001 Information Security Management Standard 2022
azure;ISO (the International Organization for Standardization) and IEC (the International Electrotechnical Commission) form the specialized system for worldwide standardization. National bodies that are members of ISO or IEC participate in the development of International Standards through technical committees established by the respective organization to deal with particular fields of technical activity. ISO and IEC technical committees collaborate in fields of mutual interest. Other international organizations, governmental and non-governmental, in liaison with ISO and IEC, also take part in the work.;7e3283a3-d466-4e6f-95b1-543eec016e08;global;2026-07-02 19:32:49.149800;A.5.28;Collection Of Evidence;The organisation should establish and implement procedures for the identification, collection, acquisition and preservation of evidence related to information security events.;A.5 Organizational controls;A.5.28;Collection Of Evidence;The organisation should establish and implement procedures for the identification, collection, acquisition and preservation of evidence related to information security events.;FAIL;No IoT Security Solutions found in the subscription Azure subscription 1 (7e3283a3-d466-4e6f-95b1-543eec016e08).;/subscriptions/7e3283a3-d466-4e6f-95b1-543eec016e08;defender_ensure_iot_hub_defender_is_on;False;7e3283a3-d466-4e6f-95b1-543eec016e08;ISO27001;ISO/IEC 27001 Information Security Management Standard 2022
azure;ISO (the International Organization for Standardization) and IEC (the International Electrotechnical Commission) form the specialized system for worldwide standardization. National bodies that are members of ISO or IEC participate in the development of International Standards through technical committees established by the respective organization to deal with particular fields of technical activity. ISO and IEC technical committees collaborate in fields of mutual interest. Other international organizations, governmental and non-governmental, in liaison with ISO and IEC, also take part in the work.;7e3283a3-d466-4e6f-95b1-543eec016e08;global;2026-07-02 19:32:49.149800;A.5.29;Information Security During Disruption;The organisation should plan how to maintain information security at an appropriate level during disruption.;A.5 Organizational controls;A.5.29;Information Security During Disruption;The organisation should plan how to maintain information security at an appropriate level during disruption.;FAIL;No IoT Security Solutions found in the subscription Azure subscription 1 (7e3283a3-d466-4e6f-95b1-543eec016e08).;/subscriptions/7e3283a3-d466-4e6f-95b1-543eec016e08;defender_ensure_iot_hub_defender_is_on;False;7e3283a3-d466-4e6f-95b1-543eec016e08;ISO27001;ISO/IEC 27001 Information Security Management Standard 2022
azure;ISO (the International Organization for Standardization) and IEC (the International Electrotechnical Commission) form the specialized system for worldwide standardization. National bodies that are members of ISO or IEC participate in the development of International Standards through technical committees established by the respective organization to deal with particular fields of technical activity. ISO and IEC technical committees collaborate in fields of mutual interest. Other international organizations, governmental and non-governmental, in liaison with ISO and IEC, also take part in the work.;7e3283a3-d466-4e6f-95b1-543eec016e08;global;2026-07-02 19:32:49.149800;A.8.7;Protection Against Malware;Protection against malware should be implemented and supported by appropriate user awareness.;A.8 Technological controls;A.8.7;Protection Against Malware;Protection against malware should be implemented and supported by appropriate user awareness.;FAIL;No IoT Security Solutions found in the subscription Azure subscription 1 (7e3283a3-d466-4e6f-95b1-543eec016e08).;/subscriptions/7e3283a3-d466-4e6f-95b1-543eec016e08;defender_ensure_iot_hub_defender_is_on;False;7e3283a3-d466-4e6f-95b1-543eec016e08;ISO27001;ISO/IEC 27001 Information Security Management Standard 2022
azure;ISO (the International Organization for Standardization) and IEC (the International Electrotechnical Commission) form the specialized system for worldwide standardization. National bodies that are members of ISO or IEC participate in the development of International Standards through technical committees established by the respective organization to deal with particular fields of technical activity. ISO and IEC technical committees collaborate in fields of mutual interest. Other international organizations, governmental and non-governmental, in liaison with ISO and IEC, also take part in the work.;7e3283a3-d466-4e6f-95b1-543eec016e08;global;2026-07-02 19:32:49.149800;A.8.9;Configuration Management;Configurations, including security configurations, of hardware, software, services and networks should be established, documented, implemented, monitored and reviewed.;A.8 Technological controls;A.8.9;Configuration Management;Configurations, including security configurations, of hardware, software, services and networks should be established, documented, implemented, monitored and reviewed.;FAIL;No IoT Security Solutions found in the subscription Azure subscription 1 (7e3283a3-d466-4e6f-95b1-543eec016e08).;/subscriptions/7e3283a3-d466-4e6f-95b1-543eec016e08;defender_ensure_iot_hub_defender_is_on;False;7e3283a3-d466-4e6f-95b1-543eec016e08;ISO27001;ISO/IEC 27001 Information Security Management Standard 2022
azure;ISO (the International Organization for Standardization) and IEC (the International Electrotechnical Commission) form the specialized system for worldwide standardization. National bodies that are members of ISO or IEC participate in the development of International Standards through technical committees established by the respective organization to deal with particular fields of technical activity. ISO and IEC technical committees collaborate in fields of mutual interest. Other international organizations, governmental and non-governmental, in liaison with ISO and IEC, also take part in the work.;7e3283a3-d466-4e6f-95b1-543eec016e08;global;2026-07-02 19:32:49.149800;A.5.16;Identity Management;The full lifecycle of identities should be managed.;A.5 Organizational controls;A.5.16;Identity Management;The full lifecycle of identities should be managed.;PASS;Microsoft Defender for Cloud Apps is enabled for subscription Azure subscription 1 (7e3283a3-d466-4e6f-95b1-543eec016e08).;/subscriptions/7e3283a3-d466-4e6f-95b1-543eec016e08/providers/Microsoft.Security/settings/MCAS;defender_ensure_mcas_is_enabled;False;MCAS;ISO27001;ISO/IEC 27001 Information Security Management Standard 2022
azure;ISO (the International Organization for Standardization) and IEC (the International Electrotechnical Commission) form the specialized system for worldwide standardization. National bodies that are members of ISO or IEC participate in the development of International Standards through technical committees established by the respective organization to deal with particular fields of technical activity. ISO and IEC technical committees collaborate in fields of mutual interest. Other international organizations, governmental and non-governmental, in liaison with ISO and IEC, also take part in the work.;7e3283a3-d466-4e6f-95b1-543eec016e08;global;2026-07-02 19:32:49.149800;A.5.22;Monitor, Review And Change Management Of Supplier Services;The organisation should regularly monitor, review, evaluate and manage change in supplier information security practices and service delivery.;A.5 Organizational controls;A.5.22;Monitor, Review And Change Management Of Supplier Services;The organisation should regularly monitor, review, evaluate and manage change in supplier information security practices and service delivery.;PASS;Microsoft Defender for Cloud Apps is enabled for subscription Azure subscription 1 (7e3283a3-d466-4e6f-95b1-543eec016e08).;/subscriptions/7e3283a3-d466-4e6f-95b1-543eec016e08/providers/Microsoft.Security/settings/MCAS;defender_ensure_mcas_is_enabled;False;MCAS;ISO27001;ISO/IEC 27001 Information Security Management Standard 2022
azure;ISO (the International Organization for Standardization) and IEC (the International Electrotechnical Commission) form the specialized system for worldwide standardization. National bodies that are members of ISO or IEC participate in the development of International Standards through technical committees established by the respective organization to deal with particular fields of technical activity. ISO and IEC technical committees collaborate in fields of mutual interest. Other international organizations, governmental and non-governmental, in liaison with ISO and IEC, also take part in the work.;fd9388b0-2c00-4cf1-9e27-123b32fe4a92;global;2026-07-02 19:32:49.149800;A.5.2;Roles and Responsibilities;Information security roles and responsibilities should be defined and allocated according to the organisation needs.;A.5 Organizational controls;A.5.2;Roles and Responsibilities;Information security roles and responsibilities should be defined and allocated according to the organisation needs.;FAIL;Conditional Access Policy does not require MFA for management API.;Conditional Access Policy;entra_conditional_access_policy_require_mfa_for_management_api;False;Conditional Access Policy;ISO27001;ISO/IEC 27001 Information Security Management Standard 2022
azure;ISO (the International Organization for Standardization) and IEC (the International Electrotechnical Commission) form the specialized system for worldwide standardization. National bodies that are members of ISO or IEC participate in the development of International Standards through technical committees established by the respective organization to deal with particular fields of technical activity. ISO and IEC technical committees collaborate in fields of mutual interest. Other international organizations, governmental and non-governmental, in liaison with ISO and IEC, also take part in the work.;fd9388b0-2c00-4cf1-9e27-123b32fe4a92;global;2026-07-02 19:32:49.149800;A.5.17;Authentication Information;Allocation and management of authentication information should be controlled by a management process, including advising personnel on the appropriate handling of authentication information.;A.5 Organizational controls;A.5.17;Authentication Information;Allocation and management of authentication information should be controlled by a management process, including advising personnel on the appropriate handling of authentication information.;FAIL;Conditional Access Policy does not require MFA for management API.;Conditional Access Policy;entra_conditional_access_policy_require_mfa_for_management_api;False;Conditional Access Policy;ISO27001;ISO/IEC 27001 Information Security Management Standard 2022
azure;ISO (the International Organization for Standardization) and IEC (the International Electrotechnical Commission) form the specialized system for worldwide standardization. National bodies that are members of ISO or IEC participate in the development of International Standards through technical committees established by the respective organization to deal with particular fields of technical activity. ISO and IEC technical committees collaborate in fields of mutual interest. Other international organizations, governmental and non-governmental, in liaison with ISO and IEC, also take part in the work.;fd9388b0-2c00-4cf1-9e27-123b32fe4a92;global;2026-07-02 19:32:49.149800;A.5.2;Roles and Responsibilities;Information security roles and responsibilities should be defined and allocated according to the organisation needs.;A.5 Organizational controls;A.5.2;Roles and Responsibilities;Information security roles and responsibilities should be defined and allocated according to the organisation needs.;PASS;There are 0 global administrators.;3882aa2b-35a5-4450-bcce-841318c97db2;entra_global_admin_in_less_than_five_users;False;Global Administrator;ISO27001;ISO/IEC 27001 Information Security Management Standard 2022
azure;ISO (the International Organization for Standardization) and IEC (the International Electrotechnical Commission) form the specialized system for worldwide standardization. National bodies that are members of ISO or IEC participate in the development of International Standards through technical committees established by the respective organization to deal with particular fields of technical activity. ISO and IEC technical committees collaborate in fields of mutual interest. Other international organizations, governmental and non-governmental, in liaison with ISO and IEC, also take part in the work.;fd9388b0-2c00-4cf1-9e27-123b32fe4a92;global;2026-07-02 19:32:49.149800;A.5.15;Access Control;Rules to control physical and logical access to information and other associated assets should be established;A.5 Organizational controls;A.5.15;Access Control;Rules to control physical and logical access to information and other associated assets should be established;PASS;There are 0 global administrators.;3882aa2b-35a5-4450-bcce-841318c97db2;entra_global_admin_in_less_than_five_users;False;Global Administrator;ISO27001;ISO/IEC 27001 Information Security Management Standard 2022
azure;ISO (the International Organization for Standardization) and IEC (the International Electrotechnical Commission) form the specialized system for worldwide standardization. National bodies that are members of ISO or IEC participate in the development of International Standards through technical committees established by the respective organization to deal with particular fields of technical activity. ISO and IEC technical committees collaborate in fields of mutual interest. Other international organizations, governmental and non-governmental, in liaison with ISO and IEC, also take part in the work.;fd9388b0-2c00-4cf1-9e27-123b32fe4a92;global;2026-07-02 19:32:49.149800;A.5.2;Roles and Responsibilities;Information security roles and responsibilities should be defined and allocated according to the organisation needs.;A.5 Organizational controls;A.5.2;Roles and Responsibilities;Information security roles and responsibilities should be defined and allocated according to the organisation needs.;FAIL;Non-privileged users are able to create security groups via the Access Panel and the Azure administration portal.;authorizationPolicy;entra_policy_default_users_cannot_create_security_groups;False;Authorization Policy;ISO27001;ISO/IEC 27001 Information Security Management Standard 2022
azure;ISO (the International Organization for Standardization) and IEC (the International Electrotechnical Commission) form the specialized system for worldwide standardization. National bodies that are members of ISO or IEC participate in the development of International Standards through technical committees established by the respective organization to deal with particular fields of technical activity. ISO and IEC technical committees collaborate in fields of mutual interest. Other international organizations, governmental and non-governmental, in liaison with ISO and IEC, also take part in the work.;fd9388b0-2c00-4cf1-9e27-123b32fe4a92;global;2026-07-02 19:32:49.149800;A.5.15;Access Control;Rules to control physical and logical access to information and other associated assets should be established;A.5 Organizational controls;A.5.15;Access Control;Rules to control physical and logical access to information and other associated assets should be established;FAIL;Non-privileged users are able to create security groups via the Access Panel and the Azure administration portal.;authorizationPolicy;entra_policy_default_users_cannot_create_security_groups;False;Authorization Policy;ISO27001;ISO/IEC 27001 Information Security Management Standard 2022
azure;ISO (the International Organization for Standardization) and IEC (the International Electrotechnical Commission) form the specialized system for worldwide standardization. National bodies that are members of ISO or IEC participate in the development of International Standards through technical committees established by the respective organization to deal with particular fields of technical activity. ISO and IEC technical committees collaborate in fields of mutual interest. Other international organizations, governmental and non-governmental, in liaison with ISO and IEC, also take part in the work.;fd9388b0-2c00-4cf1-9e27-123b32fe4a92;global;2026-07-02 19:32:49.149800;A.5.18;Access Rights;Access rights to information and other associated assets should be provisioned, reviewed, modified and removed in accordance with the organisation’s topic-specific policy on and rules for access control.;A.5 Organizational controls;A.5.18;Access Rights;Access rights to information and other associated assets should be provisioned, reviewed, modified and removed in accordance with the organisation’s topic-specific policy on and rules for access control.;FAIL;Non-privileged users are able to create security groups via the Access Panel and the Azure administration portal.;authorizationPolicy;entra_policy_default_users_cannot_create_security_groups;False;Authorization Policy;ISO27001;ISO/IEC 27001 Information Security Management Standard 2022
azure;ISO (the International Organization for Standardization) and IEC (the International Electrotechnical Commission) form the specialized system for worldwide standardization. National bodies that are members of ISO or IEC participate in the development of International Standards through technical committees established by the respective organization to deal with particular fields of technical activity. ISO and IEC technical committees collaborate in fields of mutual interest. Other international organizations, governmental and non-governmental, in liaison with ISO and IEC, also take part in the work.;fd9388b0-2c00-4cf1-9e27-123b32fe4a92;global;2026-07-02 19:32:49.149800;A.8.2;Privileged Access Rights;The allocation and use of privileged access rights should be restricted and managed.;A.8 Technological controls;A.8.2;Privileged Access Rights;The allocation and use of privileged access rights should be restricted and managed.;FAIL;Non-privileged users are able to create security groups via the Access Panel and the Azure administration portal.;authorizationPolicy;entra_policy_default_users_cannot_create_security_groups;False;Authorization Policy;ISO27001;ISO/IEC 27001 Information Security Management Standard 2022
azure;ISO (the International Organization for Standardization) and IEC (the International Electrotechnical Commission) form the specialized system for worldwide standardization. National bodies that are members of ISO or IEC participate in the development of International Standards through technical committees established by the respective organization to deal with particular fields of technical activity. ISO and IEC technical committees collaborate in fields of mutual interest. Other international organizations, governmental and non-governmental, in liaison with ISO and IEC, also take part in the work.;fd9388b0-2c00-4cf1-9e27-123b32fe4a92;global;2026-07-02 19:32:49.149800;A.5.2;Roles and Responsibilities;Information security roles and responsibilities should be defined and allocated according to the organisation needs.;A.5 Organizational controls;A.5.2;Roles and Responsibilities;Information security roles and responsibilities should be defined and allocated according to the organisation needs.;FAIL;App creation is not disabled for non-admin users.;authorizationPolicy;entra_policy_ensure_default_user_cannot_create_apps;False;Authorization Policy;ISO27001;ISO/IEC 27001 Information Security Management Standard 2022
azure;ISO (the International Organization for Standardization) and IEC (the International Electrotechnical Commission) form the specialized system for worldwide standardization. National bodies that are members of ISO or IEC participate in the development of International Standards through technical committees established by the respective organization to deal with particular fields of technical activity. ISO and IEC technical committees collaborate in fields of mutual interest. Other international organizations, governmental and non-governmental, in liaison with ISO and IEC, also take part in the work.;fd9388b0-2c00-4cf1-9e27-123b32fe4a92;global;2026-07-02 19:32:49.149800;A.5.15;Access Control;Rules to control physical and logical access to information and other associated assets should be established;A.5 Organizational controls;A.5.15;Access Control;Rules to control physical and logical access to information and other associated assets should be established;FAIL;App creation is not disabled for non-admin users.;authorizationPolicy;entra_policy_ensure_default_user_cannot_create_apps;False;Authorization Policy;ISO27001;ISO/IEC 27001 Information Security Management Standard 2022
azure;ISO (the International Organization for Standardization) and IEC (the International Electrotechnical Commission) form the specialized system for worldwide standardization. National bodies that are members of ISO or IEC participate in the development of International Standards through technical committees established by the respective organization to deal with particular fields of technical activity. ISO and IEC technical committees collaborate in fields of mutual interest. Other international organizations, governmental and non-governmental, in liaison with ISO and IEC, also take part in the work.;fd9388b0-2c00-4cf1-9e27-123b32fe4a92;global;2026-07-02 19:32:49.149800;A.5.18;Access Rights;Access rights to information and other associated assets should be provisioned, reviewed, modified and removed in accordance with the organisation’s topic-specific policy on and rules for access control.;A.5 Organizational controls;A.5.18;Access Rights;Access rights to information and other associated assets should be provisioned, reviewed, modified and removed in accordance with the organisation’s topic-specific policy on and rules for access control.;FAIL;App creation is not disabled for non-admin users.;authorizationPolicy;entra_policy_ensure_default_user_cannot_create_apps;False;Authorization Policy;ISO27001;ISO/IEC 27001 Information Security Management Standard 2022
azure;ISO (the International Organization for Standardization) and IEC (the International Electrotechnical Commission) form the specialized system for worldwide standardization. National bodies that are members of ISO or IEC participate in the development of International Standards through technical committees established by the respective organization to deal with particular fields of technical activity. ISO and IEC technical committees collaborate in fields of mutual interest. Other international organizations, governmental and non-governmental, in liaison with ISO and IEC, also take part in the work.;fd9388b0-2c00-4cf1-9e27-123b32fe4a92;global;2026-07-02 19:32:49.149800;A.8.2;Privileged Access Rights;The allocation and use of privileged access rights should be restricted and managed.;A.8 Technological controls;A.8.2;Privileged Access Rights;The allocation and use of privileged access rights should be restricted and managed.;FAIL;App creation is not disabled for non-admin users.;authorizationPolicy;entra_policy_ensure_default_user_cannot_create_apps;False;Authorization Policy;ISO27001;ISO/IEC 27001 Information Security Management Standard 2022
azure;ISO (the International Organization for Standardization) and IEC (the International Electrotechnical Commission) form the specialized system for worldwide standardization. National bodies that are members of ISO or IEC participate in the development of International Standards through technical committees established by the respective organization to deal with particular fields of technical activity. ISO and IEC technical committees collaborate in fields of mutual interest. Other international organizations, governmental and non-governmental, in liaison with ISO and IEC, also take part in the work.;fd9388b0-2c00-4cf1-9e27-123b32fe4a92;global;2026-07-02 19:32:49.149800;A.5.2;Roles and Responsibilities;Information security roles and responsibilities should be defined and allocated according to the organisation needs.;A.5 Organizational controls;A.5.2;Roles and Responsibilities;Information security roles and responsibilities should be defined and allocated according to the organisation needs.;FAIL;Tenants creation is not disabled for non-admin users.;authorizationPolicy;entra_policy_ensure_default_user_cannot_create_tenants;False;Authorization Policy;ISO27001;ISO/IEC 27001 Information Security Management Standard 2022
azure;ISO (the International Organization for Standardization) and IEC (the International Electrotechnical Commission) form the specialized system for worldwide standardization. National bodies that are members of ISO or IEC participate in the development of International Standards through technical committees established by the respective organization to deal with particular fields of technical activity. ISO and IEC technical committees collaborate in fields of mutual interest. Other international organizations, governmental and non-governmental, in liaison with ISO and IEC, also take part in the work.;fd9388b0-2c00-4cf1-9e27-123b32fe4a92;global;2026-07-02 19:32:49.149800;A.5.15;Access Control;Rules to control physical and logical access to information and other associated assets should be established;A.5 Organizational controls;A.5.15;Access Control;Rules to control physical and logical access to information and other associated assets should be established;FAIL;Tenants creation is not disabled for non-admin users.;authorizationPolicy;entra_policy_ensure_default_user_cannot_create_tenants;False;Authorization Policy;ISO27001;ISO/IEC 27001 Information Security Management Standard 2022
azure;ISO (the International Organization for Standardization) and IEC (the International Electrotechnical Commission) form the specialized system for worldwide standardization. National bodies that are members of ISO or IEC participate in the development of International Standards through technical committees established by the respective organization to deal with particular fields of technical activity. ISO and IEC technical committees collaborate in fields of mutual interest. Other international organizations, governmental and non-governmental, in liaison with ISO and IEC, also take part in the work.;fd9388b0-2c00-4cf1-9e27-123b32fe4a92;global;2026-07-02 19:32:49.149800;A.5.18;Access Rights;Access rights to information and other associated assets should be provisioned, reviewed, modified and removed in accordance with the organisation’s topic-specific policy on and rules for access control.;A.5 Organizational controls;A.5.18;Access Rights;Access rights to information and other associated assets should be provisioned, reviewed, modified and removed in accordance with the organisation’s topic-specific policy on and rules for access control.;FAIL;Tenants creation is not disabled for non-admin users.;authorizationPolicy;entra_policy_ensure_default_user_cannot_create_tenants;False;Authorization Policy;ISO27001;ISO/IEC 27001 Information Security Management Standard 2022
azure;ISO (the International Organization for Standardization) and IEC (the International Electrotechnical Commission) form the specialized system for worldwide standardization. National bodies that are members of ISO or IEC participate in the development of International Standards through technical committees established by the respective organization to deal with particular fields of technical activity. ISO and IEC technical committees collaborate in fields of mutual interest. Other international organizations, governmental and non-governmental, in liaison with ISO and IEC, also take part in the work.;fd9388b0-2c00-4cf1-9e27-123b32fe4a92;global;2026-07-02 19:32:49.149800;A.8.2;Privileged Access Rights;The allocation and use of privileged access rights should be restricted and managed.;A.8 Technological controls;A.8.2;Privileged Access Rights;The allocation and use of privileged access rights should be restricted and managed.;FAIL;Tenants creation is not disabled for non-admin users.;authorizationPolicy;entra_policy_ensure_default_user_cannot_create_tenants;False;Authorization Policy;ISO27001;ISO/IEC 27001 Information Security Management Standard 2022
azure;ISO (the International Organization for Standardization) and IEC (the International Electrotechnical Commission) form the specialized system for worldwide standardization. National bodies that are members of ISO or IEC participate in the development of International Standards through technical committees established by the respective organization to deal with particular fields of technical activity. ISO and IEC technical committees collaborate in fields of mutual interest. Other international organizations, governmental and non-governmental, in liaison with ISO and IEC, also take part in the work.;fd9388b0-2c00-4cf1-9e27-123b32fe4a92;global;2026-07-02 19:32:49.149800;A.5.2;Roles and Responsibilities;Information security roles and responsibilities should be defined and allocated according to the organisation needs.;A.5 Organizational controls;A.5.2;Roles and Responsibilities;Information security roles and responsibilities should be defined and allocated according to the organisation needs.;FAIL;Guest invitations are not restricted to users with specific administrative roles only.;authorizationPolicy;entra_policy_guest_invite_only_for_admin_roles;False;Authorization Policy;ISO27001;ISO/IEC 27001 Information Security Management Standard 2022
azure;ISO (the International Organization for Standardization) and IEC (the International Electrotechnical Commission) form the specialized system for worldwide standardization. National bodies that are members of ISO or IEC participate in the development of International Standards through technical committees established by the respective organization to deal with particular fields of technical activity. ISO and IEC technical committees collaborate in fields of mutual interest. Other international organizations, governmental and non-governmental, in liaison with ISO and IEC, also take part in the work.;fd9388b0-2c00-4cf1-9e27-123b32fe4a92;global;2026-07-02 19:32:49.149800;A.5.15;Access Control;Rules to control physical and logical access to information and other associated assets should be established;A.5 Organizational controls;A.5.15;Access Control;Rules to control physical and logical access to information and other associated assets should be established;FAIL;Guest invitations are not restricted to users with specific administrative roles only.;authorizationPolicy;entra_policy_guest_invite_only_for_admin_roles;False;Authorization Policy;ISO27001;ISO/IEC 27001 Information Security Management Standard 2022
azure;ISO (the International Organization for Standardization) and IEC (the International Electrotechnical Commission) form the specialized system for worldwide standardization. National bodies that are members of ISO or IEC participate in the development of International Standards through technical committees established by the respective organization to deal with particular fields of technical activity. ISO and IEC technical committees collaborate in fields of mutual interest. Other international organizations, governmental and non-governmental, in liaison with ISO and IEC, also take part in the work.;fd9388b0-2c00-4cf1-9e27-123b32fe4a92;global;2026-07-02 19:32:49.149800;A.5.18;Access Rights;Access rights to information and other associated assets should be provisioned, reviewed, modified and removed in accordance with the organisation’s topic-specific policy on and rules for access control.;A.5 Organizational controls;A.5.18;Access Rights;Access rights to information and other associated assets should be provisioned, reviewed, modified and removed in accordance with the organisation’s topic-specific policy on and rules for access control.;FAIL;Guest invitations are not restricted to users with specific administrative roles only.;authorizationPolicy;entra_policy_guest_invite_only_for_admin_roles;False;Authorization Policy;ISO27001;ISO/IEC 27001 Information Security Management Standard 2022
azure;ISO (the International Organization for Standardization) and IEC (the International Electrotechnical Commission) form the specialized system for worldwide standardization. National bodies that are members of ISO or IEC participate in the development of International Standards through technical committees established by the respective organization to deal with particular fields of technical activity. ISO and IEC technical committees collaborate in fields of mutual interest. Other international organizations, governmental and non-governmental, in liaison with ISO and IEC, also take part in the work.;fd9388b0-2c00-4cf1-9e27-123b32fe4a92;global;2026-07-02 19:32:49.149800;A.8.2;Privileged Access Rights;The allocation and use of privileged access rights should be restricted and managed.;A.8 Technological controls;A.8.2;Privileged Access Rights;The allocation and use of privileged access rights should be restricted and managed.;FAIL;Guest invitations are not restricted to users with specific administrative roles only.;authorizationPolicy;entra_policy_guest_invite_only_for_admin_roles;False;Authorization Policy;ISO27001;ISO/IEC 27001 Information Security Management Standard 2022
azure;ISO (the International Organization for Standardization) and IEC (the International Electrotechnical Commission) form the specialized system for worldwide standardization. National bodies that are members of ISO or IEC participate in the development of International Standards through technical committees established by the respective organization to deal with particular fields of technical activity. ISO and IEC technical committees collaborate in fields of mutual interest. Other international organizations, governmental and non-governmental, in liaison with ISO and IEC, also take part in the work.;fd9388b0-2c00-4cf1-9e27-123b32fe4a92;global;2026-07-02 19:32:49.149800;A.5.2;Roles and Responsibilities;Information security roles and responsibilities should be defined and allocated according to the organisation needs.;A.5 Organizational controls;A.5.2;Roles and Responsibilities;Information security roles and responsibilities should be defined and allocated according to the organisation needs.;FAIL;Guest user access is not restricted to properties and memberships of their own directory objects;authorizationPolicy;entra_policy_guest_users_access_restrictions;False;Authorization Policy;ISO27001;ISO/IEC 27001 Information Security Management Standard 2022
azure;ISO (the International Organization for Standardization) and IEC (the International Electrotechnical Commission) form the specialized system for worldwide standardization. National bodies that are members of ISO or IEC participate in the development of International Standards through technical committees established by the respective organization to deal with particular fields of technical activity. ISO and IEC technical committees collaborate in fields of mutual interest. Other international organizations, governmental and non-governmental, in liaison with ISO and IEC, also take part in the work.;fd9388b0-2c00-4cf1-9e27-123b32fe4a92;global;2026-07-02 19:32:49.149800;A.5.15;Access Control;Rules to control physical and logical access to information and other associated assets should be established;A.5 Organizational controls;A.5.15;Access Control;Rules to control physical and logical access to information and other associated assets should be established;FAIL;Guest user access is not restricted to properties and memberships of their own directory objects;authorizationPolicy;entra_policy_guest_users_access_restrictions;False;Authorization Policy;ISO27001;ISO/IEC 27001 Information Security Management Standard 2022
azure;ISO (the International Organization for Standardization) and IEC (the International Electrotechnical Commission) form the specialized system for worldwide standardization. National bodies that are members of ISO or IEC participate in the development of International Standards through technical committees established by the respective organization to deal with particular fields of technical activity. ISO and IEC technical committees collaborate in fields of mutual interest. Other international organizations, governmental and non-governmental, in liaison with ISO and IEC, also take part in the work.;fd9388b0-2c00-4cf1-9e27-123b32fe4a92;global;2026-07-02 19:32:49.149800;A.5.16;Identity Management;The full lifecycle of identities should be managed.;A.5 Organizational controls;A.5.16;Identity Management;The full lifecycle of identities should be managed.;FAIL;Guest user access is not restricted to properties and memberships of their own directory objects;authorizationPolicy;entra_policy_guest_users_access_restrictions;False;Authorization Policy;ISO27001;ISO/IEC 27001 Information Security Management Standard 2022
azure;ISO (the International Organization for Standardization) and IEC (the International Electrotechnical Commission) form the specialized system for worldwide standardization. National bodies that are members of ISO or IEC participate in the development of International Standards through technical committees established by the respective organization to deal with particular fields of technical activity. ISO and IEC technical committees collaborate in fields of mutual interest. Other international organizations, governmental and non-governmental, in liaison with ISO and IEC, also take part in the work.;fd9388b0-2c00-4cf1-9e27-123b32fe4a92;global;2026-07-02 19:32:49.149800;A.5.18;Access Rights;Access rights to information and other associated assets should be provisioned, reviewed, modified and removed in accordance with the organisation’s topic-specific policy on and rules for access control.;A.5 Organizational controls;A.5.18;Access Rights;Access rights to information and other associated assets should be provisioned, reviewed, modified and removed in accordance with the organisation’s topic-specific policy on and rules for access control.;FAIL;Guest user access is not restricted to properties and memberships of their own directory objects;authorizationPolicy;entra_policy_guest_users_access_restrictions;False;Authorization Policy;ISO27001;ISO/IEC 27001 Information Security Management Standard 2022
azure;ISO (the International Organization for Standardization) and IEC (the International Electrotechnical Commission) form the specialized system for worldwide standardization. National bodies that are members of ISO or IEC participate in the development of International Standards through technical committees established by the respective organization to deal with particular fields of technical activity. ISO and IEC technical committees collaborate in fields of mutual interest. Other international organizations, governmental and non-governmental, in liaison with ISO and IEC, also take part in the work.;fd9388b0-2c00-4cf1-9e27-123b32fe4a92;global;2026-07-02 19:32:49.149800;A.5.22;Monitor, Review And Change Management Of Supplier Services;The organisation should regularly monitor, review, evaluate and manage change in supplier information security practices and service delivery.;A.5 Organizational controls;A.5.22;Monitor, Review And Change Management Of Supplier Services;The organisation should regularly monitor, review, evaluate and manage change in supplier information security practices and service delivery.;FAIL;Guest user access is not restricted to properties and memberships of their own directory objects;authorizationPolicy;entra_policy_guest_users_access_restrictions;False;Authorization Policy;ISO27001;ISO/IEC 27001 Information Security Management Standard 2022
azure;ISO (the International Organization for Standardization) and IEC (the International Electrotechnical Commission) form the specialized system for worldwide standardization. National bodies that are members of ISO or IEC participate in the development of International Standards through technical committees established by the respective organization to deal with particular fields of technical activity. ISO and IEC technical committees collaborate in fields of mutual interest. Other international organizations, governmental and non-governmental, in liaison with ISO and IEC, also take part in the work.;fd9388b0-2c00-4cf1-9e27-123b32fe4a92;global;2026-07-02 19:32:49.149800;A.8.2;Privileged Access Rights;The allocation and use of privileged access rights should be restricted and managed.;A.8 Technological controls;A.8.2;Privileged Access Rights;The allocation and use of privileged access rights should be restricted and managed.;FAIL;Guest user access is not restricted to properties and memberships of their own directory objects;authorizationPolicy;entra_policy_guest_users_access_restrictions;False;Authorization Policy;ISO27001;ISO/IEC 27001 Information Security Management Standard 2022
azure;ISO (the International Organization for Standardization) and IEC (the International Electrotechnical Commission) form the specialized system for worldwide standardization. National bodies that are members of ISO or IEC participate in the development of International Standards through technical committees established by the respective organization to deal with particular fields of technical activity. ISO and IEC technical committees collaborate in fields of mutual interest. Other international organizations, governmental and non-governmental, in liaison with ISO and IEC, also take part in the work.;fd9388b0-2c00-4cf1-9e27-123b32fe4a92;global;2026-07-02 19:32:49.149800;A.8.3;Information Access Restriction;Access to information and other associated assets should be restricted in accordance with the established topic-specific policy on access control.;A.8 Technological controls;A.8.3;Information Access Restriction;Access to information and other associated assets should be restricted in accordance with the established topic-specific policy on access control.;FAIL;Guest user access is not restricted to properties and memberships of their own directory objects;authorizationPolicy;entra_policy_guest_users_access_restrictions;False;Authorization Policy;ISO27001;ISO/IEC 27001 Information Security Management Standard 2022
azure;ISO (the International Organization for Standardization) and IEC (the International Electrotechnical Commission) form the specialized system for worldwide standardization. National bodies that are members of ISO or IEC participate in the development of International Standards through technical committees established by the respective organization to deal with particular fields of technical activity. ISO and IEC technical committees collaborate in fields of mutual interest. Other international organizations, governmental and non-governmental, in liaison with ISO and IEC, also take part in the work.;fd9388b0-2c00-4cf1-9e27-123b32fe4a92;global;2026-07-02 19:32:49.149800;A.5.2;Roles and Responsibilities;Information security roles and responsibilities should be defined and allocated according to the organisation needs.;A.5 Organizational controls;A.5.2;Roles and Responsibilities;Information security roles and responsibilities should be defined and allocated according to the organisation needs.;FAIL;Entra allows users to consent apps accessing company data on their behalf;authorizationPolicy;entra_policy_restricts_user_consent_for_apps;False;Authorization Policy;ISO27001;ISO/IEC 27001 Information Security Management Standard 2022
azure;ISO (the International Organization for Standardization) and IEC (the International Electrotechnical Commission) form the specialized system for worldwide standardization. National bodies that are members of ISO or IEC participate in the development of International Standards through technical committees established by the respective organization to deal with particular fields of technical activity. ISO and IEC technical committees collaborate in fields of mutual interest. Other international organizations, governmental and non-governmental, in liaison with ISO and IEC, also take part in the work.;fd9388b0-2c00-4cf1-9e27-123b32fe4a92;global;2026-07-02 19:32:49.149800;A.5.15;Access Control;Rules to control physical and logical access to information and other associated assets should be established;A.5 Organizational controls;A.5.15;Access Control;Rules to control physical and logical access to information and other associated assets should be established;FAIL;Entra allows users to consent apps accessing company data on their behalf;authorizationPolicy;entra_policy_restricts_user_consent_for_apps;False;Authorization Policy;ISO27001;ISO/IEC 27001 Information Security Management Standard 2022
azure;ISO (the International Organization for Standardization) and IEC (the International Electrotechnical Commission) form the specialized system for worldwide standardization. National bodies that are members of ISO or IEC participate in the development of International Standards through technical committees established by the respective organization to deal with particular fields of technical activity. ISO and IEC technical committees collaborate in fields of mutual interest. Other international organizations, governmental and non-governmental, in liaison with ISO and IEC, also take part in the work.;fd9388b0-2c00-4cf1-9e27-123b32fe4a92;global;2026-07-02 19:32:49.149800;A.5.16;Identity Management;The full lifecycle of identities should be managed.;A.5 Organizational controls;A.5.16;Identity Management;The full lifecycle of identities should be managed.;FAIL;Entra allows users to consent apps accessing company data on their behalf;authorizationPolicy;entra_policy_restricts_user_consent_for_apps;False;Authorization Policy;ISO27001;ISO/IEC 27001 Information Security Management Standard 2022
azure;ISO (the International Organization for Standardization) and IEC (the International Electrotechnical Commission) form the specialized system for worldwide standardization. National bodies that are members of ISO or IEC participate in the development of International Standards through technical committees established by the respective organization to deal with particular fields of technical activity. ISO and IEC technical committees collaborate in fields of mutual interest. Other international organizations, governmental and non-governmental, in liaison with ISO and IEC, also take part in the work.;fd9388b0-2c00-4cf1-9e27-123b32fe4a92;global;2026-07-02 19:32:49.149800;A.5.18;Access Rights;Access rights to information and other associated assets should be provisioned, reviewed, modified and removed in accordance with the organisation’s topic-specific policy on and rules for access control.;A.5 Organizational controls;A.5.18;Access Rights;Access rights to information and other associated assets should be provisioned, reviewed, modified and removed in accordance with the organisation’s topic-specific policy on and rules for access control.;FAIL;Entra allows users to consent apps accessing company data on their behalf;authorizationPolicy;entra_policy_restricts_user_consent_for_apps;False;Authorization Policy;ISO27001;ISO/IEC 27001 Information Security Management Standard 2022
azure;ISO (the International Organization for Standardization) and IEC (the International Electrotechnical Commission) form the specialized system for worldwide standardization. National bodies that are members of ISO or IEC participate in the development of International Standards through technical committees established by the respective organization to deal with particular fields of technical activity. ISO and IEC technical committees collaborate in fields of mutual interest. Other international organizations, governmental and non-governmental, in liaison with ISO and IEC, also take part in the work.;fd9388b0-2c00-4cf1-9e27-123b32fe4a92;global;2026-07-02 19:32:49.149800;A.5.22;Monitor, Review And Change Management Of Supplier Services;The organisation should regularly monitor, review, evaluate and manage change in supplier information security practices and service delivery.;A.5 Organizational controls;A.5.22;Monitor, Review And Change Management Of Supplier Services;The organisation should regularly monitor, review, evaluate and manage change in supplier information security practices and service delivery.;FAIL;Entra allows users to consent apps accessing company data on their behalf;authorizationPolicy;entra_policy_restricts_user_consent_for_apps;False;Authorization Policy;ISO27001;ISO/IEC 27001 Information Security Management Standard 2022
azure;ISO (the International Organization for Standardization) and IEC (the International Electrotechnical Commission) form the specialized system for worldwide standardization. National bodies that are members of ISO or IEC participate in the development of International Standards through technical committees established by the respective organization to deal with particular fields of technical activity. ISO and IEC technical committees collaborate in fields of mutual interest. Other international organizations, governmental and non-governmental, in liaison with ISO and IEC, also take part in the work.;fd9388b0-2c00-4cf1-9e27-123b32fe4a92;global;2026-07-02 19:32:49.149800;A.8.2;Privileged Access Rights;The allocation and use of privileged access rights should be restricted and managed.;A.8 Technological controls;A.8.2;Privileged Access Rights;The allocation and use of privileged access rights should be restricted and managed.;FAIL;Entra allows users to consent apps accessing company data on their behalf;authorizationPolicy;entra_policy_restricts_user_consent_for_apps;False;Authorization Policy;ISO27001;ISO/IEC 27001 Information Security Management Standard 2022
azure;ISO (the International Organization for Standardization) and IEC (the International Electrotechnical Commission) form the specialized system for worldwide standardization. National bodies that are members of ISO or IEC participate in the development of International Standards through technical committees established by the respective organization to deal with particular fields of technical activity. ISO and IEC technical committees collaborate in fields of mutual interest. Other international organizations, governmental and non-governmental, in liaison with ISO and IEC, also take part in the work.;fd9388b0-2c00-4cf1-9e27-123b32fe4a92;global;2026-07-02 19:32:49.149800;A.5.2;Roles and Responsibilities;Information security roles and responsibilities should be defined and allocated according to the organisation needs.;A.5 Organizational controls;A.5.2;Roles and Responsibilities;Information security roles and responsibilities should be defined and allocated according to the organisation needs.;PASS;Entra does not allow users to consent non-verified apps accessing company data on their behalf.;authorizationPolicy;entra_policy_user_consent_for_verified_apps;False;Authorization Policy;ISO27001;ISO/IEC 27001 Information Security Management Standard 2022
azure;ISO (the International Organization for Standardization) and IEC (the International Electrotechnical Commission) form the specialized system for worldwide standardization. National bodies that are members of ISO or IEC participate in the development of International Standards through technical committees established by the respective organization to deal with particular fields of technical activity. ISO and IEC technical committees collaborate in fields of mutual interest. Other international organizations, governmental and non-governmental, in liaison with ISO and IEC, also take part in the work.;fd9388b0-2c00-4cf1-9e27-123b32fe4a92;global;2026-07-02 19:32:49.149800;A.5.15;Access Control;Rules to control physical and logical access to information and other associated assets should be established;A.5 Organizational controls;A.5.15;Access Control;Rules to control physical and logical access to information and other associated assets should be established;PASS;Entra does not allow users to consent non-verified apps accessing company data on their behalf.;authorizationPolicy;entra_policy_user_consent_for_verified_apps;False;Authorization Policy;ISO27001;ISO/IEC 27001 Information Security Management Standard 2022
azure;ISO (the International Organization for Standardization) and IEC (the International Electrotechnical Commission) form the specialized system for worldwide standardization. National bodies that are members of ISO or IEC participate in the development of International Standards through technical committees established by the respective organization to deal with particular fields of technical activity. ISO and IEC technical committees collaborate in fields of mutual interest. Other international organizations, governmental and non-governmental, in liaison with ISO and IEC, also take part in the work.;fd9388b0-2c00-4cf1-9e27-123b32fe4a92;global;2026-07-02 19:32:49.149800;A.5.18;Access Rights;Access rights to information and other associated assets should be provisioned, reviewed, modified and removed in accordance with the organisation’s topic-specific policy on and rules for access control.;A.5 Organizational controls;A.5.18;Access Rights;Access rights to information and other associated assets should be provisioned, reviewed, modified and removed in accordance with the organisation’s topic-specific policy on and rules for access control.;PASS;Entra does not allow users to consent non-verified apps accessing company data on their behalf.;authorizationPolicy;entra_policy_user_consent_for_verified_apps;False;Authorization Policy;ISO27001;ISO/IEC 27001 Information Security Management Standard 2022
azure;ISO (the International Organization for Standardization) and IEC (the International Electrotechnical Commission) form the specialized system for worldwide standardization. National bodies that are members of ISO or IEC participate in the development of International Standards through technical committees established by the respective organization to deal with particular fields of technical activity. ISO and IEC technical committees collaborate in fields of mutual interest. Other international organizations, governmental and non-governmental, in liaison with ISO and IEC, also take part in the work.;fd9388b0-2c00-4cf1-9e27-123b32fe4a92;global;2026-07-02 19:32:49.149800;A.5.15;Access Control;Rules to control physical and logical access to information and other associated assets should be established;A.5 Organizational controls;A.5.15;Access Control;Rules to control physical and logical access to information and other associated assets should be established;FAIL;There is no trusted location with IP ranges defined.;fd9388b0-2c00-4cf1-9e27-123b32fe4a92;entra_trusted_named_locations_exists;False;vinayhereonhotmail.onmicrosoft.com;ISO27001;ISO/IEC 27001 Information Security Management Standard 2022
azure;ISO (the International Organization for Standardization) and IEC (the International Electrotechnical Commission) form the specialized system for worldwide standardization. National bodies that are members of ISO or IEC participate in the development of International Standards through technical committees established by the respective organization to deal with particular fields of technical activity. ISO and IEC technical committees collaborate in fields of mutual interest. Other international organizations, governmental and non-governmental, in liaison with ISO and IEC, also take part in the work.;fd9388b0-2c00-4cf1-9e27-123b32fe4a92;global;2026-07-02 19:32:49.149800;A.5.2;Roles and Responsibilities;Information security roles and responsibilities should be defined and allocated according to the organisation needs.;A.5 Organizational controls;A.5.2;Roles and Responsibilities;Information security roles and responsibilities should be defined and allocated according to the organisation needs.;FAIL;Users can create Microsoft 365 groups.;fd9388b0-2c00-4cf1-9e27-123b32fe4a92;entra_users_cannot_create_microsoft_365_groups;False;vinayhereonhotmail.onmicrosoft.com;ISO27001;ISO/IEC 27001 Information Security Management Standard 2022
azure;ISO (the International Organization for Standardization) and IEC (the International Electrotechnical Commission) form the specialized system for worldwide standardization. National bodies that are members of ISO or IEC participate in the development of International Standards through technical committees established by the respective organization to deal with particular fields of technical activity. ISO and IEC technical committees collaborate in fields of mutual interest. Other international organizations, governmental and non-governmental, in liaison with ISO and IEC, also take part in the work.;fd9388b0-2c00-4cf1-9e27-123b32fe4a92;global;2026-07-02 19:32:49.149800;A.5.15;Access Control;Rules to control physical and logical access to information and other associated assets should be established;A.5 Organizational controls;A.5.15;Access Control;Rules to control physical and logical access to information and other associated assets should be established;FAIL;Users can create Microsoft 365 groups.;fd9388b0-2c00-4cf1-9e27-123b32fe4a92;entra_users_cannot_create_microsoft_365_groups;False;vinayhereonhotmail.onmicrosoft.com;ISO27001;ISO/IEC 27001 Information Security Management Standard 2022
azure;ISO (the International Organization for Standardization) and IEC (the International Electrotechnical Commission) form the specialized system for worldwide standardization. National bodies that are members of ISO or IEC participate in the development of International Standards through technical committees established by the respective organization to deal with particular fields of technical activity. ISO and IEC technical committees collaborate in fields of mutual interest. Other international organizations, governmental and non-governmental, in liaison with ISO and IEC, also take part in the work.;fd9388b0-2c00-4cf1-9e27-123b32fe4a92;global;2026-07-02 19:32:49.149800;A.5.16;Identity Management;The full lifecycle of identities should be managed.;A.5 Organizational controls;A.5.16;Identity Management;The full lifecycle of identities should be managed.;FAIL;Users can create Microsoft 365 groups.;fd9388b0-2c00-4cf1-9e27-123b32fe4a92;entra_users_cannot_create_microsoft_365_groups;False;vinayhereonhotmail.onmicrosoft.com;ISO27001;ISO/IEC 27001 Information Security Management Standard 2022
azure;ISO (the International Organization for Standardization) and IEC (the International Electrotechnical Commission) form the specialized system for worldwide standardization. National bodies that are members of ISO or IEC participate in the development of International Standards through technical committees established by the respective organization to deal with particular fields of technical activity. ISO and IEC technical committees collaborate in fields of mutual interest. Other international organizations, governmental and non-governmental, in liaison with ISO and IEC, also take part in the work.;fd9388b0-2c00-4cf1-9e27-123b32fe4a92;global;2026-07-02 19:32:49.149800;A.5.22;Monitor, Review And Change Management Of Supplier Services;The organisation should regularly monitor, review, evaluate and manage change in supplier information security practices and service delivery.;A.5 Organizational controls;A.5.22;Monitor, Review And Change Management Of Supplier Services;The organisation should regularly monitor, review, evaluate and manage change in supplier information security practices and service delivery.;FAIL;Users can create Microsoft 365 groups.;fd9388b0-2c00-4cf1-9e27-123b32fe4a92;entra_users_cannot_create_microsoft_365_groups;False;vinayhereonhotmail.onmicrosoft.com;ISO27001;ISO/IEC 27001 Information Security Management Standard 2022
azure;ISO (the International Organization for Standardization) and IEC (the International Electrotechnical Commission) form the specialized system for worldwide standardization. National bodies that are members of ISO or IEC participate in the development of International Standards through technical committees established by the respective organization to deal with particular fields of technical activity. ISO and IEC technical committees collaborate in fields of mutual interest. Other international organizations, governmental and non-governmental, in liaison with ISO and IEC, also take part in the work.;7e3283a3-d466-4e6f-95b1-543eec016e08;global;2026-07-02 19:32:49.149800;A.5.7;Threat Intelligence;Information relating to information security threats should be collected and analysed to produce threat intelligence.;A.5 Organizational controls;A.5.7;Threat Intelligence;Information relating to information security threats should be collected and analysed to produce threat intelligence.;FAIL;There is not an alert for creating Policy Assignments in subscription Azure subscription 1 (7e3283a3-d466-4e6f-95b1-543eec016e08).;/subscriptions/7e3283a3-d466-4e6f-95b1-543eec016e08;monitor_alert_create_policy_assignment;False;7e3283a3-d466-4e6f-95b1-543eec016e08;ISO27001;ISO/IEC 27001 Information Security Management Standard 2022
azure;ISO (the International Organization for Standardization) and IEC (the International Electrotechnical Commission) form the specialized system for worldwide standardization. National bodies that are members of ISO or IEC participate in the development of International Standards through technical committees established by the respective organization to deal with particular fields of technical activity. ISO and IEC technical committees collaborate in fields of mutual interest. Other international organizations, governmental and non-governmental, in liaison with ISO and IEC, also take part in the work.;7e3283a3-d466-4e6f-95b1-543eec016e08;global;2026-07-02 19:32:49.149800;A.8.16;Monitoring Activities;Networks, systems and applications should be monitored for anomalous behaviour and appropriate actions taken to evaluate potential information security incidents.;A.8 Technological controls;A.8.16;Monitoring Activities;Networks, systems and applications should be monitored for anomalous behaviour and appropriate actions taken to evaluate potential information security incidents.;FAIL;There is not an alert for creating Policy Assignments in subscription Azure subscription 1 (7e3283a3-d466-4e6f-95b1-543eec016e08).;/subscriptions/7e3283a3-d466-4e6f-95b1-543eec016e08;monitor_alert_create_policy_assignment;False;7e3283a3-d466-4e6f-95b1-543eec016e08;ISO27001;ISO/IEC 27001 Information Security Management Standard 2022
azure;ISO (the International Organization for Standardization) and IEC (the International Electrotechnical Commission) form the specialized system for worldwide standardization. National bodies that are members of ISO or IEC participate in the development of International Standards through technical committees established by the respective organization to deal with particular fields of technical activity. ISO and IEC technical committees collaborate in fields of mutual interest. Other international organizations, governmental and non-governmental, in liaison with ISO and IEC, also take part in the work.;7e3283a3-d466-4e6f-95b1-543eec016e08;global;2026-07-02 19:32:49.149800;A.5.7;Threat Intelligence;Information relating to information security threats should be collected and analysed to produce threat intelligence.;A.5 Organizational controls;A.5.7;Threat Intelligence;Information relating to information security threats should be collected and analysed to produce threat intelligence.;FAIL;There is not an alert for creating/updating Network Security Groups in subscription Azure subscription 1 (7e3283a3-d466-4e6f-95b1-543eec016e08).;/subscriptions/7e3283a3-d466-4e6f-95b1-543eec016e08;monitor_alert_create_update_nsg;False;7e3283a3-d466-4e6f-95b1-543eec016e08;ISO27001;ISO/IEC 27001 Information Security Management Standard 2022
azure;ISO (the International Organization for Standardization) and IEC (the International Electrotechnical Commission) form the specialized system for worldwide standardization. National bodies that are members of ISO or IEC participate in the development of International Standards through technical committees established by the respective organization to deal with particular fields of technical activity. ISO and IEC technical committees collaborate in fields of mutual interest. Other international organizations, governmental and non-governmental, in liaison with ISO and IEC, also take part in the work.;7e3283a3-d466-4e6f-95b1-543eec016e08;global;2026-07-02 19:32:49.149800;A.8.16;Monitoring Activities;Networks, systems and applications should be monitored for anomalous behaviour and appropriate actions taken to evaluate potential information security incidents.;A.8 Technological controls;A.8.16;Monitoring Activities;Networks, systems and applications should be monitored for anomalous behaviour and appropriate actions taken to evaluate potential information security incidents.;FAIL;There is not an alert for creating/updating Network Security Groups in subscription Azure subscription 1 (7e3283a3-d466-4e6f-95b1-543eec016e08).;/subscriptions/7e3283a3-d466-4e6f-95b1-543eec016e08;monitor_alert_create_update_nsg;False;7e3283a3-d466-4e6f-95b1-543eec016e08;ISO27001;ISO/IEC 27001 Information Security Management Standard 2022
azure;ISO (the International Organization for Standardization) and IEC (the International Electrotechnical Commission) form the specialized system for worldwide standardization. National bodies that are members of ISO or IEC participate in the development of International Standards through technical committees established by the respective organization to deal with particular fields of technical activity. ISO and IEC technical committees collaborate in fields of mutual interest. Other international organizations, governmental and non-governmental, in liaison with ISO and IEC, also take part in the work.;7e3283a3-d466-4e6f-95b1-543eec016e08;global;2026-07-02 19:32:49.149800;A.5.7;Threat Intelligence;Information relating to information security threats should be collected and analysed to produce threat intelligence.;A.5 Organizational controls;A.5.7;Threat Intelligence;Information relating to information security threats should be collected and analysed to produce threat intelligence.;FAIL;There is not an alert for creating/updating Public IP address rule in subscription Azure subscription 1 (7e3283a3-d466-4e6f-95b1-543eec016e08).;/subscriptions/7e3283a3-d466-4e6f-95b1-543eec016e08;monitor_alert_create_update_public_ip_address_rule;False;7e3283a3-d466-4e6f-95b1-543eec016e08;ISO27001;ISO/IEC 27001 Information Security Management Standard 2022
azure;ISO (the International Organization for Standardization) and IEC (the International Electrotechnical Commission) form the specialized system for worldwide standardization. National bodies that are members of ISO or IEC participate in the development of International Standards through technical committees established by the respective organization to deal with particular fields of technical activity. ISO and IEC technical committees collaborate in fields of mutual interest. Other international organizations, governmental and non-governmental, in liaison with ISO and IEC, also take part in the work.;7e3283a3-d466-4e6f-95b1-543eec016e08;global;2026-07-02 19:32:49.149800;A.8.1;User Endpoint Devices;Information stored on, processed by or accessible via user endpoint devices should be protected.;A.8 Technological controls;A.8.1;User Endpoint Devices;Information stored on, processed by or accessible via user endpoint devices should be protected.;FAIL;There is not an alert for creating/updating Public IP address rule in subscription Azure subscription 1 (7e3283a3-d466-4e6f-95b1-543eec016e08).;/subscriptions/7e3283a3-d466-4e6f-95b1-543eec016e08;monitor_alert_create_update_public_ip_address_rule;False;7e3283a3-d466-4e6f-95b1-543eec016e08;ISO27001;ISO/IEC 27001 Information Security Management Standard 2022
azure;ISO (the International Organization for Standardization) and IEC (the International Electrotechnical Commission) form the specialized system for worldwide standardization. National bodies that are members of ISO or IEC participate in the development of International Standards through technical committees established by the respective organization to deal with particular fields of technical activity. ISO and IEC technical committees collaborate in fields of mutual interest. Other international organizations, governmental and non-governmental, in liaison with ISO and IEC, also take part in the work.;7e3283a3-d466-4e6f-95b1-543eec016e08;global;2026-07-02 19:32:49.149800;A.8.16;Monitoring Activities;Networks, systems and applications should be monitored for anomalous behaviour and appropriate actions taken to evaluate potential information security incidents.;A.8 Technological controls;A.8.16;Monitoring Activities;Networks, systems and applications should be monitored for anomalous behaviour and appropriate actions taken to evaluate potential information security incidents.;FAIL;There is not an alert for creating/updating Public IP address rule in subscription Azure subscription 1 (7e3283a3-d466-4e6f-95b1-543eec016e08).;/subscriptions/7e3283a3-d466-4e6f-95b1-543eec016e08;monitor_alert_create_update_public_ip_address_rule;False;7e3283a3-d466-4e6f-95b1-543eec016e08;ISO27001;ISO/IEC 27001 Information Security Management Standard 2022
azure;ISO (the International Organization for Standardization) and IEC (the International Electrotechnical Commission) form the specialized system for worldwide standardization. National bodies that are members of ISO or IEC participate in the development of International Standards through technical committees established by the respective organization to deal with particular fields of technical activity. ISO and IEC technical committees collaborate in fields of mutual interest. Other international organizations, governmental and non-governmental, in liaison with ISO and IEC, also take part in the work.;7e3283a3-d466-4e6f-95b1-543eec016e08;global;2026-07-02 19:32:49.149800;A.5.7;Threat Intelligence;Information relating to information security threats should be collected and analysed to produce threat intelligence.;A.5 Organizational controls;A.5.7;Threat Intelligence;Information relating to information security threats should be collected and analysed to produce threat intelligence.;FAIL;There is not an alert for creating/updating Security Solution in subscription Azure subscription 1 (7e3283a3-d466-4e6f-95b1-543eec016e08).;/subscriptions/7e3283a3-d466-4e6f-95b1-543eec016e08;monitor_alert_create_update_security_solution;False;7e3283a3-d466-4e6f-95b1-543eec016e08;ISO27001;ISO/IEC 27001 Information Security Management Standard 2022
azure;ISO (the International Organization for Standardization) and IEC (the International Electrotechnical Commission) form the specialized system for worldwide standardization. National bodies that are members of ISO or IEC participate in the development of International Standards through technical committees established by the respective organization to deal with particular fields of technical activity. ISO and IEC technical committees collaborate in fields of mutual interest. Other international organizations, governmental and non-governmental, in liaison with ISO and IEC, also take part in the work.;7e3283a3-d466-4e6f-95b1-543eec016e08;global;2026-07-02 19:32:49.149800;A.5.16;Identity Management;The full lifecycle of identities should be managed.;A.5 Organizational controls;A.5.16;Identity Management;The full lifecycle of identities should be managed.;FAIL;There is not an alert for creating/updating Security Solution in subscription Azure subscription 1 (7e3283a3-d466-4e6f-95b1-543eec016e08).;/subscriptions/7e3283a3-d466-4e6f-95b1-543eec016e08;monitor_alert_create_update_security_solution;False;7e3283a3-d466-4e6f-95b1-543eec016e08;ISO27001;ISO/IEC 27001 Information Security Management Standard 2022
azure;ISO (the International Organization for Standardization) and IEC (the International Electrotechnical Commission) form the specialized system for worldwide standardization. National bodies that are members of ISO or IEC participate in the development of International Standards through technical committees established by the respective organization to deal with particular fields of technical activity. ISO and IEC technical committees collaborate in fields of mutual interest. Other international organizations, governmental and non-governmental, in liaison with ISO and IEC, also take part in the work.;7e3283a3-d466-4e6f-95b1-543eec016e08;global;2026-07-02 19:32:49.149800;A.5.22;Monitor, Review And Change Management Of Supplier Services;The organisation should regularly monitor, review, evaluate and manage change in supplier information security practices and service delivery.;A.5 Organizational controls;A.5.22;Monitor, Review And Change Management Of Supplier Services;The organisation should regularly monitor, review, evaluate and manage change in supplier information security practices and service delivery.;FAIL;There is not an alert for creating/updating Security Solution in subscription Azure subscription 1 (7e3283a3-d466-4e6f-95b1-543eec016e08).;/subscriptions/7e3283a3-d466-4e6f-95b1-543eec016e08;monitor_alert_create_update_security_solution;False;7e3283a3-d466-4e6f-95b1-543eec016e08;ISO27001;ISO/IEC 27001 Information Security Management Standard 2022
azure;ISO (the International Organization for Standardization) and IEC (the International Electrotechnical Commission) form the specialized system for worldwide standardization. National bodies that are members of ISO or IEC participate in the development of International Standards through technical committees established by the respective organization to deal with particular fields of technical activity. ISO and IEC technical committees collaborate in fields of mutual interest. Other international organizations, governmental and non-governmental, in liaison with ISO and IEC, also take part in the work.;7e3283a3-d466-4e6f-95b1-543eec016e08;global;2026-07-02 19:32:49.149800;A.8.16;Monitoring Activities;Networks, systems and applications should be monitored for anomalous behaviour and appropriate actions taken to evaluate potential information security incidents.;A.8 Technological controls;A.8.16;Monitoring Activities;Networks, systems and applications should be monitored for anomalous behaviour and appropriate actions taken to evaluate potential information security incidents.;FAIL;There is not an alert for creating/updating Security Solution in subscription Azure subscription 1 (7e3283a3-d466-4e6f-95b1-543eec016e08).;/subscriptions/7e3283a3-d466-4e6f-95b1-543eec016e08;monitor_alert_create_update_security_solution;False;7e3283a3-d466-4e6f-95b1-543eec016e08;ISO27001;ISO/IEC 27001 Information Security Management Standard 2022
azure;ISO (the International Organization for Standardization) and IEC (the International Electrotechnical Commission) form the specialized system for worldwide standardization. National bodies that are members of ISO or IEC participate in the development of International Standards through technical committees established by the respective organization to deal with particular fields of technical activity. ISO and IEC technical committees collaborate in fields of mutual interest. Other international organizations, governmental and non-governmental, in liaison with ISO and IEC, also take part in the work.;7e3283a3-d466-4e6f-95b1-543eec016e08;global;2026-07-02 19:32:49.149800;A.5.7;Threat Intelligence;Information relating to information security threats should be collected and analysed to produce threat intelligence.;A.5 Organizational controls;A.5.7;Threat Intelligence;Information relating to information security threats should be collected and analysed to produce threat intelligence.;FAIL;There is not an alert for creating/updating SQL Server firewall rule in subscription Azure subscription 1 (7e3283a3-d466-4e6f-95b1-543eec016e08).;/subscriptions/7e3283a3-d466-4e6f-95b1-543eec016e08;monitor_alert_create_update_sqlserver_fr;False;7e3283a3-d466-4e6f-95b1-543eec016e08;ISO27001;ISO/IEC 27001 Information Security Management Standard 2022
azure;ISO (the International Organization for Standardization) and IEC (the International Electrotechnical Commission) form the specialized system for worldwide standardization. National bodies that are members of ISO or IEC participate in the development of International Standards through technical committees established by the respective organization to deal with particular fields of technical activity. ISO and IEC technical committees collaborate in fields of mutual interest. Other international organizations, governmental and non-governmental, in liaison with ISO and IEC, also take part in the work.;7e3283a3-d466-4e6f-95b1-543eec016e08;global;2026-07-02 19:32:49.149800;A.8.16;Monitoring Activities;Networks, systems and applications should be monitored for anomalous behaviour and appropriate actions taken to evaluate potential information security incidents.;A.8 Technological controls;A.8.16;Monitoring Activities;Networks, systems and applications should be monitored for anomalous behaviour and appropriate actions taken to evaluate potential information security incidents.;FAIL;There is not an alert for creating/updating SQL Server firewall rule in subscription Azure subscription 1 (7e3283a3-d466-4e6f-95b1-543eec016e08).;/subscriptions/7e3283a3-d466-4e6f-95b1-543eec016e08;monitor_alert_create_update_sqlserver_fr;False;7e3283a3-d466-4e6f-95b1-543eec016e08;ISO27001;ISO/IEC 27001 Information Security Management Standard 2022
azure;ISO (the International Organization for Standardization) and IEC (the International Electrotechnical Commission) form the specialized system for worldwide standardization. National bodies that are members of ISO or IEC participate in the development of International Standards through technical committees established by the respective organization to deal with particular fields of technical activity. ISO and IEC technical committees collaborate in fields of mutual interest. Other international organizations, governmental and non-governmental, in liaison with ISO and IEC, also take part in the work.;7e3283a3-d466-4e6f-95b1-543eec016e08;global;2026-07-02 19:32:49.149800;A.5.7;Threat Intelligence;Information relating to information security threats should be collected and analysed to produce threat intelligence.;A.5 Organizational controls;A.5.7;Threat Intelligence;Information relating to information security threats should be collected and analysed to produce threat intelligence.;FAIL;There is not an alert for deleting Network Security Groups in subscription Azure subscription 1 (7e3283a3-d466-4e6f-95b1-543eec016e08).;/subscriptions/7e3283a3-d466-4e6f-95b1-543eec016e08;monitor_alert_delete_nsg;False;7e3283a3-d466-4e6f-95b1-543eec016e08;ISO27001;ISO/IEC 27001 Information Security Management Standard 2022
azure;ISO (the International Organization for Standardization) and IEC (the International Electrotechnical Commission) form the specialized system for worldwide standardization. National bodies that are members of ISO or IEC participate in the development of International Standards through technical committees established by the respective organization to deal with particular fields of technical activity. ISO and IEC technical committees collaborate in fields of mutual interest. Other international organizations, governmental and non-governmental, in liaison with ISO and IEC, also take part in the work.;7e3283a3-d466-4e6f-95b1-543eec016e08;global;2026-07-02 19:32:49.149800;A.8.16;Monitoring Activities;Networks, systems and applications should be monitored for anomalous behaviour and appropriate actions taken to evaluate potential information security incidents.;A.8 Technological controls;A.8.16;Monitoring Activities;Networks, systems and applications should be monitored for anomalous behaviour and appropriate actions taken to evaluate potential information security incidents.;FAIL;There is not an alert for deleting Network Security Groups in subscription Azure subscription 1 (7e3283a3-d466-4e6f-95b1-543eec016e08).;/subscriptions/7e3283a3-d466-4e6f-95b1-543eec016e08;monitor_alert_delete_nsg;False;7e3283a3-d466-4e6f-95b1-543eec016e08;ISO27001;ISO/IEC 27001 Information Security Management Standard 2022
azure;ISO (the International Organization for Standardization) and IEC (the International Electrotechnical Commission) form the specialized system for worldwide standardization. National bodies that are members of ISO or IEC participate in the development of International Standards through technical committees established by the respective organization to deal with particular fields of technical activity. ISO and IEC technical committees collaborate in fields of mutual interest. Other international organizations, governmental and non-governmental, in liaison with ISO and IEC, also take part in the work.;7e3283a3-d466-4e6f-95b1-543eec016e08;global;2026-07-02 19:32:49.149800;A.5.7;Threat Intelligence;Information relating to information security threats should be collected and analysed to produce threat intelligence.;A.5 Organizational controls;A.5.7;Threat Intelligence;Information relating to information security threats should be collected and analysed to produce threat intelligence.;FAIL;There is not an alert for deleting policy assignment in subscription Azure subscription 1 (7e3283a3-d466-4e6f-95b1-543eec016e08).;/subscriptions/7e3283a3-d466-4e6f-95b1-543eec016e08;monitor_alert_delete_policy_assignment;False;7e3283a3-d466-4e6f-95b1-543eec016e08;ISO27001;ISO/IEC 27001 Information Security Management Standard 2022
azure;ISO (the International Organization for Standardization) and IEC (the International Electrotechnical Commission) form the specialized system for worldwide standardization. National bodies that are members of ISO or IEC participate in the development of International Standards through technical committees established by the respective organization to deal with particular fields of technical activity. ISO and IEC technical committees collaborate in fields of mutual interest. Other international organizations, governmental and non-governmental, in liaison with ISO and IEC, also take part in the work.;7e3283a3-d466-4e6f-95b1-543eec016e08;global;2026-07-02 19:32:49.149800;A.8.16;Monitoring Activities;Networks, systems and applications should be monitored for anomalous behaviour and appropriate actions taken to evaluate potential information security incidents.;A.8 Technological controls;A.8.16;Monitoring Activities;Networks, systems and applications should be monitored for anomalous behaviour and appropriate actions taken to evaluate potential information security incidents.;FAIL;There is not an alert for deleting policy assignment in subscription Azure subscription 1 (7e3283a3-d466-4e6f-95b1-543eec016e08).;/subscriptions/7e3283a3-d466-4e6f-95b1-543eec016e08;monitor_alert_delete_policy_assignment;False;7e3283a3-d466-4e6f-95b1-543eec016e08;ISO27001;ISO/IEC 27001 Information Security Management Standard 2022
azure;ISO (the International Organization for Standardization) and IEC (the International Electrotechnical Commission) form the specialized system for worldwide standardization. National bodies that are members of ISO or IEC participate in the development of International Standards through technical committees established by the respective organization to deal with particular fields of technical activity. ISO and IEC technical committees collaborate in fields of mutual interest. Other international organizations, governmental and non-governmental, in liaison with ISO and IEC, also take part in the work.;7e3283a3-d466-4e6f-95b1-543eec016e08;global;2026-07-02 19:32:49.149800;A.5.7;Threat Intelligence;Information relating to information security threats should be collected and analysed to produce threat intelligence.;A.5 Organizational controls;A.5.7;Threat Intelligence;Information relating to information security threats should be collected and analysed to produce threat intelligence.;FAIL;There is not an alert for deleting public IP address rule in subscription Azure subscription 1 (7e3283a3-d466-4e6f-95b1-543eec016e08).;/subscriptions/7e3283a3-d466-4e6f-95b1-543eec016e08;monitor_alert_delete_public_ip_address_rule;False;7e3283a3-d466-4e6f-95b1-543eec016e08;ISO27001;ISO/IEC 27001 Information Security Management Standard 2022
azure;ISO (the International Organization for Standardization) and IEC (the International Electrotechnical Commission) form the specialized system for worldwide standardization. National bodies that are members of ISO or IEC participate in the development of International Standards through technical committees established by the respective organization to deal with particular fields of technical activity. ISO and IEC technical committees collaborate in fields of mutual interest. Other international organizations, governmental and non-governmental, in liaison with ISO and IEC, also take part in the work.;7e3283a3-d466-4e6f-95b1-543eec016e08;global;2026-07-02 19:32:49.149800;A.8.1;User Endpoint Devices;Information stored on, processed by or accessible via user endpoint devices should be protected.;A.8 Technological controls;A.8.1;User Endpoint Devices;Information stored on, processed by or accessible via user endpoint devices should be protected.;FAIL;There is not an alert for deleting public IP address rule in subscription Azure subscription 1 (7e3283a3-d466-4e6f-95b1-543eec016e08).;/subscriptions/7e3283a3-d466-4e6f-95b1-543eec016e08;monitor_alert_delete_public_ip_address_rule;False;7e3283a3-d466-4e6f-95b1-543eec016e08;ISO27001;ISO/IEC 27001 Information Security Management Standard 2022
azure;ISO (the International Organization for Standardization) and IEC (the International Electrotechnical Commission) form the specialized system for worldwide standardization. National bodies that are members of ISO or IEC participate in the development of International Standards through technical committees established by the respective organization to deal with particular fields of technical activity. ISO and IEC technical committees collaborate in fields of mutual interest. Other international organizations, governmental and non-governmental, in liaison with ISO and IEC, also take part in the work.;7e3283a3-d466-4e6f-95b1-543eec016e08;global;2026-07-02 19:32:49.149800;A.8.16;Monitoring Activities;Networks, systems and applications should be monitored for anomalous behaviour and appropriate actions taken to evaluate potential information security incidents.;A.8 Technological controls;A.8.16;Monitoring Activities;Networks, systems and applications should be monitored for anomalous behaviour and appropriate actions taken to evaluate potential information security incidents.;FAIL;There is not an alert for deleting public IP address rule in subscription Azure subscription 1 (7e3283a3-d466-4e6f-95b1-543eec016e08).;/subscriptions/7e3283a3-d466-4e6f-95b1-543eec016e08;monitor_alert_delete_public_ip_address_rule;False;7e3283a3-d466-4e6f-95b1-543eec016e08;ISO27001;ISO/IEC 27001 Information Security Management Standard 2022
azure;ISO (the International Organization for Standardization) and IEC (the International Electrotechnical Commission) form the specialized system for worldwide standardization. National bodies that are members of ISO or IEC participate in the development of International Standards through technical committees established by the respective organization to deal with particular fields of technical activity. ISO and IEC technical committees collaborate in fields of mutual interest. Other international organizations, governmental and non-governmental, in liaison with ISO and IEC, also take part in the work.;7e3283a3-d466-4e6f-95b1-543eec016e08;global;2026-07-02 19:32:49.149800;A.5.7;Threat Intelligence;Information relating to information security threats should be collected and analysed to produce threat intelligence.;A.5 Organizational controls;A.5.7;Threat Intelligence;Information relating to information security threats should be collected and analysed to produce threat intelligence.;FAIL;There is not an alert for deleting Security Solution in subscription Azure subscription 1 (7e3283a3-d466-4e6f-95b1-543eec016e08).;/subscriptions/7e3283a3-d466-4e6f-95b1-543eec016e08;monitor_alert_delete_security_solution;False;7e3283a3-d466-4e6f-95b1-543eec016e08;ISO27001;ISO/IEC 27001 Information Security Management Standard 2022
azure;ISO (the International Organization for Standardization) and IEC (the International Electrotechnical Commission) form the specialized system for worldwide standardization. National bodies that are members of ISO or IEC participate in the development of International Standards through technical committees established by the respective organization to deal with particular fields of technical activity. ISO and IEC technical committees collaborate in fields of mutual interest. Other international organizations, governmental and non-governmental, in liaison with ISO and IEC, also take part in the work.;7e3283a3-d466-4e6f-95b1-543eec016e08;global;2026-07-02 19:32:49.149800;A.5.16;Identity Management;The full lifecycle of identities should be managed.;A.5 Organizational controls;A.5.16;Identity Management;The full lifecycle of identities should be managed.;FAIL;There is not an alert for deleting Security Solution in subscription Azure subscription 1 (7e3283a3-d466-4e6f-95b1-543eec016e08).;/subscriptions/7e3283a3-d466-4e6f-95b1-543eec016e08;monitor_alert_delete_security_solution;False;7e3283a3-d466-4e6f-95b1-543eec016e08;ISO27001;ISO/IEC 27001 Information Security Management Standard 2022
azure;ISO (the International Organization for Standardization) and IEC (the International Electrotechnical Commission) form the specialized system for worldwide standardization. National bodies that are members of ISO or IEC participate in the development of International Standards through technical committees established by the respective organization to deal with particular fields of technical activity. ISO and IEC technical committees collaborate in fields of mutual interest. Other international organizations, governmental and non-governmental, in liaison with ISO and IEC, also take part in the work.;7e3283a3-d466-4e6f-95b1-543eec016e08;global;2026-07-02 19:32:49.149800;A.5.22;Monitor, Review And Change Management Of Supplier Services;The organisation should regularly monitor, review, evaluate and manage change in supplier information security practices and service delivery.;A.5 Organizational controls;A.5.22;Monitor, Review And Change Management Of Supplier Services;The organisation should regularly monitor, review, evaluate and manage change in supplier information security practices and service delivery.;FAIL;There is not an alert for deleting Security Solution in subscription Azure subscription 1 (7e3283a3-d466-4e6f-95b1-543eec016e08).;/subscriptions/7e3283a3-d466-4e6f-95b1-543eec016e08;monitor_alert_delete_security_solution;False;7e3283a3-d466-4e6f-95b1-543eec016e08;ISO27001;ISO/IEC 27001 Information Security Management Standard 2022
azure;ISO (the International Organization for Standardization) and IEC (the International Electrotechnical Commission) form the specialized system for worldwide standardization. National bodies that are members of ISO or IEC participate in the development of International Standards through technical committees established by the respective organization to deal with particular fields of technical activity. ISO and IEC technical committees collaborate in fields of mutual interest. Other international organizations, governmental and non-governmental, in liaison with ISO and IEC, also take part in the work.;7e3283a3-d466-4e6f-95b1-543eec016e08;global;2026-07-02 19:32:49.149800;A.8.16;Monitoring Activities;Networks, systems and applications should be monitored for anomalous behaviour and appropriate actions taken to evaluate potential information security incidents.;A.8 Technological controls;A.8.16;Monitoring Activities;Networks, systems and applications should be monitored for anomalous behaviour and appropriate actions taken to evaluate potential information security incidents.;FAIL;There is not an alert for deleting Security Solution in subscription Azure subscription 1 (7e3283a3-d466-4e6f-95b1-543eec016e08).;/subscriptions/7e3283a3-d466-4e6f-95b1-543eec016e08;monitor_alert_delete_security_solution;False;7e3283a3-d466-4e6f-95b1-543eec016e08;ISO27001;ISO/IEC 27001 Information Security Management Standard 2022
azure;ISO (the International Organization for Standardization) and IEC (the International Electrotechnical Commission) form the specialized system for worldwide standardization. National bodies that are members of ISO or IEC participate in the development of International Standards through technical committees established by the respective organization to deal with particular fields of technical activity. ISO and IEC technical committees collaborate in fields of mutual interest. Other international organizations, governmental and non-governmental, in liaison with ISO and IEC, also take part in the work.;7e3283a3-d466-4e6f-95b1-543eec016e08;global;2026-07-02 19:32:49.149800;A.5.7;Threat Intelligence;Information relating to information security threats should be collected and analysed to produce threat intelligence.;A.5 Organizational controls;A.5.7;Threat Intelligence;Information relating to information security threats should be collected and analysed to produce threat intelligence.;FAIL;There is not an alert for deleting SQL Server firewall rule in subscription Azure subscription 1 (7e3283a3-d466-4e6f-95b1-543eec016e08).;/subscriptions/7e3283a3-d466-4e6f-95b1-543eec016e08;monitor_alert_delete_sqlserver_fr;False;7e3283a3-d466-4e6f-95b1-543eec016e08;ISO27001;ISO/IEC 27001 Information Security Management Standard 2022
azure;ISO (the International Organization for Standardization) and IEC (the International Electrotechnical Commission) form the specialized system for worldwide standardization. National bodies that are members of ISO or IEC participate in the development of International Standards through technical committees established by the respective organization to deal with particular fields of technical activity. ISO and IEC technical committees collaborate in fields of mutual interest. Other international organizations, governmental and non-governmental, in liaison with ISO and IEC, also take part in the work.;7e3283a3-d466-4e6f-95b1-543eec016e08;global;2026-07-02 19:32:49.149800;A.8.16;Monitoring Activities;Networks, systems and applications should be monitored for anomalous behaviour and appropriate actions taken to evaluate potential information security incidents.;A.8 Technological controls;A.8.16;Monitoring Activities;Networks, systems and applications should be monitored for anomalous behaviour and appropriate actions taken to evaluate potential information security incidents.;FAIL;There is not an alert for deleting SQL Server firewall rule in subscription Azure subscription 1 (7e3283a3-d466-4e6f-95b1-543eec016e08).;/subscriptions/7e3283a3-d466-4e6f-95b1-543eec016e08;monitor_alert_delete_sqlserver_fr;False;7e3283a3-d466-4e6f-95b1-543eec016e08;ISO27001;ISO/IEC 27001 Information Security Management Standard 2022
azure;ISO (the International Organization for Standardization) and IEC (the International Electrotechnical Commission) form the specialized system for worldwide standardization. National bodies that are members of ISO or IEC participate in the development of International Standards through technical committees established by the respective organization to deal with particular fields of technical activity. ISO and IEC technical committees collaborate in fields of mutual interest. Other international organizations, governmental and non-governmental, in liaison with ISO and IEC, also take part in the work.;7e3283a3-d466-4e6f-95b1-543eec016e08;global;2026-07-02 19:32:49.149800;A.5.16;Identity Management;The full lifecycle of identities should be managed.;A.5 Organizational controls;A.5.16;Identity Management;The full lifecycle of identities should be managed.;FAIL;No diagnostic setting captures all appropriate categories (Administrative, Security, Alert, Policy) in subscription Azure subscription 1 (7e3283a3-d466-4e6f-95b1-543eec016e08).;/subscriptions/7e3283a3-d466-4e6f-95b1-543eec016e08;monitor_diagnostic_setting_with_appropriate_categories;False;7e3283a3-d466-4e6f-95b1-543eec016e08;ISO27001;ISO/IEC 27001 Information Security Management Standard 2022
azure;ISO (the International Organization for Standardization) and IEC (the International Electrotechnical Commission) form the specialized system for worldwide standardization. National bodies that are members of ISO or IEC participate in the development of International Standards through technical committees established by the respective organization to deal with particular fields of technical activity. ISO and IEC technical committees collaborate in fields of mutual interest. Other international organizations, governmental and non-governmental, in liaison with ISO and IEC, also take part in the work.;7e3283a3-d466-4e6f-95b1-543eec016e08;global;2026-07-02 19:32:49.149800;A.5.22;Monitor, Review And Change Management Of Supplier Services;The organisation should regularly monitor, review, evaluate and manage change in supplier information security practices and service delivery.;A.5 Organizational controls;A.5.22;Monitor, Review And Change Management Of Supplier Services;The organisation should regularly monitor, review, evaluate and manage change in supplier information security practices and service delivery.;FAIL;No diagnostic setting captures all appropriate categories (Administrative, Security, Alert, Policy) in subscription Azure subscription 1 (7e3283a3-d466-4e6f-95b1-543eec016e08).;/subscriptions/7e3283a3-d466-4e6f-95b1-543eec016e08;monitor_diagnostic_setting_with_appropriate_categories;False;7e3283a3-d466-4e6f-95b1-543eec016e08;ISO27001;ISO/IEC 27001 Information Security Management Standard 2022
azure;ISO (the International Organization for Standardization) and IEC (the International Electrotechnical Commission) form the specialized system for worldwide standardization. National bodies that are members of ISO or IEC participate in the development of International Standards through technical committees established by the respective organization to deal with particular fields of technical activity. ISO and IEC technical committees collaborate in fields of mutual interest. Other international organizations, governmental and non-governmental, in liaison with ISO and IEC, also take part in the work.;7e3283a3-d466-4e6f-95b1-543eec016e08;global;2026-07-02 19:32:49.149800;A.5.16;Identity Management;The full lifecycle of identities should be managed.;A.5 Organizational controls;A.5.16;Identity Management;The full lifecycle of identities should be managed.;FAIL;No diagnostic settings found in subscription Azure subscription 1 (7e3283a3-d466-4e6f-95b1-543eec016e08).;/subscriptions/7e3283a3-d466-4e6f-95b1-543eec016e08;monitor_diagnostic_settings_exists;False;7e3283a3-d466-4e6f-95b1-543eec016e08;ISO27001;ISO/IEC 27001 Information Security Management Standard 2022
azure;ISO (the International Organization for Standardization) and IEC (the International Electrotechnical Commission) form the specialized system for worldwide standardization. National bodies that are members of ISO or IEC participate in the development of International Standards through technical committees established by the respective organization to deal with particular fields of technical activity. ISO and IEC technical committees collaborate in fields of mutual interest. Other international organizations, governmental and non-governmental, in liaison with ISO and IEC, also take part in the work.;7e3283a3-d466-4e6f-95b1-543eec016e08;global;2026-07-02 19:32:49.149800;A.5.22;Monitor, Review And Change Management Of Supplier Services;The organisation should regularly monitor, review, evaluate and manage change in supplier information security practices and service delivery.;A.5 Organizational controls;A.5.22;Monitor, Review And Change Management Of Supplier Services;The organisation should regularly monitor, review, evaluate and manage change in supplier information security practices and service delivery.;FAIL;No diagnostic settings found in subscription Azure subscription 1 (7e3283a3-d466-4e6f-95b1-543eec016e08).;/subscriptions/7e3283a3-d466-4e6f-95b1-543eec016e08;monitor_diagnostic_settings_exists;False;7e3283a3-d466-4e6f-95b1-543eec016e08;ISO27001;ISO/IEC 27001 Information Security Management Standard 2022
azure;ISO (the International Organization for Standardization) and IEC (the International Electrotechnical Commission) form the specialized system for worldwide standardization. National bodies that are members of ISO or IEC participate in the development of International Standards through technical committees established by the respective organization to deal with particular fields of technical activity. ISO and IEC technical committees collaborate in fields of mutual interest. Other international organizations, governmental and non-governmental, in liaison with ISO and IEC, also take part in the work.;7e3283a3-d466-4e6f-95b1-543eec016e08;global;2026-07-02 19:32:49.149800;A.8.14;Redundancy of information processing facilities;Information processing facilities should be implemented with redundancy sufficient to meet availability;A.8 Technological controls;A.8.14;Redundancy of information processing facilities;Information processing facilities should be implemented with redundancy sufficient to meet availability;FAIL;Bastion Host from subscription Azure subscription 1 (7e3283a3-d466-4e6f-95b1-543eec016e08) does not exist;/subscriptions/7e3283a3-d466-4e6f-95b1-543eec016e08;network_bastion_host_exists;False;7e3283a3-d466-4e6f-95b1-543eec016e08;ISO27001;ISO/IEC 27001 Information Security Management Standard 2022
azure;ISO (the International Organization for Standardization) and IEC (the International Electrotechnical Commission) form the specialized system for worldwide standardization. National bodies that are members of ISO or IEC participate in the development of International Standards through technical committees established by the respective organization to deal with particular fields of technical activity. ISO and IEC technical committees collaborate in fields of mutual interest. Other international organizations, governmental and non-governmental, in liaison with ISO and IEC, also take part in the work.;7e3283a3-d466-4e6f-95b1-543eec016e08;global;2026-07-02 19:32:49.149800;A.8.20;Network Security;Networks and network devices should be secured, managed and controlled to protect information in systems and applications.;A.8 Technological controls;A.8.20;Network Security;Networks and network devices should be secured, managed and controlled to protect information in systems and applications.;FAIL;Bastion Host from subscription Azure subscription 1 (7e3283a3-d466-4e6f-95b1-543eec016e08) does not exist;/subscriptions/7e3283a3-d466-4e6f-95b1-543eec016e08;network_bastion_host_exists;False;7e3283a3-d466-4e6f-95b1-543eec016e08;ISO27001;ISO/IEC 27001 Information Security Management Standard 2022
azure;ISO (the International Organization for Standardization) and IEC (the International Electrotechnical Commission) form the specialized system for worldwide standardization. National bodies that are members of ISO or IEC participate in the development of International Standards through technical committees established by the respective organization to deal with particular fields of technical activity. ISO and IEC technical committees collaborate in fields of mutual interest. Other international organizations, governmental and non-governmental, in liaison with ISO and IEC, also take part in the work.;7e3283a3-d466-4e6f-95b1-543eec016e08;global;2026-07-02 19:32:49.149800;A.8.21;Security of Network Services;Security mechanisms, service levels and service requirements of network services should be identified, implemented and monitored.;A.8 Technological controls;A.8.21;Security of Network Services;Security mechanisms, service levels and service requirements of network services should be identified, implemented and monitored.;FAIL;Bastion Host from subscription Azure subscription 1 (7e3283a3-d466-4e6f-95b1-543eec016e08) does not exist;/subscriptions/7e3283a3-d466-4e6f-95b1-543eec016e08;network_bastion_host_exists;False;7e3283a3-d466-4e6f-95b1-543eec016e08;ISO27001;ISO/IEC 27001 Information Security Management Standard 2022
azure;ISO (the International Organization for Standardization) and IEC (the International Electrotechnical Commission) form the specialized system for worldwide standardization. National bodies that are members of ISO or IEC participate in the development of International Standards through technical committees established by the respective organization to deal with particular fields of technical activity. ISO and IEC technical committees collaborate in fields of mutual interest. Other international organizations, governmental and non-governmental, in liaison with ISO and IEC, also take part in the work.;7e3283a3-d466-4e6f-95b1-543eec016e08;global;2026-07-02 19:32:49.149800;A.8.22;Segregation of Networks;Security mechanisms, service levels and service requirements of network services should be identified, implemented and monitored.;A.8 Technological controls;A.8.22;Segregation of Networks;Security mechanisms, service levels and service requirements of network services should be identified, implemented and monitored.;FAIL;Bastion Host from subscription Azure subscription 1 (7e3283a3-d466-4e6f-95b1-543eec016e08) does not exist;/subscriptions/7e3283a3-d466-4e6f-95b1-543eec016e08;network_bastion_host_exists;False;7e3283a3-d466-4e6f-95b1-543eec016e08;ISO27001;ISO/IEC 27001 Information Security Management Standard 2022
azure;ISO (the International Organization for Standardization) and IEC (the International Electrotechnical Commission) form the specialized system for worldwide standardization. National bodies that are members of ISO or IEC participate in the development of International Standards through technical committees established by the respective organization to deal with particular fields of technical activity. ISO and IEC technical committees collaborate in fields of mutual interest. Other international organizations, governmental and non-governmental, in liaison with ISO and IEC, also take part in the work.;7e3283a3-d466-4e6f-95b1-543eec016e08;eastus;2026-07-02 19:32:49.149800;A.8.14;Redundancy of information processing facilities;Information processing facilities should be implemented with redundancy sufficient to meet availability;A.8 Technological controls;A.8.14;Redundancy of information processing facilities;Information processing facilities should be implemented with redundancy sufficient to meet availability;FAIL;Network Watcher NetworkWatcher_eastus from subscription Azure subscription 1 (7e3283a3-d466-4e6f-95b1-543eec016e08) has no flow logs;/subscriptions/7e3283a3-d466-4e6f-95b1-543eec016e08/resourceGroups/NetworkWatcherRG/providers/Microsoft.Network/networkWatchers/NetworkWatcher_eastus;network_flow_log_captured_sent;False;NetworkWatcher_eastus;ISO27001;ISO/IEC 27001 Information Security Management Standard 2022
azure;ISO (the International Organization for Standardization) and IEC (the International Electrotechnical Commission) form the specialized system for worldwide standardization. National bodies that are members of ISO or IEC participate in the development of International Standards through technical committees established by the respective organization to deal with particular fields of technical activity. ISO and IEC technical committees collaborate in fields of mutual interest. Other international organizations, governmental and non-governmental, in liaison with ISO and IEC, also take part in the work.;7e3283a3-d466-4e6f-95b1-543eec016e08;eastus;2026-07-02 19:32:49.149800;A.8.15;Logging;Logs that record activities, exceptions, faults and other relevant events should be produced, stored, protected and analysed.;A.8 Technological controls;A.8.15;Logging;Logs that record activities, exceptions, faults and other relevant events should be produced, stored, protected and analysed.;FAIL;Network Watcher NetworkWatcher_eastus from subscription Azure subscription 1 (7e3283a3-d466-4e6f-95b1-543eec016e08) has no flow logs;/subscriptions/7e3283a3-d466-4e6f-95b1-543eec016e08/resourceGroups/NetworkWatcherRG/providers/Microsoft.Network/networkWatchers/NetworkWatcher_eastus;network_flow_log_captured_sent;False;NetworkWatcher_eastus;ISO27001;ISO/IEC 27001 Information Security Management Standard 2022
azure;ISO (the International Organization for Standardization) and IEC (the International Electrotechnical Commission) form the specialized system for worldwide standardization. National bodies that are members of ISO or IEC participate in the development of International Standards through technical committees established by the respective organization to deal with particular fields of technical activity. ISO and IEC technical committees collaborate in fields of mutual interest. Other international organizations, governmental and non-governmental, in liaison with ISO and IEC, also take part in the work.;7e3283a3-d466-4e6f-95b1-543eec016e08;eastus;2026-07-02 19:32:49.149800;A.8.20;Network Security;Networks and network devices should be secured, managed and controlled to protect information in systems and applications.;A.8 Technological controls;A.8.20;Network Security;Networks and network devices should be secured, managed and controlled to protect information in systems and applications.;FAIL;Network Watcher NetworkWatcher_eastus from subscription Azure subscription 1 (7e3283a3-d466-4e6f-95b1-543eec016e08) has no flow logs;/subscriptions/7e3283a3-d466-4e6f-95b1-543eec016e08/resourceGroups/NetworkWatcherRG/providers/Microsoft.Network/networkWatchers/NetworkWatcher_eastus;network_flow_log_captured_sent;False;NetworkWatcher_eastus;ISO27001;ISO/IEC 27001 Information Security Management Standard 2022
azure;ISO (the International Organization for Standardization) and IEC (the International Electrotechnical Commission) form the specialized system for worldwide standardization. National bodies that are members of ISO or IEC participate in the development of International Standards through technical committees established by the respective organization to deal with particular fields of technical activity. ISO and IEC technical committees collaborate in fields of mutual interest. Other international organizations, governmental and non-governmental, in liaison with ISO and IEC, also take part in the work.;7e3283a3-d466-4e6f-95b1-543eec016e08;eastus;2026-07-02 19:32:49.149800;A.8.21;Security of Network Services;Security mechanisms, service levels and service requirements of network services should be identified, implemented and monitored.;A.8 Technological controls;A.8.21;Security of Network Services;Security mechanisms, service levels and service requirements of network services should be identified, implemented and monitored.;FAIL;Network Watcher NetworkWatcher_eastus from subscription Azure subscription 1 (7e3283a3-d466-4e6f-95b1-543eec016e08) has no flow logs;/subscriptions/7e3283a3-d466-4e6f-95b1-543eec016e08/resourceGroups/NetworkWatcherRG/providers/Microsoft.Network/networkWatchers/NetworkWatcher_eastus;network_flow_log_captured_sent;False;NetworkWatcher_eastus;ISO27001;ISO/IEC 27001 Information Security Management Standard 2022
azure;ISO (the International Organization for Standardization) and IEC (the International Electrotechnical Commission) form the specialized system for worldwide standardization. National bodies that are members of ISO or IEC participate in the development of International Standards through technical committees established by the respective organization to deal with particular fields of technical activity. ISO and IEC technical committees collaborate in fields of mutual interest. Other international organizations, governmental and non-governmental, in liaison with ISO and IEC, also take part in the work.;7e3283a3-d466-4e6f-95b1-543eec016e08;eastus;2026-07-02 19:32:49.149800;A.8.22;Segregation of Networks;Security mechanisms, service levels and service requirements of network services should be identified, implemented and monitored.;A.8 Technological controls;A.8.22;Segregation of Networks;Security mechanisms, service levels and service requirements of network services should be identified, implemented and monitored.;FAIL;Network Watcher NetworkWatcher_eastus from subscription Azure subscription 1 (7e3283a3-d466-4e6f-95b1-543eec016e08) has no flow logs;/subscriptions/7e3283a3-d466-4e6f-95b1-543eec016e08/resourceGroups/NetworkWatcherRG/providers/Microsoft.Network/networkWatchers/NetworkWatcher_eastus;network_flow_log_captured_sent;False;NetworkWatcher_eastus;ISO27001;ISO/IEC 27001 Information Security Management Standard 2022
azure;ISO (the International Organization for Standardization) and IEC (the International Electrotechnical Commission) form the specialized system for worldwide standardization. National bodies that are members of ISO or IEC participate in the development of International Standards through technical committees established by the respective organization to deal with particular fields of technical activity. ISO and IEC technical committees collaborate in fields of mutual interest. Other international organizations, governmental and non-governmental, in liaison with ISO and IEC, also take part in the work.;7e3283a3-d466-4e6f-95b1-543eec016e08;centralus;2026-07-02 19:32:49.149800;A.8.14;Redundancy of information processing facilities;Information processing facilities should be implemented with redundancy sufficient to meet availability;A.8 Technological controls;A.8.14;Redundancy of information processing facilities;Information processing facilities should be implemented with redundancy sufficient to meet availability;FAIL;Network Watcher NetworkWatcher_centralus from subscription Azure subscription 1 (7e3283a3-d466-4e6f-95b1-543eec016e08) has no flow logs;/subscriptions/7e3283a3-d466-4e6f-95b1-543eec016e08/resourceGroups/NetworkWatcherRG/providers/Microsoft.Network/networkWatchers/NetworkWatcher_centralus;network_flow_log_captured_sent;False;NetworkWatcher_centralus;ISO27001;ISO/IEC 27001 Information Security Management Standard 2022
azure;ISO (the International Organization for Standardization) and IEC (the International Electrotechnical Commission) form the specialized system for worldwide standardization. National bodies that are members of ISO or IEC participate in the development of International Standards through technical committees established by the respective organization to deal with particular fields of technical activity. ISO and IEC technical committees collaborate in fields of mutual interest. Other international organizations, governmental and non-governmental, in liaison with ISO and IEC, also take part in the work.;7e3283a3-d466-4e6f-95b1-543eec016e08;centralus;2026-07-02 19:32:49.149800;A.8.15;Logging;Logs that record activities, exceptions, faults and other relevant events should be produced, stored, protected and analysed.;A.8 Technological controls;A.8.15;Logging;Logs that record activities, exceptions, faults and other relevant events should be produced, stored, protected and analysed.;FAIL;Network Watcher NetworkWatcher_centralus from subscription Azure subscription 1 (7e3283a3-d466-4e6f-95b1-543eec016e08) has no flow logs;/subscriptions/7e3283a3-d466-4e6f-95b1-543eec016e08/resourceGroups/NetworkWatcherRG/providers/Microsoft.Network/networkWatchers/NetworkWatcher_centralus;network_flow_log_captured_sent;False;NetworkWatcher_centralus;ISO27001;ISO/IEC 27001 Information Security Management Standard 2022
azure;ISO (the International Organization for Standardization) and IEC (the International Electrotechnical Commission) form the specialized system for worldwide standardization. National bodies that are members of ISO or IEC participate in the development of International Standards through technical committees established by the respective organization to deal with particular fields of technical activity. ISO and IEC technical committees collaborate in fields of mutual interest. Other international organizations, governmental and non-governmental, in liaison with ISO and IEC, also take part in the work.;7e3283a3-d466-4e6f-95b1-543eec016e08;centralus;2026-07-02 19:32:49.149800;A.8.20;Network Security;Networks and network devices should be secured, managed and controlled to protect information in systems and applications.;A.8 Technological controls;A.8.20;Network Security;Networks and network devices should be secured, managed and controlled to protect information in systems and applications.;FAIL;Network Watcher NetworkWatcher_centralus from subscription Azure subscription 1 (7e3283a3-d466-4e6f-95b1-543eec016e08) has no flow logs;/subscriptions/7e3283a3-d466-4e6f-95b1-543eec016e08/resourceGroups/NetworkWatcherRG/providers/Microsoft.Network/networkWatchers/NetworkWatcher_centralus;network_flow_log_captured_sent;False;NetworkWatcher_centralus;ISO27001;ISO/IEC 27001 Information Security Management Standard 2022
azure;ISO (the International Organization for Standardization) and IEC (the International Electrotechnical Commission) form the specialized system for worldwide standardization. National bodies that are members of ISO or IEC participate in the development of International Standards through technical committees established by the respective organization to deal with particular fields of technical activity. ISO and IEC technical committees collaborate in fields of mutual interest. Other international organizations, governmental and non-governmental, in liaison with ISO and IEC, also take part in the work.;7e3283a3-d466-4e6f-95b1-543eec016e08;centralus;2026-07-02 19:32:49.149800;A.8.21;Security of Network Services;Security mechanisms, service levels and service requirements of network services should be identified, implemented and monitored.;A.8 Technological controls;A.8.21;Security of Network Services;Security mechanisms, service levels and service requirements of network services should be identified, implemented and monitored.;FAIL;Network Watcher NetworkWatcher_centralus from subscription Azure subscription 1 (7e3283a3-d466-4e6f-95b1-543eec016e08) has no flow logs;/subscriptions/7e3283a3-d466-4e6f-95b1-543eec016e08/resourceGroups/NetworkWatcherRG/providers/Microsoft.Network/networkWatchers/NetworkWatcher_centralus;network_flow_log_captured_sent;False;NetworkWatcher_centralus;ISO27001;ISO/IEC 27001 Information Security Management Standard 2022
azure;ISO (the International Organization for Standardization) and IEC (the International Electrotechnical Commission) form the specialized system for worldwide standardization. National bodies that are members of ISO or IEC participate in the development of International Standards through technical committees established by the respective organization to deal with particular fields of technical activity. ISO and IEC technical committees collaborate in fields of mutual interest. Other international organizations, governmental and non-governmental, in liaison with ISO and IEC, also take part in the work.;7e3283a3-d466-4e6f-95b1-543eec016e08;centralus;2026-07-02 19:32:49.149800;A.8.22;Segregation of Networks;Security mechanisms, service levels and service requirements of network services should be identified, implemented and monitored.;A.8 Technological controls;A.8.22;Segregation of Networks;Security mechanisms, service levels and service requirements of network services should be identified, implemented and monitored.;FAIL;Network Watcher NetworkWatcher_centralus from subscription Azure subscription 1 (7e3283a3-d466-4e6f-95b1-543eec016e08) has no flow logs;/subscriptions/7e3283a3-d466-4e6f-95b1-543eec016e08/resourceGroups/NetworkWatcherRG/providers/Microsoft.Network/networkWatchers/NetworkWatcher_centralus;network_flow_log_captured_sent;False;NetworkWatcher_centralus;ISO27001;ISO/IEC 27001 Information Security Management Standard 2022
azure;ISO (the International Organization for Standardization) and IEC (the International Electrotechnical Commission) form the specialized system for worldwide standardization. National bodies that are members of ISO or IEC participate in the development of International Standards through technical committees established by the respective organization to deal with particular fields of technical activity. ISO and IEC technical committees collaborate in fields of mutual interest. Other international organizations, governmental and non-governmental, in liaison with ISO and IEC, also take part in the work.;7e3283a3-d466-4e6f-95b1-543eec016e08;eastus;2026-07-02 19:32:49.149800;A.8.15;Logging;Logs that record activities, exceptions, faults and other relevant events should be produced, stored, protected and analysed.;A.8 Technological controls;A.8.15;Logging;Logs that record activities, exceptions, faults and other relevant events should be produced, stored, protected and analysed.;FAIL;Network Watcher NetworkWatcher_eastus from subscription Azure subscription 1 (7e3283a3-d466-4e6f-95b1-543eec016e08) has no flow logs;/subscriptions/7e3283a3-d466-4e6f-95b1-543eec016e08/resourceGroups/NetworkWatcherRG/providers/Microsoft.Network/networkWatchers/NetworkWatcher_eastus;network_flow_log_more_than_90_days;False;NetworkWatcher_eastus;ISO27001;ISO/IEC 27001 Information Security Management Standard 2022
azure;ISO (the International Organization for Standardization) and IEC (the International Electrotechnical Commission) form the specialized system for worldwide standardization. National bodies that are members of ISO or IEC participate in the development of International Standards through technical committees established by the respective organization to deal with particular fields of technical activity. ISO and IEC technical committees collaborate in fields of mutual interest. Other international organizations, governmental and non-governmental, in liaison with ISO and IEC, also take part in the work.;7e3283a3-d466-4e6f-95b1-543eec016e08;eastus;2026-07-02 19:32:49.149800;A.8.20;Network Security;Networks and network devices should be secured, managed and controlled to protect information in systems and applications.;A.8 Technological controls;A.8.20;Network Security;Networks and network devices should be secured, managed and controlled to protect information in systems and applications.;FAIL;Network Watcher NetworkWatcher_eastus from subscription Azure subscription 1 (7e3283a3-d466-4e6f-95b1-543eec016e08) has no flow logs;/subscriptions/7e3283a3-d466-4e6f-95b1-543eec016e08/resourceGroups/NetworkWatcherRG/providers/Microsoft.Network/networkWatchers/NetworkWatcher_eastus;network_flow_log_more_than_90_days;False;NetworkWatcher_eastus;ISO27001;ISO/IEC 27001 Information Security Management Standard 2022
azure;ISO (the International Organization for Standardization) and IEC (the International Electrotechnical Commission) form the specialized system for worldwide standardization. National bodies that are members of ISO or IEC participate in the development of International Standards through technical committees established by the respective organization to deal with particular fields of technical activity. ISO and IEC technical committees collaborate in fields of mutual interest. Other international organizations, governmental and non-governmental, in liaison with ISO and IEC, also take part in the work.;7e3283a3-d466-4e6f-95b1-543eec016e08;eastus;2026-07-02 19:32:49.149800;A.8.21;Security of Network Services;Security mechanisms, service levels and service requirements of network services should be identified, implemented and monitored.;A.8 Technological controls;A.8.21;Security of Network Services;Security mechanisms, service levels and service requirements of network services should be identified, implemented and monitored.;FAIL;Network Watcher NetworkWatcher_eastus from subscription Azure subscription 1 (7e3283a3-d466-4e6f-95b1-543eec016e08) has no flow logs;/subscriptions/7e3283a3-d466-4e6f-95b1-543eec016e08/resourceGroups/NetworkWatcherRG/providers/Microsoft.Network/networkWatchers/NetworkWatcher_eastus;network_flow_log_more_than_90_days;False;NetworkWatcher_eastus;ISO27001;ISO/IEC 27001 Information Security Management Standard 2022
azure;ISO (the International Organization for Standardization) and IEC (the International Electrotechnical Commission) form the specialized system for worldwide standardization. National bodies that are members of ISO or IEC participate in the development of International Standards through technical committees established by the respective organization to deal with particular fields of technical activity. ISO and IEC technical committees collaborate in fields of mutual interest. Other international organizations, governmental and non-governmental, in liaison with ISO and IEC, also take part in the work.;7e3283a3-d466-4e6f-95b1-543eec016e08;eastus;2026-07-02 19:32:49.149800;A.8.22;Segregation of Networks;Security mechanisms, service levels and service requirements of network services should be identified, implemented and monitored.;A.8 Technological controls;A.8.22;Segregation of Networks;Security mechanisms, service levels and service requirements of network services should be identified, implemented and monitored.;FAIL;Network Watcher NetworkWatcher_eastus from subscription Azure subscription 1 (7e3283a3-d466-4e6f-95b1-543eec016e08) has no flow logs;/subscriptions/7e3283a3-d466-4e6f-95b1-543eec016e08/resourceGroups/NetworkWatcherRG/providers/Microsoft.Network/networkWatchers/NetworkWatcher_eastus;network_flow_log_more_than_90_days;False;NetworkWatcher_eastus;ISO27001;ISO/IEC 27001 Information Security Management Standard 2022
azure;ISO (the International Organization for Standardization) and IEC (the International Electrotechnical Commission) form the specialized system for worldwide standardization. National bodies that are members of ISO or IEC participate in the development of International Standards through technical committees established by the respective organization to deal with particular fields of technical activity. ISO and IEC technical committees collaborate in fields of mutual interest. Other international organizations, governmental and non-governmental, in liaison with ISO and IEC, also take part in the work.;7e3283a3-d466-4e6f-95b1-543eec016e08;centralus;2026-07-02 19:32:49.149800;A.8.15;Logging;Logs that record activities, exceptions, faults and other relevant events should be produced, stored, protected and analysed.;A.8 Technological controls;A.8.15;Logging;Logs that record activities, exceptions, faults and other relevant events should be produced, stored, protected and analysed.;FAIL;Network Watcher NetworkWatcher_centralus from subscription Azure subscription 1 (7e3283a3-d466-4e6f-95b1-543eec016e08) has no flow logs;/subscriptions/7e3283a3-d466-4e6f-95b1-543eec016e08/resourceGroups/NetworkWatcherRG/providers/Microsoft.Network/networkWatchers/NetworkWatcher_centralus;network_flow_log_more_than_90_days;False;NetworkWatcher_centralus;ISO27001;ISO/IEC 27001 Information Security Management Standard 2022
azure;ISO (the International Organization for Standardization) and IEC (the International Electrotechnical Commission) form the specialized system for worldwide standardization. National bodies that are members of ISO or IEC participate in the development of International Standards through technical committees established by the respective organization to deal with particular fields of technical activity. ISO and IEC technical committees collaborate in fields of mutual interest. Other international organizations, governmental and non-governmental, in liaison with ISO and IEC, also take part in the work.;7e3283a3-d466-4e6f-95b1-543eec016e08;centralus;2026-07-02 19:32:49.149800;A.8.20;Network Security;Networks and network devices should be secured, managed and controlled to protect information in systems and applications.;A.8 Technological controls;A.8.20;Network Security;Networks and network devices should be secured, managed and controlled to protect information in systems and applications.;FAIL;Network Watcher NetworkWatcher_centralus from subscription Azure subscription 1 (7e3283a3-d466-4e6f-95b1-543eec016e08) has no flow logs;/subscriptions/7e3283a3-d466-4e6f-95b1-543eec016e08/resourceGroups/NetworkWatcherRG/providers/Microsoft.Network/networkWatchers/NetworkWatcher_centralus;network_flow_log_more_than_90_days;False;NetworkWatcher_centralus;ISO27001;ISO/IEC 27001 Information Security Management Standard 2022
azure;ISO (the International Organization for Standardization) and IEC (the International Electrotechnical Commission) form the specialized system for worldwide standardization. National bodies that are members of ISO or IEC participate in the development of International Standards through technical committees established by the respective organization to deal with particular fields of technical activity. ISO and IEC technical committees collaborate in fields of mutual interest. Other international organizations, governmental and non-governmental, in liaison with ISO and IEC, also take part in the work.;7e3283a3-d466-4e6f-95b1-543eec016e08;centralus;2026-07-02 19:32:49.149800;A.8.21;Security of Network Services;Security mechanisms, service levels and service requirements of network services should be identified, implemented and monitored.;A.8 Technological controls;A.8.21;Security of Network Services;Security mechanisms, service levels and service requirements of network services should be identified, implemented and monitored.;FAIL;Network Watcher NetworkWatcher_centralus from subscription Azure subscription 1 (7e3283a3-d466-4e6f-95b1-543eec016e08) has no flow logs;/subscriptions/7e3283a3-d466-4e6f-95b1-543eec016e08/resourceGroups/NetworkWatcherRG/providers/Microsoft.Network/networkWatchers/NetworkWatcher_centralus;network_flow_log_more_than_90_days;False;NetworkWatcher_centralus;ISO27001;ISO/IEC 27001 Information Security Management Standard 2022
azure;ISO (the International Organization for Standardization) and IEC (the International Electrotechnical Commission) form the specialized system for worldwide standardization. National bodies that are members of ISO or IEC participate in the development of International Standards through technical committees established by the respective organization to deal with particular fields of technical activity. ISO and IEC technical committees collaborate in fields of mutual interest. Other international organizations, governmental and non-governmental, in liaison with ISO and IEC, also take part in the work.;7e3283a3-d466-4e6f-95b1-543eec016e08;centralus;2026-07-02 19:32:49.149800;A.8.22;Segregation of Networks;Security mechanisms, service levels and service requirements of network services should be identified, implemented and monitored.;A.8 Technological controls;A.8.22;Segregation of Networks;Security mechanisms, service levels and service requirements of network services should be identified, implemented and monitored.;FAIL;Network Watcher NetworkWatcher_centralus from subscription Azure subscription 1 (7e3283a3-d466-4e6f-95b1-543eec016e08) has no flow logs;/subscriptions/7e3283a3-d466-4e6f-95b1-543eec016e08/resourceGroups/NetworkWatcherRG/providers/Microsoft.Network/networkWatchers/NetworkWatcher_centralus;network_flow_log_more_than_90_days;False;NetworkWatcher_centralus;ISO27001;ISO/IEC 27001 Information Security Management Standard 2022
azure;ISO (the International Organization for Standardization) and IEC (the International Electrotechnical Commission) form the specialized system for worldwide standardization. National bodies that are members of ISO or IEC participate in the development of International Standards through technical committees established by the respective organization to deal with particular fields of technical activity. ISO and IEC technical committees collaborate in fields of mutual interest. Other international organizations, governmental and non-governmental, in liaison with ISO and IEC, also take part in the work.;7e3283a3-d466-4e6f-95b1-543eec016e08;centralus;2026-07-02 19:32:49.149800;A.8.20;Network Security;Networks and network devices should be secured, managed and controlled to protect information in systems and applications.;A.8 Technological controls;A.8.20;Network Security;Networks and network devices should be secured, managed and controlled to protect information in systems and applications.;FAIL;Security Group nsg-web-cloudguardian-lab from subscription Azure subscription 1 (7e3283a3-d466-4e6f-95b1-543eec016e08) has HTTP internet access allowed.;/subscriptions/7e3283a3-d466-4e6f-95b1-543eec016e08/resourceGroups/rg-cloudguardian-lab/providers/Microsoft.Network/networkSecurityGroups/nsg-web-cloudguardian-lab;network_http_internet_access_restricted;False;nsg-web-cloudguardian-lab;ISO27001;ISO/IEC 27001 Information Security Management Standard 2022
azure;ISO (the International Organization for Standardization) and IEC (the International Electrotechnical Commission) form the specialized system for worldwide standardization. National bodies that are members of ISO or IEC participate in the development of International Standards through technical committees established by the respective organization to deal with particular fields of technical activity. ISO and IEC technical committees collaborate in fields of mutual interest. Other international organizations, governmental and non-governmental, in liaison with ISO and IEC, also take part in the work.;7e3283a3-d466-4e6f-95b1-543eec016e08;centralus;2026-07-02 19:32:49.149800;A.8.21;Security of Network Services;Security mechanisms, service levels and service requirements of network services should be identified, implemented and monitored.;A.8 Technological controls;A.8.21;Security of Network Services;Security mechanisms, service levels and service requirements of network services should be identified, implemented and monitored.;FAIL;Security Group nsg-web-cloudguardian-lab from subscription Azure subscription 1 (7e3283a3-d466-4e6f-95b1-543eec016e08) has HTTP internet access allowed.;/subscriptions/7e3283a3-d466-4e6f-95b1-543eec016e08/resourceGroups/rg-cloudguardian-lab/providers/Microsoft.Network/networkSecurityGroups/nsg-web-cloudguardian-lab;network_http_internet_access_restricted;False;nsg-web-cloudguardian-lab;ISO27001;ISO/IEC 27001 Information Security Management Standard 2022
azure;ISO (the International Organization for Standardization) and IEC (the International Electrotechnical Commission) form the specialized system for worldwide standardization. National bodies that are members of ISO or IEC participate in the development of International Standards through technical committees established by the respective organization to deal with particular fields of technical activity. ISO and IEC technical committees collaborate in fields of mutual interest. Other international organizations, governmental and non-governmental, in liaison with ISO and IEC, also take part in the work.;7e3283a3-d466-4e6f-95b1-543eec016e08;centralus;2026-07-02 19:32:49.149800;A.8.22;Segregation of Networks;Security mechanisms, service levels and service requirements of network services should be identified, implemented and monitored.;A.8 Technological controls;A.8.22;Segregation of Networks;Security mechanisms, service levels and service requirements of network services should be identified, implemented and monitored.;FAIL;Security Group nsg-web-cloudguardian-lab from subscription Azure subscription 1 (7e3283a3-d466-4e6f-95b1-543eec016e08) has HTTP internet access allowed.;/subscriptions/7e3283a3-d466-4e6f-95b1-543eec016e08/resourceGroups/rg-cloudguardian-lab/providers/Microsoft.Network/networkSecurityGroups/nsg-web-cloudguardian-lab;network_http_internet_access_restricted;False;nsg-web-cloudguardian-lab;ISO27001;ISO/IEC 27001 Information Security Management Standard 2022
azure;ISO (the International Organization for Standardization) and IEC (the International Electrotechnical Commission) form the specialized system for worldwide standardization. National bodies that are members of ISO or IEC participate in the development of International Standards through technical committees established by the respective organization to deal with particular fields of technical activity. ISO and IEC technical committees collaborate in fields of mutual interest. Other international organizations, governmental and non-governmental, in liaison with ISO and IEC, also take part in the work.;7e3283a3-d466-4e6f-95b1-543eec016e08;centralus;2026-07-02 19:32:49.149800;A.8.14;Redundancy of information processing facilities;Information processing facilities should be implemented with redundancy sufficient to meet availability;A.8 Technological controls;A.8.14;Redundancy of information processing facilities;Information processing facilities should be implemented with redundancy sufficient to meet availability;PASS;Security Group nsg-web-cloudguardian-lab from subscription Azure subscription 1 (7e3283a3-d466-4e6f-95b1-543eec016e08) has RDP internet access restricted.;/subscriptions/7e3283a3-d466-4e6f-95b1-543eec016e08/resourceGroups/rg-cloudguardian-lab/providers/Microsoft.Network/networkSecurityGroups/nsg-web-cloudguardian-lab;network_rdp_internet_access_restricted;False;nsg-web-cloudguardian-lab;ISO27001;ISO/IEC 27001 Information Security Management Standard 2022
azure;ISO (the International Organization for Standardization) and IEC (the International Electrotechnical Commission) form the specialized system for worldwide standardization. National bodies that are members of ISO or IEC participate in the development of International Standards through technical committees established by the respective organization to deal with particular fields of technical activity. ISO and IEC technical committees collaborate in fields of mutual interest. Other international organizations, governmental and non-governmental, in liaison with ISO and IEC, also take part in the work.;7e3283a3-d466-4e6f-95b1-543eec016e08;centralus;2026-07-02 19:32:49.149800;A.8.20;Network Security;Networks and network devices should be secured, managed and controlled to protect information in systems and applications.;A.8 Technological controls;A.8.20;Network Security;Networks and network devices should be secured, managed and controlled to protect information in systems and applications.;PASS;Security Group nsg-web-cloudguardian-lab from subscription Azure subscription 1 (7e3283a3-d466-4e6f-95b1-543eec016e08) has RDP internet access restricted.;/subscriptions/7e3283a3-d466-4e6f-95b1-543eec016e08/resourceGroups/rg-cloudguardian-lab/providers/Microsoft.Network/networkSecurityGroups/nsg-web-cloudguardian-lab;network_rdp_internet_access_restricted;False;nsg-web-cloudguardian-lab;ISO27001;ISO/IEC 27001 Information Security Management Standard 2022
azure;ISO (the International Organization for Standardization) and IEC (the International Electrotechnical Commission) form the specialized system for worldwide standardization. National bodies that are members of ISO or IEC participate in the development of International Standards through technical committees established by the respective organization to deal with particular fields of technical activity. ISO and IEC technical committees collaborate in fields of mutual interest. Other international organizations, governmental and non-governmental, in liaison with ISO and IEC, also take part in the work.;7e3283a3-d466-4e6f-95b1-543eec016e08;centralus;2026-07-02 19:32:49.149800;A.8.21;Security of Network Services;Security mechanisms, service levels and service requirements of network services should be identified, implemented and monitored.;A.8 Technological controls;A.8.21;Security of Network Services;Security mechanisms, service levels and service requirements of network services should be identified, implemented and monitored.;PASS;Security Group nsg-web-cloudguardian-lab from subscription Azure subscription 1 (7e3283a3-d466-4e6f-95b1-543eec016e08) has RDP internet access restricted.;/subscriptions/7e3283a3-d466-4e6f-95b1-543eec016e08/resourceGroups/rg-cloudguardian-lab/providers/Microsoft.Network/networkSecurityGroups/nsg-web-cloudguardian-lab;network_rdp_internet_access_restricted;False;nsg-web-cloudguardian-lab;ISO27001;ISO/IEC 27001 Information Security Management Standard 2022
azure;ISO (the International Organization for Standardization) and IEC (the International Electrotechnical Commission) form the specialized system for worldwide standardization. National bodies that are members of ISO or IEC participate in the development of International Standards through technical committees established by the respective organization to deal with particular fields of technical activity. ISO and IEC technical committees collaborate in fields of mutual interest. Other international organizations, governmental and non-governmental, in liaison with ISO and IEC, also take part in the work.;7e3283a3-d466-4e6f-95b1-543eec016e08;centralus;2026-07-02 19:32:49.149800;A.8.22;Segregation of Networks;Security mechanisms, service levels and service requirements of network services should be identified, implemented and monitored.;A.8 Technological controls;A.8.22;Segregation of Networks;Security mechanisms, service levels and service requirements of network services should be identified, implemented and monitored.;PASS;Security Group nsg-web-cloudguardian-lab from subscription Azure subscription 1 (7e3283a3-d466-4e6f-95b1-543eec016e08) has RDP internet access restricted.;/subscriptions/7e3283a3-d466-4e6f-95b1-543eec016e08/resourceGroups/rg-cloudguardian-lab/providers/Microsoft.Network/networkSecurityGroups/nsg-web-cloudguardian-lab;network_rdp_internet_access_restricted;False;nsg-web-cloudguardian-lab;ISO27001;ISO/IEC 27001 Information Security Management Standard 2022
azure;ISO (the International Organization for Standardization) and IEC (the International Electrotechnical Commission) form the specialized system for worldwide standardization. National bodies that are members of ISO or IEC participate in the development of International Standards through technical committees established by the respective organization to deal with particular fields of technical activity. ISO and IEC technical committees collaborate in fields of mutual interest. Other international organizations, governmental and non-governmental, in liaison with ISO and IEC, also take part in the work.;7e3283a3-d466-4e6f-95b1-543eec016e08;centralus;2026-07-02 19:32:49.149800;A.8.14;Redundancy of information processing facilities;Information processing facilities should be implemented with redundancy sufficient to meet availability;A.8 Technological controls;A.8.14;Redundancy of information processing facilities;Information processing facilities should be implemented with redundancy sufficient to meet availability;FAIL;Security Group nsg-web-cloudguardian-lab from subscription Azure subscription 1 (7e3283a3-d466-4e6f-95b1-543eec016e08) has SSH internet access allowed.;/subscriptions/7e3283a3-d466-4e6f-95b1-543eec016e08/resourceGroups/rg-cloudguardian-lab/providers/Microsoft.Network/networkSecurityGroups/nsg-web-cloudguardian-lab;network_ssh_internet_access_restricted;False;nsg-web-cloudguardian-lab;ISO27001;ISO/IEC 27001 Information Security Management Standard 2022
azure;ISO (the International Organization for Standardization) and IEC (the International Electrotechnical Commission) form the specialized system for worldwide standardization. National bodies that are members of ISO or IEC participate in the development of International Standards through technical committees established by the respective organization to deal with particular fields of technical activity. ISO and IEC technical committees collaborate in fields of mutual interest. Other international organizations, governmental and non-governmental, in liaison with ISO and IEC, also take part in the work.;7e3283a3-d466-4e6f-95b1-543eec016e08;centralus;2026-07-02 19:32:49.149800;A.8.20;Network Security;Networks and network devices should be secured, managed and controlled to protect information in systems and applications.;A.8 Technological controls;A.8.20;Network Security;Networks and network devices should be secured, managed and controlled to protect information in systems and applications.;FAIL;Security Group nsg-web-cloudguardian-lab from subscription Azure subscription 1 (7e3283a3-d466-4e6f-95b1-543eec016e08) has SSH internet access allowed.;/subscriptions/7e3283a3-d466-4e6f-95b1-543eec016e08/resourceGroups/rg-cloudguardian-lab/providers/Microsoft.Network/networkSecurityGroups/nsg-web-cloudguardian-lab;network_ssh_internet_access_restricted;False;nsg-web-cloudguardian-lab;ISO27001;ISO/IEC 27001 Information Security Management Standard 2022
azure;ISO (the International Organization for Standardization) and IEC (the International Electrotechnical Commission) form the specialized system for worldwide standardization. National bodies that are members of ISO or IEC participate in the development of International Standards through technical committees established by the respective organization to deal with particular fields of technical activity. ISO and IEC technical committees collaborate in fields of mutual interest. Other international organizations, governmental and non-governmental, in liaison with ISO and IEC, also take part in the work.;7e3283a3-d466-4e6f-95b1-543eec016e08;centralus;2026-07-02 19:32:49.149800;A.8.21;Security of Network Services;Security mechanisms, service levels and service requirements of network services should be identified, implemented and monitored.;A.8 Technological controls;A.8.21;Security of Network Services;Security mechanisms, service levels and service requirements of network services should be identified, implemented and monitored.;FAIL;Security Group nsg-web-cloudguardian-lab from subscription Azure subscription 1 (7e3283a3-d466-4e6f-95b1-543eec016e08) has SSH internet access allowed.;/subscriptions/7e3283a3-d466-4e6f-95b1-543eec016e08/resourceGroups/rg-cloudguardian-lab/providers/Microsoft.Network/networkSecurityGroups/nsg-web-cloudguardian-lab;network_ssh_internet_access_restricted;False;nsg-web-cloudguardian-lab;ISO27001;ISO/IEC 27001 Information Security Management Standard 2022
azure;ISO (the International Organization for Standardization) and IEC (the International Electrotechnical Commission) form the specialized system for worldwide standardization. National bodies that are members of ISO or IEC participate in the development of International Standards through technical committees established by the respective organization to deal with particular fields of technical activity. ISO and IEC technical committees collaborate in fields of mutual interest. Other international organizations, governmental and non-governmental, in liaison with ISO and IEC, also take part in the work.;7e3283a3-d466-4e6f-95b1-543eec016e08;centralus;2026-07-02 19:32:49.149800;A.8.22;Segregation of Networks;Security mechanisms, service levels and service requirements of network services should be identified, implemented and monitored.;A.8 Technological controls;A.8.22;Segregation of Networks;Security mechanisms, service levels and service requirements of network services should be identified, implemented and monitored.;FAIL;Security Group nsg-web-cloudguardian-lab from subscription Azure subscription 1 (7e3283a3-d466-4e6f-95b1-543eec016e08) has SSH internet access allowed.;/subscriptions/7e3283a3-d466-4e6f-95b1-543eec016e08/resourceGroups/rg-cloudguardian-lab/providers/Microsoft.Network/networkSecurityGroups/nsg-web-cloudguardian-lab;network_ssh_internet_access_restricted;False;nsg-web-cloudguardian-lab;ISO27001;ISO/IEC 27001 Information Security Management Standard 2022
azure;ISO (the International Organization for Standardization) and IEC (the International Electrotechnical Commission) form the specialized system for worldwide standardization. National bodies that are members of ISO or IEC participate in the development of International Standards through technical committees established by the respective organization to deal with particular fields of technical activity. ISO and IEC technical committees collaborate in fields of mutual interest. Other international organizations, governmental and non-governmental, in liaison with ISO and IEC, also take part in the work.;7e3283a3-d466-4e6f-95b1-543eec016e08;centralus;2026-07-02 19:32:49.149800;A.8.20;Network Security;Networks and network devices should be secured, managed and controlled to protect information in systems and applications.;A.8 Technological controls;A.8.20;Network Security;Networks and network devices should be secured, managed and controlled to protect information in systems and applications.;FAIL;Subnet 'snet-data-cloudguardian-lab' in VNet 'vnet-cloudguardian-lab' does not have an NSG associated.;/subscriptions/7e3283a3-d466-4e6f-95b1-543eec016e08/resourceGroups/rg-cloudguardian-lab/providers/Microsoft.Network/virtualNetworks/vnet-cloudguardian-lab/subnets/snet-data-cloudguardian-lab;network_subnet_nsg_associated;False;vnet-cloudguardian-lab/snet-data-cloudguardian-lab;ISO27001;ISO/IEC 27001 Information Security Management Standard 2022
azure;ISO (the International Organization for Standardization) and IEC (the International Electrotechnical Commission) form the specialized system for worldwide standardization. National bodies that are members of ISO or IEC participate in the development of International Standards through technical committees established by the respective organization to deal with particular fields of technical activity. ISO and IEC technical committees collaborate in fields of mutual interest. Other international organizations, governmental and non-governmental, in liaison with ISO and IEC, also take part in the work.;7e3283a3-d466-4e6f-95b1-543eec016e08;centralus;2026-07-02 19:32:49.149800;A.8.22;Segregation of Networks;Security mechanisms, service levels and service requirements of network services should be identified, implemented and monitored.;A.8 Technological controls;A.8.22;Segregation of Networks;Security mechanisms, service levels and service requirements of network services should be identified, implemented and monitored.;FAIL;Subnet 'snet-data-cloudguardian-lab' in VNet 'vnet-cloudguardian-lab' does not have an NSG associated.;/subscriptions/7e3283a3-d466-4e6f-95b1-543eec016e08/resourceGroups/rg-cloudguardian-lab/providers/Microsoft.Network/virtualNetworks/vnet-cloudguardian-lab/subnets/snet-data-cloudguardian-lab;network_subnet_nsg_associated;False;vnet-cloudguardian-lab/snet-data-cloudguardian-lab;ISO27001;ISO/IEC 27001 Information Security Management Standard 2022
azure;ISO (the International Organization for Standardization) and IEC (the International Electrotechnical Commission) form the specialized system for worldwide standardization. National bodies that are members of ISO or IEC participate in the development of International Standards through technical committees established by the respective organization to deal with particular fields of technical activity. ISO and IEC technical committees collaborate in fields of mutual interest. Other international organizations, governmental and non-governmental, in liaison with ISO and IEC, also take part in the work.;7e3283a3-d466-4e6f-95b1-543eec016e08;centralus;2026-07-02 19:32:49.149800;A.8.20;Network Security;Networks and network devices should be secured, managed and controlled to protect information in systems and applications.;A.8 Technological controls;A.8.20;Network Security;Networks and network devices should be secured, managed and controlled to protect information in systems and applications.;FAIL;Subnet 'snet-web-cloudguardian-lab' in VNet 'vnet-cloudguardian-lab' does not have an NSG associated.;/subscriptions/7e3283a3-d466-4e6f-95b1-543eec016e08/resourceGroups/rg-cloudguardian-lab/providers/Microsoft.Network/virtualNetworks/vnet-cloudguardian-lab/subnets/snet-web-cloudguardian-lab;network_subnet_nsg_associated;False;vnet-cloudguardian-lab/snet-web-cloudguardian-lab;ISO27001;ISO/IEC 27001 Information Security Management Standard 2022
azure;ISO (the International Organization for Standardization) and IEC (the International Electrotechnical Commission) form the specialized system for worldwide standardization. National bodies that are members of ISO or IEC participate in the development of International Standards through technical committees established by the respective organization to deal with particular fields of technical activity. ISO and IEC technical committees collaborate in fields of mutual interest. Other international organizations, governmental and non-governmental, in liaison with ISO and IEC, also take part in the work.;7e3283a3-d466-4e6f-95b1-543eec016e08;centralus;2026-07-02 19:32:49.149800;A.8.22;Segregation of Networks;Security mechanisms, service levels and service requirements of network services should be identified, implemented and monitored.;A.8 Technological controls;A.8.22;Segregation of Networks;Security mechanisms, service levels and service requirements of network services should be identified, implemented and monitored.;FAIL;Subnet 'snet-web-cloudguardian-lab' in VNet 'vnet-cloudguardian-lab' does not have an NSG associated.;/subscriptions/7e3283a3-d466-4e6f-95b1-543eec016e08/resourceGroups/rg-cloudguardian-lab/providers/Microsoft.Network/virtualNetworks/vnet-cloudguardian-lab/subnets/snet-web-cloudguardian-lab;network_subnet_nsg_associated;False;vnet-cloudguardian-lab/snet-web-cloudguardian-lab;ISO27001;ISO/IEC 27001 Information Security Management Standard 2022
azure;ISO (the International Organization for Standardization) and IEC (the International Electrotechnical Commission) form the specialized system for worldwide standardization. National bodies that are members of ISO or IEC participate in the development of International Standards through technical committees established by the respective organization to deal with particular fields of technical activity. ISO and IEC technical committees collaborate in fields of mutual interest. Other international organizations, governmental and non-governmental, in liaison with ISO and IEC, also take part in the work.;7e3283a3-d466-4e6f-95b1-543eec016e08;centralus;2026-07-02 19:32:49.149800;A.8.14;Redundancy of information processing facilities;Information processing facilities should be implemented with redundancy sufficient to meet availability;A.8 Technological controls;A.8.14;Redundancy of information processing facilities;Information processing facilities should be implemented with redundancy sufficient to meet availability;PASS;Security Group nsg-web-cloudguardian-lab from subscription Azure subscription 1 (7e3283a3-d466-4e6f-95b1-543eec016e08) has UDP internet access restricted.;/subscriptions/7e3283a3-d466-4e6f-95b1-543eec016e08/resourceGroups/rg-cloudguardian-lab/providers/Microsoft.Network/networkSecurityGroups/nsg-web-cloudguardian-lab;network_udp_internet_access_restricted;False;nsg-web-cloudguardian-lab;ISO27001;ISO/IEC 27001 Information Security Management Standard 2022
azure;ISO (the International Organization for Standardization) and IEC (the International Electrotechnical Commission) form the specialized system for worldwide standardization. National bodies that are members of ISO or IEC participate in the development of International Standards through technical committees established by the respective organization to deal with particular fields of technical activity. ISO and IEC technical committees collaborate in fields of mutual interest. Other international organizations, governmental and non-governmental, in liaison with ISO and IEC, also take part in the work.;7e3283a3-d466-4e6f-95b1-543eec016e08;centralus;2026-07-02 19:32:49.149800;A.8.20;Network Security;Networks and network devices should be secured, managed and controlled to protect information in systems and applications.;A.8 Technological controls;A.8.20;Network Security;Networks and network devices should be secured, managed and controlled to protect information in systems and applications.;PASS;Security Group nsg-web-cloudguardian-lab from subscription Azure subscription 1 (7e3283a3-d466-4e6f-95b1-543eec016e08) has UDP internet access restricted.;/subscriptions/7e3283a3-d466-4e6f-95b1-543eec016e08/resourceGroups/rg-cloudguardian-lab/providers/Microsoft.Network/networkSecurityGroups/nsg-web-cloudguardian-lab;network_udp_internet_access_restricted;False;nsg-web-cloudguardian-lab;ISO27001;ISO/IEC 27001 Information Security Management Standard 2022
azure;ISO (the International Organization for Standardization) and IEC (the International Electrotechnical Commission) form the specialized system for worldwide standardization. National bodies that are members of ISO or IEC participate in the development of International Standards through technical committees established by the respective organization to deal with particular fields of technical activity. ISO and IEC technical committees collaborate in fields of mutual interest. Other international organizations, governmental and non-governmental, in liaison with ISO and IEC, also take part in the work.;7e3283a3-d466-4e6f-95b1-543eec016e08;centralus;2026-07-02 19:32:49.149800;A.8.21;Security of Network Services;Security mechanisms, service levels and service requirements of network services should be identified, implemented and monitored.;A.8 Technological controls;A.8.21;Security of Network Services;Security mechanisms, service levels and service requirements of network services should be identified, implemented and monitored.;PASS;Security Group nsg-web-cloudguardian-lab from subscription Azure subscription 1 (7e3283a3-d466-4e6f-95b1-543eec016e08) has UDP internet access restricted.;/subscriptions/7e3283a3-d466-4e6f-95b1-543eec016e08/resourceGroups/rg-cloudguardian-lab/providers/Microsoft.Network/networkSecurityGroups/nsg-web-cloudguardian-lab;network_udp_internet_access_restricted;False;nsg-web-cloudguardian-lab;ISO27001;ISO/IEC 27001 Information Security Management Standard 2022
azure;ISO (the International Organization for Standardization) and IEC (the International Electrotechnical Commission) form the specialized system for worldwide standardization. National bodies that are members of ISO or IEC participate in the development of International Standards through technical committees established by the respective organization to deal with particular fields of technical activity. ISO and IEC technical committees collaborate in fields of mutual interest. Other international organizations, governmental and non-governmental, in liaison with ISO and IEC, also take part in the work.;7e3283a3-d466-4e6f-95b1-543eec016e08;centralus;2026-07-02 19:32:49.149800;A.8.22;Segregation of Networks;Security mechanisms, service levels and service requirements of network services should be identified, implemented and monitored.;A.8 Technological controls;A.8.22;Segregation of Networks;Security mechanisms, service levels and service requirements of network services should be identified, implemented and monitored.;PASS;Security Group nsg-web-cloudguardian-lab from subscription Azure subscription 1 (7e3283a3-d466-4e6f-95b1-543eec016e08) has UDP internet access restricted.;/subscriptions/7e3283a3-d466-4e6f-95b1-543eec016e08/resourceGroups/rg-cloudguardian-lab/providers/Microsoft.Network/networkSecurityGroups/nsg-web-cloudguardian-lab;network_udp_internet_access_restricted;False;nsg-web-cloudguardian-lab;ISO27001;ISO/IEC 27001 Information Security Management Standard 2022
azure;ISO (the International Organization for Standardization) and IEC (the International Electrotechnical Commission) form the specialized system for worldwide standardization. National bodies that are members of ISO or IEC participate in the development of International Standards through technical committees established by the respective organization to deal with particular fields of technical activity. ISO and IEC technical committees collaborate in fields of mutual interest. Other international organizations, governmental and non-governmental, in liaison with ISO and IEC, also take part in the work.;7e3283a3-d466-4e6f-95b1-543eec016e08;centralus;2026-07-02 19:32:49.149800;A.8.20;Network Security;Networks and network devices should be secured, managed and controlled to protect information in systems and applications.;A.8 Technological controls;A.8.20;Network Security;Networks and network devices should be secured, managed and controlled to protect information in systems and applications.;FAIL;Virtual network 'vnet-cloudguardian-lab' does not have DDoS protection enabled.;/subscriptions/7e3283a3-d466-4e6f-95b1-543eec016e08/resourceGroups/rg-cloudguardian-lab/providers/Microsoft.Network/virtualNetworks/vnet-cloudguardian-lab;network_vnet_ddos_protection_enabled;False;vnet-cloudguardian-lab;ISO27001;ISO/IEC 27001 Information Security Management Standard 2022
azure;ISO (the International Organization for Standardization) and IEC (the International Electrotechnical Commission) form the specialized system for worldwide standardization. National bodies that are members of ISO or IEC participate in the development of International Standards through technical committees established by the respective organization to deal with particular fields of technical activity. ISO and IEC technical committees collaborate in fields of mutual interest. Other international organizations, governmental and non-governmental, in liaison with ISO and IEC, also take part in the work.;7e3283a3-d466-4e6f-95b1-543eec016e08;global;2026-07-02 19:32:49.149800;A.8.14;Redundancy of information processing facilities;Information processing facilities should be implemented with redundancy sufficient to meet availability;A.8 Technological controls;A.8.14;Redundancy of information processing facilities;Information processing facilities should be implemented with redundancy sufficient to meet availability;FAIL;Network Watcher is not enabled for the following locations in subscription 'Azure subscription 1 (7e3283a3-d466-4e6f-95b1-543eec016e08)': belgiumcentral, westeurope, germanynorth, southeastasia, chilecentral, indonesiacentral, southindia, jioindiacentral, centralindia, polandcentral, uaenorth, italynorth, westus2, westindia, australiacentral, ukwest, francecentral, germanywestcentral, spaincentral, malaysiawest, australiasoutheast, canadaeast, jioindiawest, eastasia, japaneast, francesouth, southafricawest, northeurope, northcentralus, mexicocentral, southcentralus, uksouth, westus3, koreacentral, austriaeast, israelcentral, qatarcentral, switzerlandnorth, westcentralus, uaecentral, norwayeast, southafricanorth, newzealandnorth, canadacentral, westus, australiaeast, swedencentral, japanwest, switzerlandwest, eastus2, denmarkeast, australiacentral2, koreasouth, brazilsouth, norwaywest, brazilsoutheast.;/subscriptions/7e3283a3-d466-4e6f-95b1-543eec016e08;network_watcher_enabled;False;7e3283a3-d466-4e6f-95b1-543eec016e08;ISO27001;ISO/IEC 27001 Information Security Management Standard 2022
azure;ISO (the International Organization for Standardization) and IEC (the International Electrotechnical Commission) form the specialized system for worldwide standardization. National bodies that are members of ISO or IEC participate in the development of International Standards through technical committees established by the respective organization to deal with particular fields of technical activity. ISO and IEC technical committees collaborate in fields of mutual interest. Other international organizations, governmental and non-governmental, in liaison with ISO and IEC, also take part in the work.;7e3283a3-d466-4e6f-95b1-543eec016e08;global;2026-07-02 19:32:49.149800;A.8.20;Network Security;Networks and network devices should be secured, managed and controlled to protect information in systems and applications.;A.8 Technological controls;A.8.20;Network Security;Networks and network devices should be secured, managed and controlled to protect information in systems and applications.;FAIL;Network Watcher is not enabled for the following locations in subscription 'Azure subscription 1 (7e3283a3-d466-4e6f-95b1-543eec016e08)': belgiumcentral, westeurope, germanynorth, southeastasia, chilecentral, indonesiacentral, southindia, jioindiacentral, centralindia, polandcentral, uaenorth, italynorth, westus2, westindia, australiacentral, ukwest, francecentral, germanywestcentral, spaincentral, malaysiawest, australiasoutheast, canadaeast, jioindiawest, eastasia, japaneast, francesouth, southafricawest, northeurope, northcentralus, mexicocentral, southcentralus, uksouth, westus3, koreacentral, austriaeast, israelcentral, qatarcentral, switzerlandnorth, westcentralus, uaecentral, norwayeast, southafricanorth, newzealandnorth, canadacentral, westus, australiaeast, swedencentral, japanwest, switzerlandwest, eastus2, denmarkeast, australiacentral2, koreasouth, brazilsouth, norwaywest, brazilsoutheast.;/subscriptions/7e3283a3-d466-4e6f-95b1-543eec016e08;network_watcher_enabled;False;7e3283a3-d466-4e6f-95b1-543eec016e08;ISO27001;ISO/IEC 27001 Information Security Management Standard 2022
azure;ISO (the International Organization for Standardization) and IEC (the International Electrotechnical Commission) form the specialized system for worldwide standardization. National bodies that are members of ISO or IEC participate in the development of International Standards through technical committees established by the respective organization to deal with particular fields of technical activity. ISO and IEC technical committees collaborate in fields of mutual interest. Other international organizations, governmental and non-governmental, in liaison with ISO and IEC, also take part in the work.;7e3283a3-d466-4e6f-95b1-543eec016e08;global;2026-07-02 19:32:49.149800;A.8.21;Security of Network Services;Security mechanisms, service levels and service requirements of network services should be identified, implemented and monitored.;A.8 Technological controls;A.8.21;Security of Network Services;Security mechanisms, service levels and service requirements of network services should be identified, implemented and monitored.;FAIL;Network Watcher is not enabled for the following locations in subscription 'Azure subscription 1 (7e3283a3-d466-4e6f-95b1-543eec016e08)': belgiumcentral, westeurope, germanynorth, southeastasia, chilecentral, indonesiacentral, southindia, jioindiacentral, centralindia, polandcentral, uaenorth, italynorth, westus2, westindia, australiacentral, ukwest, francecentral, germanywestcentral, spaincentral, malaysiawest, australiasoutheast, canadaeast, jioindiawest, eastasia, japaneast, francesouth, southafricawest, northeurope, northcentralus, mexicocentral, southcentralus, uksouth, westus3, koreacentral, austriaeast, israelcentral, qatarcentral, switzerlandnorth, westcentralus, uaecentral, norwayeast, southafricanorth, newzealandnorth, canadacentral, westus, australiaeast, swedencentral, japanwest, switzerlandwest, eastus2, denmarkeast, australiacentral2, koreasouth, brazilsouth, norwaywest, brazilsoutheast.;/subscriptions/7e3283a3-d466-4e6f-95b1-543eec016e08;network_watcher_enabled;False;7e3283a3-d466-4e6f-95b1-543eec016e08;ISO27001;ISO/IEC 27001 Information Security Management Standard 2022
azure;ISO (the International Organization for Standardization) and IEC (the International Electrotechnical Commission) form the specialized system for worldwide standardization. National bodies that are members of ISO or IEC participate in the development of International Standards through technical committees established by the respective organization to deal with particular fields of technical activity. ISO and IEC technical committees collaborate in fields of mutual interest. Other international organizations, governmental and non-governmental, in liaison with ISO and IEC, also take part in the work.;7e3283a3-d466-4e6f-95b1-543eec016e08;global;2026-07-02 19:32:49.149800;A.8.22;Segregation of Networks;Security mechanisms, service levels and service requirements of network services should be identified, implemented and monitored.;A.8 Technological controls;A.8.22;Segregation of Networks;Security mechanisms, service levels and service requirements of network services should be identified, implemented and monitored.;FAIL;Network Watcher is not enabled for the following locations in subscription 'Azure subscription 1 (7e3283a3-d466-4e6f-95b1-543eec016e08)': belgiumcentral, westeurope, germanynorth, southeastasia, chilecentral, indonesiacentral, southindia, jioindiacentral, centralindia, polandcentral, uaenorth, italynorth, westus2, westindia, australiacentral, ukwest, francecentral, germanywestcentral, spaincentral, malaysiawest, australiasoutheast, canadaeast, jioindiawest, eastasia, japaneast, francesouth, southafricawest, northeurope, northcentralus, mexicocentral, southcentralus, uksouth, westus3, koreacentral, austriaeast, israelcentral, qatarcentral, switzerlandnorth, westcentralus, uaecentral, norwayeast, southafricanorth, newzealandnorth, canadacentral, westus, australiaeast, swedencentral, japanwest, switzerlandwest, eastus2, denmarkeast, australiacentral2, koreasouth, brazilsouth, norwaywest, brazilsoutheast.;/subscriptions/7e3283a3-d466-4e6f-95b1-543eec016e08;network_watcher_enabled;False;7e3283a3-d466-4e6f-95b1-543eec016e08;ISO27001;ISO/IEC 27001 Information Security Management Standard 2022
azure;ISO (the International Organization for Standardization) and IEC (the International Electrotechnical Commission) form the specialized system for worldwide standardization. National bodies that are members of ISO or IEC participate in the development of International Standards through technical committees established by the respective organization to deal with particular fields of technical activity. ISO and IEC technical committees collaborate in fields of mutual interest. Other international organizations, governmental and non-governmental, in liaison with ISO and IEC, also take part in the work.;7e3283a3-d466-4e6f-95b1-543eec016e08;global;2026-07-02 19:32:49.149800;A.5.1;Policies for information security;Information security policy and topic-specific policies should be defined, approved by management, published, communicated to and acknowledged by relevant personnel and relevant interested parties, and reviewed at planned intervals and if significant changes occur.;A.5 Organizational controls;A.5.1;Policies for information security;Information security policy and topic-specific policies should be defined, approved by management, published, communicated to and acknowledged by relevant personnel and relevant interested parties, and reviewed at planned intervals and if significant changes occur.;PASS;Policy assigment '/subscriptions/7e3283a3-d466-4e6f-95b1-543eec016e08/providers/Microsoft.Authorization/policyAssignments/SecurityCenterBuiltIn' from subscription Azure subscription 1 (7e3283a3-d466-4e6f-95b1-543eec016e08) is configured with enforcement mode 'Default'.;/subscriptions/7e3283a3-d466-4e6f-95b1-543eec016e08/providers/Microsoft.Authorization/policyAssignments/SecurityCenterBuiltIn;policy_ensure_asc_enforcement_enabled;False;SecurityCenterBuiltIn;ISO27001;ISO/IEC 27001 Information Security Management Standard 2022
azure;ISO (the International Organization for Standardization) and IEC (the International Electrotechnical Commission) form the specialized system for worldwide standardization. National bodies that are members of ISO or IEC participate in the development of International Standards through technical committees established by the respective organization to deal with particular fields of technical activity. ISO and IEC technical committees collaborate in fields of mutual interest. Other international organizations, governmental and non-governmental, in liaison with ISO and IEC, also take part in the work.;7e3283a3-d466-4e6f-95b1-543eec016e08;centralus;2026-07-02 19:32:49.149800;A.8.12;Data Leakage Prevention;Data leakage prevention measures should be applied to systems, networks and any other devices that process, store or transmit sensitive information.;A.8 Technological controls;A.8.12;Data Leakage Prevention;Data leakage prevention measures should be applied to systems, networks and any other devices that process, store or transmit sensitive information.;FAIL;SQL Server sql-cloudguardian-lab-ocdhx from subscription Azure subscription 1 (7e3283a3-d466-4e6f-95b1-543eec016e08) has TDE disabled without CMK.;/subscriptions/7e3283a3-d466-4e6f-95b1-543eec016e08/resourceGroups/rg-cloudguardian-lab/providers/Microsoft.Sql/servers/sql-cloudguardian-lab-ocdhx;sqlserver_tde_encrypted_with_cmk;False;sql-cloudguardian-lab-ocdhx;ISO27001;ISO/IEC 27001 Information Security Management Standard 2022
azure;ISO (the International Organization for Standardization) and IEC (the International Electrotechnical Commission) form the specialized system for worldwide standardization. National bodies that are members of ISO or IEC participate in the development of International Standards through technical committees established by the respective organization to deal with particular fields of technical activity. ISO and IEC technical committees collaborate in fields of mutual interest. Other international organizations, governmental and non-governmental, in liaison with ISO and IEC, also take part in the work.;7e3283a3-d466-4e6f-95b1-543eec016e08;centralus;2026-07-02 19:32:49.149800;A.8.24;Use of Cryptography;Rules for the effective use of cryptography, including cryptographic key management, should be defined and implemented.;A.8 Technological controls;A.8.24;Use of Cryptography;Rules for the effective use of cryptography, including cryptographic key management, should be defined and implemented.;FAIL;SQL Server sql-cloudguardian-lab-ocdhx from subscription Azure subscription 1 (7e3283a3-d466-4e6f-95b1-543eec016e08) has TDE disabled without CMK.;/subscriptions/7e3283a3-d466-4e6f-95b1-543eec016e08/resourceGroups/rg-cloudguardian-lab/providers/Microsoft.Sql/servers/sql-cloudguardian-lab-ocdhx;sqlserver_tde_encrypted_with_cmk;False;sql-cloudguardian-lab-ocdhx;ISO27001;ISO/IEC 27001 Information Security Management Standard 2022
azure;ISO (the International Organization for Standardization) and IEC (the International Electrotechnical Commission) form the specialized system for worldwide standardization. National bodies that are members of ISO or IEC participate in the development of International Standards through technical committees established by the respective organization to deal with particular fields of technical activity. ISO and IEC technical committees collaborate in fields of mutual interest. Other international organizations, governmental and non-governmental, in liaison with ISO and IEC, also take part in the work.;7e3283a3-d466-4e6f-95b1-543eec016e08;centralus;2026-07-02 19:32:49.149800;A.8.5;Secure Authentication;Secure authentication technologies and procedures should be implemented based on information access restrictions and the topic-specific policy on access control.;A.8 Technological controls;A.8.5;Secure Authentication;Secure authentication technologies and procedures should be implemented based on information access restrictions and the topic-specific policy on access control.;PASS;Database sqldb-cloudguardian-lab from SQL Server sql-cloudguardian-lab-ocdhx from subscription Azure subscription 1 (7e3283a3-d466-4e6f-95b1-543eec016e08) has TDE enabled;/subscriptions/7e3283a3-d466-4e6f-95b1-543eec016e08/resourceGroups/rg-cloudguardian-lab/providers/Microsoft.Sql/servers/sql-cloudguardian-lab-ocdhx/databases/sqldb-cloudguardian-lab;sqlserver_tde_encryption_enabled;False;sqldb-cloudguardian-lab;ISO27001;ISO/IEC 27001 Information Security Management Standard 2022
azure;ISO (the International Organization for Standardization) and IEC (the International Electrotechnical Commission) form the specialized system for worldwide standardization. National bodies that are members of ISO or IEC participate in the development of International Standards through technical committees established by the respective organization to deal with particular fields of technical activity. ISO and IEC technical committees collaborate in fields of mutual interest. Other international organizations, governmental and non-governmental, in liaison with ISO and IEC, also take part in the work.;7e3283a3-d466-4e6f-95b1-543eec016e08;centralus;2026-07-02 19:32:49.149800;A.8.12;Data Leakage Prevention;Data leakage prevention measures should be applied to systems, networks and any other devices that process, store or transmit sensitive information.;A.8 Technological controls;A.8.12;Data Leakage Prevention;Data leakage prevention measures should be applied to systems, networks and any other devices that process, store or transmit sensitive information.;PASS;Database sqldb-cloudguardian-lab from SQL Server sql-cloudguardian-lab-ocdhx from subscription Azure subscription 1 (7e3283a3-d466-4e6f-95b1-543eec016e08) has TDE enabled;/subscriptions/7e3283a3-d466-4e6f-95b1-543eec016e08/resourceGroups/rg-cloudguardian-lab/providers/Microsoft.Sql/servers/sql-cloudguardian-lab-ocdhx/databases/sqldb-cloudguardian-lab;sqlserver_tde_encryption_enabled;False;sqldb-cloudguardian-lab;ISO27001;ISO/IEC 27001 Information Security Management Standard 2022
azure;ISO (the International Organization for Standardization) and IEC (the International Electrotechnical Commission) form the specialized system for worldwide standardization. National bodies that are members of ISO or IEC participate in the development of International Standards through technical committees established by the respective organization to deal with particular fields of technical activity. ISO and IEC technical committees collaborate in fields of mutual interest. Other international organizations, governmental and non-governmental, in liaison with ISO and IEC, also take part in the work.;7e3283a3-d466-4e6f-95b1-543eec016e08;centralus;2026-07-02 19:32:49.149800;A.8.24;Use of Cryptography;Rules for the effective use of cryptography, including cryptographic key management, should be defined and implemented.;A.8 Technological controls;A.8.24;Use of Cryptography;Rules for the effective use of cryptography, including cryptographic key management, should be defined and implemented.;PASS;Database sqldb-cloudguardian-lab from SQL Server sql-cloudguardian-lab-ocdhx from subscription Azure subscription 1 (7e3283a3-d466-4e6f-95b1-543eec016e08) has TDE enabled;/subscriptions/7e3283a3-d466-4e6f-95b1-543eec016e08/resourceGroups/rg-cloudguardian-lab/providers/Microsoft.Sql/servers/sql-cloudguardian-lab-ocdhx/databases/sqldb-cloudguardian-lab;sqlserver_tde_encryption_enabled;False;sqldb-cloudguardian-lab;ISO27001;ISO/IEC 27001 Information Security Management Standard 2022
azure;ISO (the International Organization for Standardization) and IEC (the International Electrotechnical Commission) form the specialized system for worldwide standardization. National bodies that are members of ISO or IEC participate in the development of International Standards through technical committees established by the respective organization to deal with particular fields of technical activity. ISO and IEC technical committees collaborate in fields of mutual interest. Other international organizations, governmental and non-governmental, in liaison with ISO and IEC, also take part in the work.;7e3283a3-d466-4e6f-95b1-543eec016e08;centralus;2026-07-02 19:32:49.149800;A.8.1;User Endpoint Devices;Information stored on, processed by or accessible via user endpoint devices should be protected.;A.8 Technological controls;A.8.1;User Endpoint Devices;Information stored on, processed by or accessible via user endpoint devices should be protected.;FAIL;Storage account stcloudguardianlabocdhx from subscription Azure subscription 1 (7e3283a3-d466-4e6f-95b1-543eec016e08) has allow blob public access enabled.;/subscriptions/7e3283a3-d466-4e6f-95b1-543eec016e08/resourceGroups/rg-cloudguardian-lab/providers/Microsoft.Storage/storageAccounts/stcloudguardianlabocdhx;storage_blob_public_access_level_is_disabled;False;stcloudguardianlabocdhx;ISO27001;ISO/IEC 27001 Information Security Management Standard 2022
azure;ISO (the International Organization for Standardization) and IEC (the International Electrotechnical Commission) form the specialized system for worldwide standardization. National bodies that are members of ISO or IEC participate in the development of International Standards through technical committees established by the respective organization to deal with particular fields of technical activity. ISO and IEC technical committees collaborate in fields of mutual interest. Other international organizations, governmental and non-governmental, in liaison with ISO and IEC, also take part in the work.;7e3283a3-d466-4e6f-95b1-543eec016e08;centralus;2026-07-02 19:32:49.149800;A.8.3;Information Access Restriction;Access to information and other associated assets should be restricted in accordance with the established topic-specific policy on access control.;A.8 Technological controls;A.8.3;Information Access Restriction;Access to information and other associated assets should be restricted in accordance with the established topic-specific policy on access control.;PASS;Storage account stcloudguardianlabocdhx from subscription Azure subscription 1 (7e3283a3-d466-4e6f-95b1-543eec016e08) allows trusted Microsoft services to access this storage account.;/subscriptions/7e3283a3-d466-4e6f-95b1-543eec016e08/resourceGroups/rg-cloudguardian-lab/providers/Microsoft.Storage/storageAccounts/stcloudguardianlabocdhx;storage_ensure_azure_services_are_trusted_to_access_is_enabled;False;stcloudguardianlabocdhx;ISO27001;ISO/IEC 27001 Information Security Management Standard 2022
azure;ISO (the International Organization for Standardization) and IEC (the International Electrotechnical Commission) form the specialized system for worldwide standardization. National bodies that are members of ISO or IEC participate in the development of International Standards through technical committees established by the respective organization to deal with particular fields of technical activity. ISO and IEC technical committees collaborate in fields of mutual interest. Other international organizations, governmental and non-governmental, in liaison with ISO and IEC, also take part in the work.;7e3283a3-d466-4e6f-95b1-543eec016e08;centralus;2026-07-02 19:32:49.149800;A.8.5;Secure Authentication;Secure authentication technologies and procedures should be implemented based on information access restrictions and the topic-specific policy on access control.;A.8 Technological controls;A.8.5;Secure Authentication;Secure authentication technologies and procedures should be implemented based on information access restrictions and the topic-specific policy on access control.;FAIL;Storage account stcloudguardianlabocdhx from subscription Azure subscription 1 (7e3283a3-d466-4e6f-95b1-543eec016e08) does not encrypt with CMKs.;/subscriptions/7e3283a3-d466-4e6f-95b1-543eec016e08/resourceGroups/rg-cloudguardian-lab/providers/Microsoft.Storage/storageAccounts/stcloudguardianlabocdhx;storage_ensure_encryption_with_customer_managed_keys;False;stcloudguardianlabocdhx;ISO27001;ISO/IEC 27001 Information Security Management Standard 2022
azure;ISO (the International Organization for Standardization) and IEC (the International Electrotechnical Commission) form the specialized system for worldwide standardization. National bodies that are members of ISO or IEC participate in the development of International Standards through technical committees established by the respective organization to deal with particular fields of technical activity. ISO and IEC technical committees collaborate in fields of mutual interest. Other international organizations, governmental and non-governmental, in liaison with ISO and IEC, also take part in the work.;7e3283a3-d466-4e6f-95b1-543eec016e08;centralus;2026-07-02 19:32:49.149800;A.8.11;Data Masking;Data masking should be used in accordance with the organisation’s topic-specific policy on access control and other related topic-specific policies, and business requirements, taking applicable legislation into consideration.;A.8 Technological controls;A.8.11;Data Masking;Data masking should be used in accordance with the organisation’s topic-specific policy on access control and other related topic-specific policies, and business requirements, taking applicable legislation into consideration.;FAIL;Storage account stcloudguardianlabocdhx from subscription Azure subscription 1 (7e3283a3-d466-4e6f-95b1-543eec016e08) does not encrypt with CMKs.;/subscriptions/7e3283a3-d466-4e6f-95b1-543eec016e08/resourceGroups/rg-cloudguardian-lab/providers/Microsoft.Storage/storageAccounts/stcloudguardianlabocdhx;storage_ensure_encryption_with_customer_managed_keys;False;stcloudguardianlabocdhx;ISO27001;ISO/IEC 27001 Information Security Management Standard 2022
azure;ISO (the International Organization for Standardization) and IEC (the International Electrotechnical Commission) form the specialized system for worldwide standardization. National bodies that are members of ISO or IEC participate in the development of International Standards through technical committees established by the respective organization to deal with particular fields of technical activity. ISO and IEC technical committees collaborate in fields of mutual interest. Other international organizations, governmental and non-governmental, in liaison with ISO and IEC, also take part in the work.;7e3283a3-d466-4e6f-95b1-543eec016e08;centralus;2026-07-02 19:32:49.149800;A.8.24;Use of Cryptography;Rules for the effective use of cryptography, including cryptographic key management, should be defined and implemented.;A.8 Technological controls;A.8.24;Use of Cryptography;Rules for the effective use of cryptography, including cryptographic key management, should be defined and implemented.;FAIL;Storage account stcloudguardianlabocdhx from subscription Azure subscription 1 (7e3283a3-d466-4e6f-95b1-543eec016e08) does not encrypt with CMKs.;/subscriptions/7e3283a3-d466-4e6f-95b1-543eec016e08/resourceGroups/rg-cloudguardian-lab/providers/Microsoft.Storage/storageAccounts/stcloudguardianlabocdhx;storage_ensure_encryption_with_customer_managed_keys;False;stcloudguardianlabocdhx;ISO27001;ISO/IEC 27001 Information Security Management Standard 2022
azure;ISO (the International Organization for Standardization) and IEC (the International Electrotechnical Commission) form the specialized system for worldwide standardization. National bodies that are members of ISO or IEC participate in the development of International Standards through technical committees established by the respective organization to deal with particular fields of technical activity. ISO and IEC technical committees collaborate in fields of mutual interest. Other international organizations, governmental and non-governmental, in liaison with ISO and IEC, also take part in the work.;7e3283a3-d466-4e6f-95b1-543eec016e08;centralus;2026-07-02 19:32:49.149800;A.8.14;Redundancy of information processing facilities;Information processing facilities should be implemented with redundancy sufficient to meet availability;A.8 Technological controls;A.8.14;Redundancy of information processing facilities;Information processing facilities should be implemented with redundancy sufficient to meet availability;FAIL;Storage account stcloudguardianlabocdhx from subscription Azure subscription 1 (7e3283a3-d466-4e6f-95b1-543eec016e08) does not have private endpoint connections.;/subscriptions/7e3283a3-d466-4e6f-95b1-543eec016e08/resourceGroups/rg-cloudguardian-lab/providers/Microsoft.Storage/storageAccounts/stcloudguardianlabocdhx;storage_ensure_private_endpoints_in_storage_accounts;False;stcloudguardianlabocdhx;ISO27001;ISO/IEC 27001 Information Security Management Standard 2022
azure;ISO (the International Organization for Standardization) and IEC (the International Electrotechnical Commission) form the specialized system for worldwide standardization. National bodies that are members of ISO or IEC participate in the development of International Standards through technical committees established by the respective organization to deal with particular fields of technical activity. ISO and IEC technical committees collaborate in fields of mutual interest. Other international organizations, governmental and non-governmental, in liaison with ISO and IEC, also take part in the work.;7e3283a3-d466-4e6f-95b1-543eec016e08;centralus;2026-07-02 19:32:49.149800;A.8.10;Information Deletion;Information stored in information systems, devices or in any other storage media should be deleted when no longer required.;A.8 Technological controls;A.8.10;Information Deletion;Information stored in information systems, devices or in any other storage media should be deleted when no longer required.;FAIL;Storage account stcloudguardianlabocdhx from subscription Azure subscription 1 (7e3283a3-d466-4e6f-95b1-543eec016e08) has soft delete disabled.;/subscriptions/7e3283a3-d466-4e6f-95b1-543eec016e08/resourceGroups/rg-cloudguardian-lab/providers/Microsoft.Storage/storageAccounts/stcloudguardianlabocdhx;storage_ensure_soft_delete_is_enabled;False;stcloudguardianlabocdhx;ISO27001;ISO/IEC 27001 Information Security Management Standard 2022
azure;ISO (the International Organization for Standardization) and IEC (the International Electrotechnical Commission) form the specialized system for worldwide standardization. National bodies that are members of ISO or IEC participate in the development of International Standards through technical committees established by the respective organization to deal with particular fields of technical activity. ISO and IEC technical committees collaborate in fields of mutual interest. Other international organizations, governmental and non-governmental, in liaison with ISO and IEC, also take part in the work.;7e3283a3-d466-4e6f-95b1-543eec016e08;centralus;2026-07-02 19:32:49.149800;A.8.5;Secure Authentication;Secure authentication technologies and procedures should be implemented based on information access restrictions and the topic-specific policy on access control.;A.8 Technological controls;A.8.5;Secure Authentication;Secure authentication technologies and procedures should be implemented based on information access restrictions and the topic-specific policy on access control.;FAIL;Storage account stcloudguardianlabocdhx from subscription Azure subscription 1 (7e3283a3-d466-4e6f-95b1-543eec016e08) has infrastructure encryption disabled.;/subscriptions/7e3283a3-d466-4e6f-95b1-543eec016e08/resourceGroups/rg-cloudguardian-lab/providers/Microsoft.Storage/storageAccounts/stcloudguardianlabocdhx;storage_infrastructure_encryption_is_enabled;False;stcloudguardianlabocdhx;ISO27001;ISO/IEC 27001 Information Security Management Standard 2022
azure;ISO (the International Organization for Standardization) and IEC (the International Electrotechnical Commission) form the specialized system for worldwide standardization. National bodies that are members of ISO or IEC participate in the development of International Standards through technical committees established by the respective organization to deal with particular fields of technical activity. ISO and IEC technical committees collaborate in fields of mutual interest. Other international organizations, governmental and non-governmental, in liaison with ISO and IEC, also take part in the work.;7e3283a3-d466-4e6f-95b1-543eec016e08;centralus;2026-07-02 19:32:49.149800;A.8.11;Data Masking;Data masking should be used in accordance with the organisation’s topic-specific policy on access control and other related topic-specific policies, and business requirements, taking applicable legislation into consideration.;A.8 Technological controls;A.8.11;Data Masking;Data masking should be used in accordance with the organisation’s topic-specific policy on access control and other related topic-specific policies, and business requirements, taking applicable legislation into consideration.;FAIL;Storage account stcloudguardianlabocdhx from subscription Azure subscription 1 (7e3283a3-d466-4e6f-95b1-543eec016e08) has infrastructure encryption disabled.;/subscriptions/7e3283a3-d466-4e6f-95b1-543eec016e08/resourceGroups/rg-cloudguardian-lab/providers/Microsoft.Storage/storageAccounts/stcloudguardianlabocdhx;storage_infrastructure_encryption_is_enabled;False;stcloudguardianlabocdhx;ISO27001;ISO/IEC 27001 Information Security Management Standard 2022
azure;ISO (the International Organization for Standardization) and IEC (the International Electrotechnical Commission) form the specialized system for worldwide standardization. National bodies that are members of ISO or IEC participate in the development of International Standards through technical committees established by the respective organization to deal with particular fields of technical activity. ISO and IEC technical committees collaborate in fields of mutual interest. Other international organizations, governmental and non-governmental, in liaison with ISO and IEC, also take part in the work.;7e3283a3-d466-4e6f-95b1-543eec016e08;centralus;2026-07-02 19:32:49.149800;A.8.24;Use of Cryptography;Rules for the effective use of cryptography, including cryptographic key management, should be defined and implemented.;A.8 Technological controls;A.8.24;Use of Cryptography;Rules for the effective use of cryptography, including cryptographic key management, should be defined and implemented.;FAIL;Storage account stcloudguardianlabocdhx from subscription Azure subscription 1 (7e3283a3-d466-4e6f-95b1-543eec016e08) has infrastructure encryption disabled.;/subscriptions/7e3283a3-d466-4e6f-95b1-543eec016e08/resourceGroups/rg-cloudguardian-lab/providers/Microsoft.Storage/storageAccounts/stcloudguardianlabocdhx;storage_infrastructure_encryption_is_enabled;False;stcloudguardianlabocdhx;ISO27001;ISO/IEC 27001 Information Security Management Standard 2022
azure;ISO (the International Organization for Standardization) and IEC (the International Electrotechnical Commission) form the specialized system for worldwide standardization. National bodies that are members of ISO or IEC participate in the development of International Standards through technical committees established by the respective organization to deal with particular fields of technical activity. ISO and IEC technical committees collaborate in fields of mutual interest. Other international organizations, governmental and non-governmental, in liaison with ISO and IEC, also take part in the work.;7e3283a3-d466-4e6f-95b1-543eec016e08;centralus;2026-07-02 19:32:49.149800;A.8.12;Data Leakage Prevention;Data leakage prevention measures should be applied to systems, networks and any other devices that process, store or transmit sensitive information.;A.8 Technological controls;A.8.12;Data Leakage Prevention;Data leakage prevention measures should be applied to systems, networks and any other devices that process, store or transmit sensitive information.;FAIL;Storage account stcloudguardianlabocdhx from subscription Azure subscription 1 (7e3283a3-d466-4e6f-95b1-543eec016e08) has secure transfer required disabled.;/subscriptions/7e3283a3-d466-4e6f-95b1-543eec016e08/resourceGroups/rg-cloudguardian-lab/providers/Microsoft.Storage/storageAccounts/stcloudguardianlabocdhx;storage_secure_transfer_required_is_enabled;False;stcloudguardianlabocdhx;ISO27001;ISO/IEC 27001 Information Security Management Standard 2022
azure;ISO (the International Organization for Standardization) and IEC (the International Electrotechnical Commission) form the specialized system for worldwide standardization. National bodies that are members of ISO or IEC participate in the development of International Standards through technical committees established by the respective organization to deal with particular fields of technical activity. ISO and IEC technical committees collaborate in fields of mutual interest. Other international organizations, governmental and non-governmental, in liaison with ISO and IEC, also take part in the work.;7e3283a3-d466-4e6f-95b1-543eec016e08;centralus;2026-07-02 19:32:49.149800;A.8.14;Redundancy of information processing facilities;Information processing facilities should be implemented with redundancy sufficient to meet availability;A.8 Technological controls;A.8.14;Redundancy of information processing facilities;Information processing facilities should be implemented with redundancy sufficient to meet availability;FAIL;Storage account stcloudguardianlabocdhx from subscription Azure subscription 1 (7e3283a3-d466-4e6f-95b1-543eec016e08) has secure transfer required disabled.;/subscriptions/7e3283a3-d466-4e6f-95b1-543eec016e08/resourceGroups/rg-cloudguardian-lab/providers/Microsoft.Storage/storageAccounts/stcloudguardianlabocdhx;storage_secure_transfer_required_is_enabled;False;stcloudguardianlabocdhx;ISO27001;ISO/IEC 27001 Information Security Management Standard 2022
azure;ISO (the International Organization for Standardization) and IEC (the International Electrotechnical Commission) form the specialized system for worldwide standardization. National bodies that are members of ISO or IEC participate in the development of International Standards through technical committees established by the respective organization to deal with particular fields of technical activity. ISO and IEC technical committees collaborate in fields of mutual interest. Other international organizations, governmental and non-governmental, in liaison with ISO and IEC, also take part in the work.;7e3283a3-d466-4e6f-95b1-543eec016e08;centralus;2026-07-02 19:32:49.149800;A.8.24;Use of Cryptography;Rules for the effective use of cryptography, including cryptographic key management, should be defined and implemented.;A.8 Technological controls;A.8.24;Use of Cryptography;Rules for the effective use of cryptography, including cryptographic key management, should be defined and implemented.;FAIL;Storage account stcloudguardianlabocdhx from subscription Azure subscription 1 (7e3283a3-d466-4e6f-95b1-543eec016e08) has secure transfer required disabled.;/subscriptions/7e3283a3-d466-4e6f-95b1-543eec016e08/resourceGroups/rg-cloudguardian-lab/providers/Microsoft.Storage/storageAccounts/stcloudguardianlabocdhx;storage_secure_transfer_required_is_enabled;False;stcloudguardianlabocdhx;ISO27001;ISO/IEC 27001 Information Security Management Standard 2022
azure;ISO (the International Organization for Standardization) and IEC (the International Electrotechnical Commission) form the specialized system for worldwide standardization. National bodies that are members of ISO or IEC participate in the development of International Standards through technical committees established by the respective organization to deal with particular fields of technical activity. ISO and IEC technical committees collaborate in fields of mutual interest. Other international organizations, governmental and non-governmental, in liaison with ISO and IEC, also take part in the work.;7e3283a3-d466-4e6f-95b1-543eec016e08;centralus;2026-07-02 19:32:49.149800;A.8.11;Data Masking;Data masking should be used in accordance with the organisation’s topic-specific policy on access control and other related topic-specific policies, and business requirements, taking applicable legislation into consideration.;A.8 Technological controls;A.8.11;Data Masking;Data masking should be used in accordance with the organisation’s topic-specific policy on access control and other related topic-specific policies, and business requirements, taking applicable legislation into consideration.;FAIL;Disk '2fc96adf-487d-4936-ad28-c87c9a465ebc' is not encrypted with a customer-managed key in subscription Azure subscription 1 (7e3283a3-d466-4e6f-95b1-543eec016e08).;/subscriptions/7e3283a3-d466-4e6f-95b1-543eec016e08/resourceGroups/RG-CLOUDGUARDIAN-LAB/providers/Microsoft.Compute/disks/vm-web-cloudguardian-lab_OsDisk_1_2fc96adf487d4936ad28c87c9a465ebc;vm_ensure_attached_disks_encrypted_with_cmk;False;vm-web-cloudguardian-lab_OsDisk_1_2fc96adf487d4936ad28c87c9a465ebc;ISO27001;ISO/IEC 27001 Information Security Management Standard 2022
azure;ISO (the International Organization for Standardization) and IEC (the International Electrotechnical Commission) form the specialized system for worldwide standardization. National bodies that are members of ISO or IEC participate in the development of International Standards through technical committees established by the respective organization to deal with particular fields of technical activity. ISO and IEC technical committees collaborate in fields of mutual interest. Other international organizations, governmental and non-governmental, in liaison with ISO and IEC, also take part in the work.;7e3283a3-d466-4e6f-95b1-543eec016e08;centralus;2026-07-02 19:32:49.149800;A.8.24;Use of Cryptography;Rules for the effective use of cryptography, including cryptographic key management, should be defined and implemented.;A.8 Technological controls;A.8.24;Use of Cryptography;Rules for the effective use of cryptography, including cryptographic key management, should be defined and implemented.;FAIL;Disk '2fc96adf-487d-4936-ad28-c87c9a465ebc' is not encrypted with a customer-managed key in subscription Azure subscription 1 (7e3283a3-d466-4e6f-95b1-543eec016e08).;/subscriptions/7e3283a3-d466-4e6f-95b1-543eec016e08/resourceGroups/RG-CLOUDGUARDIAN-LAB/providers/Microsoft.Compute/disks/vm-web-cloudguardian-lab_OsDisk_1_2fc96adf487d4936ad28c87c9a465ebc;vm_ensure_attached_disks_encrypted_with_cmk;False;vm-web-cloudguardian-lab_OsDisk_1_2fc96adf487d4936ad28c87c9a465ebc;ISO27001;ISO/IEC 27001 Information Security Management Standard 2022
azure;ISO (the International Organization for Standardization) and IEC (the International Electrotechnical Commission) form the specialized system for worldwide standardization. National bodies that are members of ISO or IEC participate in the development of International Standards through technical committees established by the respective organization to deal with particular fields of technical activity. ISO and IEC technical committees collaborate in fields of mutual interest. Other international organizations, governmental and non-governmental, in liaison with ISO and IEC, also take part in the work.;7e3283a3-d466-4e6f-95b1-543eec016e08;centralus;2026-07-02 19:32:49.149800;A.8.14;Redundancy of information processing facilities;Information processing facilities should be implemented with redundancy sufficient to meet availability;A.8 Technological controls;A.8.14;Redundancy of information processing facilities;Information processing facilities should be implemented with redundancy sufficient to meet availability;PASS;VM vm-web-cloudguardian-lab is using managed disks in subscription Azure subscription 1 (7e3283a3-d466-4e6f-95b1-543eec016e08);/subscriptions/7e3283a3-d466-4e6f-95b1-543eec016e08/resourceGroups/RG-CLOUDGUARDIAN-LAB/providers/Microsoft.Compute/virtualMachines/vm-web-cloudguardian-lab;vm_ensure_using_managed_disks;False;vm-web-cloudguardian-lab;ISO27001;ISO/IEC 27001 Information Security Management Standard 2022
azure;ISO (the International Organization for Standardization) and IEC (the International Electrotechnical Commission) form the specialized system for worldwide standardization. National bodies that are members of ISO or IEC participate in the development of International Standards through technical committees established by the respective organization to deal with particular fields of technical activity. ISO and IEC technical committees collaborate in fields of mutual interest. Other international organizations, governmental and non-governmental, in liaison with ISO and IEC, also take part in the work.;7e3283a3-d466-4e6f-95b1-543eec016e08;centralus;2026-07-02 19:32:49.149800;A.8.14;Redundancy of information processing facilities;Information processing facilities should be implemented with redundancy sufficient to meet availability;A.8 Technological controls;A.8.14;Redundancy of information processing facilities;Information processing facilities should be implemented with redundancy sufficient to meet availability;FAIL;VM vm-web-cloudguardian-lab has trusted launch disabled in subscription Azure subscription 1 (7e3283a3-d466-4e6f-95b1-543eec016e08);/subscriptions/7e3283a3-d466-4e6f-95b1-543eec016e08/resourceGroups/RG-CLOUDGUARDIAN-LAB/providers/Microsoft.Compute/virtualMachines/vm-web-cloudguardian-lab;vm_trusted_launch_enabled;False;vm-web-cloudguardian-lab;ISO27001;ISO/IEC 27001 Information Security Management Standard 2022
azure;ISO (the International Organization for Standardization) and IEC (the International Electrotechnical Commission) form the specialized system for worldwide standardization. National bodies that are members of ISO or IEC participate in the development of International Standards through technical committees established by the respective organization to deal with particular fields of technical activity. ISO and IEC technical committees collaborate in fields of mutual interest. Other international organizations, governmental and non-governmental, in liaison with ISO and IEC, also take part in the work.;;;2026-07-02 19:32:49.149800;A.5.3;Segregation of Duties;Conflicting duties and conflicting areas of responsibility should be segregated.;A.5 Organizational controls;A.5.3;Segregation of Duties;Conflicting duties and conflicting areas of responsibility should be segregated.;MANUAL;Manual check;manual_check;manual;False;Manual check;ISO27001;ISO/IEC 27001 Information Security Management Standard 2022
azure;ISO (the International Organization for Standardization) and IEC (the International Electrotechnical Commission) form the specialized system for worldwide standardization. National bodies that are members of ISO or IEC participate in the development of International Standards through technical committees established by the respective organization to deal with particular fields of technical activity. ISO and IEC technical committees collaborate in fields of mutual interest. Other international organizations, governmental and non-governmental, in liaison with ISO and IEC, also take part in the work.;;;2026-07-02 19:32:49.149800;A.5.4;Management Responsibilities;Management should require all personnel to apply information security in accordance with the established information security policy, topic-specific policies and procedures of the organization.;A.5 Organizational controls;A.5.4;Management Responsibilities;Management should require all personnel to apply information security in accordance with the established information security policy, topic-specific policies and procedures of the organization.;MANUAL;Manual check;manual_check;manual;False;Manual check;ISO27001;ISO/IEC 27001 Information Security Management Standard 2022
azure;ISO (the International Organization for Standardization) and IEC (the International Electrotechnical Commission) form the specialized system for worldwide standardization. National bodies that are members of ISO or IEC participate in the development of International Standards through technical committees established by the respective organization to deal with particular fields of technical activity. ISO and IEC technical committees collaborate in fields of mutual interest. Other international organizations, governmental and non-governmental, in liaison with ISO and IEC, also take part in the work.;;;2026-07-02 19:32:49.149800;A.5.6;Contact With Special Interest Groups;The organisation should establish and maintain contact with special interest groups or other specialist security forums and professional associations.;A.5 Organizational controls;A.5.6;Contact With Special Interest Groups;The organisation should establish and maintain contact with special interest groups or other specialist security forums and professional associations.;MANUAL;Manual check;manual_check;manual;False;Manual check;ISO27001;ISO/IEC 27001 Information Security Management Standard 2022
azure;ISO (the International Organization for Standardization) and IEC (the International Electrotechnical Commission) form the specialized system for worldwide standardization. National bodies that are members of ISO or IEC participate in the development of International Standards through technical committees established by the respective organization to deal with particular fields of technical activity. ISO and IEC technical committees collaborate in fields of mutual interest. Other international organizations, governmental and non-governmental, in liaison with ISO and IEC, also take part in the work.;;;2026-07-02 19:32:49.149800;A.5.8;Information Security In Project Management;Information security should be integrated into project management.;A.5 Organizational controls;A.5.8;Information Security In Project Management;Information security should be integrated into project management.;MANUAL;Manual check;manual_check;manual;False;Manual check;ISO27001;ISO/IEC 27001 Information Security Management Standard 2022
azure;ISO (the International Organization for Standardization) and IEC (the International Electrotechnical Commission) form the specialized system for worldwide standardization. National bodies that are members of ISO or IEC participate in the development of International Standards through technical committees established by the respective organization to deal with particular fields of technical activity. ISO and IEC technical committees collaborate in fields of mutual interest. Other international organizations, governmental and non-governmental, in liaison with ISO and IEC, also take part in the work.;;;2026-07-02 19:32:49.149800;A.5.9;Inventory Of Information And Other Associated Assets;An inventory of information and other associated assets, including owners, should be developed and maintained.;A.5 Organizational controls;A.5.9;Inventory Of Information And Other Associated Assets;An inventory of information and other associated assets, including owners, should be developed and maintained.;MANUAL;Manual check;manual_check;manual;False;Manual check;ISO27001;ISO/IEC 27001 Information Security Management Standard 2022
azure;ISO (the International Organization for Standardization) and IEC (the International Electrotechnical Commission) form the specialized system for worldwide standardization. National bodies that are members of ISO or IEC participate in the development of International Standards through technical committees established by the respective organization to deal with particular fields of technical activity. ISO and IEC technical committees collaborate in fields of mutual interest. Other international organizations, governmental and non-governmental, in liaison with ISO and IEC, also take part in the work.;;;2026-07-02 19:32:49.149800;A.5.10;Acceptable Use Of Information And Other Associated Assets;Rules for the acceptable use and procedures for handling information and other associated assets should be identified, documented and implemented.;A.5 Organizational controls;A.5.10;Acceptable Use Of Information And Other Associated Assets;Rules for the acceptable use and procedures for handling information and other associated assets should be identified, documented and implemented.;MANUAL;Manual check;manual_check;manual;False;Manual check;ISO27001;ISO/IEC 27001 Information Security Management Standard 2022
azure;ISO (the International Organization for Standardization) and IEC (the International Electrotechnical Commission) form the specialized system for worldwide standardization. National bodies that are members of ISO or IEC participate in the development of International Standards through technical committees established by the respective organization to deal with particular fields of technical activity. ISO and IEC technical committees collaborate in fields of mutual interest. Other international organizations, governmental and non-governmental, in liaison with ISO and IEC, also take part in the work.;;;2026-07-02 19:32:49.149800;A.5.11;Return Of Assets;Personnel and other interested parties as appropriate should return all the organisation’s assets in their possession upon change or termination of their employment, contract or agreement.;A.5 Organizational controls;A.5.11;Return Of Assets;Personnel and other interested parties as appropriate should return all the organisation’s assets in their possession upon change or termination of their employment, contract or agreement.;MANUAL;Manual check;manual_check;manual;False;Manual check;ISO27001;ISO/IEC 27001 Information Security Management Standard 2022
azure;ISO (the International Organization for Standardization) and IEC (the International Electrotechnical Commission) form the specialized system for worldwide standardization. National bodies that are members of ISO or IEC participate in the development of International Standards through technical committees established by the respective organization to deal with particular fields of technical activity. ISO and IEC technical committees collaborate in fields of mutual interest. Other international organizations, governmental and non-governmental, in liaison with ISO and IEC, also take part in the work.;;;2026-07-02 19:32:49.149800;A.5.12;Classification Of Information;Information should be classified according to the information security needs of the organisation based on confidentiality, integrity, availability and relevant interested party requirements.;A.5 Organizational controls;A.5.12;Classification Of Information;Information should be classified according to the information security needs of the organisation based on confidentiality, integrity, availability and relevant interested party requirements.;MANUAL;Manual check;manual_check;manual;False;Manual check;ISO27001;ISO/IEC 27001 Information Security Management Standard 2022
azure;ISO (the International Organization for Standardization) and IEC (the International Electrotechnical Commission) form the specialized system for worldwide standardization. National bodies that are members of ISO or IEC participate in the development of International Standards through technical committees established by the respective organization to deal with particular fields of technical activity. ISO and IEC technical committees collaborate in fields of mutual interest. Other international organizations, governmental and non-governmental, in liaison with ISO and IEC, also take part in the work.;;;2026-07-02 19:32:49.149800;A.5.13;Labelling Of Information;An appropriate set of procedures for information labelling should be developed and implemented in accordance with the information classification scheme adopted by the organisation.;A.5 Organizational controls;A.5.13;Labelling Of Information;An appropriate set of procedures for information labelling should be developed and implemented in accordance with the information classification scheme adopted by the organisation.;MANUAL;Manual check;manual_check;manual;False;Manual check;ISO27001;ISO/IEC 27001 Information Security Management Standard 2022
azure;ISO (the International Organization for Standardization) and IEC (the International Electrotechnical Commission) form the specialized system for worldwide standardization. National bodies that are members of ISO or IEC participate in the development of International Standards through technical committees established by the respective organization to deal with particular fields of technical activity. ISO and IEC technical committees collaborate in fields of mutual interest. Other international organizations, governmental and non-governmental, in liaison with ISO and IEC, also take part in the work.;;;2026-07-02 19:32:49.149800;A.5.14;Information Transfer;Information transfer rules, procedures, or agreements should be in place for all types of transfer facilities within the organisation and between the organisation and other parties.;A.5 Organizational controls;A.5.14;Information Transfer;Information transfer rules, procedures, or agreements should be in place for all types of transfer facilities within the organisation and between the organisation and other parties.;MANUAL;Manual check;manual_check;manual;False;Manual check;ISO27001;ISO/IEC 27001 Information Security Management Standard 2022
azure;ISO (the International Organization for Standardization) and IEC (the International Electrotechnical Commission) form the specialized system for worldwide standardization. National bodies that are members of ISO or IEC participate in the development of International Standards through technical committees established by the respective organization to deal with particular fields of technical activity. ISO and IEC technical committees collaborate in fields of mutual interest. Other international organizations, governmental and non-governmental, in liaison with ISO and IEC, also take part in the work.;;;2026-07-02 19:32:49.149800;A.5.20;Addressing Information Security Within Supplier Agreements;Relevant information security requirements should be established and agreed with each supplier based on the type of supplier relationship.;A.5 Organizational controls;A.5.20;Addressing Information Security Within Supplier Agreements;Relevant information security requirements should be established and agreed with each supplier based on the type of supplier relationship.;MANUAL;Manual check;manual_check;manual;False;Manual check;ISO27001;ISO/IEC 27001 Information Security Management Standard 2022
azure;ISO (the International Organization for Standardization) and IEC (the International Electrotechnical Commission) form the specialized system for worldwide standardization. National bodies that are members of ISO or IEC participate in the development of International Standards through technical committees established by the respective organization to deal with particular fields of technical activity. ISO and IEC technical committees collaborate in fields of mutual interest. Other international organizations, governmental and non-governmental, in liaison with ISO and IEC, also take part in the work.;;;2026-07-02 19:32:49.149800;A.5.23;Information Security For Use Of Cloud Services;Processes for acquisition, use, management and exit from cloud services should be established in accordance with the organisation’s information security requirements.;A.5 Organizational controls;A.5.23;Information Security For Use Of Cloud Services;Processes for acquisition, use, management and exit from cloud services should be established in accordance with the organisation’s information security requirements.;MANUAL;Manual check;manual_check;manual;False;Manual check;ISO27001;ISO/IEC 27001 Information Security Management Standard 2022
azure;ISO (the International Organization for Standardization) and IEC (the International Electrotechnical Commission) form the specialized system for worldwide standardization. National bodies that are members of ISO or IEC participate in the development of International Standards through technical committees established by the respective organization to deal with particular fields of technical activity. ISO and IEC technical committees collaborate in fields of mutual interest. Other international organizations, governmental and non-governmental, in liaison with ISO and IEC, also take part in the work.;;;2026-07-02 19:32:49.149800;A.5.24;Information Security Incident Management Planning and Preparation;The organization should plan and prepare for managing information security incidents by defining, establishing and communicating information security incident management processes, roles and responsibilities.;A.5 Organizational controls;A.5.24;Information Security Incident Management Planning and Preparation;The organization should plan and prepare for managing information security incidents by defining, establishing and communicating information security incident management processes, roles and responsibilities.;MANUAL;Manual check;manual_check;manual;False;Manual check;ISO27001;ISO/IEC 27001 Information Security Management Standard 2022
azure;ISO (the International Organization for Standardization) and IEC (the International Electrotechnical Commission) form the specialized system for worldwide standardization. National bodies that are members of ISO or IEC participate in the development of International Standards through technical committees established by the respective organization to deal with particular fields of technical activity. ISO and IEC technical committees collaborate in fields of mutual interest. Other international organizations, governmental and non-governmental, in liaison with ISO and IEC, also take part in the work.;;;2026-07-02 19:32:49.149800;A.5.26;Response To Information Security Incidents;Information security incidents should be responded to in accordance with the documented procedures.;A.5 Organizational controls;A.5.26;Response To Information Security Incidents;Information security incidents should be responded to in accordance with the documented procedures.;MANUAL;Manual check;manual_check;manual;False;Manual check;ISO27001;ISO/IEC 27001 Information Security Management Standard 2022
azure;ISO (the International Organization for Standardization) and IEC (the International Electrotechnical Commission) form the specialized system for worldwide standardization. National bodies that are members of ISO or IEC participate in the development of International Standards through technical committees established by the respective organization to deal with particular fields of technical activity. ISO and IEC technical committees collaborate in fields of mutual interest. Other international organizations, governmental and non-governmental, in liaison with ISO and IEC, also take part in the work.;;;2026-07-02 19:32:49.149800;A.5.27;Learning From Information Security Incidents;Knowledge gained from information security incidents should be used to strengthen and improve the information security controls.;A.5 Organizational controls;A.5.27;Learning From Information Security Incidents;Knowledge gained from information security incidents should be used to strengthen and improve the information security controls.;MANUAL;Manual check;manual_check;manual;False;Manual check;ISO27001;ISO/IEC 27001 Information Security Management Standard 2022
azure;ISO (the International Organization for Standardization) and IEC (the International Electrotechnical Commission) form the specialized system for worldwide standardization. National bodies that are members of ISO or IEC participate in the development of International Standards through technical committees established by the respective organization to deal with particular fields of technical activity. ISO and IEC technical committees collaborate in fields of mutual interest. Other international organizations, governmental and non-governmental, in liaison with ISO and IEC, also take part in the work.;;;2026-07-02 19:32:49.149800;A.5.30;Readiness For Business Continuity;ICT readiness should be planned, implemented, maintained and tested based on business continuity objectives and ICT continuity requirements. ;A.5 Organizational controls;A.5.30;Readiness For Business Continuity;ICT readiness should be planned, implemented, maintained and tested based on business continuity objectives and ICT continuity requirements. ;MANUAL;Manual check;manual_check;manual;False;Manual check;ISO27001;ISO/IEC 27001 Information Security Management Standard 2022
azure;ISO (the International Organization for Standardization) and IEC (the International Electrotechnical Commission) form the specialized system for worldwide standardization. National bodies that are members of ISO or IEC participate in the development of International Standards through technical committees established by the respective organization to deal with particular fields of technical activity. ISO and IEC technical committees collaborate in fields of mutual interest. Other international organizations, governmental and non-governmental, in liaison with ISO and IEC, also take part in the work.;;;2026-07-02 19:32:49.149800;A.5.31;Legal, statutory, regulatory and contractual requirements;Legal, statutory, regulatory and contractual requirements relevant to information security and the organisations approach to meet these requirements should be identified, documented and kept up to date. ;A.5 Organizational controls;A.5.31;Legal, statutory, regulatory and contractual requirements;Legal, statutory, regulatory and contractual requirements relevant to information security and the organisations approach to meet these requirements should be identified, documented and kept up to date. ;MANUAL;Manual check;manual_check;manual;False;Manual check;ISO27001;ISO/IEC 27001 Information Security Management Standard 2022
azure;ISO (the International Organization for Standardization) and IEC (the International Electrotechnical Commission) form the specialized system for worldwide standardization. National bodies that are members of ISO or IEC participate in the development of International Standards through technical committees established by the respective organization to deal with particular fields of technical activity. ISO and IEC technical committees collaborate in fields of mutual interest. Other international organizations, governmental and non-governmental, in liaison with ISO and IEC, also take part in the work.;;;2026-07-02 19:32:49.149800;A.5.32;Intellectual Property Rights;The organisation should implement appropriate procedures to protect intellectual property rights.  ;A.5 Organizational controls;A.5.32;Intellectual Property Rights;The organisation should implement appropriate procedures to protect intellectual property rights.  ;MANUAL;Manual check;manual_check;manual;False;Manual check;ISO27001;ISO/IEC 27001 Information Security Management Standard 2022
azure;ISO (the International Organization for Standardization) and IEC (the International Electrotechnical Commission) form the specialized system for worldwide standardization. National bodies that are members of ISO or IEC participate in the development of International Standards through technical committees established by the respective organization to deal with particular fields of technical activity. ISO and IEC technical committees collaborate in fields of mutual interest. Other international organizations, governmental and non-governmental, in liaison with ISO and IEC, also take part in the work.;;;2026-07-02 19:32:49.149800;A.5.33;Protection Of Records;Records should be protected from loss, destruction, falsification, unauthorised access and unauthorised release.;A.5 Organizational controls;A.5.33;Protection Of Records;Records should be protected from loss, destruction, falsification, unauthorised access and unauthorised release.;MANUAL;Manual check;manual_check;manual;False;Manual check;ISO27001;ISO/IEC 27001 Information Security Management Standard 2022
azure;ISO (the International Organization for Standardization) and IEC (the International Electrotechnical Commission) form the specialized system for worldwide standardization. National bodies that are members of ISO or IEC participate in the development of International Standards through technical committees established by the respective organization to deal with particular fields of technical activity. ISO and IEC technical committees collaborate in fields of mutual interest. Other international organizations, governmental and non-governmental, in liaison with ISO and IEC, also take part in the work.;;;2026-07-02 19:32:49.149800;A.5.34;Privacy And Protection Of PII;The organisation should identify and meet the requirements regarding the preservation of privacy and protection of PII according to applicable laws and regulations and contractual requirements.;A.5 Organizational controls;A.5.34;Privacy And Protection Of PII;The organisation should identify and meet the requirements regarding the preservation of privacy and protection of PII according to applicable laws and regulations and contractual requirements.;MANUAL;Manual check;manual_check;manual;False;Manual check;ISO27001;ISO/IEC 27001 Information Security Management Standard 2022
azure;ISO (the International Organization for Standardization) and IEC (the International Electrotechnical Commission) form the specialized system for worldwide standardization. National bodies that are members of ISO or IEC participate in the development of International Standards through technical committees established by the respective organization to deal with particular fields of technical activity. ISO and IEC technical committees collaborate in fields of mutual interest. Other international organizations, governmental and non-governmental, in liaison with ISO and IEC, also take part in the work.;;;2026-07-02 19:32:49.149800;A.5.35;Independent Review Of Information Security;The organisations approach to managing information security and its implementation including people, processes and technologies should be reviewed independently at planned intervals, or when significant changes occur. ;A.5 Organizational controls;A.5.35;Independent Review Of Information Security;The organisations approach to managing information security and its implementation including people, processes and technologies should be reviewed independently at planned intervals, or when significant changes occur. ;MANUAL;Manual check;manual_check;manual;False;Manual check;ISO27001;ISO/IEC 27001 Information Security Management Standard 2022
azure;ISO (the International Organization for Standardization) and IEC (the International Electrotechnical Commission) form the specialized system for worldwide standardization. National bodies that are members of ISO or IEC participate in the development of International Standards through technical committees established by the respective organization to deal with particular fields of technical activity. ISO and IEC technical committees collaborate in fields of mutual interest. Other international organizations, governmental and non-governmental, in liaison with ISO and IEC, also take part in the work.;;;2026-07-02 19:32:49.149800;A.5.36;Compliance With Policies, Rules And Standards For Information Security;Compliance with the organisations information security policy, topic-specific policies, rules and standards should be regularly reviewed. ;A.5 Organizational controls;A.5.36;Compliance With Policies, Rules And Standards For Information Security;Compliance with the organisations information security policy, topic-specific policies, rules and standards should be regularly reviewed. ;MANUAL;Manual check;manual_check;manual;False;Manual check;ISO27001;ISO/IEC 27001 Information Security Management Standard 2022
azure;ISO (the International Organization for Standardization) and IEC (the International Electrotechnical Commission) form the specialized system for worldwide standardization. National bodies that are members of ISO or IEC participate in the development of International Standards through technical committees established by the respective organization to deal with particular fields of technical activity. ISO and IEC technical committees collaborate in fields of mutual interest. Other international organizations, governmental and non-governmental, in liaison with ISO and IEC, also take part in the work.;;;2026-07-02 19:32:49.149800;A.5.37;Documented Operating Procedures;Operating procedures for information processing facilities should be documented and made available to personnel who need them. ;A.5 Organizational controls;A.5.37;Documented Operating Procedures;Operating procedures for information processing facilities should be documented and made available to personnel who need them. ;MANUAL;Manual check;manual_check;manual;False;Manual check;ISO27001;ISO/IEC 27001 Information Security Management Standard 2022
azure;ISO (the International Organization for Standardization) and IEC (the International Electrotechnical Commission) form the specialized system for worldwide standardization. National bodies that are members of ISO or IEC participate in the development of International Standards through technical committees established by the respective organization to deal with particular fields of technical activity. ISO and IEC technical committees collaborate in fields of mutual interest. Other international organizations, governmental and non-governmental, in liaison with ISO and IEC, also take part in the work.;;;2026-07-02 19:32:49.149800;A.6.1;Screening;Background verification checks on all candidates to become personnel should be carried out prior to joining the organisation and on an ongoing basis taking into consideration applicable laws, regulations and ethics and be proportional to the business requirements, the classification of the information to be accessed and the perceived risks. ;A.6 People controls;A.6.1;Screening;Background verification checks on all candidates to become personnel should be carried out prior to joining the organisation and on an ongoing basis taking into consideration applicable laws, regulations and ethics and be proportional to the business requirements, the classification of the information to be accessed and the perceived risks. ;MANUAL;Manual check;manual_check;manual;False;Manual check;ISO27001;ISO/IEC 27001 Information Security Management Standard 2022
azure;ISO (the International Organization for Standardization) and IEC (the International Electrotechnical Commission) form the specialized system for worldwide standardization. National bodies that are members of ISO or IEC participate in the development of International Standards through technical committees established by the respective organization to deal with particular fields of technical activity. ISO and IEC technical committees collaborate in fields of mutual interest. Other international organizations, governmental and non-governmental, in liaison with ISO and IEC, also take part in the work.;;;2026-07-02 19:32:49.149800;A.6.2;Terms and Conditions Of Employment;The employment contractual agreements should state the personnel’s and the organisations responsibilities for information security. ;A.6 People controls;A.6.2;Terms and Conditions Of Employment;The employment contractual agreements should state the personnel’s and the organisations responsibilities for information security. ;MANUAL;Manual check;manual_check;manual;False;Manual check;ISO27001;ISO/IEC 27001 Information Security Management Standard 2022
azure;ISO (the International Organization for Standardization) and IEC (the International Electrotechnical Commission) form the specialized system for worldwide standardization. National bodies that are members of ISO or IEC participate in the development of International Standards through technical committees established by the respective organization to deal with particular fields of technical activity. ISO and IEC technical committees collaborate in fields of mutual interest. Other international organizations, governmental and non-governmental, in liaison with ISO and IEC, also take part in the work.;;;2026-07-02 19:32:49.149800;A.6.3;Information Security Awareness, Education And Training;Personnel of the organisation and relevant interested parties should receive appropriate information security awareness, education and training and regular updates of the organisations information security policy, topic-specific policies and procedures, as relevant for their job function.;A.6 People controls;A.6.3;Information Security Awareness, Education And Training;Personnel of the organisation and relevant interested parties should receive appropriate information security awareness, education and training and regular updates of the organisations information security policy, topic-specific policies and procedures, as relevant for their job function.;MANUAL;Manual check;manual_check;manual;False;Manual check;ISO27001;ISO/IEC 27001 Information Security Management Standard 2022
azure;ISO (the International Organization for Standardization) and IEC (the International Electrotechnical Commission) form the specialized system for worldwide standardization. National bodies that are members of ISO or IEC participate in the development of International Standards through technical committees established by the respective organization to deal with particular fields of technical activity. ISO and IEC technical committees collaborate in fields of mutual interest. Other international organizations, governmental and non-governmental, in liaison with ISO and IEC, also take part in the work.;;;2026-07-02 19:32:49.149800;A.6.4;Disciplinary Process;A disciplinary process should be formalised and communicated to take actions against personnel and other relevant interested parties who have committed an information security policy violation.;A.6 People controls;A.6.4;Disciplinary Process;A disciplinary process should be formalised and communicated to take actions against personnel and other relevant interested parties who have committed an information security policy violation.;MANUAL;Manual check;manual_check;manual;False;Manual check;ISO27001;ISO/IEC 27001 Information Security Management Standard 2022
azure;ISO (the International Organization for Standardization) and IEC (the International Electrotechnical Commission) form the specialized system for worldwide standardization. National bodies that are members of ISO or IEC participate in the development of International Standards through technical committees established by the respective organization to deal with particular fields of technical activity. ISO and IEC technical committees collaborate in fields of mutual interest. Other international organizations, governmental and non-governmental, in liaison with ISO and IEC, also take part in the work.;;;2026-07-02 19:32:49.149800;A.6.5;Responsibilities After Termination Or Change Of Employment;Information security responsibilities and duties that remain valid after termination or change of employment should be defined, enforced and communicated to relevant personnel and other interested parties.;A.6 People controls;A.6.5;Responsibilities After Termination Or Change Of Employment;Information security responsibilities and duties that remain valid after termination or change of employment should be defined, enforced and communicated to relevant personnel and other interested parties.;MANUAL;Manual check;manual_check;manual;False;Manual check;ISO27001;ISO/IEC 27001 Information Security Management Standard 2022
azure;ISO (the International Organization for Standardization) and IEC (the International Electrotechnical Commission) form the specialized system for worldwide standardization. National bodies that are members of ISO or IEC participate in the development of International Standards through technical committees established by the respective organization to deal with particular fields of technical activity. ISO and IEC technical committees collaborate in fields of mutual interest. Other international organizations, governmental and non-governmental, in liaison with ISO and IEC, also take part in the work.;;;2026-07-02 19:32:49.149800;A.6.6;Confidentiality Or Non-Disclosure Agreements;Confidentiality or non-disclosure agreements reflecting the organisation’s needs for the protection of information should be identified, documented, regularly reviewed and signed by personnel and other relevant interested parties.;A.6 People controls;A.6.6;Confidentiality Or Non-Disclosure Agreements;Confidentiality or non-disclosure agreements reflecting the organisation’s needs for the protection of information should be identified, documented, regularly reviewed and signed by personnel and other relevant interested parties.;MANUAL;Manual check;manual_check;manual;False;Manual check;ISO27001;ISO/IEC 27001 Information Security Management Standard 2022
azure;ISO (the International Organization for Standardization) and IEC (the International Electrotechnical Commission) form the specialized system for worldwide standardization. National bodies that are members of ISO or IEC participate in the development of International Standards through technical committees established by the respective organization to deal with particular fields of technical activity. ISO and IEC technical committees collaborate in fields of mutual interest. Other international organizations, governmental and non-governmental, in liaison with ISO and IEC, also take part in the work.;;;2026-07-02 19:32:49.149800;A.6.7;Remote Working;Security measures should be implemented when personnel are working remotely to protect information accessed, processed or stored outside the organisation’s premises.;A.6 People controls;A.6.7;Remote Working;Security measures should be implemented when personnel are working remotely to protect information accessed, processed or stored outside the organisation’s premises.;MANUAL;Manual check;manual_check;manual;False;Manual check;ISO27001;ISO/IEC 27001 Information Security Management Standard 2022
azure;ISO (the International Organization for Standardization) and IEC (the International Electrotechnical Commission) form the specialized system for worldwide standardization. National bodies that are members of ISO or IEC participate in the development of International Standards through technical committees established by the respective organization to deal with particular fields of technical activity. ISO and IEC technical committees collaborate in fields of mutual interest. Other international organizations, governmental and non-governmental, in liaison with ISO and IEC, also take part in the work.;;;2026-07-02 19:32:49.149800;A.6.8;Information Security Event Reporting;The organisation should provide a mechanism for personnel to report observed or suspected information security events through appropriate channels in a timely manner.;A.6 People controls;A.6.8;Information Security Event Reporting;The organisation should provide a mechanism for personnel to report observed or suspected information security events through appropriate channels in a timely manner.;MANUAL;Manual check;manual_check;manual;False;Manual check;ISO27001;ISO/IEC 27001 Information Security Management Standard 2022
azure;ISO (the International Organization for Standardization) and IEC (the International Electrotechnical Commission) form the specialized system for worldwide standardization. National bodies that are members of ISO or IEC participate in the development of International Standards through technical committees established by the respective organization to deal with particular fields of technical activity. ISO and IEC technical committees collaborate in fields of mutual interest. Other international organizations, governmental and non-governmental, in liaison with ISO and IEC, also take part in the work.;;;2026-07-02 19:32:49.149800;A.7.1;Physical Security Perimeters;To prevent unauthorised physical access, damage and interference to the organisations information and other associated assets.;A.7 Physical controls;A.7.1;Physical Security Perimeters;To prevent unauthorised physical access, damage and interference to the organisations information and other associated assets.;MANUAL;Manual check;manual_check;manual;False;Manual check;ISO27001;ISO/IEC 27001 Information Security Management Standard 2022
azure;ISO (the International Organization for Standardization) and IEC (the International Electrotechnical Commission) form the specialized system for worldwide standardization. National bodies that are members of ISO or IEC participate in the development of International Standards through technical committees established by the respective organization to deal with particular fields of technical activity. ISO and IEC technical committees collaborate in fields of mutual interest. Other international organizations, governmental and non-governmental, in liaison with ISO and IEC, also take part in the work.;;;2026-07-02 19:32:49.149800;A.7.2;Physical Entry;Secure areas should be protected by appropriate entry controls and access points.;A.7 Physical controls;A.7.2;Physical Entry;Secure areas should be protected by appropriate entry controls and access points.;MANUAL;Manual check;manual_check;manual;False;Manual check;ISO27001;ISO/IEC 27001 Information Security Management Standard 2022
azure;ISO (the International Organization for Standardization) and IEC (the International Electrotechnical Commission) form the specialized system for worldwide standardization. National bodies that are members of ISO or IEC participate in the development of International Standards through technical committees established by the respective organization to deal with particular fields of technical activity. ISO and IEC technical committees collaborate in fields of mutual interest. Other international organizations, governmental and non-governmental, in liaison with ISO and IEC, also take part in the work.;;;2026-07-02 19:32:49.149800;A.7.3;Securing Offices, Rooms And Facilities;Physical security for offices, rooms and facilities should be designed and implemented.;A.7 Physical controls;A.7.3;Securing Offices, Rooms And Facilities;Physical security for offices, rooms and facilities should be designed and implemented.;MANUAL;Manual check;manual_check;manual;False;Manual check;ISO27001;ISO/IEC 27001 Information Security Management Standard 2022
azure;ISO (the International Organization for Standardization) and IEC (the International Electrotechnical Commission) form the specialized system for worldwide standardization. National bodies that are members of ISO or IEC participate in the development of International Standards through technical committees established by the respective organization to deal with particular fields of technical activity. ISO and IEC technical committees collaborate in fields of mutual interest. Other international organizations, governmental and non-governmental, in liaison with ISO and IEC, also take part in the work.;;;2026-07-02 19:32:49.149800;A.7.4;Physical Security Monitoring;Premises should be continuously monitored for unauthorised physical access.;A.7 Physical controls;A.7.4;Physical Security Monitoring;Premises should be continuously monitored for unauthorised physical access.;MANUAL;Manual check;manual_check;manual;False;Manual check;ISO27001;ISO/IEC 27001 Information Security Management Standard 2022
azure;ISO (the International Organization for Standardization) and IEC (the International Electrotechnical Commission) form the specialized system for worldwide standardization. National bodies that are members of ISO or IEC participate in the development of International Standards through technical committees established by the respective organization to deal with particular fields of technical activity. ISO and IEC technical committees collaborate in fields of mutual interest. Other international organizations, governmental and non-governmental, in liaison with ISO and IEC, also take part in the work.;;;2026-07-02 19:32:49.149800;A.7.5;Protecting Against Physical and Environmental Threats;Protection against physical and environmental threats, such as natural disasters and other intentional or unintentional physical threats to infrastructure should be designed and implemented.;A.7 Physical controls;A.7.5;Protecting Against Physical and Environmental Threats;Protection against physical and environmental threats, such as natural disasters and other intentional or unintentional physical threats to infrastructure should be designed and implemented.;MANUAL;Manual check;manual_check;manual;False;Manual check;ISO27001;ISO/IEC 27001 Information Security Management Standard 2022
azure;ISO (the International Organization for Standardization) and IEC (the International Electrotechnical Commission) form the specialized system for worldwide standardization. National bodies that are members of ISO or IEC participate in the development of International Standards through technical committees established by the respective organization to deal with particular fields of technical activity. ISO and IEC technical committees collaborate in fields of mutual interest. Other international organizations, governmental and non-governmental, in liaison with ISO and IEC, also take part in the work.;;;2026-07-02 19:32:49.149800;A.7.6;Working In Secure Areas;Security measures for working in secure areas should be designed and implemented.;A.7 Physical controls;A.7.6;Working In Secure Areas;Security measures for working in secure areas should be designed and implemented.;MANUAL;Manual check;manual_check;manual;False;Manual check;ISO27001;ISO/IEC 27001 Information Security Management Standard 2022
azure;ISO (the International Organization for Standardization) and IEC (the International Electrotechnical Commission) form the specialized system for worldwide standardization. National bodies that are members of ISO or IEC participate in the development of International Standards through technical committees established by the respective organization to deal with particular fields of technical activity. ISO and IEC technical committees collaborate in fields of mutual interest. Other international organizations, governmental and non-governmental, in liaison with ISO and IEC, also take part in the work.;;;2026-07-02 19:32:49.149800;A.7.7;Clear Desk And Clear Screen;Clear desk rules for papers and removable storage media and clear screen rules for information processing facilities should be defined and appropriately enforced.;A.7 Physical controls;A.7.7;Clear Desk And Clear Screen;Clear desk rules for papers and removable storage media and clear screen rules for information processing facilities should be defined and appropriately enforced.;MANUAL;Manual check;manual_check;manual;False;Manual check;ISO27001;ISO/IEC 27001 Information Security Management Standard 2022
azure;ISO (the International Organization for Standardization) and IEC (the International Electrotechnical Commission) form the specialized system for worldwide standardization. National bodies that are members of ISO or IEC participate in the development of International Standards through technical committees established by the respective organization to deal with particular fields of technical activity. ISO and IEC technical committees collaborate in fields of mutual interest. Other international organizations, governmental and non-governmental, in liaison with ISO and IEC, also take part in the work.;;;2026-07-02 19:32:49.149800;A.7.8;Equipment Siting And Protection;Equipment should be sited securely and protected.;A.7 Physical controls;A.7.8;Equipment Siting And Protection;Equipment should be sited securely and protected.;MANUAL;Manual check;manual_check;manual;False;Manual check;ISO27001;ISO/IEC 27001 Information Security Management Standard 2022
azure;ISO (the International Organization for Standardization) and IEC (the International Electrotechnical Commission) form the specialized system for worldwide standardization. National bodies that are members of ISO or IEC participate in the development of International Standards through technical committees established by the respective organization to deal with particular fields of technical activity. ISO and IEC technical committees collaborate in fields of mutual interest. Other international organizations, governmental and non-governmental, in liaison with ISO and IEC, also take part in the work.;;;2026-07-02 19:32:49.149800;A.7.9;Security Of Assets Off-Premises;Off-site assets should be protected.;A.7 Physical controls;A.7.9;Security Of Assets Off-Premises;Off-site assets should be protected.;MANUAL;Manual check;manual_check;manual;False;Manual check;ISO27001;ISO/IEC 27001 Information Security Management Standard 2022
azure;ISO (the International Organization for Standardization) and IEC (the International Electrotechnical Commission) form the specialized system for worldwide standardization. National bodies that are members of ISO or IEC participate in the development of International Standards through technical committees established by the respective organization to deal with particular fields of technical activity. ISO and IEC technical committees collaborate in fields of mutual interest. Other international organizations, governmental and non-governmental, in liaison with ISO and IEC, also take part in the work.;;;2026-07-02 19:32:49.149800;A.7.10;Storage Media;Storage media should be managed through their life cycle of acquisition, use, transportation and disposal in accordance with the organisations classification scheme and handling requirements.;A.7 Physical controls;A.7.10;Storage Media;Storage media should be managed through their life cycle of acquisition, use, transportation and disposal in accordance with the organisations classification scheme and handling requirements.;MANUAL;Manual check;manual_check;manual;False;Manual check;ISO27001;ISO/IEC 27001 Information Security Management Standard 2022
azure;ISO (the International Organization for Standardization) and IEC (the International Electrotechnical Commission) form the specialized system for worldwide standardization. National bodies that are members of ISO or IEC participate in the development of International Standards through technical committees established by the respective organization to deal with particular fields of technical activity. ISO and IEC technical committees collaborate in fields of mutual interest. Other international organizations, governmental and non-governmental, in liaison with ISO and IEC, also take part in the work.;;;2026-07-02 19:32:49.149800;A.7.11;Supporting Utilities;Information processing facilities should be protected from power failures and other disruptions caused by failures in supporting utilities.;A.7 Physical controls;A.7.11;Supporting Utilities;Information processing facilities should be protected from power failures and other disruptions caused by failures in supporting utilities.;MANUAL;Manual check;manual_check;manual;False;Manual check;ISO27001;ISO/IEC 27001 Information Security Management Standard 2022
azure;ISO (the International Organization for Standardization) and IEC (the International Electrotechnical Commission) form the specialized system for worldwide standardization. National bodies that are members of ISO or IEC participate in the development of International Standards through technical committees established by the respective organization to deal with particular fields of technical activity. ISO and IEC technical committees collaborate in fields of mutual interest. Other international organizations, governmental and non-governmental, in liaison with ISO and IEC, also take part in the work.;;;2026-07-02 19:32:49.149800;A.7.12;Cabling Security;Cables carrying power, data or supporting information services should be protected from interception;A.7 Physical controls;A.7.12;Cabling Security;Cables carrying power, data or supporting information services should be protected from interception;MANUAL;Manual check;manual_check;manual;False;Manual check;ISO27001;ISO/IEC 27001 Information Security Management Standard 2022
azure;ISO (the International Organization for Standardization) and IEC (the International Electrotechnical Commission) form the specialized system for worldwide standardization. National bodies that are members of ISO or IEC participate in the development of International Standards through technical committees established by the respective organization to deal with particular fields of technical activity. ISO and IEC technical committees collaborate in fields of mutual interest. Other international organizations, governmental and non-governmental, in liaison with ISO and IEC, also take part in the work.;;;2026-07-02 19:32:49.149800;A.7.13;Equipment Maintenance;Equipment should be maintained correctly to ensure availability, integrity and confidentiality of information.;A.7 Physical controls;A.7.13;Equipment Maintenance;Equipment should be maintained correctly to ensure availability, integrity and confidentiality of information.;MANUAL;Manual check;manual_check;manual;False;Manual check;ISO27001;ISO/IEC 27001 Information Security Management Standard 2022
azure;ISO (the International Organization for Standardization) and IEC (the International Electrotechnical Commission) form the specialized system for worldwide standardization. National bodies that are members of ISO or IEC participate in the development of International Standards through technical committees established by the respective organization to deal with particular fields of technical activity. ISO and IEC technical committees collaborate in fields of mutual interest. Other international organizations, governmental and non-governmental, in liaison with ISO and IEC, also take part in the work.;;;2026-07-02 19:32:49.149800;A.7.14;Secure Disposal Or Re-Use Of Equipment;Items of equipment containing storage media should be verified to ensure that any sensitive data and licensed software has been removed or securely overwritten prior to disposal or re-use.;A.7 Physical controls;A.7.14;Secure Disposal Or Re-Use Of Equipment;Items of equipment containing storage media should be verified to ensure that any sensitive data and licensed software has been removed or securely overwritten prior to disposal or re-use.;MANUAL;Manual check;manual_check;manual;False;Manual check;ISO27001;ISO/IEC 27001 Information Security Management Standard 2022
azure;ISO (the International Organization for Standardization) and IEC (the International Electrotechnical Commission) form the specialized system for worldwide standardization. National bodies that are members of ISO or IEC participate in the development of International Standards through technical committees established by the respective organization to deal with particular fields of technical activity. ISO and IEC technical committees collaborate in fields of mutual interest. Other international organizations, governmental and non-governmental, in liaison with ISO and IEC, also take part in the work.;;;2026-07-02 19:32:49.149800;A.8.4;Access To Source Code;Read and write access to source code, development tools and software libraries should be appropriately managed.;A.8 Technological controls;A.8.4;Access To Source Code;Read and write access to source code, development tools and software libraries should be appropriately managed.;MANUAL;Manual check;manual_check;manual;False;Manual check;ISO27001;ISO/IEC 27001 Information Security Management Standard 2022
azure;ISO (the International Organization for Standardization) and IEC (the International Electrotechnical Commission) form the specialized system for worldwide standardization. National bodies that are members of ISO or IEC participate in the development of International Standards through technical committees established by the respective organization to deal with particular fields of technical activity. ISO and IEC technical committees collaborate in fields of mutual interest. Other international organizations, governmental and non-governmental, in liaison with ISO and IEC, also take part in the work.;;;2026-07-02 19:32:49.149800;A.8.6;Capacity Management;The use of resources should be monitored and adjusted in line with current and expected capacity requirements.;A.8 Technological controls;A.8.6;Capacity Management;The use of resources should be monitored and adjusted in line with current and expected capacity requirements.;MANUAL;Manual check;manual_check;manual;False;Manual check;ISO27001;ISO/IEC 27001 Information Security Management Standard 2022
azure;ISO (the International Organization for Standardization) and IEC (the International Electrotechnical Commission) form the specialized system for worldwide standardization. National bodies that are members of ISO or IEC participate in the development of International Standards through technical committees established by the respective organization to deal with particular fields of technical activity. ISO and IEC technical committees collaborate in fields of mutual interest. Other international organizations, governmental and non-governmental, in liaison with ISO and IEC, also take part in the work.;;;2026-07-02 19:32:49.149800;A.8.8;Management of Technical Vulnerabilities;Information about technical vulnerabilities of information systems in use should be obtained, the organisations exposure to such vulnerabilities should be evaluated and appropriate measures should be taken.;A.8 Technological controls;A.8.8;Management of Technical Vulnerabilities;Information about technical vulnerabilities of information systems in use should be obtained, the organisations exposure to such vulnerabilities should be evaluated and appropriate measures should be taken.;MANUAL;Manual check;manual_check;manual;False;Manual check;ISO27001;ISO/IEC 27001 Information Security Management Standard 2022
azure;ISO (the International Organization for Standardization) and IEC (the International Electrotechnical Commission) form the specialized system for worldwide standardization. National bodies that are members of ISO or IEC participate in the development of International Standards through technical committees established by the respective organization to deal with particular fields of technical activity. ISO and IEC technical committees collaborate in fields of mutual interest. Other international organizations, governmental and non-governmental, in liaison with ISO and IEC, also take part in the work.;;;2026-07-02 19:32:49.149800;A.8.17;Clock Synchronisation;The clocks of information processing systems used by the organisation should be synchronised to approved time sources.;A.8 Technological controls;A.8.17;Clock Synchronisation;The clocks of information processing systems used by the organisation should be synchronised to approved time sources.;MANUAL;Manual check;manual_check;manual;False;Manual check;ISO27001;ISO/IEC 27001 Information Security Management Standard 2022
azure;ISO (the International Organization for Standardization) and IEC (the International Electrotechnical Commission) form the specialized system for worldwide standardization. National bodies that are members of ISO or IEC participate in the development of International Standards through technical committees established by the respective organization to deal with particular fields of technical activity. ISO and IEC technical committees collaborate in fields of mutual interest. Other international organizations, governmental and non-governmental, in liaison with ISO and IEC, also take part in the work.;;;2026-07-02 19:32:49.149800;A.8.18;Use of Privileged Utility Programs;The use of utility programs that can be capable of overriding system and application controls should be restricted and tightly controlled;A.8 Technological controls;A.8.18;Use of Privileged Utility Programs;The use of utility programs that can be capable of overriding system and application controls should be restricted and tightly controlled;MANUAL;Manual check;manual_check;manual;False;Manual check;ISO27001;ISO/IEC 27001 Information Security Management Standard 2022
azure;ISO (the International Organization for Standardization) and IEC (the International Electrotechnical Commission) form the specialized system for worldwide standardization. National bodies that are members of ISO or IEC participate in the development of International Standards through technical committees established by the respective organization to deal with particular fields of technical activity. ISO and IEC technical committees collaborate in fields of mutual interest. Other international organizations, governmental and non-governmental, in liaison with ISO and IEC, also take part in the work.;;;2026-07-02 19:32:49.149800;A.8.19;Installation of Software on Operational Systems;Procedures and measures should be implemented to securely manage software installation on operational systems.;A.8 Technological controls;A.8.19;Installation of Software on Operational Systems;Procedures and measures should be implemented to securely manage software installation on operational systems.;MANUAL;Manual check;manual_check;manual;False;Manual check;ISO27001;ISO/IEC 27001 Information Security Management Standard 2022
azure;ISO (the International Organization for Standardization) and IEC (the International Electrotechnical Commission) form the specialized system for worldwide standardization. National bodies that are members of ISO or IEC participate in the development of International Standards through technical committees established by the respective organization to deal with particular fields of technical activity. ISO and IEC technical committees collaborate in fields of mutual interest. Other international organizations, governmental and non-governmental, in liaison with ISO and IEC, also take part in the work.;;;2026-07-02 19:32:49.149800;A.8.23;Web Filtering;Access to external websites should be managed to reduce exposure to malicious content.;A.8 Technological controls;A.8.23;Web Filtering;Access to external websites should be managed to reduce exposure to malicious content.;MANUAL;Manual check;manual_check;manual;False;Manual check;ISO27001;ISO/IEC 27001 Information Security Management Standard 2022
azure;ISO (the International Organization for Standardization) and IEC (the International Electrotechnical Commission) form the specialized system for worldwide standardization. National bodies that are members of ISO or IEC participate in the development of International Standards through technical committees established by the respective organization to deal with particular fields of technical activity. ISO and IEC technical committees collaborate in fields of mutual interest. Other international organizations, governmental and non-governmental, in liaison with ISO and IEC, also take part in the work.;;;2026-07-02 19:32:49.149800;A.8.25;Secure Development Life Cycle;Rules for the secure development of software and systems should be established and applied.;A.8 Technological controls;A.8.25;Secure Development Life Cycle;Rules for the secure development of software and systems should be established and applied.;MANUAL;Manual check;manual_check;manual;False;Manual check;ISO27001;ISO/IEC 27001 Information Security Management Standard 2022
azure;ISO (the International Organization for Standardization) and IEC (the International Electrotechnical Commission) form the specialized system for worldwide standardization. National bodies that are members of ISO or IEC participate in the development of International Standards through technical committees established by the respective organization to deal with particular fields of technical activity. ISO and IEC technical committees collaborate in fields of mutual interest. Other international organizations, governmental and non-governmental, in liaison with ISO and IEC, also take part in the work.;;;2026-07-02 19:32:49.149800;A.8.26;Application Security Requirements;Information security requirements should be identified, specified and approved when developing or acquiring applications.;A.8 Technological controls;A.8.26;Application Security Requirements;Information security requirements should be identified, specified and approved when developing or acquiring applications.;MANUAL;Manual check;manual_check;manual;False;Manual check;ISO27001;ISO/IEC 27001 Information Security Management Standard 2022
azure;ISO (the International Organization for Standardization) and IEC (the International Electrotechnical Commission) form the specialized system for worldwide standardization. National bodies that are members of ISO or IEC participate in the development of International Standards through technical committees established by the respective organization to deal with particular fields of technical activity. ISO and IEC technical committees collaborate in fields of mutual interest. Other international organizations, governmental and non-governmental, in liaison with ISO and IEC, also take part in the work.;;;2026-07-02 19:32:49.149800;A.8.27;Secure Systems Architecture and Engineering Principles;Principles for engineering secure systems should be established, documented, maintained and applied to any information system development activities.;A.8 Technological controls;A.8.27;Secure Systems Architecture and Engineering Principles;Principles for engineering secure systems should be established, documented, maintained and applied to any information system development activities.;MANUAL;Manual check;manual_check;manual;False;Manual check;ISO27001;ISO/IEC 27001 Information Security Management Standard 2022
azure;ISO (the International Organization for Standardization) and IEC (the International Electrotechnical Commission) form the specialized system for worldwide standardization. National bodies that are members of ISO or IEC participate in the development of International Standards through technical committees established by the respective organization to deal with particular fields of technical activity. ISO and IEC technical committees collaborate in fields of mutual interest. Other international organizations, governmental and non-governmental, in liaison with ISO and IEC, also take part in the work.;;;2026-07-02 19:32:49.149800;A.8.29;Security Testing in Development and Acceptance;Security testing processes should be defined and implemented in the development life cycle.;A.8 Technological controls;A.8.29;Security Testing in Development and Acceptance;Security testing processes should be defined and implemented in the development life cycle.;MANUAL;Manual check;manual_check;manual;False;Manual check;ISO27001;ISO/IEC 27001 Information Security Management Standard 2022
azure;ISO (the International Organization for Standardization) and IEC (the International Electrotechnical Commission) form the specialized system for worldwide standardization. National bodies that are members of ISO or IEC participate in the development of International Standards through technical committees established by the respective organization to deal with particular fields of technical activity. ISO and IEC technical committees collaborate in fields of mutual interest. Other international organizations, governmental and non-governmental, in liaison with ISO and IEC, also take part in the work.;;;2026-07-02 19:32:49.149800;A.8.30;Outsourced Development;The organisation should direct, monitor and review the activities related to outsourced system development.;A.8 Technological controls;A.8.30;Outsourced Development;The organisation should direct, monitor and review the activities related to outsourced system development.;MANUAL;Manual check;manual_check;manual;False;Manual check;ISO27001;ISO/IEC 27001 Information Security Management Standard 2022
azure;ISO (the International Organization for Standardization) and IEC (the International Electrotechnical Commission) form the specialized system for worldwide standardization. National bodies that are members of ISO or IEC participate in the development of International Standards through technical committees established by the respective organization to deal with particular fields of technical activity. ISO and IEC technical committees collaborate in fields of mutual interest. Other international organizations, governmental and non-governmental, in liaison with ISO and IEC, also take part in the work.;;;2026-07-02 19:32:49.149800;A.8.31;Separation of Development, Test and Production Environments;Development, testing and production environments should be separated and secured.;A.8 Technological controls;A.8.31;Separation of Development, Test and Production Environments;Development, testing and production environments should be separated and secured.;MANUAL;Manual check;manual_check;manual;False;Manual check;ISO27001;ISO/IEC 27001 Information Security Management Standard 2022
azure;ISO (the International Organization for Standardization) and IEC (the International Electrotechnical Commission) form the specialized system for worldwide standardization. National bodies that are members of ISO or IEC participate in the development of International Standards through technical committees established by the respective organization to deal with particular fields of technical activity. ISO and IEC technical committees collaborate in fields of mutual interest. Other international organizations, governmental and non-governmental, in liaison with ISO and IEC, also take part in the work.;;;2026-07-02 19:32:49.149800;A.8.32;Change Management;Changes to information processing facilities and information systems should be subject to change management procedures.;A.8 Technological controls;A.8.32;Change Management;Changes to information processing facilities and information systems should be subject to change management procedures.;MANUAL;Manual check;manual_check;manual;False;Manual check;ISO27001;ISO/IEC 27001 Information Security Management Standard 2022
azure;ISO (the International Organization for Standardization) and IEC (the International Electrotechnical Commission) form the specialized system for worldwide standardization. National bodies that are members of ISO or IEC participate in the development of International Standards through technical committees established by the respective organization to deal with particular fields of technical activity. ISO and IEC technical committees collaborate in fields of mutual interest. Other international organizations, governmental and non-governmental, in liaison with ISO and IEC, also take part in the work.;;;2026-07-02 19:32:49.149800;A.8.33;Test Information;Test information should be appropriately selected, protected and managed.;A.8 Technological controls;A.8.33;Test Information;Test information should be appropriately selected, protected and managed.;MANUAL;Manual check;manual_check;manual;False;Manual check;ISO27001;ISO/IEC 27001 Information Security Management Standard 2022
azure;ISO (the International Organization for Standardization) and IEC (the International Electrotechnical Commission) form the specialized system for worldwide standardization. National bodies that are members of ISO or IEC participate in the development of International Standards through technical committees established by the respective organization to deal with particular fields of technical activity. ISO and IEC technical committees collaborate in fields of mutual interest. Other international organizations, governmental and non-governmental, in liaison with ISO and IEC, also take part in the work.;;;2026-07-02 19:32:49.149800;A.8.34;Protection of Information Systems During Audit Testing;Audit tests and other assurance activities involving assessment of operational systems should be planned and agreed between the tester and appropriate management.;A.8 Technological controls;A.8.34;Protection of Information Systems During Audit Testing;Audit tests and other assurance activities involving assessment of operational systems should be planned and agreed between the tester and appropriate management.;MANUAL;Manual check;manual_check;manual;False;Manual check;ISO27001;ISO/IEC 27001 Information Security Management Standard 2022
azure;ISO (the International Organization for Standardization) and IEC (the International Electrotechnical Commission) form the specialized system for worldwide standardization. National bodies that are members of ISO or IEC participate in the development of International Standards through technical committees established by the respective organization to deal with particular fields of technical activity. ISO and IEC technical committees collaborate in fields of mutual interest. Other international organizations, governmental and non-governmental, in liaison with ISO and IEC, also take part in the work.;7e3283a3-d466-4e6f-95b1-543eec016e08;global;2026-07-04 03:44:37.699268;A.8.15;Logging;Logs that record activities, exceptions, faults and other relevant events should be produced, stored, protected and analysed.;A.8 Technological controls;A.8.15;Logging;Logs that record activities, exceptions, faults and other relevant events should be produced, stored, protected and analysed.;FAIL;Defender Auto Provisioning Log Analytics Agents from subscription Azure subscription 1 (7e3283a3-d466-4e6f-95b1-543eec016e08) is set to OFF.;/subscriptions/7e3283a3-d466-4e6f-95b1-543eec016e08/providers/Microsoft.Security/autoProvisioningSettings/default;defender_auto_provisioning_log_analytics_agent_vms_on;False;default;ISO27001;ISO/IEC 27001 Information Security Management Standard 2022
azure;ISO (the International Organization for Standardization) and IEC (the International Electrotechnical Commission) form the specialized system for worldwide standardization. National bodies that are members of ISO or IEC participate in the development of International Standards through technical committees established by the respective organization to deal with particular fields of technical activity. ISO and IEC technical committees collaborate in fields of mutual interest. Other international organizations, governmental and non-governmental, in liaison with ISO and IEC, also take part in the work.;7e3283a3-d466-4e6f-95b1-543eec016e08;global;2026-07-04 03:44:37.699268;A.5.19;Information Security In Supplier Relationships;Processes and procedures should be defined and implemented to manage the information security risks associated with the use of supplier’s products or services.;A.5 Organizational controls;A.5.19;Information Security In Supplier Relationships;Processes and procedures should be defined and implemented to manage the information security risks associated with the use of supplier’s products or services.;FAIL;Container image scan is disabled in subscription Azure subscription 1 (7e3283a3-d466-4e6f-95b1-543eec016e08).;/subscriptions/7e3283a3-d466-4e6f-95b1-543eec016e08/providers/Microsoft.Security/pricings/Containers;defender_container_images_scan_enabled;False;Containers;ISO27001;ISO/IEC 27001 Information Security Management Standard 2022
azure;ISO (the International Organization for Standardization) and IEC (the International Electrotechnical Commission) form the specialized system for worldwide standardization. National bodies that are members of ISO or IEC participate in the development of International Standards through technical committees established by the respective organization to deal with particular fields of technical activity. ISO and IEC technical committees collaborate in fields of mutual interest. Other international organizations, governmental and non-governmental, in liaison with ISO and IEC, also take part in the work.;7e3283a3-d466-4e6f-95b1-543eec016e08;global;2026-07-04 03:44:37.699268;A.5.21;Managing Information Security In The ICT Supply Chain;Processes and procedures should be defined and implemented to manage the information security risks associated with the ICT products and services supply chain.;A.5 Organizational controls;A.5.21;Managing Information Security In The ICT Supply Chain;Processes and procedures should be defined and implemented to manage the information security risks associated with the ICT products and services supply chain.;FAIL;Container image scan is disabled in subscription Azure subscription 1 (7e3283a3-d466-4e6f-95b1-543eec016e08).;/subscriptions/7e3283a3-d466-4e6f-95b1-543eec016e08/providers/Microsoft.Security/pricings/Containers;defender_container_images_scan_enabled;False;Containers;ISO27001;ISO/IEC 27001 Information Security Management Standard 2022
azure;ISO (the International Organization for Standardization) and IEC (the International Electrotechnical Commission) form the specialized system for worldwide standardization. National bodies that are members of ISO or IEC participate in the development of International Standards through technical committees established by the respective organization to deal with particular fields of technical activity. ISO and IEC technical committees collaborate in fields of mutual interest. Other international organizations, governmental and non-governmental, in liaison with ISO and IEC, also take part in the work.;7e3283a3-d466-4e6f-95b1-543eec016e08;global;2026-07-04 03:44:37.699268;A.5.25;Assessment And Decision On Information Security Events;The organisation should assess information security events and decide if they are to be categorised as information security incidents.;A.5 Organizational controls;A.5.25;Assessment And Decision On Information Security Events;The organisation should assess information security events and decide if they are to be categorised as information security incidents.;FAIL;Container image scan is disabled in subscription Azure subscription 1 (7e3283a3-d466-4e6f-95b1-543eec016e08).;/subscriptions/7e3283a3-d466-4e6f-95b1-543eec016e08/providers/Microsoft.Security/pricings/Containers;defender_container_images_scan_enabled;False;Containers;ISO27001;ISO/IEC 27001 Information Security Management Standard 2022
azure;ISO (the International Organization for Standardization) and IEC (the International Electrotechnical Commission) form the specialized system for worldwide standardization. National bodies that are members of ISO or IEC participate in the development of International Standards through technical committees established by the respective organization to deal with particular fields of technical activity. ISO and IEC technical committees collaborate in fields of mutual interest. Other international organizations, governmental and non-governmental, in liaison with ISO and IEC, also take part in the work.;7e3283a3-d466-4e6f-95b1-543eec016e08;global;2026-07-04 03:44:37.699268;A.5.28;Collection Of Evidence;The organisation should establish and implement procedures for the identification, collection, acquisition and preservation of evidence related to information security events.;A.5 Organizational controls;A.5.28;Collection Of Evidence;The organisation should establish and implement procedures for the identification, collection, acquisition and preservation of evidence related to information security events.;FAIL;Container image scan is disabled in subscription Azure subscription 1 (7e3283a3-d466-4e6f-95b1-543eec016e08).;/subscriptions/7e3283a3-d466-4e6f-95b1-543eec016e08/providers/Microsoft.Security/pricings/Containers;defender_container_images_scan_enabled;False;Containers;ISO27001;ISO/IEC 27001 Information Security Management Standard 2022
azure;ISO (the International Organization for Standardization) and IEC (the International Electrotechnical Commission) form the specialized system for worldwide standardization. National bodies that are members of ISO or IEC participate in the development of International Standards through technical committees established by the respective organization to deal with particular fields of technical activity. ISO and IEC technical committees collaborate in fields of mutual interest. Other international organizations, governmental and non-governmental, in liaison with ISO and IEC, also take part in the work.;7e3283a3-d466-4e6f-95b1-543eec016e08;global;2026-07-04 03:44:37.699268;A.5.29;Information Security During Disruption;The organisation should plan how to maintain information security at an appropriate level during disruption.;A.5 Organizational controls;A.5.29;Information Security During Disruption;The organisation should plan how to maintain information security at an appropriate level during disruption.;FAIL;Container image scan is disabled in subscription Azure subscription 1 (7e3283a3-d466-4e6f-95b1-543eec016e08).;/subscriptions/7e3283a3-d466-4e6f-95b1-543eec016e08/providers/Microsoft.Security/pricings/Containers;defender_container_images_scan_enabled;False;Containers;ISO27001;ISO/IEC 27001 Information Security Management Standard 2022
azure;ISO (the International Organization for Standardization) and IEC (the International Electrotechnical Commission) form the specialized system for worldwide standardization. National bodies that are members of ISO or IEC participate in the development of International Standards through technical committees established by the respective organization to deal with particular fields of technical activity. ISO and IEC technical committees collaborate in fields of mutual interest. Other international organizations, governmental and non-governmental, in liaison with ISO and IEC, also take part in the work.;7e3283a3-d466-4e6f-95b1-543eec016e08;global;2026-07-04 03:44:37.699268;A.8.7;Protection Against Malware;Protection against malware should be implemented and supported by appropriate user awareness.;A.8 Technological controls;A.8.7;Protection Against Malware;Protection against malware should be implemented and supported by appropriate user awareness.;FAIL;Container image scan is disabled in subscription Azure subscription 1 (7e3283a3-d466-4e6f-95b1-543eec016e08).;/subscriptions/7e3283a3-d466-4e6f-95b1-543eec016e08/providers/Microsoft.Security/pricings/Containers;defender_container_images_scan_enabled;False;Containers;ISO27001;ISO/IEC 27001 Information Security Management Standard 2022
azure;ISO (the International Organization for Standardization) and IEC (the International Electrotechnical Commission) form the specialized system for worldwide standardization. National bodies that are members of ISO or IEC participate in the development of International Standards through technical committees established by the respective organization to deal with particular fields of technical activity. ISO and IEC technical committees collaborate in fields of mutual interest. Other international organizations, governmental and non-governmental, in liaison with ISO and IEC, also take part in the work.;7e3283a3-d466-4e6f-95b1-543eec016e08;global;2026-07-04 03:44:37.699268;A.8.9;Configuration Management;Configurations, including security configurations, of hardware, software, services and networks should be established, documented, implemented, monitored and reviewed.;A.8 Technological controls;A.8.9;Configuration Management;Configurations, including security configurations, of hardware, software, services and networks should be established, documented, implemented, monitored and reviewed.;FAIL;Container image scan is disabled in subscription Azure subscription 1 (7e3283a3-d466-4e6f-95b1-543eec016e08).;/subscriptions/7e3283a3-d466-4e6f-95b1-543eec016e08/providers/Microsoft.Security/pricings/Containers;defender_container_images_scan_enabled;False;Containers;ISO27001;ISO/IEC 27001 Information Security Management Standard 2022
azure;ISO (the International Organization for Standardization) and IEC (the International Electrotechnical Commission) form the specialized system for worldwide standardization. National bodies that are members of ISO or IEC participate in the development of International Standards through technical committees established by the respective organization to deal with particular fields of technical activity. ISO and IEC technical committees collaborate in fields of mutual interest. Other international organizations, governmental and non-governmental, in liaison with ISO and IEC, also take part in the work.;7e3283a3-d466-4e6f-95b1-543eec016e08;global;2026-07-04 03:44:37.699268;A.5.19;Information Security In Supplier Relationships;Processes and procedures should be defined and implemented to manage the information security risks associated with the use of supplier’s products or services.;A.5 Organizational controls;A.5.19;Information Security In Supplier Relationships;Processes and procedures should be defined and implemented to manage the information security risks associated with the use of supplier’s products or services.;FAIL;Defender plan Defender for App Services from subscription Azure subscription 1 (7e3283a3-d466-4e6f-95b1-543eec016e08) is set to OFF (pricing tier not standard).;/subscriptions/7e3283a3-d466-4e6f-95b1-543eec016e08/providers/Microsoft.Security/pricings/AppServices;defender_ensure_defender_for_app_services_is_on;False;Defender plan App Services;ISO27001;ISO/IEC 27001 Information Security Management Standard 2022
azure;ISO (the International Organization for Standardization) and IEC (the International Electrotechnical Commission) form the specialized system for worldwide standardization. National bodies that are members of ISO or IEC participate in the development of International Standards through technical committees established by the respective organization to deal with particular fields of technical activity. ISO and IEC technical committees collaborate in fields of mutual interest. Other international organizations, governmental and non-governmental, in liaison with ISO and IEC, also take part in the work.;7e3283a3-d466-4e6f-95b1-543eec016e08;global;2026-07-04 03:44:37.699268;A.5.21;Managing Information Security In The ICT Supply Chain;Processes and procedures should be defined and implemented to manage the information security risks associated with the ICT products and services supply chain.;A.5 Organizational controls;A.5.21;Managing Information Security In The ICT Supply Chain;Processes and procedures should be defined and implemented to manage the information security risks associated with the ICT products and services supply chain.;FAIL;Defender plan Defender for App Services from subscription Azure subscription 1 (7e3283a3-d466-4e6f-95b1-543eec016e08) is set to OFF (pricing tier not standard).;/subscriptions/7e3283a3-d466-4e6f-95b1-543eec016e08/providers/Microsoft.Security/pricings/AppServices;defender_ensure_defender_for_app_services_is_on;False;Defender plan App Services;ISO27001;ISO/IEC 27001 Information Security Management Standard 2022
azure;ISO (the International Organization for Standardization) and IEC (the International Electrotechnical Commission) form the specialized system for worldwide standardization. National bodies that are members of ISO or IEC participate in the development of International Standards through technical committees established by the respective organization to deal with particular fields of technical activity. ISO and IEC technical committees collaborate in fields of mutual interest. Other international organizations, governmental and non-governmental, in liaison with ISO and IEC, also take part in the work.;7e3283a3-d466-4e6f-95b1-543eec016e08;global;2026-07-04 03:44:37.699268;A.5.25;Assessment And Decision On Information Security Events;The organisation should assess information security events and decide if they are to be categorised as information security incidents.;A.5 Organizational controls;A.5.25;Assessment And Decision On Information Security Events;The organisation should assess information security events and decide if they are to be categorised as information security incidents.;FAIL;Defender plan Defender for App Services from subscription Azure subscription 1 (7e3283a3-d466-4e6f-95b1-543eec016e08) is set to OFF (pricing tier not standard).;/subscriptions/7e3283a3-d466-4e6f-95b1-543eec016e08/providers/Microsoft.Security/pricings/AppServices;defender_ensure_defender_for_app_services_is_on;False;Defender plan App Services;ISO27001;ISO/IEC 27001 Information Security Management Standard 2022
azure;ISO (the International Organization for Standardization) and IEC (the International Electrotechnical Commission) form the specialized system for worldwide standardization. National bodies that are members of ISO or IEC participate in the development of International Standards through technical committees established by the respective organization to deal with particular fields of technical activity. ISO and IEC technical committees collaborate in fields of mutual interest. Other international organizations, governmental and non-governmental, in liaison with ISO and IEC, also take part in the work.;7e3283a3-d466-4e6f-95b1-543eec016e08;global;2026-07-04 03:44:37.699268;A.5.28;Collection Of Evidence;The organisation should establish and implement procedures for the identification, collection, acquisition and preservation of evidence related to information security events.;A.5 Organizational controls;A.5.28;Collection Of Evidence;The organisation should establish and implement procedures for the identification, collection, acquisition and preservation of evidence related to information security events.;FAIL;Defender plan Defender for App Services from subscription Azure subscription 1 (7e3283a3-d466-4e6f-95b1-543eec016e08) is set to OFF (pricing tier not standard).;/subscriptions/7e3283a3-d466-4e6f-95b1-543eec016e08/providers/Microsoft.Security/pricings/AppServices;defender_ensure_defender_for_app_services_is_on;False;Defender plan App Services;ISO27001;ISO/IEC 27001 Information Security Management Standard 2022
azure;ISO (the International Organization for Standardization) and IEC (the International Electrotechnical Commission) form the specialized system for worldwide standardization. National bodies that are members of ISO or IEC participate in the development of International Standards through technical committees established by the respective organization to deal with particular fields of technical activity. ISO and IEC technical committees collaborate in fields of mutual interest. Other international organizations, governmental and non-governmental, in liaison with ISO and IEC, also take part in the work.;7e3283a3-d466-4e6f-95b1-543eec016e08;global;2026-07-04 03:44:37.699268;A.5.29;Information Security During Disruption;The organisation should plan how to maintain information security at an appropriate level during disruption.;A.5 Organizational controls;A.5.29;Information Security During Disruption;The organisation should plan how to maintain information security at an appropriate level during disruption.;FAIL;Defender plan Defender for App Services from subscription Azure subscription 1 (7e3283a3-d466-4e6f-95b1-543eec016e08) is set to OFF (pricing tier not standard).;/subscriptions/7e3283a3-d466-4e6f-95b1-543eec016e08/providers/Microsoft.Security/pricings/AppServices;defender_ensure_defender_for_app_services_is_on;False;Defender plan App Services;ISO27001;ISO/IEC 27001 Information Security Management Standard 2022
azure;ISO (the International Organization for Standardization) and IEC (the International Electrotechnical Commission) form the specialized system for worldwide standardization. National bodies that are members of ISO or IEC participate in the development of International Standards through technical committees established by the respective organization to deal with particular fields of technical activity. ISO and IEC technical committees collaborate in fields of mutual interest. Other international organizations, governmental and non-governmental, in liaison with ISO and IEC, also take part in the work.;7e3283a3-d466-4e6f-95b1-543eec016e08;global;2026-07-04 03:44:37.699268;A.8.7;Protection Against Malware;Protection against malware should be implemented and supported by appropriate user awareness.;A.8 Technological controls;A.8.7;Protection Against Malware;Protection against malware should be implemented and supported by appropriate user awareness.;FAIL;Defender plan Defender for App Services from subscription Azure subscription 1 (7e3283a3-d466-4e6f-95b1-543eec016e08) is set to OFF (pricing tier not standard).;/subscriptions/7e3283a3-d466-4e6f-95b1-543eec016e08/providers/Microsoft.Security/pricings/AppServices;defender_ensure_defender_for_app_services_is_on;False;Defender plan App Services;ISO27001;ISO/IEC 27001 Information Security Management Standard 2022
azure;ISO (the International Organization for Standardization) and IEC (the International Electrotechnical Commission) form the specialized system for worldwide standardization. National bodies that are members of ISO or IEC participate in the development of International Standards through technical committees established by the respective organization to deal with particular fields of technical activity. ISO and IEC technical committees collaborate in fields of mutual interest. Other international organizations, governmental and non-governmental, in liaison with ISO and IEC, also take part in the work.;7e3283a3-d466-4e6f-95b1-543eec016e08;global;2026-07-04 03:44:37.699268;A.8.9;Configuration Management;Configurations, including security configurations, of hardware, software, services and networks should be established, documented, implemented, monitored and reviewed.;A.8 Technological controls;A.8.9;Configuration Management;Configurations, including security configurations, of hardware, software, services and networks should be established, documented, implemented, monitored and reviewed.;FAIL;Defender plan Defender for App Services from subscription Azure subscription 1 (7e3283a3-d466-4e6f-95b1-543eec016e08) is set to OFF (pricing tier not standard).;/subscriptions/7e3283a3-d466-4e6f-95b1-543eec016e08/providers/Microsoft.Security/pricings/AppServices;defender_ensure_defender_for_app_services_is_on;False;Defender plan App Services;ISO27001;ISO/IEC 27001 Information Security Management Standard 2022
azure;ISO (the International Organization for Standardization) and IEC (the International Electrotechnical Commission) form the specialized system for worldwide standardization. National bodies that are members of ISO or IEC participate in the development of International Standards through technical committees established by the respective organization to deal with particular fields of technical activity. ISO and IEC technical committees collaborate in fields of mutual interest. Other international organizations, governmental and non-governmental, in liaison with ISO and IEC, also take part in the work.;7e3283a3-d466-4e6f-95b1-543eec016e08;global;2026-07-04 03:44:37.699268;A.5.19;Information Security In Supplier Relationships;Processes and procedures should be defined and implemented to manage the information security risks associated with the use of supplier’s products or services.;A.5 Organizational controls;A.5.19;Information Security In Supplier Relationships;Processes and procedures should be defined and implemented to manage the information security risks associated with the use of supplier’s products or services.;FAIL;Defender plan Defender for ARM from subscription Azure subscription 1 (7e3283a3-d466-4e6f-95b1-543eec016e08) is set to OFF (pricing tier not standard).;/subscriptions/7e3283a3-d466-4e6f-95b1-543eec016e08/providers/Microsoft.Security/pricings/Arm;defender_ensure_defender_for_arm_is_on;False;Defender plan ARM;ISO27001;ISO/IEC 27001 Information Security Management Standard 2022
azure;ISO (the International Organization for Standardization) and IEC (the International Electrotechnical Commission) form the specialized system for worldwide standardization. National bodies that are members of ISO or IEC participate in the development of International Standards through technical committees established by the respective organization to deal with particular fields of technical activity. ISO and IEC technical committees collaborate in fields of mutual interest. Other international organizations, governmental and non-governmental, in liaison with ISO and IEC, also take part in the work.;7e3283a3-d466-4e6f-95b1-543eec016e08;global;2026-07-04 03:44:37.699268;A.5.21;Managing Information Security In The ICT Supply Chain;Processes and procedures should be defined and implemented to manage the information security risks associated with the ICT products and services supply chain.;A.5 Organizational controls;A.5.21;Managing Information Security In The ICT Supply Chain;Processes and procedures should be defined and implemented to manage the information security risks associated with the ICT products and services supply chain.;FAIL;Defender plan Defender for ARM from subscription Azure subscription 1 (7e3283a3-d466-4e6f-95b1-543eec016e08) is set to OFF (pricing tier not standard).;/subscriptions/7e3283a3-d466-4e6f-95b1-543eec016e08/providers/Microsoft.Security/pricings/Arm;defender_ensure_defender_for_arm_is_on;False;Defender plan ARM;ISO27001;ISO/IEC 27001 Information Security Management Standard 2022
azure;ISO (the International Organization for Standardization) and IEC (the International Electrotechnical Commission) form the specialized system for worldwide standardization. National bodies that are members of ISO or IEC participate in the development of International Standards through technical committees established by the respective organization to deal with particular fields of technical activity. ISO and IEC technical committees collaborate in fields of mutual interest. Other international organizations, governmental and non-governmental, in liaison with ISO and IEC, also take part in the work.;7e3283a3-d466-4e6f-95b1-543eec016e08;global;2026-07-04 03:44:37.699268;A.5.25;Assessment And Decision On Information Security Events;The organisation should assess information security events and decide if they are to be categorised as information security incidents.;A.5 Organizational controls;A.5.25;Assessment And Decision On Information Security Events;The organisation should assess information security events and decide if they are to be categorised as information security incidents.;FAIL;Defender plan Defender for ARM from subscription Azure subscription 1 (7e3283a3-d466-4e6f-95b1-543eec016e08) is set to OFF (pricing tier not standard).;/subscriptions/7e3283a3-d466-4e6f-95b1-543eec016e08/providers/Microsoft.Security/pricings/Arm;defender_ensure_defender_for_arm_is_on;False;Defender plan ARM;ISO27001;ISO/IEC 27001 Information Security Management Standard 2022
azure;ISO (the International Organization for Standardization) and IEC (the International Electrotechnical Commission) form the specialized system for worldwide standardization. National bodies that are members of ISO or IEC participate in the development of International Standards through technical committees established by the respective organization to deal with particular fields of technical activity. ISO and IEC technical committees collaborate in fields of mutual interest. Other international organizations, governmental and non-governmental, in liaison with ISO and IEC, also take part in the work.;7e3283a3-d466-4e6f-95b1-543eec016e08;global;2026-07-04 03:44:37.699268;A.5.28;Collection Of Evidence;The organisation should establish and implement procedures for the identification, collection, acquisition and preservation of evidence related to information security events.;A.5 Organizational controls;A.5.28;Collection Of Evidence;The organisation should establish and implement procedures for the identification, collection, acquisition and preservation of evidence related to information security events.;FAIL;Defender plan Defender for ARM from subscription Azure subscription 1 (7e3283a3-d466-4e6f-95b1-543eec016e08) is set to OFF (pricing tier not standard).;/subscriptions/7e3283a3-d466-4e6f-95b1-543eec016e08/providers/Microsoft.Security/pricings/Arm;defender_ensure_defender_for_arm_is_on;False;Defender plan ARM;ISO27001;ISO/IEC 27001 Information Security Management Standard 2022
azure;ISO (the International Organization for Standardization) and IEC (the International Electrotechnical Commission) form the specialized system for worldwide standardization. National bodies that are members of ISO or IEC participate in the development of International Standards through technical committees established by the respective organization to deal with particular fields of technical activity. ISO and IEC technical committees collaborate in fields of mutual interest. Other international organizations, governmental and non-governmental, in liaison with ISO and IEC, also take part in the work.;7e3283a3-d466-4e6f-95b1-543eec016e08;global;2026-07-04 03:44:37.699268;A.5.29;Information Security During Disruption;The organisation should plan how to maintain information security at an appropriate level during disruption.;A.5 Organizational controls;A.5.29;Information Security During Disruption;The organisation should plan how to maintain information security at an appropriate level during disruption.;FAIL;Defender plan Defender for ARM from subscription Azure subscription 1 (7e3283a3-d466-4e6f-95b1-543eec016e08) is set to OFF (pricing tier not standard).;/subscriptions/7e3283a3-d466-4e6f-95b1-543eec016e08/providers/Microsoft.Security/pricings/Arm;defender_ensure_defender_for_arm_is_on;False;Defender plan ARM;ISO27001;ISO/IEC 27001 Information Security Management Standard 2022
azure;ISO (the International Organization for Standardization) and IEC (the International Electrotechnical Commission) form the specialized system for worldwide standardization. National bodies that are members of ISO or IEC participate in the development of International Standards through technical committees established by the respective organization to deal with particular fields of technical activity. ISO and IEC technical committees collaborate in fields of mutual interest. Other international organizations, governmental and non-governmental, in liaison with ISO and IEC, also take part in the work.;7e3283a3-d466-4e6f-95b1-543eec016e08;global;2026-07-04 03:44:37.699268;A.8.7;Protection Against Malware;Protection against malware should be implemented and supported by appropriate user awareness.;A.8 Technological controls;A.8.7;Protection Against Malware;Protection against malware should be implemented and supported by appropriate user awareness.;FAIL;Defender plan Defender for ARM from subscription Azure subscription 1 (7e3283a3-d466-4e6f-95b1-543eec016e08) is set to OFF (pricing tier not standard).;/subscriptions/7e3283a3-d466-4e6f-95b1-543eec016e08/providers/Microsoft.Security/pricings/Arm;defender_ensure_defender_for_arm_is_on;False;Defender plan ARM;ISO27001;ISO/IEC 27001 Information Security Management Standard 2022
azure;ISO (the International Organization for Standardization) and IEC (the International Electrotechnical Commission) form the specialized system for worldwide standardization. National bodies that are members of ISO or IEC participate in the development of International Standards through technical committees established by the respective organization to deal with particular fields of technical activity. ISO and IEC technical committees collaborate in fields of mutual interest. Other international organizations, governmental and non-governmental, in liaison with ISO and IEC, also take part in the work.;7e3283a3-d466-4e6f-95b1-543eec016e08;global;2026-07-04 03:44:37.699268;A.8.9;Configuration Management;Configurations, including security configurations, of hardware, software, services and networks should be established, documented, implemented, monitored and reviewed.;A.8 Technological controls;A.8.9;Configuration Management;Configurations, including security configurations, of hardware, software, services and networks should be established, documented, implemented, monitored and reviewed.;FAIL;Defender plan Defender for ARM from subscription Azure subscription 1 (7e3283a3-d466-4e6f-95b1-543eec016e08) is set to OFF (pricing tier not standard).;/subscriptions/7e3283a3-d466-4e6f-95b1-543eec016e08/providers/Microsoft.Security/pricings/Arm;defender_ensure_defender_for_arm_is_on;False;Defender plan ARM;ISO27001;ISO/IEC 27001 Information Security Management Standard 2022
azure;ISO (the International Organization for Standardization) and IEC (the International Electrotechnical Commission) form the specialized system for worldwide standardization. National bodies that are members of ISO or IEC participate in the development of International Standards through technical committees established by the respective organization to deal with particular fields of technical activity. ISO and IEC technical committees collaborate in fields of mutual interest. Other international organizations, governmental and non-governmental, in liaison with ISO and IEC, also take part in the work.;7e3283a3-d466-4e6f-95b1-543eec016e08;global;2026-07-04 03:44:37.699268;A.5.19;Information Security In Supplier Relationships;Processes and procedures should be defined and implemented to manage the information security risks associated with the use of supplier’s products or services.;A.5 Organizational controls;A.5.19;Information Security In Supplier Relationships;Processes and procedures should be defined and implemented to manage the information security risks associated with the use of supplier’s products or services.;FAIL;Defender plan Defender for Azure SQL DB Servers from subscription Azure subscription 1 (7e3283a3-d466-4e6f-95b1-543eec016e08) is set to OFF (pricing tier not standard).;/subscriptions/7e3283a3-d466-4e6f-95b1-543eec016e08/providers/Microsoft.Security/pricings/SqlServers;defender_ensure_defender_for_azure_sql_databases_is_on;False;SqlServers;ISO27001;ISO/IEC 27001 Information Security Management Standard 2022
azure;ISO (the International Organization for Standardization) and IEC (the International Electrotechnical Commission) form the specialized system for worldwide standardization. National bodies that are members of ISO or IEC participate in the development of International Standards through technical committees established by the respective organization to deal with particular fields of technical activity. ISO and IEC technical committees collaborate in fields of mutual interest. Other international organizations, governmental and non-governmental, in liaison with ISO and IEC, also take part in the work.;7e3283a3-d466-4e6f-95b1-543eec016e08;global;2026-07-04 03:44:37.699268;A.5.21;Managing Information Security In The ICT Supply Chain;Processes and procedures should be defined and implemented to manage the information security risks associated with the ICT products and services supply chain.;A.5 Organizational controls;A.5.21;Managing Information Security In The ICT Supply Chain;Processes and procedures should be defined and implemented to manage the information security risks associated with the ICT products and services supply chain.;FAIL;Defender plan Defender for Azure SQL DB Servers from subscription Azure subscription 1 (7e3283a3-d466-4e6f-95b1-543eec016e08) is set to OFF (pricing tier not standard).;/subscriptions/7e3283a3-d466-4e6f-95b1-543eec016e08/providers/Microsoft.Security/pricings/SqlServers;defender_ensure_defender_for_azure_sql_databases_is_on;False;SqlServers;ISO27001;ISO/IEC 27001 Information Security Management Standard 2022
azure;ISO (the International Organization for Standardization) and IEC (the International Electrotechnical Commission) form the specialized system for worldwide standardization. National bodies that are members of ISO or IEC participate in the development of International Standards through technical committees established by the respective organization to deal with particular fields of technical activity. ISO and IEC technical committees collaborate in fields of mutual interest. Other international organizations, governmental and non-governmental, in liaison with ISO and IEC, also take part in the work.;7e3283a3-d466-4e6f-95b1-543eec016e08;global;2026-07-04 03:44:37.699268;A.5.25;Assessment And Decision On Information Security Events;The organisation should assess information security events and decide if they are to be categorised as information security incidents.;A.5 Organizational controls;A.5.25;Assessment And Decision On Information Security Events;The organisation should assess information security events and decide if they are to be categorised as information security incidents.;FAIL;Defender plan Defender for Azure SQL DB Servers from subscription Azure subscription 1 (7e3283a3-d466-4e6f-95b1-543eec016e08) is set to OFF (pricing tier not standard).;/subscriptions/7e3283a3-d466-4e6f-95b1-543eec016e08/providers/Microsoft.Security/pricings/SqlServers;defender_ensure_defender_for_azure_sql_databases_is_on;False;SqlServers;ISO27001;ISO/IEC 27001 Information Security Management Standard 2022
azure;ISO (the International Organization for Standardization) and IEC (the International Electrotechnical Commission) form the specialized system for worldwide standardization. National bodies that are members of ISO or IEC participate in the development of International Standards through technical committees established by the respective organization to deal with particular fields of technical activity. ISO and IEC technical committees collaborate in fields of mutual interest. Other international organizations, governmental and non-governmental, in liaison with ISO and IEC, also take part in the work.;7e3283a3-d466-4e6f-95b1-543eec016e08;global;2026-07-04 03:44:37.699268;A.5.28;Collection Of Evidence;The organisation should establish and implement procedures for the identification, collection, acquisition and preservation of evidence related to information security events.;A.5 Organizational controls;A.5.28;Collection Of Evidence;The organisation should establish and implement procedures for the identification, collection, acquisition and preservation of evidence related to information security events.;FAIL;Defender plan Defender for Azure SQL DB Servers from subscription Azure subscription 1 (7e3283a3-d466-4e6f-95b1-543eec016e08) is set to OFF (pricing tier not standard).;/subscriptions/7e3283a3-d466-4e6f-95b1-543eec016e08/providers/Microsoft.Security/pricings/SqlServers;defender_ensure_defender_for_azure_sql_databases_is_on;False;SqlServers;ISO27001;ISO/IEC 27001 Information Security Management Standard 2022
azure;ISO (the International Organization for Standardization) and IEC (the International Electrotechnical Commission) form the specialized system for worldwide standardization. National bodies that are members of ISO or IEC participate in the development of International Standards through technical committees established by the respective organization to deal with particular fields of technical activity. ISO and IEC technical committees collaborate in fields of mutual interest. Other international organizations, governmental and non-governmental, in liaison with ISO and IEC, also take part in the work.;7e3283a3-d466-4e6f-95b1-543eec016e08;global;2026-07-04 03:44:37.699268;A.5.29;Information Security During Disruption;The organisation should plan how to maintain information security at an appropriate level during disruption.;A.5 Organizational controls;A.5.29;Information Security During Disruption;The organisation should plan how to maintain information security at an appropriate level during disruption.;FAIL;Defender plan Defender for Azure SQL DB Servers from subscription Azure subscription 1 (7e3283a3-d466-4e6f-95b1-543eec016e08) is set to OFF (pricing tier not standard).;/subscriptions/7e3283a3-d466-4e6f-95b1-543eec016e08/providers/Microsoft.Security/pricings/SqlServers;defender_ensure_defender_for_azure_sql_databases_is_on;False;SqlServers;ISO27001;ISO/IEC 27001 Information Security Management Standard 2022
azure;ISO (the International Organization for Standardization) and IEC (the International Electrotechnical Commission) form the specialized system for worldwide standardization. National bodies that are members of ISO or IEC participate in the development of International Standards through technical committees established by the respective organization to deal with particular fields of technical activity. ISO and IEC technical committees collaborate in fields of mutual interest. Other international organizations, governmental and non-governmental, in liaison with ISO and IEC, also take part in the work.;7e3283a3-d466-4e6f-95b1-543eec016e08;global;2026-07-04 03:44:37.699268;A.8.7;Protection Against Malware;Protection against malware should be implemented and supported by appropriate user awareness.;A.8 Technological controls;A.8.7;Protection Against Malware;Protection against malware should be implemented and supported by appropriate user awareness.;FAIL;Defender plan Defender for Azure SQL DB Servers from subscription Azure subscription 1 (7e3283a3-d466-4e6f-95b1-543eec016e08) is set to OFF (pricing tier not standard).;/subscriptions/7e3283a3-d466-4e6f-95b1-543eec016e08/providers/Microsoft.Security/pricings/SqlServers;defender_ensure_defender_for_azure_sql_databases_is_on;False;SqlServers;ISO27001;ISO/IEC 27001 Information Security Management Standard 2022
azure;ISO (the International Organization for Standardization) and IEC (the International Electrotechnical Commission) form the specialized system for worldwide standardization. National bodies that are members of ISO or IEC participate in the development of International Standards through technical committees established by the respective organization to deal with particular fields of technical activity. ISO and IEC technical committees collaborate in fields of mutual interest. Other international organizations, governmental and non-governmental, in liaison with ISO and IEC, also take part in the work.;7e3283a3-d466-4e6f-95b1-543eec016e08;global;2026-07-04 03:44:37.699268;A.8.9;Configuration Management;Configurations, including security configurations, of hardware, software, services and networks should be established, documented, implemented, monitored and reviewed.;A.8 Technological controls;A.8.9;Configuration Management;Configurations, including security configurations, of hardware, software, services and networks should be established, documented, implemented, monitored and reviewed.;FAIL;Defender plan Defender for Azure SQL DB Servers from subscription Azure subscription 1 (7e3283a3-d466-4e6f-95b1-543eec016e08) is set to OFF (pricing tier not standard).;/subscriptions/7e3283a3-d466-4e6f-95b1-543eec016e08/providers/Microsoft.Security/pricings/SqlServers;defender_ensure_defender_for_azure_sql_databases_is_on;False;SqlServers;ISO27001;ISO/IEC 27001 Information Security Management Standard 2022
azure;ISO (the International Organization for Standardization) and IEC (the International Electrotechnical Commission) form the specialized system for worldwide standardization. National bodies that are members of ISO or IEC participate in the development of International Standards through technical committees established by the respective organization to deal with particular fields of technical activity. ISO and IEC technical committees collaborate in fields of mutual interest. Other international organizations, governmental and non-governmental, in liaison with ISO and IEC, also take part in the work.;7e3283a3-d466-4e6f-95b1-543eec016e08;global;2026-07-04 03:44:37.699268;A.5.16;Identity Management;The full lifecycle of identities should be managed.;A.5 Organizational controls;A.5.16;Identity Management;The full lifecycle of identities should be managed.;FAIL;Defender plan Defender for Containers from subscription Azure subscription 1 (7e3283a3-d466-4e6f-95b1-543eec016e08) is set to OFF (pricing tier not standard).;/subscriptions/7e3283a3-d466-4e6f-95b1-543eec016e08/providers/Microsoft.Security/pricings/Containers;defender_ensure_defender_for_containers_is_on;False;Containers;ISO27001;ISO/IEC 27001 Information Security Management Standard 2022
azure;ISO (the International Organization for Standardization) and IEC (the International Electrotechnical Commission) form the specialized system for worldwide standardization. National bodies that are members of ISO or IEC participate in the development of International Standards through technical committees established by the respective organization to deal with particular fields of technical activity. ISO and IEC technical committees collaborate in fields of mutual interest. Other international organizations, governmental and non-governmental, in liaison with ISO and IEC, also take part in the work.;7e3283a3-d466-4e6f-95b1-543eec016e08;global;2026-07-04 03:44:37.699268;A.5.19;Information Security In Supplier Relationships;Processes and procedures should be defined and implemented to manage the information security risks associated with the use of supplier’s products or services.;A.5 Organizational controls;A.5.19;Information Security In Supplier Relationships;Processes and procedures should be defined and implemented to manage the information security risks associated with the use of supplier’s products or services.;FAIL;Defender plan Defender for Containers from subscription Azure subscription 1 (7e3283a3-d466-4e6f-95b1-543eec016e08) is set to OFF (pricing tier not standard).;/subscriptions/7e3283a3-d466-4e6f-95b1-543eec016e08/providers/Microsoft.Security/pricings/Containers;defender_ensure_defender_for_containers_is_on;False;Containers;ISO27001;ISO/IEC 27001 Information Security Management Standard 2022
azure;ISO (the International Organization for Standardization) and IEC (the International Electrotechnical Commission) form the specialized system for worldwide standardization. National bodies that are members of ISO or IEC participate in the development of International Standards through technical committees established by the respective organization to deal with particular fields of technical activity. ISO and IEC technical committees collaborate in fields of mutual interest. Other international organizations, governmental and non-governmental, in liaison with ISO and IEC, also take part in the work.;7e3283a3-d466-4e6f-95b1-543eec016e08;global;2026-07-04 03:44:37.699268;A.5.21;Managing Information Security In The ICT Supply Chain;Processes and procedures should be defined and implemented to manage the information security risks associated with the ICT products and services supply chain.;A.5 Organizational controls;A.5.21;Managing Information Security In The ICT Supply Chain;Processes and procedures should be defined and implemented to manage the information security risks associated with the ICT products and services supply chain.;FAIL;Defender plan Defender for Containers from subscription Azure subscription 1 (7e3283a3-d466-4e6f-95b1-543eec016e08) is set to OFF (pricing tier not standard).;/subscriptions/7e3283a3-d466-4e6f-95b1-543eec016e08/providers/Microsoft.Security/pricings/Containers;defender_ensure_defender_for_containers_is_on;False;Containers;ISO27001;ISO/IEC 27001 Information Security Management Standard 2022
azure;ISO (the International Organization for Standardization) and IEC (the International Electrotechnical Commission) form the specialized system for worldwide standardization. National bodies that are members of ISO or IEC participate in the development of International Standards through technical committees established by the respective organization to deal with particular fields of technical activity. ISO and IEC technical committees collaborate in fields of mutual interest. Other international organizations, governmental and non-governmental, in liaison with ISO and IEC, also take part in the work.;7e3283a3-d466-4e6f-95b1-543eec016e08;global;2026-07-04 03:44:37.699268;A.5.22;Monitor, Review And Change Management Of Supplier Services;The organisation should regularly monitor, review, evaluate and manage change in supplier information security practices and service delivery.;A.5 Organizational controls;A.5.22;Monitor, Review And Change Management Of Supplier Services;The organisation should regularly monitor, review, evaluate and manage change in supplier information security practices and service delivery.;FAIL;Defender plan Defender for Containers from subscription Azure subscription 1 (7e3283a3-d466-4e6f-95b1-543eec016e08) is set to OFF (pricing tier not standard).;/subscriptions/7e3283a3-d466-4e6f-95b1-543eec016e08/providers/Microsoft.Security/pricings/Containers;defender_ensure_defender_for_containers_is_on;False;Containers;ISO27001;ISO/IEC 27001 Information Security Management Standard 2022
azure;ISO (the International Organization for Standardization) and IEC (the International Electrotechnical Commission) form the specialized system for worldwide standardization. National bodies that are members of ISO or IEC participate in the development of International Standards through technical committees established by the respective organization to deal with particular fields of technical activity. ISO and IEC technical committees collaborate in fields of mutual interest. Other international organizations, governmental and non-governmental, in liaison with ISO and IEC, also take part in the work.;7e3283a3-d466-4e6f-95b1-543eec016e08;global;2026-07-04 03:44:37.699268;A.5.25;Assessment And Decision On Information Security Events;The organisation should assess information security events and decide if they are to be categorised as information security incidents.;A.5 Organizational controls;A.5.25;Assessment And Decision On Information Security Events;The organisation should assess information security events and decide if they are to be categorised as information security incidents.;FAIL;Defender plan Defender for Containers from subscription Azure subscription 1 (7e3283a3-d466-4e6f-95b1-543eec016e08) is set to OFF (pricing tier not standard).;/subscriptions/7e3283a3-d466-4e6f-95b1-543eec016e08/providers/Microsoft.Security/pricings/Containers;defender_ensure_defender_for_containers_is_on;False;Containers;ISO27001;ISO/IEC 27001 Information Security Management Standard 2022
azure;ISO (the International Organization for Standardization) and IEC (the International Electrotechnical Commission) form the specialized system for worldwide standardization. National bodies that are members of ISO or IEC participate in the development of International Standards through technical committees established by the respective organization to deal with particular fields of technical activity. ISO and IEC technical committees collaborate in fields of mutual interest. Other international organizations, governmental and non-governmental, in liaison with ISO and IEC, also take part in the work.;7e3283a3-d466-4e6f-95b1-543eec016e08;global;2026-07-04 03:44:37.699268;A.5.28;Collection Of Evidence;The organisation should establish and implement procedures for the identification, collection, acquisition and preservation of evidence related to information security events.;A.5 Organizational controls;A.5.28;Collection Of Evidence;The organisation should establish and implement procedures for the identification, collection, acquisition and preservation of evidence related to information security events.;FAIL;Defender plan Defender for Containers from subscription Azure subscription 1 (7e3283a3-d466-4e6f-95b1-543eec016e08) is set to OFF (pricing tier not standard).;/subscriptions/7e3283a3-d466-4e6f-95b1-543eec016e08/providers/Microsoft.Security/pricings/Containers;defender_ensure_defender_for_containers_is_on;False;Containers;ISO27001;ISO/IEC 27001 Information Security Management Standard 2022
azure;ISO (the International Organization for Standardization) and IEC (the International Electrotechnical Commission) form the specialized system for worldwide standardization. National bodies that are members of ISO or IEC participate in the development of International Standards through technical committees established by the respective organization to deal with particular fields of technical activity. ISO and IEC technical committees collaborate in fields of mutual interest. Other international organizations, governmental and non-governmental, in liaison with ISO and IEC, also take part in the work.;7e3283a3-d466-4e6f-95b1-543eec016e08;global;2026-07-04 03:44:37.699268;A.5.29;Information Security During Disruption;The organisation should plan how to maintain information security at an appropriate level during disruption.;A.5 Organizational controls;A.5.29;Information Security During Disruption;The organisation should plan how to maintain information security at an appropriate level during disruption.;FAIL;Defender plan Defender for Containers from subscription Azure subscription 1 (7e3283a3-d466-4e6f-95b1-543eec016e08) is set to OFF (pricing tier not standard).;/subscriptions/7e3283a3-d466-4e6f-95b1-543eec016e08/providers/Microsoft.Security/pricings/Containers;defender_ensure_defender_for_containers_is_on;False;Containers;ISO27001;ISO/IEC 27001 Information Security Management Standard 2022
azure;ISO (the International Organization for Standardization) and IEC (the International Electrotechnical Commission) form the specialized system for worldwide standardization. National bodies that are members of ISO or IEC participate in the development of International Standards through technical committees established by the respective organization to deal with particular fields of technical activity. ISO and IEC technical committees collaborate in fields of mutual interest. Other international organizations, governmental and non-governmental, in liaison with ISO and IEC, also take part in the work.;7e3283a3-d466-4e6f-95b1-543eec016e08;global;2026-07-04 03:44:37.699268;A.8.7;Protection Against Malware;Protection against malware should be implemented and supported by appropriate user awareness.;A.8 Technological controls;A.8.7;Protection Against Malware;Protection against malware should be implemented and supported by appropriate user awareness.;FAIL;Defender plan Defender for Containers from subscription Azure subscription 1 (7e3283a3-d466-4e6f-95b1-543eec016e08) is set to OFF (pricing tier not standard).;/subscriptions/7e3283a3-d466-4e6f-95b1-543eec016e08/providers/Microsoft.Security/pricings/Containers;defender_ensure_defender_for_containers_is_on;False;Containers;ISO27001;ISO/IEC 27001 Information Security Management Standard 2022
azure;ISO (the International Organization for Standardization) and IEC (the International Electrotechnical Commission) form the specialized system for worldwide standardization. National bodies that are members of ISO or IEC participate in the development of International Standards through technical committees established by the respective organization to deal with particular fields of technical activity. ISO and IEC technical committees collaborate in fields of mutual interest. Other international organizations, governmental and non-governmental, in liaison with ISO and IEC, also take part in the work.;7e3283a3-d466-4e6f-95b1-543eec016e08;global;2026-07-04 03:44:37.699268;A.8.9;Configuration Management;Configurations, including security configurations, of hardware, software, services and networks should be established, documented, implemented, monitored and reviewed.;A.8 Technological controls;A.8.9;Configuration Management;Configurations, including security configurations, of hardware, software, services and networks should be established, documented, implemented, monitored and reviewed.;FAIL;Defender plan Defender for Containers from subscription Azure subscription 1 (7e3283a3-d466-4e6f-95b1-543eec016e08) is set to OFF (pricing tier not standard).;/subscriptions/7e3283a3-d466-4e6f-95b1-543eec016e08/providers/Microsoft.Security/pricings/Containers;defender_ensure_defender_for_containers_is_on;False;Containers;ISO27001;ISO/IEC 27001 Information Security Management Standard 2022
azure;ISO (the International Organization for Standardization) and IEC (the International Electrotechnical Commission) form the specialized system for worldwide standardization. National bodies that are members of ISO or IEC participate in the development of International Standards through technical committees established by the respective organization to deal with particular fields of technical activity. ISO and IEC technical committees collaborate in fields of mutual interest. Other international organizations, governmental and non-governmental, in liaison with ISO and IEC, also take part in the work.;7e3283a3-d466-4e6f-95b1-543eec016e08;global;2026-07-04 03:44:37.699268;A.5.16;Identity Management;The full lifecycle of identities should be managed.;A.5 Organizational controls;A.5.16;Identity Management;The full lifecycle of identities should be managed.;FAIL;Defender plan Defender for Cosmos DB from subscription Azure subscription 1 (7e3283a3-d466-4e6f-95b1-543eec016e08) is set to OFF (pricing tier not standard).;/subscriptions/7e3283a3-d466-4e6f-95b1-543eec016e08/providers/Microsoft.Security/pricings/CosmosDbs;defender_ensure_defender_for_cosmosdb_is_on;False;Defender plan Cosmos DB;ISO27001;ISO/IEC 27001 Information Security Management Standard 2022
azure;ISO (the International Organization for Standardization) and IEC (the International Electrotechnical Commission) form the specialized system for worldwide standardization. National bodies that are members of ISO or IEC participate in the development of International Standards through technical committees established by the respective organization to deal with particular fields of technical activity. ISO and IEC technical committees collaborate in fields of mutual interest. Other international organizations, governmental and non-governmental, in liaison with ISO and IEC, also take part in the work.;7e3283a3-d466-4e6f-95b1-543eec016e08;global;2026-07-04 03:44:37.699268;A.5.19;Information Security In Supplier Relationships;Processes and procedures should be defined and implemented to manage the information security risks associated with the use of supplier’s products or services.;A.5 Organizational controls;A.5.19;Information Security In Supplier Relationships;Processes and procedures should be defined and implemented to manage the information security risks associated with the use of supplier’s products or services.;FAIL;Defender plan Defender for Cosmos DB from subscription Azure subscription 1 (7e3283a3-d466-4e6f-95b1-543eec016e08) is set to OFF (pricing tier not standard).;/subscriptions/7e3283a3-d466-4e6f-95b1-543eec016e08/providers/Microsoft.Security/pricings/CosmosDbs;defender_ensure_defender_for_cosmosdb_is_on;False;Defender plan Cosmos DB;ISO27001;ISO/IEC 27001 Information Security Management Standard 2022
azure;ISO (the International Organization for Standardization) and IEC (the International Electrotechnical Commission) form the specialized system for worldwide standardization. National bodies that are members of ISO or IEC participate in the development of International Standards through technical committees established by the respective organization to deal with particular fields of technical activity. ISO and IEC technical committees collaborate in fields of mutual interest. Other international organizations, governmental and non-governmental, in liaison with ISO and IEC, also take part in the work.;7e3283a3-d466-4e6f-95b1-543eec016e08;global;2026-07-04 03:44:37.699268;A.5.21;Managing Information Security In The ICT Supply Chain;Processes and procedures should be defined and implemented to manage the information security risks associated with the ICT products and services supply chain.;A.5 Organizational controls;A.5.21;Managing Information Security In The ICT Supply Chain;Processes and procedures should be defined and implemented to manage the information security risks associated with the ICT products and services supply chain.;FAIL;Defender plan Defender for Cosmos DB from subscription Azure subscription 1 (7e3283a3-d466-4e6f-95b1-543eec016e08) is set to OFF (pricing tier not standard).;/subscriptions/7e3283a3-d466-4e6f-95b1-543eec016e08/providers/Microsoft.Security/pricings/CosmosDbs;defender_ensure_defender_for_cosmosdb_is_on;False;Defender plan Cosmos DB;ISO27001;ISO/IEC 27001 Information Security Management Standard 2022
azure;ISO (the International Organization for Standardization) and IEC (the International Electrotechnical Commission) form the specialized system for worldwide standardization. National bodies that are members of ISO or IEC participate in the development of International Standards through technical committees established by the respective organization to deal with particular fields of technical activity. ISO and IEC technical committees collaborate in fields of mutual interest. Other international organizations, governmental and non-governmental, in liaison with ISO and IEC, also take part in the work.;7e3283a3-d466-4e6f-95b1-543eec016e08;global;2026-07-04 03:44:37.699268;A.5.22;Monitor, Review And Change Management Of Supplier Services;The organisation should regularly monitor, review, evaluate and manage change in supplier information security practices and service delivery.;A.5 Organizational controls;A.5.22;Monitor, Review And Change Management Of Supplier Services;The organisation should regularly monitor, review, evaluate and manage change in supplier information security practices and service delivery.;FAIL;Defender plan Defender for Cosmos DB from subscription Azure subscription 1 (7e3283a3-d466-4e6f-95b1-543eec016e08) is set to OFF (pricing tier not standard).;/subscriptions/7e3283a3-d466-4e6f-95b1-543eec016e08/providers/Microsoft.Security/pricings/CosmosDbs;defender_ensure_defender_for_cosmosdb_is_on;False;Defender plan Cosmos DB;ISO27001;ISO/IEC 27001 Information Security Management Standard 2022
azure;ISO (the International Organization for Standardization) and IEC (the International Electrotechnical Commission) form the specialized system for worldwide standardization. National bodies that are members of ISO or IEC participate in the development of International Standards through technical committees established by the respective organization to deal with particular fields of technical activity. ISO and IEC technical committees collaborate in fields of mutual interest. Other international organizations, governmental and non-governmental, in liaison with ISO and IEC, also take part in the work.;7e3283a3-d466-4e6f-95b1-543eec016e08;global;2026-07-04 03:44:37.699268;A.5.25;Assessment And Decision On Information Security Events;The organisation should assess information security events and decide if they are to be categorised as information security incidents.;A.5 Organizational controls;A.5.25;Assessment And Decision On Information Security Events;The organisation should assess information security events and decide if they are to be categorised as information security incidents.;FAIL;Defender plan Defender for Cosmos DB from subscription Azure subscription 1 (7e3283a3-d466-4e6f-95b1-543eec016e08) is set to OFF (pricing tier not standard).;/subscriptions/7e3283a3-d466-4e6f-95b1-543eec016e08/providers/Microsoft.Security/pricings/CosmosDbs;defender_ensure_defender_for_cosmosdb_is_on;False;Defender plan Cosmos DB;ISO27001;ISO/IEC 27001 Information Security Management Standard 2022
azure;ISO (the International Organization for Standardization) and IEC (the International Electrotechnical Commission) form the specialized system for worldwide standardization. National bodies that are members of ISO or IEC participate in the development of International Standards through technical committees established by the respective organization to deal with particular fields of technical activity. ISO and IEC technical committees collaborate in fields of mutual interest. Other international organizations, governmental and non-governmental, in liaison with ISO and IEC, also take part in the work.;7e3283a3-d466-4e6f-95b1-543eec016e08;global;2026-07-04 03:44:37.699268;A.5.28;Collection Of Evidence;The organisation should establish and implement procedures for the identification, collection, acquisition and preservation of evidence related to information security events.;A.5 Organizational controls;A.5.28;Collection Of Evidence;The organisation should establish and implement procedures for the identification, collection, acquisition and preservation of evidence related to information security events.;FAIL;Defender plan Defender for Cosmos DB from subscription Azure subscription 1 (7e3283a3-d466-4e6f-95b1-543eec016e08) is set to OFF (pricing tier not standard).;/subscriptions/7e3283a3-d466-4e6f-95b1-543eec016e08/providers/Microsoft.Security/pricings/CosmosDbs;defender_ensure_defender_for_cosmosdb_is_on;False;Defender plan Cosmos DB;ISO27001;ISO/IEC 27001 Information Security Management Standard 2022
azure;ISO (the International Organization for Standardization) and IEC (the International Electrotechnical Commission) form the specialized system for worldwide standardization. National bodies that are members of ISO or IEC participate in the development of International Standards through technical committees established by the respective organization to deal with particular fields of technical activity. ISO and IEC technical committees collaborate in fields of mutual interest. Other international organizations, governmental and non-governmental, in liaison with ISO and IEC, also take part in the work.;7e3283a3-d466-4e6f-95b1-543eec016e08;global;2026-07-04 03:44:37.699268;A.5.29;Information Security During Disruption;The organisation should plan how to maintain information security at an appropriate level during disruption.;A.5 Organizational controls;A.5.29;Information Security During Disruption;The organisation should plan how to maintain information security at an appropriate level during disruption.;FAIL;Defender plan Defender for Cosmos DB from subscription Azure subscription 1 (7e3283a3-d466-4e6f-95b1-543eec016e08) is set to OFF (pricing tier not standard).;/subscriptions/7e3283a3-d466-4e6f-95b1-543eec016e08/providers/Microsoft.Security/pricings/CosmosDbs;defender_ensure_defender_for_cosmosdb_is_on;False;Defender plan Cosmos DB;ISO27001;ISO/IEC 27001 Information Security Management Standard 2022
azure;ISO (the International Organization for Standardization) and IEC (the International Electrotechnical Commission) form the specialized system for worldwide standardization. National bodies that are members of ISO or IEC participate in the development of International Standards through technical committees established by the respective organization to deal with particular fields of technical activity. ISO and IEC technical committees collaborate in fields of mutual interest. Other international organizations, governmental and non-governmental, in liaison with ISO and IEC, also take part in the work.;7e3283a3-d466-4e6f-95b1-543eec016e08;global;2026-07-04 03:44:37.699268;A.8.7;Protection Against Malware;Protection against malware should be implemented and supported by appropriate user awareness.;A.8 Technological controls;A.8.7;Protection Against Malware;Protection against malware should be implemented and supported by appropriate user awareness.;FAIL;Defender plan Defender for Cosmos DB from subscription Azure subscription 1 (7e3283a3-d466-4e6f-95b1-543eec016e08) is set to OFF (pricing tier not standard).;/subscriptions/7e3283a3-d466-4e6f-95b1-543eec016e08/providers/Microsoft.Security/pricings/CosmosDbs;defender_ensure_defender_for_cosmosdb_is_on;False;Defender plan Cosmos DB;ISO27001;ISO/IEC 27001 Information Security Management Standard 2022
azure;ISO (the International Organization for Standardization) and IEC (the International Electrotechnical Commission) form the specialized system for worldwide standardization. National bodies that are members of ISO or IEC participate in the development of International Standards through technical committees established by the respective organization to deal with particular fields of technical activity. ISO and IEC technical committees collaborate in fields of mutual interest. Other international organizations, governmental and non-governmental, in liaison with ISO and IEC, also take part in the work.;7e3283a3-d466-4e6f-95b1-543eec016e08;global;2026-07-04 03:44:37.699268;A.8.9;Configuration Management;Configurations, including security configurations, of hardware, software, services and networks should be established, documented, implemented, monitored and reviewed.;A.8 Technological controls;A.8.9;Configuration Management;Configurations, including security configurations, of hardware, software, services and networks should be established, documented, implemented, monitored and reviewed.;FAIL;Defender plan Defender for Cosmos DB from subscription Azure subscription 1 (7e3283a3-d466-4e6f-95b1-543eec016e08) is set to OFF (pricing tier not standard).;/subscriptions/7e3283a3-d466-4e6f-95b1-543eec016e08/providers/Microsoft.Security/pricings/CosmosDbs;defender_ensure_defender_for_cosmosdb_is_on;False;Defender plan Cosmos DB;ISO27001;ISO/IEC 27001 Information Security Management Standard 2022
azure;ISO (the International Organization for Standardization) and IEC (the International Electrotechnical Commission) form the specialized system for worldwide standardization. National bodies that are members of ISO or IEC participate in the development of International Standards through technical committees established by the respective organization to deal with particular fields of technical activity. ISO and IEC technical committees collaborate in fields of mutual interest. Other international organizations, governmental and non-governmental, in liaison with ISO and IEC, also take part in the work.;7e3283a3-d466-4e6f-95b1-543eec016e08;global;2026-07-04 03:44:37.699268;A.5.16;Identity Management;The full lifecycle of identities should be managed.;A.5 Organizational controls;A.5.16;Identity Management;The full lifecycle of identities should be managed.;FAIL;Defender plan Defender for Databases from subscription Azure subscription 1 (7e3283a3-d466-4e6f-95b1-543eec016e08) is set to OFF (pricing tier not standard).;/subscriptions/7e3283a3-d466-4e6f-95b1-543eec016e08/providers/Microsoft.Security/pricings/SqlServers;defender_ensure_defender_for_databases_is_on;False;SqlServers;ISO27001;ISO/IEC 27001 Information Security Management Standard 2022
azure;ISO (the International Organization for Standardization) and IEC (the International Electrotechnical Commission) form the specialized system for worldwide standardization. National bodies that are members of ISO or IEC participate in the development of International Standards through technical committees established by the respective organization to deal with particular fields of technical activity. ISO and IEC technical committees collaborate in fields of mutual interest. Other international organizations, governmental and non-governmental, in liaison with ISO and IEC, also take part in the work.;7e3283a3-d466-4e6f-95b1-543eec016e08;global;2026-07-04 03:44:37.699268;A.5.19;Information Security In Supplier Relationships;Processes and procedures should be defined and implemented to manage the information security risks associated with the use of supplier’s products or services.;A.5 Organizational controls;A.5.19;Information Security In Supplier Relationships;Processes and procedures should be defined and implemented to manage the information security risks associated with the use of supplier’s products or services.;FAIL;Defender plan Defender for Databases from subscription Azure subscription 1 (7e3283a3-d466-4e6f-95b1-543eec016e08) is set to OFF (pricing tier not standard).;/subscriptions/7e3283a3-d466-4e6f-95b1-543eec016e08/providers/Microsoft.Security/pricings/SqlServers;defender_ensure_defender_for_databases_is_on;False;SqlServers;ISO27001;ISO/IEC 27001 Information Security Management Standard 2022
azure;ISO (the International Organization for Standardization) and IEC (the International Electrotechnical Commission) form the specialized system for worldwide standardization. National bodies that are members of ISO or IEC participate in the development of International Standards through technical committees established by the respective organization to deal with particular fields of technical activity. ISO and IEC technical committees collaborate in fields of mutual interest. Other international organizations, governmental and non-governmental, in liaison with ISO and IEC, also take part in the work.;7e3283a3-d466-4e6f-95b1-543eec016e08;global;2026-07-04 03:44:37.699268;A.5.21;Managing Information Security In The ICT Supply Chain;Processes and procedures should be defined and implemented to manage the information security risks associated with the ICT products and services supply chain.;A.5 Organizational controls;A.5.21;Managing Information Security In The ICT Supply Chain;Processes and procedures should be defined and implemented to manage the information security risks associated with the ICT products and services supply chain.;FAIL;Defender plan Defender for Databases from subscription Azure subscription 1 (7e3283a3-d466-4e6f-95b1-543eec016e08) is set to OFF (pricing tier not standard).;/subscriptions/7e3283a3-d466-4e6f-95b1-543eec016e08/providers/Microsoft.Security/pricings/SqlServers;defender_ensure_defender_for_databases_is_on;False;SqlServers;ISO27001;ISO/IEC 27001 Information Security Management Standard 2022
azure;ISO (the International Organization for Standardization) and IEC (the International Electrotechnical Commission) form the specialized system for worldwide standardization. National bodies that are members of ISO or IEC participate in the development of International Standards through technical committees established by the respective organization to deal with particular fields of technical activity. ISO and IEC technical committees collaborate in fields of mutual interest. Other international organizations, governmental and non-governmental, in liaison with ISO and IEC, also take part in the work.;7e3283a3-d466-4e6f-95b1-543eec016e08;global;2026-07-04 03:44:37.699268;A.5.22;Monitor, Review And Change Management Of Supplier Services;The organisation should regularly monitor, review, evaluate and manage change in supplier information security practices and service delivery.;A.5 Organizational controls;A.5.22;Monitor, Review And Change Management Of Supplier Services;The organisation should regularly monitor, review, evaluate and manage change in supplier information security practices and service delivery.;FAIL;Defender plan Defender for Databases from subscription Azure subscription 1 (7e3283a3-d466-4e6f-95b1-543eec016e08) is set to OFF (pricing tier not standard).;/subscriptions/7e3283a3-d466-4e6f-95b1-543eec016e08/providers/Microsoft.Security/pricings/SqlServers;defender_ensure_defender_for_databases_is_on;False;SqlServers;ISO27001;ISO/IEC 27001 Information Security Management Standard 2022
azure;ISO (the International Organization for Standardization) and IEC (the International Electrotechnical Commission) form the specialized system for worldwide standardization. National bodies that are members of ISO or IEC participate in the development of International Standards through technical committees established by the respective organization to deal with particular fields of technical activity. ISO and IEC technical committees collaborate in fields of mutual interest. Other international organizations, governmental and non-governmental, in liaison with ISO and IEC, also take part in the work.;7e3283a3-d466-4e6f-95b1-543eec016e08;global;2026-07-04 03:44:37.699268;A.5.25;Assessment And Decision On Information Security Events;The organisation should assess information security events and decide if they are to be categorised as information security incidents.;A.5 Organizational controls;A.5.25;Assessment And Decision On Information Security Events;The organisation should assess information security events and decide if they are to be categorised as information security incidents.;FAIL;Defender plan Defender for Databases from subscription Azure subscription 1 (7e3283a3-d466-4e6f-95b1-543eec016e08) is set to OFF (pricing tier not standard).;/subscriptions/7e3283a3-d466-4e6f-95b1-543eec016e08/providers/Microsoft.Security/pricings/SqlServers;defender_ensure_defender_for_databases_is_on;False;SqlServers;ISO27001;ISO/IEC 27001 Information Security Management Standard 2022
azure;ISO (the International Organization for Standardization) and IEC (the International Electrotechnical Commission) form the specialized system for worldwide standardization. National bodies that are members of ISO or IEC participate in the development of International Standards through technical committees established by the respective organization to deal with particular fields of technical activity. ISO and IEC technical committees collaborate in fields of mutual interest. Other international organizations, governmental and non-governmental, in liaison with ISO and IEC, also take part in the work.;7e3283a3-d466-4e6f-95b1-543eec016e08;global;2026-07-04 03:44:37.699268;A.5.28;Collection Of Evidence;The organisation should establish and implement procedures for the identification, collection, acquisition and preservation of evidence related to information security events.;A.5 Organizational controls;A.5.28;Collection Of Evidence;The organisation should establish and implement procedures for the identification, collection, acquisition and preservation of evidence related to information security events.;FAIL;Defender plan Defender for Databases from subscription Azure subscription 1 (7e3283a3-d466-4e6f-95b1-543eec016e08) is set to OFF (pricing tier not standard).;/subscriptions/7e3283a3-d466-4e6f-95b1-543eec016e08/providers/Microsoft.Security/pricings/SqlServers;defender_ensure_defender_for_databases_is_on;False;SqlServers;ISO27001;ISO/IEC 27001 Information Security Management Standard 2022
azure;ISO (the International Organization for Standardization) and IEC (the International Electrotechnical Commission) form the specialized system for worldwide standardization. National bodies that are members of ISO or IEC participate in the development of International Standards through technical committees established by the respective organization to deal with particular fields of technical activity. ISO and IEC technical committees collaborate in fields of mutual interest. Other international organizations, governmental and non-governmental, in liaison with ISO and IEC, also take part in the work.;7e3283a3-d466-4e6f-95b1-543eec016e08;global;2026-07-04 03:44:37.699268;A.5.29;Information Security During Disruption;The organisation should plan how to maintain information security at an appropriate level during disruption.;A.5 Organizational controls;A.5.29;Information Security During Disruption;The organisation should plan how to maintain information security at an appropriate level during disruption.;FAIL;Defender plan Defender for Databases from subscription Azure subscription 1 (7e3283a3-d466-4e6f-95b1-543eec016e08) is set to OFF (pricing tier not standard).;/subscriptions/7e3283a3-d466-4e6f-95b1-543eec016e08/providers/Microsoft.Security/pricings/SqlServers;defender_ensure_defender_for_databases_is_on;False;SqlServers;ISO27001;ISO/IEC 27001 Information Security Management Standard 2022
azure;ISO (the International Organization for Standardization) and IEC (the International Electrotechnical Commission) form the specialized system for worldwide standardization. National bodies that are members of ISO or IEC participate in the development of International Standards through technical committees established by the respective organization to deal with particular fields of technical activity. ISO and IEC technical committees collaborate in fields of mutual interest. Other international organizations, governmental and non-governmental, in liaison with ISO and IEC, also take part in the work.;7e3283a3-d466-4e6f-95b1-543eec016e08;global;2026-07-04 03:44:37.699268;A.8.7;Protection Against Malware;Protection against malware should be implemented and supported by appropriate user awareness.;A.8 Technological controls;A.8.7;Protection Against Malware;Protection against malware should be implemented and supported by appropriate user awareness.;FAIL;Defender plan Defender for Databases from subscription Azure subscription 1 (7e3283a3-d466-4e6f-95b1-543eec016e08) is set to OFF (pricing tier not standard).;/subscriptions/7e3283a3-d466-4e6f-95b1-543eec016e08/providers/Microsoft.Security/pricings/SqlServers;defender_ensure_defender_for_databases_is_on;False;SqlServers;ISO27001;ISO/IEC 27001 Information Security Management Standard 2022
azure;ISO (the International Organization for Standardization) and IEC (the International Electrotechnical Commission) form the specialized system for worldwide standardization. National bodies that are members of ISO or IEC participate in the development of International Standards through technical committees established by the respective organization to deal with particular fields of technical activity. ISO and IEC technical committees collaborate in fields of mutual interest. Other international organizations, governmental and non-governmental, in liaison with ISO and IEC, also take part in the work.;7e3283a3-d466-4e6f-95b1-543eec016e08;global;2026-07-04 03:44:37.699268;A.8.9;Configuration Management;Configurations, including security configurations, of hardware, software, services and networks should be established, documented, implemented, monitored and reviewed.;A.8 Technological controls;A.8.9;Configuration Management;Configurations, including security configurations, of hardware, software, services and networks should be established, documented, implemented, monitored and reviewed.;FAIL;Defender plan Defender for Databases from subscription Azure subscription 1 (7e3283a3-d466-4e6f-95b1-543eec016e08) is set to OFF (pricing tier not standard).;/subscriptions/7e3283a3-d466-4e6f-95b1-543eec016e08/providers/Microsoft.Security/pricings/SqlServers;defender_ensure_defender_for_databases_is_on;False;SqlServers;ISO27001;ISO/IEC 27001 Information Security Management Standard 2022
azure;ISO (the International Organization for Standardization) and IEC (the International Electrotechnical Commission) form the specialized system for worldwide standardization. National bodies that are members of ISO or IEC participate in the development of International Standards through technical committees established by the respective organization to deal with particular fields of technical activity. ISO and IEC technical committees collaborate in fields of mutual interest. Other international organizations, governmental and non-governmental, in liaison with ISO and IEC, also take part in the work.;7e3283a3-d466-4e6f-95b1-543eec016e08;global;2026-07-04 03:44:37.699268;A.5.16;Identity Management;The full lifecycle of identities should be managed.;A.5 Organizational controls;A.5.16;Identity Management;The full lifecycle of identities should be managed.;FAIL;Defender plan Defender for DNS from subscription Azure subscription 1 (7e3283a3-d466-4e6f-95b1-543eec016e08) is set to OFF (pricing tier not standard).;/subscriptions/7e3283a3-d466-4e6f-95b1-543eec016e08/providers/Microsoft.Security/pricings/Dns;defender_ensure_defender_for_dns_is_on;False;Defender plan DNS;ISO27001;ISO/IEC 27001 Information Security Management Standard 2022
azure;ISO (the International Organization for Standardization) and IEC (the International Electrotechnical Commission) form the specialized system for worldwide standardization. National bodies that are members of ISO or IEC participate in the development of International Standards through technical committees established by the respective organization to deal with particular fields of technical activity. ISO and IEC technical committees collaborate in fields of mutual interest. Other international organizations, governmental and non-governmental, in liaison with ISO and IEC, also take part in the work.;7e3283a3-d466-4e6f-95b1-543eec016e08;global;2026-07-04 03:44:37.699268;A.5.19;Information Security In Supplier Relationships;Processes and procedures should be defined and implemented to manage the information security risks associated with the use of supplier’s products or services.;A.5 Organizational controls;A.5.19;Information Security In Supplier Relationships;Processes and procedures should be defined and implemented to manage the information security risks associated with the use of supplier’s products or services.;FAIL;Defender plan Defender for DNS from subscription Azure subscription 1 (7e3283a3-d466-4e6f-95b1-543eec016e08) is set to OFF (pricing tier not standard).;/subscriptions/7e3283a3-d466-4e6f-95b1-543eec016e08/providers/Microsoft.Security/pricings/Dns;defender_ensure_defender_for_dns_is_on;False;Defender plan DNS;ISO27001;ISO/IEC 27001 Information Security Management Standard 2022
azure;ISO (the International Organization for Standardization) and IEC (the International Electrotechnical Commission) form the specialized system for worldwide standardization. National bodies that are members of ISO or IEC participate in the development of International Standards through technical committees established by the respective organization to deal with particular fields of technical activity. ISO and IEC technical committees collaborate in fields of mutual interest. Other international organizations, governmental and non-governmental, in liaison with ISO and IEC, also take part in the work.;7e3283a3-d466-4e6f-95b1-543eec016e08;global;2026-07-04 03:44:37.699268;A.5.21;Managing Information Security In The ICT Supply Chain;Processes and procedures should be defined and implemented to manage the information security risks associated with the ICT products and services supply chain.;A.5 Organizational controls;A.5.21;Managing Information Security In The ICT Supply Chain;Processes and procedures should be defined and implemented to manage the information security risks associated with the ICT products and services supply chain.;FAIL;Defender plan Defender for DNS from subscription Azure subscription 1 (7e3283a3-d466-4e6f-95b1-543eec016e08) is set to OFF (pricing tier not standard).;/subscriptions/7e3283a3-d466-4e6f-95b1-543eec016e08/providers/Microsoft.Security/pricings/Dns;defender_ensure_defender_for_dns_is_on;False;Defender plan DNS;ISO27001;ISO/IEC 27001 Information Security Management Standard 2022
azure;ISO (the International Organization for Standardization) and IEC (the International Electrotechnical Commission) form the specialized system for worldwide standardization. National bodies that are members of ISO or IEC participate in the development of International Standards through technical committees established by the respective organization to deal with particular fields of technical activity. ISO and IEC technical committees collaborate in fields of mutual interest. Other international organizations, governmental and non-governmental, in liaison with ISO and IEC, also take part in the work.;7e3283a3-d466-4e6f-95b1-543eec016e08;global;2026-07-04 03:44:37.699268;A.5.22;Monitor, Review And Change Management Of Supplier Services;The organisation should regularly monitor, review, evaluate and manage change in supplier information security practices and service delivery.;A.5 Organizational controls;A.5.22;Monitor, Review And Change Management Of Supplier Services;The organisation should regularly monitor, review, evaluate and manage change in supplier information security practices and service delivery.;FAIL;Defender plan Defender for DNS from subscription Azure subscription 1 (7e3283a3-d466-4e6f-95b1-543eec016e08) is set to OFF (pricing tier not standard).;/subscriptions/7e3283a3-d466-4e6f-95b1-543eec016e08/providers/Microsoft.Security/pricings/Dns;defender_ensure_defender_for_dns_is_on;False;Defender plan DNS;ISO27001;ISO/IEC 27001 Information Security Management Standard 2022
azure;ISO (the International Organization for Standardization) and IEC (the International Electrotechnical Commission) form the specialized system for worldwide standardization. National bodies that are members of ISO or IEC participate in the development of International Standards through technical committees established by the respective organization to deal with particular fields of technical activity. ISO and IEC technical committees collaborate in fields of mutual interest. Other international organizations, governmental and non-governmental, in liaison with ISO and IEC, also take part in the work.;7e3283a3-d466-4e6f-95b1-543eec016e08;global;2026-07-04 03:44:37.699268;A.5.25;Assessment And Decision On Information Security Events;The organisation should assess information security events and decide if they are to be categorised as information security incidents.;A.5 Organizational controls;A.5.25;Assessment And Decision On Information Security Events;The organisation should assess information security events and decide if they are to be categorised as information security incidents.;FAIL;Defender plan Defender for DNS from subscription Azure subscription 1 (7e3283a3-d466-4e6f-95b1-543eec016e08) is set to OFF (pricing tier not standard).;/subscriptions/7e3283a3-d466-4e6f-95b1-543eec016e08/providers/Microsoft.Security/pricings/Dns;defender_ensure_defender_for_dns_is_on;False;Defender plan DNS;ISO27001;ISO/IEC 27001 Information Security Management Standard 2022
azure;ISO (the International Organization for Standardization) and IEC (the International Electrotechnical Commission) form the specialized system for worldwide standardization. National bodies that are members of ISO or IEC participate in the development of International Standards through technical committees established by the respective organization to deal with particular fields of technical activity. ISO and IEC technical committees collaborate in fields of mutual interest. Other international organizations, governmental and non-governmental, in liaison with ISO and IEC, also take part in the work.;7e3283a3-d466-4e6f-95b1-543eec016e08;global;2026-07-04 03:44:37.699268;A.5.28;Collection Of Evidence;The organisation should establish and implement procedures for the identification, collection, acquisition and preservation of evidence related to information security events.;A.5 Organizational controls;A.5.28;Collection Of Evidence;The organisation should establish and implement procedures for the identification, collection, acquisition and preservation of evidence related to information security events.;FAIL;Defender plan Defender for DNS from subscription Azure subscription 1 (7e3283a3-d466-4e6f-95b1-543eec016e08) is set to OFF (pricing tier not standard).;/subscriptions/7e3283a3-d466-4e6f-95b1-543eec016e08/providers/Microsoft.Security/pricings/Dns;defender_ensure_defender_for_dns_is_on;False;Defender plan DNS;ISO27001;ISO/IEC 27001 Information Security Management Standard 2022
azure;ISO (the International Organization for Standardization) and IEC (the International Electrotechnical Commission) form the specialized system for worldwide standardization. National bodies that are members of ISO or IEC participate in the development of International Standards through technical committees established by the respective organization to deal with particular fields of technical activity. ISO and IEC technical committees collaborate in fields of mutual interest. Other international organizations, governmental and non-governmental, in liaison with ISO and IEC, also take part in the work.;7e3283a3-d466-4e6f-95b1-543eec016e08;global;2026-07-04 03:44:37.699268;A.5.29;Information Security During Disruption;The organisation should plan how to maintain information security at an appropriate level during disruption.;A.5 Organizational controls;A.5.29;Information Security During Disruption;The organisation should plan how to maintain information security at an appropriate level during disruption.;FAIL;Defender plan Defender for DNS from subscription Azure subscription 1 (7e3283a3-d466-4e6f-95b1-543eec016e08) is set to OFF (pricing tier not standard).;/subscriptions/7e3283a3-d466-4e6f-95b1-543eec016e08/providers/Microsoft.Security/pricings/Dns;defender_ensure_defender_for_dns_is_on;False;Defender plan DNS;ISO27001;ISO/IEC 27001 Information Security Management Standard 2022
azure;ISO (the International Organization for Standardization) and IEC (the International Electrotechnical Commission) form the specialized system for worldwide standardization. National bodies that are members of ISO or IEC participate in the development of International Standards through technical committees established by the respective organization to deal with particular fields of technical activity. ISO and IEC technical committees collaborate in fields of mutual interest. Other international organizations, governmental and non-governmental, in liaison with ISO and IEC, also take part in the work.;7e3283a3-d466-4e6f-95b1-543eec016e08;global;2026-07-04 03:44:37.699268;A.8.7;Protection Against Malware;Protection against malware should be implemented and supported by appropriate user awareness.;A.8 Technological controls;A.8.7;Protection Against Malware;Protection against malware should be implemented and supported by appropriate user awareness.;FAIL;Defender plan Defender for DNS from subscription Azure subscription 1 (7e3283a3-d466-4e6f-95b1-543eec016e08) is set to OFF (pricing tier not standard).;/subscriptions/7e3283a3-d466-4e6f-95b1-543eec016e08/providers/Microsoft.Security/pricings/Dns;defender_ensure_defender_for_dns_is_on;False;Defender plan DNS;ISO27001;ISO/IEC 27001 Information Security Management Standard 2022
azure;ISO (the International Organization for Standardization) and IEC (the International Electrotechnical Commission) form the specialized system for worldwide standardization. National bodies that are members of ISO or IEC participate in the development of International Standards through technical committees established by the respective organization to deal with particular fields of technical activity. ISO and IEC technical committees collaborate in fields of mutual interest. Other international organizations, governmental and non-governmental, in liaison with ISO and IEC, also take part in the work.;7e3283a3-d466-4e6f-95b1-543eec016e08;global;2026-07-04 03:44:37.699268;A.8.9;Configuration Management;Configurations, including security configurations, of hardware, software, services and networks should be established, documented, implemented, monitored and reviewed.;A.8 Technological controls;A.8.9;Configuration Management;Configurations, including security configurations, of hardware, software, services and networks should be established, documented, implemented, monitored and reviewed.;FAIL;Defender plan Defender for DNS from subscription Azure subscription 1 (7e3283a3-d466-4e6f-95b1-543eec016e08) is set to OFF (pricing tier not standard).;/subscriptions/7e3283a3-d466-4e6f-95b1-543eec016e08/providers/Microsoft.Security/pricings/Dns;defender_ensure_defender_for_dns_is_on;False;Defender plan DNS;ISO27001;ISO/IEC 27001 Information Security Management Standard 2022
azure;ISO (the International Organization for Standardization) and IEC (the International Electrotechnical Commission) form the specialized system for worldwide standardization. National bodies that are members of ISO or IEC participate in the development of International Standards through technical committees established by the respective organization to deal with particular fields of technical activity. ISO and IEC technical committees collaborate in fields of mutual interest. Other international organizations, governmental and non-governmental, in liaison with ISO and IEC, also take part in the work.;7e3283a3-d466-4e6f-95b1-543eec016e08;global;2026-07-04 03:44:37.699268;A.5.16;Identity Management;The full lifecycle of identities should be managed.;A.5 Organizational controls;A.5.16;Identity Management;The full lifecycle of identities should be managed.;FAIL;Defender plan Defender for KeyVaults from subscription Azure subscription 1 (7e3283a3-d466-4e6f-95b1-543eec016e08) is set to OFF (pricing tier not standard).;/subscriptions/7e3283a3-d466-4e6f-95b1-543eec016e08/providers/Microsoft.Security/pricings/KeyVaults;defender_ensure_defender_for_keyvault_is_on;False;Defender plan KeyVaults;ISO27001;ISO/IEC 27001 Information Security Management Standard 2022
azure;ISO (the International Organization for Standardization) and IEC (the International Electrotechnical Commission) form the specialized system for worldwide standardization. National bodies that are members of ISO or IEC participate in the development of International Standards through technical committees established by the respective organization to deal with particular fields of technical activity. ISO and IEC technical committees collaborate in fields of mutual interest. Other international organizations, governmental and non-governmental, in liaison with ISO and IEC, also take part in the work.;7e3283a3-d466-4e6f-95b1-543eec016e08;global;2026-07-04 03:44:37.699268;A.5.19;Information Security In Supplier Relationships;Processes and procedures should be defined and implemented to manage the information security risks associated with the use of supplier’s products or services.;A.5 Organizational controls;A.5.19;Information Security In Supplier Relationships;Processes and procedures should be defined and implemented to manage the information security risks associated with the use of supplier’s products or services.;FAIL;Defender plan Defender for KeyVaults from subscription Azure subscription 1 (7e3283a3-d466-4e6f-95b1-543eec016e08) is set to OFF (pricing tier not standard).;/subscriptions/7e3283a3-d466-4e6f-95b1-543eec016e08/providers/Microsoft.Security/pricings/KeyVaults;defender_ensure_defender_for_keyvault_is_on;False;Defender plan KeyVaults;ISO27001;ISO/IEC 27001 Information Security Management Standard 2022
azure;ISO (the International Organization for Standardization) and IEC (the International Electrotechnical Commission) form the specialized system for worldwide standardization. National bodies that are members of ISO or IEC participate in the development of International Standards through technical committees established by the respective organization to deal with particular fields of technical activity. ISO and IEC technical committees collaborate in fields of mutual interest. Other international organizations, governmental and non-governmental, in liaison with ISO and IEC, also take part in the work.;7e3283a3-d466-4e6f-95b1-543eec016e08;global;2026-07-04 03:44:37.699268;A.5.21;Managing Information Security In The ICT Supply Chain;Processes and procedures should be defined and implemented to manage the information security risks associated with the ICT products and services supply chain.;A.5 Organizational controls;A.5.21;Managing Information Security In The ICT Supply Chain;Processes and procedures should be defined and implemented to manage the information security risks associated with the ICT products and services supply chain.;FAIL;Defender plan Defender for KeyVaults from subscription Azure subscription 1 (7e3283a3-d466-4e6f-95b1-543eec016e08) is set to OFF (pricing tier not standard).;/subscriptions/7e3283a3-d466-4e6f-95b1-543eec016e08/providers/Microsoft.Security/pricings/KeyVaults;defender_ensure_defender_for_keyvault_is_on;False;Defender plan KeyVaults;ISO27001;ISO/IEC 27001 Information Security Management Standard 2022
azure;ISO (the International Organization for Standardization) and IEC (the International Electrotechnical Commission) form the specialized system for worldwide standardization. National bodies that are members of ISO or IEC participate in the development of International Standards through technical committees established by the respective organization to deal with particular fields of technical activity. ISO and IEC technical committees collaborate in fields of mutual interest. Other international organizations, governmental and non-governmental, in liaison with ISO and IEC, also take part in the work.;7e3283a3-d466-4e6f-95b1-543eec016e08;global;2026-07-04 03:44:37.699268;A.5.22;Monitor, Review And Change Management Of Supplier Services;The organisation should regularly monitor, review, evaluate and manage change in supplier information security practices and service delivery.;A.5 Organizational controls;A.5.22;Monitor, Review And Change Management Of Supplier Services;The organisation should regularly monitor, review, evaluate and manage change in supplier information security practices and service delivery.;FAIL;Defender plan Defender for KeyVaults from subscription Azure subscription 1 (7e3283a3-d466-4e6f-95b1-543eec016e08) is set to OFF (pricing tier not standard).;/subscriptions/7e3283a3-d466-4e6f-95b1-543eec016e08/providers/Microsoft.Security/pricings/KeyVaults;defender_ensure_defender_for_keyvault_is_on;False;Defender plan KeyVaults;ISO27001;ISO/IEC 27001 Information Security Management Standard 2022
azure;ISO (the International Organization for Standardization) and IEC (the International Electrotechnical Commission) form the specialized system for worldwide standardization. National bodies that are members of ISO or IEC participate in the development of International Standards through technical committees established by the respective organization to deal with particular fields of technical activity. ISO and IEC technical committees collaborate in fields of mutual interest. Other international organizations, governmental and non-governmental, in liaison with ISO and IEC, also take part in the work.;7e3283a3-d466-4e6f-95b1-543eec016e08;global;2026-07-04 03:44:37.699268;A.5.25;Assessment And Decision On Information Security Events;The organisation should assess information security events and decide if they are to be categorised as information security incidents.;A.5 Organizational controls;A.5.25;Assessment And Decision On Information Security Events;The organisation should assess information security events and decide if they are to be categorised as information security incidents.;FAIL;Defender plan Defender for KeyVaults from subscription Azure subscription 1 (7e3283a3-d466-4e6f-95b1-543eec016e08) is set to OFF (pricing tier not standard).;/subscriptions/7e3283a3-d466-4e6f-95b1-543eec016e08/providers/Microsoft.Security/pricings/KeyVaults;defender_ensure_defender_for_keyvault_is_on;False;Defender plan KeyVaults;ISO27001;ISO/IEC 27001 Information Security Management Standard 2022
azure;ISO (the International Organization for Standardization) and IEC (the International Electrotechnical Commission) form the specialized system for worldwide standardization. National bodies that are members of ISO or IEC participate in the development of International Standards through technical committees established by the respective organization to deal with particular fields of technical activity. ISO and IEC technical committees collaborate in fields of mutual interest. Other international organizations, governmental and non-governmental, in liaison with ISO and IEC, also take part in the work.;7e3283a3-d466-4e6f-95b1-543eec016e08;global;2026-07-04 03:44:37.699268;A.5.28;Collection Of Evidence;The organisation should establish and implement procedures for the identification, collection, acquisition and preservation of evidence related to information security events.;A.5 Organizational controls;A.5.28;Collection Of Evidence;The organisation should establish and implement procedures for the identification, collection, acquisition and preservation of evidence related to information security events.;FAIL;Defender plan Defender for KeyVaults from subscription Azure subscription 1 (7e3283a3-d466-4e6f-95b1-543eec016e08) is set to OFF (pricing tier not standard).;/subscriptions/7e3283a3-d466-4e6f-95b1-543eec016e08/providers/Microsoft.Security/pricings/KeyVaults;defender_ensure_defender_for_keyvault_is_on;False;Defender plan KeyVaults;ISO27001;ISO/IEC 27001 Information Security Management Standard 2022
azure;ISO (the International Organization for Standardization) and IEC (the International Electrotechnical Commission) form the specialized system for worldwide standardization. National bodies that are members of ISO or IEC participate in the development of International Standards through technical committees established by the respective organization to deal with particular fields of technical activity. ISO and IEC technical committees collaborate in fields of mutual interest. Other international organizations, governmental and non-governmental, in liaison with ISO and IEC, also take part in the work.;7e3283a3-d466-4e6f-95b1-543eec016e08;global;2026-07-04 03:44:37.699268;A.5.29;Information Security During Disruption;The organisation should plan how to maintain information security at an appropriate level during disruption.;A.5 Organizational controls;A.5.29;Information Security During Disruption;The organisation should plan how to maintain information security at an appropriate level during disruption.;FAIL;Defender plan Defender for KeyVaults from subscription Azure subscription 1 (7e3283a3-d466-4e6f-95b1-543eec016e08) is set to OFF (pricing tier not standard).;/subscriptions/7e3283a3-d466-4e6f-95b1-543eec016e08/providers/Microsoft.Security/pricings/KeyVaults;defender_ensure_defender_for_keyvault_is_on;False;Defender plan KeyVaults;ISO27001;ISO/IEC 27001 Information Security Management Standard 2022
azure;ISO (the International Organization for Standardization) and IEC (the International Electrotechnical Commission) form the specialized system for worldwide standardization. National bodies that are members of ISO or IEC participate in the development of International Standards through technical committees established by the respective organization to deal with particular fields of technical activity. ISO and IEC technical committees collaborate in fields of mutual interest. Other international organizations, governmental and non-governmental, in liaison with ISO and IEC, also take part in the work.;7e3283a3-d466-4e6f-95b1-543eec016e08;global;2026-07-04 03:44:37.699268;A.8.7;Protection Against Malware;Protection against malware should be implemented and supported by appropriate user awareness.;A.8 Technological controls;A.8.7;Protection Against Malware;Protection against malware should be implemented and supported by appropriate user awareness.;FAIL;Defender plan Defender for KeyVaults from subscription Azure subscription 1 (7e3283a3-d466-4e6f-95b1-543eec016e08) is set to OFF (pricing tier not standard).;/subscriptions/7e3283a3-d466-4e6f-95b1-543eec016e08/providers/Microsoft.Security/pricings/KeyVaults;defender_ensure_defender_for_keyvault_is_on;False;Defender plan KeyVaults;ISO27001;ISO/IEC 27001 Information Security Management Standard 2022
azure;ISO (the International Organization for Standardization) and IEC (the International Electrotechnical Commission) form the specialized system for worldwide standardization. National bodies that are members of ISO or IEC participate in the development of International Standards through technical committees established by the respective organization to deal with particular fields of technical activity. ISO and IEC technical committees collaborate in fields of mutual interest. Other international organizations, governmental and non-governmental, in liaison with ISO and IEC, also take part in the work.;7e3283a3-d466-4e6f-95b1-543eec016e08;global;2026-07-04 03:44:37.699268;A.8.9;Configuration Management;Configurations, including security configurations, of hardware, software, services and networks should be established, documented, implemented, monitored and reviewed.;A.8 Technological controls;A.8.9;Configuration Management;Configurations, including security configurations, of hardware, software, services and networks should be established, documented, implemented, monitored and reviewed.;FAIL;Defender plan Defender for KeyVaults from subscription Azure subscription 1 (7e3283a3-d466-4e6f-95b1-543eec016e08) is set to OFF (pricing tier not standard).;/subscriptions/7e3283a3-d466-4e6f-95b1-543eec016e08/providers/Microsoft.Security/pricings/KeyVaults;defender_ensure_defender_for_keyvault_is_on;False;Defender plan KeyVaults;ISO27001;ISO/IEC 27001 Information Security Management Standard 2022
azure;ISO (the International Organization for Standardization) and IEC (the International Electrotechnical Commission) form the specialized system for worldwide standardization. National bodies that are members of ISO or IEC participate in the development of International Standards through technical committees established by the respective organization to deal with particular fields of technical activity. ISO and IEC technical committees collaborate in fields of mutual interest. Other international organizations, governmental and non-governmental, in liaison with ISO and IEC, also take part in the work.;7e3283a3-d466-4e6f-95b1-543eec016e08;global;2026-07-04 03:44:37.699268;A.5.16;Identity Management;The full lifecycle of identities should be managed.;A.5 Organizational controls;A.5.16;Identity Management;The full lifecycle of identities should be managed.;FAIL;Defender plan Defender for Open-Source Relational Databases from subscription Azure subscription 1 (7e3283a3-d466-4e6f-95b1-543eec016e08) is set to OFF (pricing tier not standard).;/subscriptions/7e3283a3-d466-4e6f-95b1-543eec016e08/providers/Microsoft.Security/pricings/OpenSourceRelationalDatabases;defender_ensure_defender_for_os_relational_databases_is_on;False;Defender plan Open-Source Relational Databases;ISO27001;ISO/IEC 27001 Information Security Management Standard 2022
azure;ISO (the International Organization for Standardization) and IEC (the International Electrotechnical Commission) form the specialized system for worldwide standardization. National bodies that are members of ISO or IEC participate in the development of International Standards through technical committees established by the respective organization to deal with particular fields of technical activity. ISO and IEC technical committees collaborate in fields of mutual interest. Other international organizations, governmental and non-governmental, in liaison with ISO and IEC, also take part in the work.;7e3283a3-d466-4e6f-95b1-543eec016e08;global;2026-07-04 03:44:37.699268;A.5.19;Information Security In Supplier Relationships;Processes and procedures should be defined and implemented to manage the information security risks associated with the use of supplier’s products or services.;A.5 Organizational controls;A.5.19;Information Security In Supplier Relationships;Processes and procedures should be defined and implemented to manage the information security risks associated with the use of supplier’s products or services.;FAIL;Defender plan Defender for Open-Source Relational Databases from subscription Azure subscription 1 (7e3283a3-d466-4e6f-95b1-543eec016e08) is set to OFF (pricing tier not standard).;/subscriptions/7e3283a3-d466-4e6f-95b1-543eec016e08/providers/Microsoft.Security/pricings/OpenSourceRelationalDatabases;defender_ensure_defender_for_os_relational_databases_is_on;False;Defender plan Open-Source Relational Databases;ISO27001;ISO/IEC 27001 Information Security Management Standard 2022
azure;ISO (the International Organization for Standardization) and IEC (the International Electrotechnical Commission) form the specialized system for worldwide standardization. National bodies that are members of ISO or IEC participate in the development of International Standards through technical committees established by the respective organization to deal with particular fields of technical activity. ISO and IEC technical committees collaborate in fields of mutual interest. Other international organizations, governmental and non-governmental, in liaison with ISO and IEC, also take part in the work.;7e3283a3-d466-4e6f-95b1-543eec016e08;global;2026-07-04 03:44:37.699268;A.5.21;Managing Information Security In The ICT Supply Chain;Processes and procedures should be defined and implemented to manage the information security risks associated with the ICT products and services supply chain.;A.5 Organizational controls;A.5.21;Managing Information Security In The ICT Supply Chain;Processes and procedures should be defined and implemented to manage the information security risks associated with the ICT products and services supply chain.;FAIL;Defender plan Defender for Open-Source Relational Databases from subscription Azure subscription 1 (7e3283a3-d466-4e6f-95b1-543eec016e08) is set to OFF (pricing tier not standard).;/subscriptions/7e3283a3-d466-4e6f-95b1-543eec016e08/providers/Microsoft.Security/pricings/OpenSourceRelationalDatabases;defender_ensure_defender_for_os_relational_databases_is_on;False;Defender plan Open-Source Relational Databases;ISO27001;ISO/IEC 27001 Information Security Management Standard 2022
azure;ISO (the International Organization for Standardization) and IEC (the International Electrotechnical Commission) form the specialized system for worldwide standardization. National bodies that are members of ISO or IEC participate in the development of International Standards through technical committees established by the respective organization to deal with particular fields of technical activity. ISO and IEC technical committees collaborate in fields of mutual interest. Other international organizations, governmental and non-governmental, in liaison with ISO and IEC, also take part in the work.;7e3283a3-d466-4e6f-95b1-543eec016e08;global;2026-07-04 03:44:37.699268;A.5.22;Monitor, Review And Change Management Of Supplier Services;The organisation should regularly monitor, review, evaluate and manage change in supplier information security practices and service delivery.;A.5 Organizational controls;A.5.22;Monitor, Review And Change Management Of Supplier Services;The organisation should regularly monitor, review, evaluate and manage change in supplier information security practices and service delivery.;FAIL;Defender plan Defender for Open-Source Relational Databases from subscription Azure subscription 1 (7e3283a3-d466-4e6f-95b1-543eec016e08) is set to OFF (pricing tier not standard).;/subscriptions/7e3283a3-d466-4e6f-95b1-543eec016e08/providers/Microsoft.Security/pricings/OpenSourceRelationalDatabases;defender_ensure_defender_for_os_relational_databases_is_on;False;Defender plan Open-Source Relational Databases;ISO27001;ISO/IEC 27001 Information Security Management Standard 2022
azure;ISO (the International Organization for Standardization) and IEC (the International Electrotechnical Commission) form the specialized system for worldwide standardization. National bodies that are members of ISO or IEC participate in the development of International Standards through technical committees established by the respective organization to deal with particular fields of technical activity. ISO and IEC technical committees collaborate in fields of mutual interest. Other international organizations, governmental and non-governmental, in liaison with ISO and IEC, also take part in the work.;7e3283a3-d466-4e6f-95b1-543eec016e08;global;2026-07-04 03:44:37.699268;A.5.25;Assessment And Decision On Information Security Events;The organisation should assess information security events and decide if they are to be categorised as information security incidents.;A.5 Organizational controls;A.5.25;Assessment And Decision On Information Security Events;The organisation should assess information security events and decide if they are to be categorised as information security incidents.;FAIL;Defender plan Defender for Open-Source Relational Databases from subscription Azure subscription 1 (7e3283a3-d466-4e6f-95b1-543eec016e08) is set to OFF (pricing tier not standard).;/subscriptions/7e3283a3-d466-4e6f-95b1-543eec016e08/providers/Microsoft.Security/pricings/OpenSourceRelationalDatabases;defender_ensure_defender_for_os_relational_databases_is_on;False;Defender plan Open-Source Relational Databases;ISO27001;ISO/IEC 27001 Information Security Management Standard 2022
azure;ISO (the International Organization for Standardization) and IEC (the International Electrotechnical Commission) form the specialized system for worldwide standardization. National bodies that are members of ISO or IEC participate in the development of International Standards through technical committees established by the respective organization to deal with particular fields of technical activity. ISO and IEC technical committees collaborate in fields of mutual interest. Other international organizations, governmental and non-governmental, in liaison with ISO and IEC, also take part in the work.;7e3283a3-d466-4e6f-95b1-543eec016e08;global;2026-07-04 03:44:37.699268;A.5.28;Collection Of Evidence;The organisation should establish and implement procedures for the identification, collection, acquisition and preservation of evidence related to information security events.;A.5 Organizational controls;A.5.28;Collection Of Evidence;The organisation should establish and implement procedures for the identification, collection, acquisition and preservation of evidence related to information security events.;FAIL;Defender plan Defender for Open-Source Relational Databases from subscription Azure subscription 1 (7e3283a3-d466-4e6f-95b1-543eec016e08) is set to OFF (pricing tier not standard).;/subscriptions/7e3283a3-d466-4e6f-95b1-543eec016e08/providers/Microsoft.Security/pricings/OpenSourceRelationalDatabases;defender_ensure_defender_for_os_relational_databases_is_on;False;Defender plan Open-Source Relational Databases;ISO27001;ISO/IEC 27001 Information Security Management Standard 2022
azure;ISO (the International Organization for Standardization) and IEC (the International Electrotechnical Commission) form the specialized system for worldwide standardization. National bodies that are members of ISO or IEC participate in the development of International Standards through technical committees established by the respective organization to deal with particular fields of technical activity. ISO and IEC technical committees collaborate in fields of mutual interest. Other international organizations, governmental and non-governmental, in liaison with ISO and IEC, also take part in the work.;7e3283a3-d466-4e6f-95b1-543eec016e08;global;2026-07-04 03:44:37.699268;A.5.29;Information Security During Disruption;The organisation should plan how to maintain information security at an appropriate level during disruption.;A.5 Organizational controls;A.5.29;Information Security During Disruption;The organisation should plan how to maintain information security at an appropriate level during disruption.;FAIL;Defender plan Defender for Open-Source Relational Databases from subscription Azure subscription 1 (7e3283a3-d466-4e6f-95b1-543eec016e08) is set to OFF (pricing tier not standard).;/subscriptions/7e3283a3-d466-4e6f-95b1-543eec016e08/providers/Microsoft.Security/pricings/OpenSourceRelationalDatabases;defender_ensure_defender_for_os_relational_databases_is_on;False;Defender plan Open-Source Relational Databases;ISO27001;ISO/IEC 27001 Information Security Management Standard 2022
azure;ISO (the International Organization for Standardization) and IEC (the International Electrotechnical Commission) form the specialized system for worldwide standardization. National bodies that are members of ISO or IEC participate in the development of International Standards through technical committees established by the respective organization to deal with particular fields of technical activity. ISO and IEC technical committees collaborate in fields of mutual interest. Other international organizations, governmental and non-governmental, in liaison with ISO and IEC, also take part in the work.;7e3283a3-d466-4e6f-95b1-543eec016e08;global;2026-07-04 03:44:37.699268;A.8.7;Protection Against Malware;Protection against malware should be implemented and supported by appropriate user awareness.;A.8 Technological controls;A.8.7;Protection Against Malware;Protection against malware should be implemented and supported by appropriate user awareness.;FAIL;Defender plan Defender for Open-Source Relational Databases from subscription Azure subscription 1 (7e3283a3-d466-4e6f-95b1-543eec016e08) is set to OFF (pricing tier not standard).;/subscriptions/7e3283a3-d466-4e6f-95b1-543eec016e08/providers/Microsoft.Security/pricings/OpenSourceRelationalDatabases;defender_ensure_defender_for_os_relational_databases_is_on;False;Defender plan Open-Source Relational Databases;ISO27001;ISO/IEC 27001 Information Security Management Standard 2022
azure;ISO (the International Organization for Standardization) and IEC (the International Electrotechnical Commission) form the specialized system for worldwide standardization. National bodies that are members of ISO or IEC participate in the development of International Standards through technical committees established by the respective organization to deal with particular fields of technical activity. ISO and IEC technical committees collaborate in fields of mutual interest. Other international organizations, governmental and non-governmental, in liaison with ISO and IEC, also take part in the work.;7e3283a3-d466-4e6f-95b1-543eec016e08;global;2026-07-04 03:44:37.699268;A.8.9;Configuration Management;Configurations, including security configurations, of hardware, software, services and networks should be established, documented, implemented, monitored and reviewed.;A.8 Technological controls;A.8.9;Configuration Management;Configurations, including security configurations, of hardware, software, services and networks should be established, documented, implemented, monitored and reviewed.;FAIL;Defender plan Defender for Open-Source Relational Databases from subscription Azure subscription 1 (7e3283a3-d466-4e6f-95b1-543eec016e08) is set to OFF (pricing tier not standard).;/subscriptions/7e3283a3-d466-4e6f-95b1-543eec016e08/providers/Microsoft.Security/pricings/OpenSourceRelationalDatabases;defender_ensure_defender_for_os_relational_databases_is_on;False;Defender plan Open-Source Relational Databases;ISO27001;ISO/IEC 27001 Information Security Management Standard 2022
azure;ISO (the International Organization for Standardization) and IEC (the International Electrotechnical Commission) form the specialized system for worldwide standardization. National bodies that are members of ISO or IEC participate in the development of International Standards through technical committees established by the respective organization to deal with particular fields of technical activity. ISO and IEC technical committees collaborate in fields of mutual interest. Other international organizations, governmental and non-governmental, in liaison with ISO and IEC, also take part in the work.;7e3283a3-d466-4e6f-95b1-543eec016e08;global;2026-07-04 03:44:37.699268;A.5.16;Identity Management;The full lifecycle of identities should be managed.;A.5 Organizational controls;A.5.16;Identity Management;The full lifecycle of identities should be managed.;FAIL;Defender plan Defender for Servers from subscription Azure subscription 1 (7e3283a3-d466-4e6f-95b1-543eec016e08) is set to OFF (pricing tier not standard).;/subscriptions/7e3283a3-d466-4e6f-95b1-543eec016e08/providers/Microsoft.Security/pricings/VirtualMachines;defender_ensure_defender_for_server_is_on;False;Defender plan Servers;ISO27001;ISO/IEC 27001 Information Security Management Standard 2022
azure;ISO (the International Organization for Standardization) and IEC (the International Electrotechnical Commission) form the specialized system for worldwide standardization. National bodies that are members of ISO or IEC participate in the development of International Standards through technical committees established by the respective organization to deal with particular fields of technical activity. ISO and IEC technical committees collaborate in fields of mutual interest. Other international organizations, governmental and non-governmental, in liaison with ISO and IEC, also take part in the work.;7e3283a3-d466-4e6f-95b1-543eec016e08;global;2026-07-04 03:44:37.699268;A.5.19;Information Security In Supplier Relationships;Processes and procedures should be defined and implemented to manage the information security risks associated with the use of supplier’s products or services.;A.5 Organizational controls;A.5.19;Information Security In Supplier Relationships;Processes and procedures should be defined and implemented to manage the information security risks associated with the use of supplier’s products or services.;FAIL;Defender plan Defender for Servers from subscription Azure subscription 1 (7e3283a3-d466-4e6f-95b1-543eec016e08) is set to OFF (pricing tier not standard).;/subscriptions/7e3283a3-d466-4e6f-95b1-543eec016e08/providers/Microsoft.Security/pricings/VirtualMachines;defender_ensure_defender_for_server_is_on;False;Defender plan Servers;ISO27001;ISO/IEC 27001 Information Security Management Standard 2022
azure;ISO (the International Organization for Standardization) and IEC (the International Electrotechnical Commission) form the specialized system for worldwide standardization. National bodies that are members of ISO or IEC participate in the development of International Standards through technical committees established by the respective organization to deal with particular fields of technical activity. ISO and IEC technical committees collaborate in fields of mutual interest. Other international organizations, governmental and non-governmental, in liaison with ISO and IEC, also take part in the work.;7e3283a3-d466-4e6f-95b1-543eec016e08;global;2026-07-04 03:44:37.699268;A.5.21;Managing Information Security In The ICT Supply Chain;Processes and procedures should be defined and implemented to manage the information security risks associated with the ICT products and services supply chain.;A.5 Organizational controls;A.5.21;Managing Information Security In The ICT Supply Chain;Processes and procedures should be defined and implemented to manage the information security risks associated with the ICT products and services supply chain.;FAIL;Defender plan Defender for Servers from subscription Azure subscription 1 (7e3283a3-d466-4e6f-95b1-543eec016e08) is set to OFF (pricing tier not standard).;/subscriptions/7e3283a3-d466-4e6f-95b1-543eec016e08/providers/Microsoft.Security/pricings/VirtualMachines;defender_ensure_defender_for_server_is_on;False;Defender plan Servers;ISO27001;ISO/IEC 27001 Information Security Management Standard 2022
azure;ISO (the International Organization for Standardization) and IEC (the International Electrotechnical Commission) form the specialized system for worldwide standardization. National bodies that are members of ISO or IEC participate in the development of International Standards through technical committees established by the respective organization to deal with particular fields of technical activity. ISO and IEC technical committees collaborate in fields of mutual interest. Other international organizations, governmental and non-governmental, in liaison with ISO and IEC, also take part in the work.;7e3283a3-d466-4e6f-95b1-543eec016e08;global;2026-07-04 03:44:37.699268;A.5.22;Monitor, Review And Change Management Of Supplier Services;The organisation should regularly monitor, review, evaluate and manage change in supplier information security practices and service delivery.;A.5 Organizational controls;A.5.22;Monitor, Review And Change Management Of Supplier Services;The organisation should regularly monitor, review, evaluate and manage change in supplier information security practices and service delivery.;FAIL;Defender plan Defender for Servers from subscription Azure subscription 1 (7e3283a3-d466-4e6f-95b1-543eec016e08) is set to OFF (pricing tier not standard).;/subscriptions/7e3283a3-d466-4e6f-95b1-543eec016e08/providers/Microsoft.Security/pricings/VirtualMachines;defender_ensure_defender_for_server_is_on;False;Defender plan Servers;ISO27001;ISO/IEC 27001 Information Security Management Standard 2022
azure;ISO (the International Organization for Standardization) and IEC (the International Electrotechnical Commission) form the specialized system for worldwide standardization. National bodies that are members of ISO or IEC participate in the development of International Standards through technical committees established by the respective organization to deal with particular fields of technical activity. ISO and IEC technical committees collaborate in fields of mutual interest. Other international organizations, governmental and non-governmental, in liaison with ISO and IEC, also take part in the work.;7e3283a3-d466-4e6f-95b1-543eec016e08;global;2026-07-04 03:44:37.699268;A.5.25;Assessment And Decision On Information Security Events;The organisation should assess information security events and decide if they are to be categorised as information security incidents.;A.5 Organizational controls;A.5.25;Assessment And Decision On Information Security Events;The organisation should assess information security events and decide if they are to be categorised as information security incidents.;FAIL;Defender plan Defender for Servers from subscription Azure subscription 1 (7e3283a3-d466-4e6f-95b1-543eec016e08) is set to OFF (pricing tier not standard).;/subscriptions/7e3283a3-d466-4e6f-95b1-543eec016e08/providers/Microsoft.Security/pricings/VirtualMachines;defender_ensure_defender_for_server_is_on;False;Defender plan Servers;ISO27001;ISO/IEC 27001 Information Security Management Standard 2022
azure;ISO (the International Organization for Standardization) and IEC (the International Electrotechnical Commission) form the specialized system for worldwide standardization. National bodies that are members of ISO or IEC participate in the development of International Standards through technical committees established by the respective organization to deal with particular fields of technical activity. ISO and IEC technical committees collaborate in fields of mutual interest. Other international organizations, governmental and non-governmental, in liaison with ISO and IEC, also take part in the work.;7e3283a3-d466-4e6f-95b1-543eec016e08;global;2026-07-04 03:44:37.699268;A.5.28;Collection Of Evidence;The organisation should establish and implement procedures for the identification, collection, acquisition and preservation of evidence related to information security events.;A.5 Organizational controls;A.5.28;Collection Of Evidence;The organisation should establish and implement procedures for the identification, collection, acquisition and preservation of evidence related to information security events.;FAIL;Defender plan Defender for Servers from subscription Azure subscription 1 (7e3283a3-d466-4e6f-95b1-543eec016e08) is set to OFF (pricing tier not standard).;/subscriptions/7e3283a3-d466-4e6f-95b1-543eec016e08/providers/Microsoft.Security/pricings/VirtualMachines;defender_ensure_defender_for_server_is_on;False;Defender plan Servers;ISO27001;ISO/IEC 27001 Information Security Management Standard 2022
azure;ISO (the International Organization for Standardization) and IEC (the International Electrotechnical Commission) form the specialized system for worldwide standardization. National bodies that are members of ISO or IEC participate in the development of International Standards through technical committees established by the respective organization to deal with particular fields of technical activity. ISO and IEC technical committees collaborate in fields of mutual interest. Other international organizations, governmental and non-governmental, in liaison with ISO and IEC, also take part in the work.;7e3283a3-d466-4e6f-95b1-543eec016e08;global;2026-07-04 03:44:37.699268;A.5.29;Information Security During Disruption;The organisation should plan how to maintain information security at an appropriate level during disruption.;A.5 Organizational controls;A.5.29;Information Security During Disruption;The organisation should plan how to maintain information security at an appropriate level during disruption.;FAIL;Defender plan Defender for Servers from subscription Azure subscription 1 (7e3283a3-d466-4e6f-95b1-543eec016e08) is set to OFF (pricing tier not standard).;/subscriptions/7e3283a3-d466-4e6f-95b1-543eec016e08/providers/Microsoft.Security/pricings/VirtualMachines;defender_ensure_defender_for_server_is_on;False;Defender plan Servers;ISO27001;ISO/IEC 27001 Information Security Management Standard 2022
azure;ISO (the International Organization for Standardization) and IEC (the International Electrotechnical Commission) form the specialized system for worldwide standardization. National bodies that are members of ISO or IEC participate in the development of International Standards through technical committees established by the respective organization to deal with particular fields of technical activity. ISO and IEC technical committees collaborate in fields of mutual interest. Other international organizations, governmental and non-governmental, in liaison with ISO and IEC, also take part in the work.;7e3283a3-d466-4e6f-95b1-543eec016e08;global;2026-07-04 03:44:37.699268;A.8.7;Protection Against Malware;Protection against malware should be implemented and supported by appropriate user awareness.;A.8 Technological controls;A.8.7;Protection Against Malware;Protection against malware should be implemented and supported by appropriate user awareness.;FAIL;Defender plan Defender for Servers from subscription Azure subscription 1 (7e3283a3-d466-4e6f-95b1-543eec016e08) is set to OFF (pricing tier not standard).;/subscriptions/7e3283a3-d466-4e6f-95b1-543eec016e08/providers/Microsoft.Security/pricings/VirtualMachines;defender_ensure_defender_for_server_is_on;False;Defender plan Servers;ISO27001;ISO/IEC 27001 Information Security Management Standard 2022
azure;ISO (the International Organization for Standardization) and IEC (the International Electrotechnical Commission) form the specialized system for worldwide standardization. National bodies that are members of ISO or IEC participate in the development of International Standards through technical committees established by the respective organization to deal with particular fields of technical activity. ISO and IEC technical committees collaborate in fields of mutual interest. Other international organizations, governmental and non-governmental, in liaison with ISO and IEC, also take part in the work.;7e3283a3-d466-4e6f-95b1-543eec016e08;global;2026-07-04 03:44:37.699268;A.8.9;Configuration Management;Configurations, including security configurations, of hardware, software, services and networks should be established, documented, implemented, monitored and reviewed.;A.8 Technological controls;A.8.9;Configuration Management;Configurations, including security configurations, of hardware, software, services and networks should be established, documented, implemented, monitored and reviewed.;FAIL;Defender plan Defender for Servers from subscription Azure subscription 1 (7e3283a3-d466-4e6f-95b1-543eec016e08) is set to OFF (pricing tier not standard).;/subscriptions/7e3283a3-d466-4e6f-95b1-543eec016e08/providers/Microsoft.Security/pricings/VirtualMachines;defender_ensure_defender_for_server_is_on;False;Defender plan Servers;ISO27001;ISO/IEC 27001 Information Security Management Standard 2022
azure;ISO (the International Organization for Standardization) and IEC (the International Electrotechnical Commission) form the specialized system for worldwide standardization. National bodies that are members of ISO or IEC participate in the development of International Standards through technical committees established by the respective organization to deal with particular fields of technical activity. ISO and IEC technical committees collaborate in fields of mutual interest. Other international organizations, governmental and non-governmental, in liaison with ISO and IEC, also take part in the work.;7e3283a3-d466-4e6f-95b1-543eec016e08;global;2026-07-04 03:44:37.699268;A.5.16;Identity Management;The full lifecycle of identities should be managed.;A.5 Organizational controls;A.5.16;Identity Management;The full lifecycle of identities should be managed.;FAIL;Defender plan Defender for SQL Server VMs from subscription Azure subscription 1 (7e3283a3-d466-4e6f-95b1-543eec016e08) is set to OFF (pricing tier not standard).;/subscriptions/7e3283a3-d466-4e6f-95b1-543eec016e08/providers/Microsoft.Security/pricings/SqlServerVirtualMachines;defender_ensure_defender_for_sql_servers_is_on;False;Defender plan SQL Server VMs;ISO27001;ISO/IEC 27001 Information Security Management Standard 2022
azure;ISO (the International Organization for Standardization) and IEC (the International Electrotechnical Commission) form the specialized system for worldwide standardization. National bodies that are members of ISO or IEC participate in the development of International Standards through technical committees established by the respective organization to deal with particular fields of technical activity. ISO and IEC technical committees collaborate in fields of mutual interest. Other international organizations, governmental and non-governmental, in liaison with ISO and IEC, also take part in the work.;7e3283a3-d466-4e6f-95b1-543eec016e08;global;2026-07-04 03:44:37.699268;A.5.19;Information Security In Supplier Relationships;Processes and procedures should be defined and implemented to manage the information security risks associated with the use of supplier’s products or services.;A.5 Organizational controls;A.5.19;Information Security In Supplier Relationships;Processes and procedures should be defined and implemented to manage the information security risks associated with the use of supplier’s products or services.;FAIL;Defender plan Defender for SQL Server VMs from subscription Azure subscription 1 (7e3283a3-d466-4e6f-95b1-543eec016e08) is set to OFF (pricing tier not standard).;/subscriptions/7e3283a3-d466-4e6f-95b1-543eec016e08/providers/Microsoft.Security/pricings/SqlServerVirtualMachines;defender_ensure_defender_for_sql_servers_is_on;False;Defender plan SQL Server VMs;ISO27001;ISO/IEC 27001 Information Security Management Standard 2022
azure;ISO (the International Organization for Standardization) and IEC (the International Electrotechnical Commission) form the specialized system for worldwide standardization. National bodies that are members of ISO or IEC participate in the development of International Standards through technical committees established by the respective organization to deal with particular fields of technical activity. ISO and IEC technical committees collaborate in fields of mutual interest. Other international organizations, governmental and non-governmental, in liaison with ISO and IEC, also take part in the work.;7e3283a3-d466-4e6f-95b1-543eec016e08;global;2026-07-04 03:44:37.699268;A.5.21;Managing Information Security In The ICT Supply Chain;Processes and procedures should be defined and implemented to manage the information security risks associated with the ICT products and services supply chain.;A.5 Organizational controls;A.5.21;Managing Information Security In The ICT Supply Chain;Processes and procedures should be defined and implemented to manage the information security risks associated with the ICT products and services supply chain.;FAIL;Defender plan Defender for SQL Server VMs from subscription Azure subscription 1 (7e3283a3-d466-4e6f-95b1-543eec016e08) is set to OFF (pricing tier not standard).;/subscriptions/7e3283a3-d466-4e6f-95b1-543eec016e08/providers/Microsoft.Security/pricings/SqlServerVirtualMachines;defender_ensure_defender_for_sql_servers_is_on;False;Defender plan SQL Server VMs;ISO27001;ISO/IEC 27001 Information Security Management Standard 2022
azure;ISO (the International Organization for Standardization) and IEC (the International Electrotechnical Commission) form the specialized system for worldwide standardization. National bodies that are members of ISO or IEC participate in the development of International Standards through technical committees established by the respective organization to deal with particular fields of technical activity. ISO and IEC technical committees collaborate in fields of mutual interest. Other international organizations, governmental and non-governmental, in liaison with ISO and IEC, also take part in the work.;7e3283a3-d466-4e6f-95b1-543eec016e08;global;2026-07-04 03:44:37.699268;A.5.22;Monitor, Review And Change Management Of Supplier Services;The organisation should regularly monitor, review, evaluate and manage change in supplier information security practices and service delivery.;A.5 Organizational controls;A.5.22;Monitor, Review And Change Management Of Supplier Services;The organisation should regularly monitor, review, evaluate and manage change in supplier information security practices and service delivery.;FAIL;Defender plan Defender for SQL Server VMs from subscription Azure subscription 1 (7e3283a3-d466-4e6f-95b1-543eec016e08) is set to OFF (pricing tier not standard).;/subscriptions/7e3283a3-d466-4e6f-95b1-543eec016e08/providers/Microsoft.Security/pricings/SqlServerVirtualMachines;defender_ensure_defender_for_sql_servers_is_on;False;Defender plan SQL Server VMs;ISO27001;ISO/IEC 27001 Information Security Management Standard 2022
azure;ISO (the International Organization for Standardization) and IEC (the International Electrotechnical Commission) form the specialized system for worldwide standardization. National bodies that are members of ISO or IEC participate in the development of International Standards through technical committees established by the respective organization to deal with particular fields of technical activity. ISO and IEC technical committees collaborate in fields of mutual interest. Other international organizations, governmental and non-governmental, in liaison with ISO and IEC, also take part in the work.;7e3283a3-d466-4e6f-95b1-543eec016e08;global;2026-07-04 03:44:37.699268;A.5.25;Assessment And Decision On Information Security Events;The organisation should assess information security events and decide if they are to be categorised as information security incidents.;A.5 Organizational controls;A.5.25;Assessment And Decision On Information Security Events;The organisation should assess information security events and decide if they are to be categorised as information security incidents.;FAIL;Defender plan Defender for SQL Server VMs from subscription Azure subscription 1 (7e3283a3-d466-4e6f-95b1-543eec016e08) is set to OFF (pricing tier not standard).;/subscriptions/7e3283a3-d466-4e6f-95b1-543eec016e08/providers/Microsoft.Security/pricings/SqlServerVirtualMachines;defender_ensure_defender_for_sql_servers_is_on;False;Defender plan SQL Server VMs;ISO27001;ISO/IEC 27001 Information Security Management Standard 2022
azure;ISO (the International Organization for Standardization) and IEC (the International Electrotechnical Commission) form the specialized system for worldwide standardization. National bodies that are members of ISO or IEC participate in the development of International Standards through technical committees established by the respective organization to deal with particular fields of technical activity. ISO and IEC technical committees collaborate in fields of mutual interest. Other international organizations, governmental and non-governmental, in liaison with ISO and IEC, also take part in the work.;7e3283a3-d466-4e6f-95b1-543eec016e08;global;2026-07-04 03:44:37.699268;A.5.28;Collection Of Evidence;The organisation should establish and implement procedures for the identification, collection, acquisition and preservation of evidence related to information security events.;A.5 Organizational controls;A.5.28;Collection Of Evidence;The organisation should establish and implement procedures for the identification, collection, acquisition and preservation of evidence related to information security events.;FAIL;Defender plan Defender for SQL Server VMs from subscription Azure subscription 1 (7e3283a3-d466-4e6f-95b1-543eec016e08) is set to OFF (pricing tier not standard).;/subscriptions/7e3283a3-d466-4e6f-95b1-543eec016e08/providers/Microsoft.Security/pricings/SqlServerVirtualMachines;defender_ensure_defender_for_sql_servers_is_on;False;Defender plan SQL Server VMs;ISO27001;ISO/IEC 27001 Information Security Management Standard 2022
azure;ISO (the International Organization for Standardization) and IEC (the International Electrotechnical Commission) form the specialized system for worldwide standardization. National bodies that are members of ISO or IEC participate in the development of International Standards through technical committees established by the respective organization to deal with particular fields of technical activity. ISO and IEC technical committees collaborate in fields of mutual interest. Other international organizations, governmental and non-governmental, in liaison with ISO and IEC, also take part in the work.;7e3283a3-d466-4e6f-95b1-543eec016e08;global;2026-07-04 03:44:37.699268;A.5.29;Information Security During Disruption;The organisation should plan how to maintain information security at an appropriate level during disruption.;A.5 Organizational controls;A.5.29;Information Security During Disruption;The organisation should plan how to maintain information security at an appropriate level during disruption.;FAIL;Defender plan Defender for SQL Server VMs from subscription Azure subscription 1 (7e3283a3-d466-4e6f-95b1-543eec016e08) is set to OFF (pricing tier not standard).;/subscriptions/7e3283a3-d466-4e6f-95b1-543eec016e08/providers/Microsoft.Security/pricings/SqlServerVirtualMachines;defender_ensure_defender_for_sql_servers_is_on;False;Defender plan SQL Server VMs;ISO27001;ISO/IEC 27001 Information Security Management Standard 2022
azure;ISO (the International Organization for Standardization) and IEC (the International Electrotechnical Commission) form the specialized system for worldwide standardization. National bodies that are members of ISO or IEC participate in the development of International Standards through technical committees established by the respective organization to deal with particular fields of technical activity. ISO and IEC technical committees collaborate in fields of mutual interest. Other international organizations, governmental and non-governmental, in liaison with ISO and IEC, also take part in the work.;7e3283a3-d466-4e6f-95b1-543eec016e08;global;2026-07-04 03:44:37.699268;A.8.7;Protection Against Malware;Protection against malware should be implemented and supported by appropriate user awareness.;A.8 Technological controls;A.8.7;Protection Against Malware;Protection against malware should be implemented and supported by appropriate user awareness.;FAIL;Defender plan Defender for SQL Server VMs from subscription Azure subscription 1 (7e3283a3-d466-4e6f-95b1-543eec016e08) is set to OFF (pricing tier not standard).;/subscriptions/7e3283a3-d466-4e6f-95b1-543eec016e08/providers/Microsoft.Security/pricings/SqlServerVirtualMachines;defender_ensure_defender_for_sql_servers_is_on;False;Defender plan SQL Server VMs;ISO27001;ISO/IEC 27001 Information Security Management Standard 2022
azure;ISO (the International Organization for Standardization) and IEC (the International Electrotechnical Commission) form the specialized system for worldwide standardization. National bodies that are members of ISO or IEC participate in the development of International Standards through technical committees established by the respective organization to deal with particular fields of technical activity. ISO and IEC technical committees collaborate in fields of mutual interest. Other international organizations, governmental and non-governmental, in liaison with ISO and IEC, also take part in the work.;7e3283a3-d466-4e6f-95b1-543eec016e08;global;2026-07-04 03:44:37.699268;A.8.9;Configuration Management;Configurations, including security configurations, of hardware, software, services and networks should be established, documented, implemented, monitored and reviewed.;A.8 Technological controls;A.8.9;Configuration Management;Configurations, including security configurations, of hardware, software, services and networks should be established, documented, implemented, monitored and reviewed.;FAIL;Defender plan Defender for SQL Server VMs from subscription Azure subscription 1 (7e3283a3-d466-4e6f-95b1-543eec016e08) is set to OFF (pricing tier not standard).;/subscriptions/7e3283a3-d466-4e6f-95b1-543eec016e08/providers/Microsoft.Security/pricings/SqlServerVirtualMachines;defender_ensure_defender_for_sql_servers_is_on;False;Defender plan SQL Server VMs;ISO27001;ISO/IEC 27001 Information Security Management Standard 2022
azure;ISO (the International Organization for Standardization) and IEC (the International Electrotechnical Commission) form the specialized system for worldwide standardization. National bodies that are members of ISO or IEC participate in the development of International Standards through technical committees established by the respective organization to deal with particular fields of technical activity. ISO and IEC technical committees collaborate in fields of mutual interest. Other international organizations, governmental and non-governmental, in liaison with ISO and IEC, also take part in the work.;7e3283a3-d466-4e6f-95b1-543eec016e08;global;2026-07-04 03:44:37.699268;A.5.16;Identity Management;The full lifecycle of identities should be managed.;A.5 Organizational controls;A.5.16;Identity Management;The full lifecycle of identities should be managed.;FAIL;Defender plan Defender for Storage Accounts from subscription Azure subscription 1 (7e3283a3-d466-4e6f-95b1-543eec016e08) is set to OFF (pricing tier not standard).;/subscriptions/7e3283a3-d466-4e6f-95b1-543eec016e08/providers/Microsoft.Security/pricings/StorageAccounts;defender_ensure_defender_for_storage_is_on;False;Defender plan Storage Accounts;ISO27001;ISO/IEC 27001 Information Security Management Standard 2022
azure;ISO (the International Organization for Standardization) and IEC (the International Electrotechnical Commission) form the specialized system for worldwide standardization. National bodies that are members of ISO or IEC participate in the development of International Standards through technical committees established by the respective organization to deal with particular fields of technical activity. ISO and IEC technical committees collaborate in fields of mutual interest. Other international organizations, governmental and non-governmental, in liaison with ISO and IEC, also take part in the work.;7e3283a3-d466-4e6f-95b1-543eec016e08;global;2026-07-04 03:44:37.699268;A.5.19;Information Security In Supplier Relationships;Processes and procedures should be defined and implemented to manage the information security risks associated with the use of supplier’s products or services.;A.5 Organizational controls;A.5.19;Information Security In Supplier Relationships;Processes and procedures should be defined and implemented to manage the information security risks associated with the use of supplier’s products or services.;FAIL;Defender plan Defender for Storage Accounts from subscription Azure subscription 1 (7e3283a3-d466-4e6f-95b1-543eec016e08) is set to OFF (pricing tier not standard).;/subscriptions/7e3283a3-d466-4e6f-95b1-543eec016e08/providers/Microsoft.Security/pricings/StorageAccounts;defender_ensure_defender_for_storage_is_on;False;Defender plan Storage Accounts;ISO27001;ISO/IEC 27001 Information Security Management Standard 2022
azure;ISO (the International Organization for Standardization) and IEC (the International Electrotechnical Commission) form the specialized system for worldwide standardization. National bodies that are members of ISO or IEC participate in the development of International Standards through technical committees established by the respective organization to deal with particular fields of technical activity. ISO and IEC technical committees collaborate in fields of mutual interest. Other international organizations, governmental and non-governmental, in liaison with ISO and IEC, also take part in the work.;7e3283a3-d466-4e6f-95b1-543eec016e08;global;2026-07-04 03:44:37.699268;A.5.21;Managing Information Security In The ICT Supply Chain;Processes and procedures should be defined and implemented to manage the information security risks associated with the ICT products and services supply chain.;A.5 Organizational controls;A.5.21;Managing Information Security In The ICT Supply Chain;Processes and procedures should be defined and implemented to manage the information security risks associated with the ICT products and services supply chain.;FAIL;Defender plan Defender for Storage Accounts from subscription Azure subscription 1 (7e3283a3-d466-4e6f-95b1-543eec016e08) is set to OFF (pricing tier not standard).;/subscriptions/7e3283a3-d466-4e6f-95b1-543eec016e08/providers/Microsoft.Security/pricings/StorageAccounts;defender_ensure_defender_for_storage_is_on;False;Defender plan Storage Accounts;ISO27001;ISO/IEC 27001 Information Security Management Standard 2022
azure;ISO (the International Organization for Standardization) and IEC (the International Electrotechnical Commission) form the specialized system for worldwide standardization. National bodies that are members of ISO or IEC participate in the development of International Standards through technical committees established by the respective organization to deal with particular fields of technical activity. ISO and IEC technical committees collaborate in fields of mutual interest. Other international organizations, governmental and non-governmental, in liaison with ISO and IEC, also take part in the work.;7e3283a3-d466-4e6f-95b1-543eec016e08;global;2026-07-04 03:44:37.699268;A.5.22;Monitor, Review And Change Management Of Supplier Services;The organisation should regularly monitor, review, evaluate and manage change in supplier information security practices and service delivery.;A.5 Organizational controls;A.5.22;Monitor, Review And Change Management Of Supplier Services;The organisation should regularly monitor, review, evaluate and manage change in supplier information security practices and service delivery.;FAIL;Defender plan Defender for Storage Accounts from subscription Azure subscription 1 (7e3283a3-d466-4e6f-95b1-543eec016e08) is set to OFF (pricing tier not standard).;/subscriptions/7e3283a3-d466-4e6f-95b1-543eec016e08/providers/Microsoft.Security/pricings/StorageAccounts;defender_ensure_defender_for_storage_is_on;False;Defender plan Storage Accounts;ISO27001;ISO/IEC 27001 Information Security Management Standard 2022
azure;ISO (the International Organization for Standardization) and IEC (the International Electrotechnical Commission) form the specialized system for worldwide standardization. National bodies that are members of ISO or IEC participate in the development of International Standards through technical committees established by the respective organization to deal with particular fields of technical activity. ISO and IEC technical committees collaborate in fields of mutual interest. Other international organizations, governmental and non-governmental, in liaison with ISO and IEC, also take part in the work.;7e3283a3-d466-4e6f-95b1-543eec016e08;global;2026-07-04 03:44:37.699268;A.5.25;Assessment And Decision On Information Security Events;The organisation should assess information security events and decide if they are to be categorised as information security incidents.;A.5 Organizational controls;A.5.25;Assessment And Decision On Information Security Events;The organisation should assess information security events and decide if they are to be categorised as information security incidents.;FAIL;Defender plan Defender for Storage Accounts from subscription Azure subscription 1 (7e3283a3-d466-4e6f-95b1-543eec016e08) is set to OFF (pricing tier not standard).;/subscriptions/7e3283a3-d466-4e6f-95b1-543eec016e08/providers/Microsoft.Security/pricings/StorageAccounts;defender_ensure_defender_for_storage_is_on;False;Defender plan Storage Accounts;ISO27001;ISO/IEC 27001 Information Security Management Standard 2022
azure;ISO (the International Organization for Standardization) and IEC (the International Electrotechnical Commission) form the specialized system for worldwide standardization. National bodies that are members of ISO or IEC participate in the development of International Standards through technical committees established by the respective organization to deal with particular fields of technical activity. ISO and IEC technical committees collaborate in fields of mutual interest. Other international organizations, governmental and non-governmental, in liaison with ISO and IEC, also take part in the work.;7e3283a3-d466-4e6f-95b1-543eec016e08;global;2026-07-04 03:44:37.699268;A.5.28;Collection Of Evidence;The organisation should establish and implement procedures for the identification, collection, acquisition and preservation of evidence related to information security events.;A.5 Organizational controls;A.5.28;Collection Of Evidence;The organisation should establish and implement procedures for the identification, collection, acquisition and preservation of evidence related to information security events.;FAIL;Defender plan Defender for Storage Accounts from subscription Azure subscription 1 (7e3283a3-d466-4e6f-95b1-543eec016e08) is set to OFF (pricing tier not standard).;/subscriptions/7e3283a3-d466-4e6f-95b1-543eec016e08/providers/Microsoft.Security/pricings/StorageAccounts;defender_ensure_defender_for_storage_is_on;False;Defender plan Storage Accounts;ISO27001;ISO/IEC 27001 Information Security Management Standard 2022
azure;ISO (the International Organization for Standardization) and IEC (the International Electrotechnical Commission) form the specialized system for worldwide standardization. National bodies that are members of ISO or IEC participate in the development of International Standards through technical committees established by the respective organization to deal with particular fields of technical activity. ISO and IEC technical committees collaborate in fields of mutual interest. Other international organizations, governmental and non-governmental, in liaison with ISO and IEC, also take part in the work.;7e3283a3-d466-4e6f-95b1-543eec016e08;global;2026-07-04 03:44:37.699268;A.5.29;Information Security During Disruption;The organisation should plan how to maintain information security at an appropriate level during disruption.;A.5 Organizational controls;A.5.29;Information Security During Disruption;The organisation should plan how to maintain information security at an appropriate level during disruption.;FAIL;Defender plan Defender for Storage Accounts from subscription Azure subscription 1 (7e3283a3-d466-4e6f-95b1-543eec016e08) is set to OFF (pricing tier not standard).;/subscriptions/7e3283a3-d466-4e6f-95b1-543eec016e08/providers/Microsoft.Security/pricings/StorageAccounts;defender_ensure_defender_for_storage_is_on;False;Defender plan Storage Accounts;ISO27001;ISO/IEC 27001 Information Security Management Standard 2022
azure;ISO (the International Organization for Standardization) and IEC (the International Electrotechnical Commission) form the specialized system for worldwide standardization. National bodies that are members of ISO or IEC participate in the development of International Standards through technical committees established by the respective organization to deal with particular fields of technical activity. ISO and IEC technical committees collaborate in fields of mutual interest. Other international organizations, governmental and non-governmental, in liaison with ISO and IEC, also take part in the work.;7e3283a3-d466-4e6f-95b1-543eec016e08;global;2026-07-04 03:44:37.699268;A.8.7;Protection Against Malware;Protection against malware should be implemented and supported by appropriate user awareness.;A.8 Technological controls;A.8.7;Protection Against Malware;Protection against malware should be implemented and supported by appropriate user awareness.;FAIL;Defender plan Defender for Storage Accounts from subscription Azure subscription 1 (7e3283a3-d466-4e6f-95b1-543eec016e08) is set to OFF (pricing tier not standard).;/subscriptions/7e3283a3-d466-4e6f-95b1-543eec016e08/providers/Microsoft.Security/pricings/StorageAccounts;defender_ensure_defender_for_storage_is_on;False;Defender plan Storage Accounts;ISO27001;ISO/IEC 27001 Information Security Management Standard 2022
azure;ISO (the International Organization for Standardization) and IEC (the International Electrotechnical Commission) form the specialized system for worldwide standardization. National bodies that are members of ISO or IEC participate in the development of International Standards through technical committees established by the respective organization to deal with particular fields of technical activity. ISO and IEC technical committees collaborate in fields of mutual interest. Other international organizations, governmental and non-governmental, in liaison with ISO and IEC, also take part in the work.;7e3283a3-d466-4e6f-95b1-543eec016e08;global;2026-07-04 03:44:37.699268;A.8.9;Configuration Management;Configurations, including security configurations, of hardware, software, services and networks should be established, documented, implemented, monitored and reviewed.;A.8 Technological controls;A.8.9;Configuration Management;Configurations, including security configurations, of hardware, software, services and networks should be established, documented, implemented, monitored and reviewed.;FAIL;Defender plan Defender for Storage Accounts from subscription Azure subscription 1 (7e3283a3-d466-4e6f-95b1-543eec016e08) is set to OFF (pricing tier not standard).;/subscriptions/7e3283a3-d466-4e6f-95b1-543eec016e08/providers/Microsoft.Security/pricings/StorageAccounts;defender_ensure_defender_for_storage_is_on;False;Defender plan Storage Accounts;ISO27001;ISO/IEC 27001 Information Security Management Standard 2022
azure;ISO (the International Organization for Standardization) and IEC (the International Electrotechnical Commission) form the specialized system for worldwide standardization. National bodies that are members of ISO or IEC participate in the development of International Standards through technical committees established by the respective organization to deal with particular fields of technical activity. ISO and IEC technical committees collaborate in fields of mutual interest. Other international organizations, governmental and non-governmental, in liaison with ISO and IEC, also take part in the work.;7e3283a3-d466-4e6f-95b1-543eec016e08;global;2026-07-04 03:44:37.699268;A.5.19;Information Security In Supplier Relationships;Processes and procedures should be defined and implemented to manage the information security risks associated with the use of supplier’s products or services.;A.5 Organizational controls;A.5.19;Information Security In Supplier Relationships;Processes and procedures should be defined and implemented to manage the information security risks associated with the use of supplier’s products or services.;FAIL;No IoT Security Solutions found in the subscription Azure subscription 1 (7e3283a3-d466-4e6f-95b1-543eec016e08).;/subscriptions/7e3283a3-d466-4e6f-95b1-543eec016e08;defender_ensure_iot_hub_defender_is_on;False;7e3283a3-d466-4e6f-95b1-543eec016e08;ISO27001;ISO/IEC 27001 Information Security Management Standard 2022
azure;ISO (the International Organization for Standardization) and IEC (the International Electrotechnical Commission) form the specialized system for worldwide standardization. National bodies that are members of ISO or IEC participate in the development of International Standards through technical committees established by the respective organization to deal with particular fields of technical activity. ISO and IEC technical committees collaborate in fields of mutual interest. Other international organizations, governmental and non-governmental, in liaison with ISO and IEC, also take part in the work.;7e3283a3-d466-4e6f-95b1-543eec016e08;global;2026-07-04 03:44:37.699268;A.5.21;Managing Information Security In The ICT Supply Chain;Processes and procedures should be defined and implemented to manage the information security risks associated with the ICT products and services supply chain.;A.5 Organizational controls;A.5.21;Managing Information Security In The ICT Supply Chain;Processes and procedures should be defined and implemented to manage the information security risks associated with the ICT products and services supply chain.;FAIL;No IoT Security Solutions found in the subscription Azure subscription 1 (7e3283a3-d466-4e6f-95b1-543eec016e08).;/subscriptions/7e3283a3-d466-4e6f-95b1-543eec016e08;defender_ensure_iot_hub_defender_is_on;False;7e3283a3-d466-4e6f-95b1-543eec016e08;ISO27001;ISO/IEC 27001 Information Security Management Standard 2022
azure;ISO (the International Organization for Standardization) and IEC (the International Electrotechnical Commission) form the specialized system for worldwide standardization. National bodies that are members of ISO or IEC participate in the development of International Standards through technical committees established by the respective organization to deal with particular fields of technical activity. ISO and IEC technical committees collaborate in fields of mutual interest. Other international organizations, governmental and non-governmental, in liaison with ISO and IEC, also take part in the work.;7e3283a3-d466-4e6f-95b1-543eec016e08;global;2026-07-04 03:44:37.699268;A.5.25;Assessment And Decision On Information Security Events;The organisation should assess information security events and decide if they are to be categorised as information security incidents.;A.5 Organizational controls;A.5.25;Assessment And Decision On Information Security Events;The organisation should assess information security events and decide if they are to be categorised as information security incidents.;FAIL;No IoT Security Solutions found in the subscription Azure subscription 1 (7e3283a3-d466-4e6f-95b1-543eec016e08).;/subscriptions/7e3283a3-d466-4e6f-95b1-543eec016e08;defender_ensure_iot_hub_defender_is_on;False;7e3283a3-d466-4e6f-95b1-543eec016e08;ISO27001;ISO/IEC 27001 Information Security Management Standard 2022
azure;ISO (the International Organization for Standardization) and IEC (the International Electrotechnical Commission) form the specialized system for worldwide standardization. National bodies that are members of ISO or IEC participate in the development of International Standards through technical committees established by the respective organization to deal with particular fields of technical activity. ISO and IEC technical committees collaborate in fields of mutual interest. Other international organizations, governmental and non-governmental, in liaison with ISO and IEC, also take part in the work.;7e3283a3-d466-4e6f-95b1-543eec016e08;global;2026-07-04 03:44:37.699268;A.5.28;Collection Of Evidence;The organisation should establish and implement procedures for the identification, collection, acquisition and preservation of evidence related to information security events.;A.5 Organizational controls;A.5.28;Collection Of Evidence;The organisation should establish and implement procedures for the identification, collection, acquisition and preservation of evidence related to information security events.;FAIL;No IoT Security Solutions found in the subscription Azure subscription 1 (7e3283a3-d466-4e6f-95b1-543eec016e08).;/subscriptions/7e3283a3-d466-4e6f-95b1-543eec016e08;defender_ensure_iot_hub_defender_is_on;False;7e3283a3-d466-4e6f-95b1-543eec016e08;ISO27001;ISO/IEC 27001 Information Security Management Standard 2022
azure;ISO (the International Organization for Standardization) and IEC (the International Electrotechnical Commission) form the specialized system for worldwide standardization. National bodies that are members of ISO or IEC participate in the development of International Standards through technical committees established by the respective organization to deal with particular fields of technical activity. ISO and IEC technical committees collaborate in fields of mutual interest. Other international organizations, governmental and non-governmental, in liaison with ISO and IEC, also take part in the work.;7e3283a3-d466-4e6f-95b1-543eec016e08;global;2026-07-04 03:44:37.699268;A.5.29;Information Security During Disruption;The organisation should plan how to maintain information security at an appropriate level during disruption.;A.5 Organizational controls;A.5.29;Information Security During Disruption;The organisation should plan how to maintain information security at an appropriate level during disruption.;FAIL;No IoT Security Solutions found in the subscription Azure subscription 1 (7e3283a3-d466-4e6f-95b1-543eec016e08).;/subscriptions/7e3283a3-d466-4e6f-95b1-543eec016e08;defender_ensure_iot_hub_defender_is_on;False;7e3283a3-d466-4e6f-95b1-543eec016e08;ISO27001;ISO/IEC 27001 Information Security Management Standard 2022
azure;ISO (the International Organization for Standardization) and IEC (the International Electrotechnical Commission) form the specialized system for worldwide standardization. National bodies that are members of ISO or IEC participate in the development of International Standards through technical committees established by the respective organization to deal with particular fields of technical activity. ISO and IEC technical committees collaborate in fields of mutual interest. Other international organizations, governmental and non-governmental, in liaison with ISO and IEC, also take part in the work.;7e3283a3-d466-4e6f-95b1-543eec016e08;global;2026-07-04 03:44:37.699268;A.8.7;Protection Against Malware;Protection against malware should be implemented and supported by appropriate user awareness.;A.8 Technological controls;A.8.7;Protection Against Malware;Protection against malware should be implemented and supported by appropriate user awareness.;FAIL;No IoT Security Solutions found in the subscription Azure subscription 1 (7e3283a3-d466-4e6f-95b1-543eec016e08).;/subscriptions/7e3283a3-d466-4e6f-95b1-543eec016e08;defender_ensure_iot_hub_defender_is_on;False;7e3283a3-d466-4e6f-95b1-543eec016e08;ISO27001;ISO/IEC 27001 Information Security Management Standard 2022
azure;ISO (the International Organization for Standardization) and IEC (the International Electrotechnical Commission) form the specialized system for worldwide standardization. National bodies that are members of ISO or IEC participate in the development of International Standards through technical committees established by the respective organization to deal with particular fields of technical activity. ISO and IEC technical committees collaborate in fields of mutual interest. Other international organizations, governmental and non-governmental, in liaison with ISO and IEC, also take part in the work.;7e3283a3-d466-4e6f-95b1-543eec016e08;global;2026-07-04 03:44:37.699268;A.8.9;Configuration Management;Configurations, including security configurations, of hardware, software, services and networks should be established, documented, implemented, monitored and reviewed.;A.8 Technological controls;A.8.9;Configuration Management;Configurations, including security configurations, of hardware, software, services and networks should be established, documented, implemented, monitored and reviewed.;FAIL;No IoT Security Solutions found in the subscription Azure subscription 1 (7e3283a3-d466-4e6f-95b1-543eec016e08).;/subscriptions/7e3283a3-d466-4e6f-95b1-543eec016e08;defender_ensure_iot_hub_defender_is_on;False;7e3283a3-d466-4e6f-95b1-543eec016e08;ISO27001;ISO/IEC 27001 Information Security Management Standard 2022
azure;ISO (the International Organization for Standardization) and IEC (the International Electrotechnical Commission) form the specialized system for worldwide standardization. National bodies that are members of ISO or IEC participate in the development of International Standards through technical committees established by the respective organization to deal with particular fields of technical activity. ISO and IEC technical committees collaborate in fields of mutual interest. Other international organizations, governmental and non-governmental, in liaison with ISO and IEC, also take part in the work.;7e3283a3-d466-4e6f-95b1-543eec016e08;global;2026-07-04 03:44:37.699268;A.5.16;Identity Management;The full lifecycle of identities should be managed.;A.5 Organizational controls;A.5.16;Identity Management;The full lifecycle of identities should be managed.;PASS;Microsoft Defender for Cloud Apps is enabled for subscription Azure subscription 1 (7e3283a3-d466-4e6f-95b1-543eec016e08).;/subscriptions/7e3283a3-d466-4e6f-95b1-543eec016e08/providers/Microsoft.Security/settings/MCAS;defender_ensure_mcas_is_enabled;False;MCAS;ISO27001;ISO/IEC 27001 Information Security Management Standard 2022
azure;ISO (the International Organization for Standardization) and IEC (the International Electrotechnical Commission) form the specialized system for worldwide standardization. National bodies that are members of ISO or IEC participate in the development of International Standards through technical committees established by the respective organization to deal with particular fields of technical activity. ISO and IEC technical committees collaborate in fields of mutual interest. Other international organizations, governmental and non-governmental, in liaison with ISO and IEC, also take part in the work.;7e3283a3-d466-4e6f-95b1-543eec016e08;global;2026-07-04 03:44:37.699268;A.5.22;Monitor, Review And Change Management Of Supplier Services;The organisation should regularly monitor, review, evaluate and manage change in supplier information security practices and service delivery.;A.5 Organizational controls;A.5.22;Monitor, Review And Change Management Of Supplier Services;The organisation should regularly monitor, review, evaluate and manage change in supplier information security practices and service delivery.;PASS;Microsoft Defender for Cloud Apps is enabled for subscription Azure subscription 1 (7e3283a3-d466-4e6f-95b1-543eec016e08).;/subscriptions/7e3283a3-d466-4e6f-95b1-543eec016e08/providers/Microsoft.Security/settings/MCAS;defender_ensure_mcas_is_enabled;False;MCAS;ISO27001;ISO/IEC 27001 Information Security Management Standard 2022
azure;ISO (the International Organization for Standardization) and IEC (the International Electrotechnical Commission) form the specialized system for worldwide standardization. National bodies that are members of ISO or IEC participate in the development of International Standards through technical committees established by the respective organization to deal with particular fields of technical activity. ISO and IEC technical committees collaborate in fields of mutual interest. Other international organizations, governmental and non-governmental, in liaison with ISO and IEC, also take part in the work.;fd9388b0-2c00-4cf1-9e27-123b32fe4a92;global;2026-07-04 03:44:37.699268;A.5.2;Roles and Responsibilities;Information security roles and responsibilities should be defined and allocated according to the organisation needs.;A.5 Organizational controls;A.5.2;Roles and Responsibilities;Information security roles and responsibilities should be defined and allocated according to the organisation needs.;FAIL;Conditional Access Policy does not require MFA for management API.;Conditional Access Policy;entra_conditional_access_policy_require_mfa_for_management_api;False;Conditional Access Policy;ISO27001;ISO/IEC 27001 Information Security Management Standard 2022
azure;ISO (the International Organization for Standardization) and IEC (the International Electrotechnical Commission) form the specialized system for worldwide standardization. National bodies that are members of ISO or IEC participate in the development of International Standards through technical committees established by the respective organization to deal with particular fields of technical activity. ISO and IEC technical committees collaborate in fields of mutual interest. Other international organizations, governmental and non-governmental, in liaison with ISO and IEC, also take part in the work.;fd9388b0-2c00-4cf1-9e27-123b32fe4a92;global;2026-07-04 03:44:37.699268;A.5.17;Authentication Information;Allocation and management of authentication information should be controlled by a management process, including advising personnel on the appropriate handling of authentication information.;A.5 Organizational controls;A.5.17;Authentication Information;Allocation and management of authentication information should be controlled by a management process, including advising personnel on the appropriate handling of authentication information.;FAIL;Conditional Access Policy does not require MFA for management API.;Conditional Access Policy;entra_conditional_access_policy_require_mfa_for_management_api;False;Conditional Access Policy;ISO27001;ISO/IEC 27001 Information Security Management Standard 2022
azure;ISO (the International Organization for Standardization) and IEC (the International Electrotechnical Commission) form the specialized system for worldwide standardization. National bodies that are members of ISO or IEC participate in the development of International Standards through technical committees established by the respective organization to deal with particular fields of technical activity. ISO and IEC technical committees collaborate in fields of mutual interest. Other international organizations, governmental and non-governmental, in liaison with ISO and IEC, also take part in the work.;fd9388b0-2c00-4cf1-9e27-123b32fe4a92;global;2026-07-04 03:44:37.699268;A.5.2;Roles and Responsibilities;Information security roles and responsibilities should be defined and allocated according to the organisation needs.;A.5 Organizational controls;A.5.2;Roles and Responsibilities;Information security roles and responsibilities should be defined and allocated according to the organisation needs.;PASS;There are 0 global administrators.;3882aa2b-35a5-4450-bcce-841318c97db2;entra_global_admin_in_less_than_five_users;False;Global Administrator;ISO27001;ISO/IEC 27001 Information Security Management Standard 2022
azure;ISO (the International Organization for Standardization) and IEC (the International Electrotechnical Commission) form the specialized system for worldwide standardization. National bodies that are members of ISO or IEC participate in the development of International Standards through technical committees established by the respective organization to deal with particular fields of technical activity. ISO and IEC technical committees collaborate in fields of mutual interest. Other international organizations, governmental and non-governmental, in liaison with ISO and IEC, also take part in the work.;fd9388b0-2c00-4cf1-9e27-123b32fe4a92;global;2026-07-04 03:44:37.699268;A.5.15;Access Control;Rules to control physical and logical access to information and other associated assets should be established;A.5 Organizational controls;A.5.15;Access Control;Rules to control physical and logical access to information and other associated assets should be established;PASS;There are 0 global administrators.;3882aa2b-35a5-4450-bcce-841318c97db2;entra_global_admin_in_less_than_five_users;False;Global Administrator;ISO27001;ISO/IEC 27001 Information Security Management Standard 2022
azure;ISO (the International Organization for Standardization) and IEC (the International Electrotechnical Commission) form the specialized system for worldwide standardization. National bodies that are members of ISO or IEC participate in the development of International Standards through technical committees established by the respective organization to deal with particular fields of technical activity. ISO and IEC technical committees collaborate in fields of mutual interest. Other international organizations, governmental and non-governmental, in liaison with ISO and IEC, also take part in the work.;fd9388b0-2c00-4cf1-9e27-123b32fe4a92;global;2026-07-04 03:44:37.699268;A.5.2;Roles and Responsibilities;Information security roles and responsibilities should be defined and allocated according to the organisation needs.;A.5 Organizational controls;A.5.2;Roles and Responsibilities;Information security roles and responsibilities should be defined and allocated according to the organisation needs.;FAIL;Non-privileged users are able to create security groups via the Access Panel and the Azure administration portal.;authorizationPolicy;entra_policy_default_users_cannot_create_security_groups;False;Authorization Policy;ISO27001;ISO/IEC 27001 Information Security Management Standard 2022
azure;ISO (the International Organization for Standardization) and IEC (the International Electrotechnical Commission) form the specialized system for worldwide standardization. National bodies that are members of ISO or IEC participate in the development of International Standards through technical committees established by the respective organization to deal with particular fields of technical activity. ISO and IEC technical committees collaborate in fields of mutual interest. Other international organizations, governmental and non-governmental, in liaison with ISO and IEC, also take part in the work.;fd9388b0-2c00-4cf1-9e27-123b32fe4a92;global;2026-07-04 03:44:37.699268;A.5.15;Access Control;Rules to control physical and logical access to information and other associated assets should be established;A.5 Organizational controls;A.5.15;Access Control;Rules to control physical and logical access to information and other associated assets should be established;FAIL;Non-privileged users are able to create security groups via the Access Panel and the Azure administration portal.;authorizationPolicy;entra_policy_default_users_cannot_create_security_groups;False;Authorization Policy;ISO27001;ISO/IEC 27001 Information Security Management Standard 2022
azure;ISO (the International Organization for Standardization) and IEC (the International Electrotechnical Commission) form the specialized system for worldwide standardization. National bodies that are members of ISO or IEC participate in the development of International Standards through technical committees established by the respective organization to deal with particular fields of technical activity. ISO and IEC technical committees collaborate in fields of mutual interest. Other international organizations, governmental and non-governmental, in liaison with ISO and IEC, also take part in the work.;fd9388b0-2c00-4cf1-9e27-123b32fe4a92;global;2026-07-04 03:44:37.699268;A.5.18;Access Rights;Access rights to information and other associated assets should be provisioned, reviewed, modified and removed in accordance with the organisation’s topic-specific policy on and rules for access control.;A.5 Organizational controls;A.5.18;Access Rights;Access rights to information and other associated assets should be provisioned, reviewed, modified and removed in accordance with the organisation’s topic-specific policy on and rules for access control.;FAIL;Non-privileged users are able to create security groups via the Access Panel and the Azure administration portal.;authorizationPolicy;entra_policy_default_users_cannot_create_security_groups;False;Authorization Policy;ISO27001;ISO/IEC 27001 Information Security Management Standard 2022
azure;ISO (the International Organization for Standardization) and IEC (the International Electrotechnical Commission) form the specialized system for worldwide standardization. National bodies that are members of ISO or IEC participate in the development of International Standards through technical committees established by the respective organization to deal with particular fields of technical activity. ISO and IEC technical committees collaborate in fields of mutual interest. Other international organizations, governmental and non-governmental, in liaison with ISO and IEC, also take part in the work.;fd9388b0-2c00-4cf1-9e27-123b32fe4a92;global;2026-07-04 03:44:37.699268;A.8.2;Privileged Access Rights;The allocation and use of privileged access rights should be restricted and managed.;A.8 Technological controls;A.8.2;Privileged Access Rights;The allocation and use of privileged access rights should be restricted and managed.;FAIL;Non-privileged users are able to create security groups via the Access Panel and the Azure administration portal.;authorizationPolicy;entra_policy_default_users_cannot_create_security_groups;False;Authorization Policy;ISO27001;ISO/IEC 27001 Information Security Management Standard 2022
azure;ISO (the International Organization for Standardization) and IEC (the International Electrotechnical Commission) form the specialized system for worldwide standardization. National bodies that are members of ISO or IEC participate in the development of International Standards through technical committees established by the respective organization to deal with particular fields of technical activity. ISO and IEC technical committees collaborate in fields of mutual interest. Other international organizations, governmental and non-governmental, in liaison with ISO and IEC, also take part in the work.;fd9388b0-2c00-4cf1-9e27-123b32fe4a92;global;2026-07-04 03:44:37.699268;A.5.2;Roles and Responsibilities;Information security roles and responsibilities should be defined and allocated according to the organisation needs.;A.5 Organizational controls;A.5.2;Roles and Responsibilities;Information security roles and responsibilities should be defined and allocated according to the organisation needs.;FAIL;App creation is not disabled for non-admin users.;authorizationPolicy;entra_policy_ensure_default_user_cannot_create_apps;False;Authorization Policy;ISO27001;ISO/IEC 27001 Information Security Management Standard 2022
azure;ISO (the International Organization for Standardization) and IEC (the International Electrotechnical Commission) form the specialized system for worldwide standardization. National bodies that are members of ISO or IEC participate in the development of International Standards through technical committees established by the respective organization to deal with particular fields of technical activity. ISO and IEC technical committees collaborate in fields of mutual interest. Other international organizations, governmental and non-governmental, in liaison with ISO and IEC, also take part in the work.;fd9388b0-2c00-4cf1-9e27-123b32fe4a92;global;2026-07-04 03:44:37.699268;A.5.15;Access Control;Rules to control physical and logical access to information and other associated assets should be established;A.5 Organizational controls;A.5.15;Access Control;Rules to control physical and logical access to information and other associated assets should be established;FAIL;App creation is not disabled for non-admin users.;authorizationPolicy;entra_policy_ensure_default_user_cannot_create_apps;False;Authorization Policy;ISO27001;ISO/IEC 27001 Information Security Management Standard 2022
azure;ISO (the International Organization for Standardization) and IEC (the International Electrotechnical Commission) form the specialized system for worldwide standardization. National bodies that are members of ISO or IEC participate in the development of International Standards through technical committees established by the respective organization to deal with particular fields of technical activity. ISO and IEC technical committees collaborate in fields of mutual interest. Other international organizations, governmental and non-governmental, in liaison with ISO and IEC, also take part in the work.;fd9388b0-2c00-4cf1-9e27-123b32fe4a92;global;2026-07-04 03:44:37.699268;A.5.18;Access Rights;Access rights to information and other associated assets should be provisioned, reviewed, modified and removed in accordance with the organisation’s topic-specific policy on and rules for access control.;A.5 Organizational controls;A.5.18;Access Rights;Access rights to information and other associated assets should be provisioned, reviewed, modified and removed in accordance with the organisation’s topic-specific policy on and rules for access control.;FAIL;App creation is not disabled for non-admin users.;authorizationPolicy;entra_policy_ensure_default_user_cannot_create_apps;False;Authorization Policy;ISO27001;ISO/IEC 27001 Information Security Management Standard 2022
azure;ISO (the International Organization for Standardization) and IEC (the International Electrotechnical Commission) form the specialized system for worldwide standardization. National bodies that are members of ISO or IEC participate in the development of International Standards through technical committees established by the respective organization to deal with particular fields of technical activity. ISO and IEC technical committees collaborate in fields of mutual interest. Other international organizations, governmental and non-governmental, in liaison with ISO and IEC, also take part in the work.;fd9388b0-2c00-4cf1-9e27-123b32fe4a92;global;2026-07-04 03:44:37.699268;A.8.2;Privileged Access Rights;The allocation and use of privileged access rights should be restricted and managed.;A.8 Technological controls;A.8.2;Privileged Access Rights;The allocation and use of privileged access rights should be restricted and managed.;FAIL;App creation is not disabled for non-admin users.;authorizationPolicy;entra_policy_ensure_default_user_cannot_create_apps;False;Authorization Policy;ISO27001;ISO/IEC 27001 Information Security Management Standard 2022
azure;ISO (the International Organization for Standardization) and IEC (the International Electrotechnical Commission) form the specialized system for worldwide standardization. National bodies that are members of ISO or IEC participate in the development of International Standards through technical committees established by the respective organization to deal with particular fields of technical activity. ISO and IEC technical committees collaborate in fields of mutual interest. Other international organizations, governmental and non-governmental, in liaison with ISO and IEC, also take part in the work.;fd9388b0-2c00-4cf1-9e27-123b32fe4a92;global;2026-07-04 03:44:37.699268;A.5.2;Roles and Responsibilities;Information security roles and responsibilities should be defined and allocated according to the organisation needs.;A.5 Organizational controls;A.5.2;Roles and Responsibilities;Information security roles and responsibilities should be defined and allocated according to the organisation needs.;FAIL;Tenants creation is not disabled for non-admin users.;authorizationPolicy;entra_policy_ensure_default_user_cannot_create_tenants;False;Authorization Policy;ISO27001;ISO/IEC 27001 Information Security Management Standard 2022
azure;ISO (the International Organization for Standardization) and IEC (the International Electrotechnical Commission) form the specialized system for worldwide standardization. National bodies that are members of ISO or IEC participate in the development of International Standards through technical committees established by the respective organization to deal with particular fields of technical activity. ISO and IEC technical committees collaborate in fields of mutual interest. Other international organizations, governmental and non-governmental, in liaison with ISO and IEC, also take part in the work.;fd9388b0-2c00-4cf1-9e27-123b32fe4a92;global;2026-07-04 03:44:37.699268;A.5.15;Access Control;Rules to control physical and logical access to information and other associated assets should be established;A.5 Organizational controls;A.5.15;Access Control;Rules to control physical and logical access to information and other associated assets should be established;FAIL;Tenants creation is not disabled for non-admin users.;authorizationPolicy;entra_policy_ensure_default_user_cannot_create_tenants;False;Authorization Policy;ISO27001;ISO/IEC 27001 Information Security Management Standard 2022
azure;ISO (the International Organization for Standardization) and IEC (the International Electrotechnical Commission) form the specialized system for worldwide standardization. National bodies that are members of ISO or IEC participate in the development of International Standards through technical committees established by the respective organization to deal with particular fields of technical activity. ISO and IEC technical committees collaborate in fields of mutual interest. Other international organizations, governmental and non-governmental, in liaison with ISO and IEC, also take part in the work.;fd9388b0-2c00-4cf1-9e27-123b32fe4a92;global;2026-07-04 03:44:37.699268;A.5.18;Access Rights;Access rights to information and other associated assets should be provisioned, reviewed, modified and removed in accordance with the organisation’s topic-specific policy on and rules for access control.;A.5 Organizational controls;A.5.18;Access Rights;Access rights to information and other associated assets should be provisioned, reviewed, modified and removed in accordance with the organisation’s topic-specific policy on and rules for access control.;FAIL;Tenants creation is not disabled for non-admin users.;authorizationPolicy;entra_policy_ensure_default_user_cannot_create_tenants;False;Authorization Policy;ISO27001;ISO/IEC 27001 Information Security Management Standard 2022
azure;ISO (the International Organization for Standardization) and IEC (the International Electrotechnical Commission) form the specialized system for worldwide standardization. National bodies that are members of ISO or IEC participate in the development of International Standards through technical committees established by the respective organization to deal with particular fields of technical activity. ISO and IEC technical committees collaborate in fields of mutual interest. Other international organizations, governmental and non-governmental, in liaison with ISO and IEC, also take part in the work.;fd9388b0-2c00-4cf1-9e27-123b32fe4a92;global;2026-07-04 03:44:37.699268;A.8.2;Privileged Access Rights;The allocation and use of privileged access rights should be restricted and managed.;A.8 Technological controls;A.8.2;Privileged Access Rights;The allocation and use of privileged access rights should be restricted and managed.;FAIL;Tenants creation is not disabled for non-admin users.;authorizationPolicy;entra_policy_ensure_default_user_cannot_create_tenants;False;Authorization Policy;ISO27001;ISO/IEC 27001 Information Security Management Standard 2022
azure;ISO (the International Organization for Standardization) and IEC (the International Electrotechnical Commission) form the specialized system for worldwide standardization. National bodies that are members of ISO or IEC participate in the development of International Standards through technical committees established by the respective organization to deal with particular fields of technical activity. ISO and IEC technical committees collaborate in fields of mutual interest. Other international organizations, governmental and non-governmental, in liaison with ISO and IEC, also take part in the work.;fd9388b0-2c00-4cf1-9e27-123b32fe4a92;global;2026-07-04 03:44:37.699268;A.5.2;Roles and Responsibilities;Information security roles and responsibilities should be defined and allocated according to the organisation needs.;A.5 Organizational controls;A.5.2;Roles and Responsibilities;Information security roles and responsibilities should be defined and allocated according to the organisation needs.;FAIL;Guest invitations are not restricted to users with specific administrative roles only.;authorizationPolicy;entra_policy_guest_invite_only_for_admin_roles;False;Authorization Policy;ISO27001;ISO/IEC 27001 Information Security Management Standard 2022
azure;ISO (the International Organization for Standardization) and IEC (the International Electrotechnical Commission) form the specialized system for worldwide standardization. National bodies that are members of ISO or IEC participate in the development of International Standards through technical committees established by the respective organization to deal with particular fields of technical activity. ISO and IEC technical committees collaborate in fields of mutual interest. Other international organizations, governmental and non-governmental, in liaison with ISO and IEC, also take part in the work.;fd9388b0-2c00-4cf1-9e27-123b32fe4a92;global;2026-07-04 03:44:37.699268;A.5.15;Access Control;Rules to control physical and logical access to information and other associated assets should be established;A.5 Organizational controls;A.5.15;Access Control;Rules to control physical and logical access to information and other associated assets should be established;FAIL;Guest invitations are not restricted to users with specific administrative roles only.;authorizationPolicy;entra_policy_guest_invite_only_for_admin_roles;False;Authorization Policy;ISO27001;ISO/IEC 27001 Information Security Management Standard 2022
azure;ISO (the International Organization for Standardization) and IEC (the International Electrotechnical Commission) form the specialized system for worldwide standardization. National bodies that are members of ISO or IEC participate in the development of International Standards through technical committees established by the respective organization to deal with particular fields of technical activity. ISO and IEC technical committees collaborate in fields of mutual interest. Other international organizations, governmental and non-governmental, in liaison with ISO and IEC, also take part in the work.;fd9388b0-2c00-4cf1-9e27-123b32fe4a92;global;2026-07-04 03:44:37.699268;A.5.18;Access Rights;Access rights to information and other associated assets should be provisioned, reviewed, modified and removed in accordance with the organisation’s topic-specific policy on and rules for access control.;A.5 Organizational controls;A.5.18;Access Rights;Access rights to information and other associated assets should be provisioned, reviewed, modified and removed in accordance with the organisation’s topic-specific policy on and rules for access control.;FAIL;Guest invitations are not restricted to users with specific administrative roles only.;authorizationPolicy;entra_policy_guest_invite_only_for_admin_roles;False;Authorization Policy;ISO27001;ISO/IEC 27001 Information Security Management Standard 2022
azure;ISO (the International Organization for Standardization) and IEC (the International Electrotechnical Commission) form the specialized system for worldwide standardization. National bodies that are members of ISO or IEC participate in the development of International Standards through technical committees established by the respective organization to deal with particular fields of technical activity. ISO and IEC technical committees collaborate in fields of mutual interest. Other international organizations, governmental and non-governmental, in liaison with ISO and IEC, also take part in the work.;fd9388b0-2c00-4cf1-9e27-123b32fe4a92;global;2026-07-04 03:44:37.699268;A.8.2;Privileged Access Rights;The allocation and use of privileged access rights should be restricted and managed.;A.8 Technological controls;A.8.2;Privileged Access Rights;The allocation and use of privileged access rights should be restricted and managed.;FAIL;Guest invitations are not restricted to users with specific administrative roles only.;authorizationPolicy;entra_policy_guest_invite_only_for_admin_roles;False;Authorization Policy;ISO27001;ISO/IEC 27001 Information Security Management Standard 2022
azure;ISO (the International Organization for Standardization) and IEC (the International Electrotechnical Commission) form the specialized system for worldwide standardization. National bodies that are members of ISO or IEC participate in the development of International Standards through technical committees established by the respective organization to deal with particular fields of technical activity. ISO and IEC technical committees collaborate in fields of mutual interest. Other international organizations, governmental and non-governmental, in liaison with ISO and IEC, also take part in the work.;fd9388b0-2c00-4cf1-9e27-123b32fe4a92;global;2026-07-04 03:44:37.699268;A.5.2;Roles and Responsibilities;Information security roles and responsibilities should be defined and allocated according to the organisation needs.;A.5 Organizational controls;A.5.2;Roles and Responsibilities;Information security roles and responsibilities should be defined and allocated according to the organisation needs.;FAIL;Guest user access is not restricted to properties and memberships of their own directory objects;authorizationPolicy;entra_policy_guest_users_access_restrictions;False;Authorization Policy;ISO27001;ISO/IEC 27001 Information Security Management Standard 2022
azure;ISO (the International Organization for Standardization) and IEC (the International Electrotechnical Commission) form the specialized system for worldwide standardization. National bodies that are members of ISO or IEC participate in the development of International Standards through technical committees established by the respective organization to deal with particular fields of technical activity. ISO and IEC technical committees collaborate in fields of mutual interest. Other international organizations, governmental and non-governmental, in liaison with ISO and IEC, also take part in the work.;fd9388b0-2c00-4cf1-9e27-123b32fe4a92;global;2026-07-04 03:44:37.699268;A.5.15;Access Control;Rules to control physical and logical access to information and other associated assets should be established;A.5 Organizational controls;A.5.15;Access Control;Rules to control physical and logical access to information and other associated assets should be established;FAIL;Guest user access is not restricted to properties and memberships of their own directory objects;authorizationPolicy;entra_policy_guest_users_access_restrictions;False;Authorization Policy;ISO27001;ISO/IEC 27001 Information Security Management Standard 2022
azure;ISO (the International Organization for Standardization) and IEC (the International Electrotechnical Commission) form the specialized system for worldwide standardization. National bodies that are members of ISO or IEC participate in the development of International Standards through technical committees established by the respective organization to deal with particular fields of technical activity. ISO and IEC technical committees collaborate in fields of mutual interest. Other international organizations, governmental and non-governmental, in liaison with ISO and IEC, also take part in the work.;fd9388b0-2c00-4cf1-9e27-123b32fe4a92;global;2026-07-04 03:44:37.699268;A.5.16;Identity Management;The full lifecycle of identities should be managed.;A.5 Organizational controls;A.5.16;Identity Management;The full lifecycle of identities should be managed.;FAIL;Guest user access is not restricted to properties and memberships of their own directory objects;authorizationPolicy;entra_policy_guest_users_access_restrictions;False;Authorization Policy;ISO27001;ISO/IEC 27001 Information Security Management Standard 2022
azure;ISO (the International Organization for Standardization) and IEC (the International Electrotechnical Commission) form the specialized system for worldwide standardization. National bodies that are members of ISO or IEC participate in the development of International Standards through technical committees established by the respective organization to deal with particular fields of technical activity. ISO and IEC technical committees collaborate in fields of mutual interest. Other international organizations, governmental and non-governmental, in liaison with ISO and IEC, also take part in the work.;fd9388b0-2c00-4cf1-9e27-123b32fe4a92;global;2026-07-04 03:44:37.699268;A.5.18;Access Rights;Access rights to information and other associated assets should be provisioned, reviewed, modified and removed in accordance with the organisation’s topic-specific policy on and rules for access control.;A.5 Organizational controls;A.5.18;Access Rights;Access rights to information and other associated assets should be provisioned, reviewed, modified and removed in accordance with the organisation’s topic-specific policy on and rules for access control.;FAIL;Guest user access is not restricted to properties and memberships of their own directory objects;authorizationPolicy;entra_policy_guest_users_access_restrictions;False;Authorization Policy;ISO27001;ISO/IEC 27001 Information Security Management Standard 2022
azure;ISO (the International Organization for Standardization) and IEC (the International Electrotechnical Commission) form the specialized system for worldwide standardization. National bodies that are members of ISO or IEC participate in the development of International Standards through technical committees established by the respective organization to deal with particular fields of technical activity. ISO and IEC technical committees collaborate in fields of mutual interest. Other international organizations, governmental and non-governmental, in liaison with ISO and IEC, also take part in the work.;fd9388b0-2c00-4cf1-9e27-123b32fe4a92;global;2026-07-04 03:44:37.699268;A.5.22;Monitor, Review And Change Management Of Supplier Services;The organisation should regularly monitor, review, evaluate and manage change in supplier information security practices and service delivery.;A.5 Organizational controls;A.5.22;Monitor, Review And Change Management Of Supplier Services;The organisation should regularly monitor, review, evaluate and manage change in supplier information security practices and service delivery.;FAIL;Guest user access is not restricted to properties and memberships of their own directory objects;authorizationPolicy;entra_policy_guest_users_access_restrictions;False;Authorization Policy;ISO27001;ISO/IEC 27001 Information Security Management Standard 2022
azure;ISO (the International Organization for Standardization) and IEC (the International Electrotechnical Commission) form the specialized system for worldwide standardization. National bodies that are members of ISO or IEC participate in the development of International Standards through technical committees established by the respective organization to deal with particular fields of technical activity. ISO and IEC technical committees collaborate in fields of mutual interest. Other international organizations, governmental and non-governmental, in liaison with ISO and IEC, also take part in the work.;fd9388b0-2c00-4cf1-9e27-123b32fe4a92;global;2026-07-04 03:44:37.699268;A.8.2;Privileged Access Rights;The allocation and use of privileged access rights should be restricted and managed.;A.8 Technological controls;A.8.2;Privileged Access Rights;The allocation and use of privileged access rights should be restricted and managed.;FAIL;Guest user access is not restricted to properties and memberships of their own directory objects;authorizationPolicy;entra_policy_guest_users_access_restrictions;False;Authorization Policy;ISO27001;ISO/IEC 27001 Information Security Management Standard 2022
azure;ISO (the International Organization for Standardization) and IEC (the International Electrotechnical Commission) form the specialized system for worldwide standardization. National bodies that are members of ISO or IEC participate in the development of International Standards through technical committees established by the respective organization to deal with particular fields of technical activity. ISO and IEC technical committees collaborate in fields of mutual interest. Other international organizations, governmental and non-governmental, in liaison with ISO and IEC, also take part in the work.;fd9388b0-2c00-4cf1-9e27-123b32fe4a92;global;2026-07-04 03:44:37.699268;A.8.3;Information Access Restriction;Access to information and other associated assets should be restricted in accordance with the established topic-specific policy on access control.;A.8 Technological controls;A.8.3;Information Access Restriction;Access to information and other associated assets should be restricted in accordance with the established topic-specific policy on access control.;FAIL;Guest user access is not restricted to properties and memberships of their own directory objects;authorizationPolicy;entra_policy_guest_users_access_restrictions;False;Authorization Policy;ISO27001;ISO/IEC 27001 Information Security Management Standard 2022
azure;ISO (the International Organization for Standardization) and IEC (the International Electrotechnical Commission) form the specialized system for worldwide standardization. National bodies that are members of ISO or IEC participate in the development of International Standards through technical committees established by the respective organization to deal with particular fields of technical activity. ISO and IEC technical committees collaborate in fields of mutual interest. Other international organizations, governmental and non-governmental, in liaison with ISO and IEC, also take part in the work.;fd9388b0-2c00-4cf1-9e27-123b32fe4a92;global;2026-07-04 03:44:37.699268;A.5.2;Roles and Responsibilities;Information security roles and responsibilities should be defined and allocated according to the organisation needs.;A.5 Organizational controls;A.5.2;Roles and Responsibilities;Information security roles and responsibilities should be defined and allocated according to the organisation needs.;FAIL;Entra allows users to consent apps accessing company data on their behalf;authorizationPolicy;entra_policy_restricts_user_consent_for_apps;False;Authorization Policy;ISO27001;ISO/IEC 27001 Information Security Management Standard 2022
azure;ISO (the International Organization for Standardization) and IEC (the International Electrotechnical Commission) form the specialized system for worldwide standardization. National bodies that are members of ISO or IEC participate in the development of International Standards through technical committees established by the respective organization to deal with particular fields of technical activity. ISO and IEC technical committees collaborate in fields of mutual interest. Other international organizations, governmental and non-governmental, in liaison with ISO and IEC, also take part in the work.;fd9388b0-2c00-4cf1-9e27-123b32fe4a92;global;2026-07-04 03:44:37.699268;A.5.15;Access Control;Rules to control physical and logical access to information and other associated assets should be established;A.5 Organizational controls;A.5.15;Access Control;Rules to control physical and logical access to information and other associated assets should be established;FAIL;Entra allows users to consent apps accessing company data on their behalf;authorizationPolicy;entra_policy_restricts_user_consent_for_apps;False;Authorization Policy;ISO27001;ISO/IEC 27001 Information Security Management Standard 2022
azure;ISO (the International Organization for Standardization) and IEC (the International Electrotechnical Commission) form the specialized system for worldwide standardization. National bodies that are members of ISO or IEC participate in the development of International Standards through technical committees established by the respective organization to deal with particular fields of technical activity. ISO and IEC technical committees collaborate in fields of mutual interest. Other international organizations, governmental and non-governmental, in liaison with ISO and IEC, also take part in the work.;fd9388b0-2c00-4cf1-9e27-123b32fe4a92;global;2026-07-04 03:44:37.699268;A.5.16;Identity Management;The full lifecycle of identities should be managed.;A.5 Organizational controls;A.5.16;Identity Management;The full lifecycle of identities should be managed.;FAIL;Entra allows users to consent apps accessing company data on their behalf;authorizationPolicy;entra_policy_restricts_user_consent_for_apps;False;Authorization Policy;ISO27001;ISO/IEC 27001 Information Security Management Standard 2022
azure;ISO (the International Organization for Standardization) and IEC (the International Electrotechnical Commission) form the specialized system for worldwide standardization. National bodies that are members of ISO or IEC participate in the development of International Standards through technical committees established by the respective organization to deal with particular fields of technical activity. ISO and IEC technical committees collaborate in fields of mutual interest. Other international organizations, governmental and non-governmental, in liaison with ISO and IEC, also take part in the work.;fd9388b0-2c00-4cf1-9e27-123b32fe4a92;global;2026-07-04 03:44:37.699268;A.5.18;Access Rights;Access rights to information and other associated assets should be provisioned, reviewed, modified and removed in accordance with the organisation’s topic-specific policy on and rules for access control.;A.5 Organizational controls;A.5.18;Access Rights;Access rights to information and other associated assets should be provisioned, reviewed, modified and removed in accordance with the organisation’s topic-specific policy on and rules for access control.;FAIL;Entra allows users to consent apps accessing company data on their behalf;authorizationPolicy;entra_policy_restricts_user_consent_for_apps;False;Authorization Policy;ISO27001;ISO/IEC 27001 Information Security Management Standard 2022
azure;ISO (the International Organization for Standardization) and IEC (the International Electrotechnical Commission) form the specialized system for worldwide standardization. National bodies that are members of ISO or IEC participate in the development of International Standards through technical committees established by the respective organization to deal with particular fields of technical activity. ISO and IEC technical committees collaborate in fields of mutual interest. Other international organizations, governmental and non-governmental, in liaison with ISO and IEC, also take part in the work.;fd9388b0-2c00-4cf1-9e27-123b32fe4a92;global;2026-07-04 03:44:37.699268;A.5.22;Monitor, Review And Change Management Of Supplier Services;The organisation should regularly monitor, review, evaluate and manage change in supplier information security practices and service delivery.;A.5 Organizational controls;A.5.22;Monitor, Review And Change Management Of Supplier Services;The organisation should regularly monitor, review, evaluate and manage change in supplier information security practices and service delivery.;FAIL;Entra allows users to consent apps accessing company data on their behalf;authorizationPolicy;entra_policy_restricts_user_consent_for_apps;False;Authorization Policy;ISO27001;ISO/IEC 27001 Information Security Management Standard 2022
azure;ISO (the International Organization for Standardization) and IEC (the International Electrotechnical Commission) form the specialized system for worldwide standardization. National bodies that are members of ISO or IEC participate in the development of International Standards through technical committees established by the respective organization to deal with particular fields of technical activity. ISO and IEC technical committees collaborate in fields of mutual interest. Other international organizations, governmental and non-governmental, in liaison with ISO and IEC, also take part in the work.;fd9388b0-2c00-4cf1-9e27-123b32fe4a92;global;2026-07-04 03:44:37.699268;A.8.2;Privileged Access Rights;The allocation and use of privileged access rights should be restricted and managed.;A.8 Technological controls;A.8.2;Privileged Access Rights;The allocation and use of privileged access rights should be restricted and managed.;FAIL;Entra allows users to consent apps accessing company data on their behalf;authorizationPolicy;entra_policy_restricts_user_consent_for_apps;False;Authorization Policy;ISO27001;ISO/IEC 27001 Information Security Management Standard 2022
azure;ISO (the International Organization for Standardization) and IEC (the International Electrotechnical Commission) form the specialized system for worldwide standardization. National bodies that are members of ISO or IEC participate in the development of International Standards through technical committees established by the respective organization to deal with particular fields of technical activity. ISO and IEC technical committees collaborate in fields of mutual interest. Other international organizations, governmental and non-governmental, in liaison with ISO and IEC, also take part in the work.;fd9388b0-2c00-4cf1-9e27-123b32fe4a92;global;2026-07-04 03:44:37.699268;A.5.2;Roles and Responsibilities;Information security roles and responsibilities should be defined and allocated according to the organisation needs.;A.5 Organizational controls;A.5.2;Roles and Responsibilities;Information security roles and responsibilities should be defined and allocated according to the organisation needs.;PASS;Entra does not allow users to consent non-verified apps accessing company data on their behalf.;authorizationPolicy;entra_policy_user_consent_for_verified_apps;False;Authorization Policy;ISO27001;ISO/IEC 27001 Information Security Management Standard 2022
azure;ISO (the International Organization for Standardization) and IEC (the International Electrotechnical Commission) form the specialized system for worldwide standardization. National bodies that are members of ISO or IEC participate in the development of International Standards through technical committees established by the respective organization to deal with particular fields of technical activity. ISO and IEC technical committees collaborate in fields of mutual interest. Other international organizations, governmental and non-governmental, in liaison with ISO and IEC, also take part in the work.;fd9388b0-2c00-4cf1-9e27-123b32fe4a92;global;2026-07-04 03:44:37.699268;A.5.15;Access Control;Rules to control physical and logical access to information and other associated assets should be established;A.5 Organizational controls;A.5.15;Access Control;Rules to control physical and logical access to information and other associated assets should be established;PASS;Entra does not allow users to consent non-verified apps accessing company data on their behalf.;authorizationPolicy;entra_policy_user_consent_for_verified_apps;False;Authorization Policy;ISO27001;ISO/IEC 27001 Information Security Management Standard 2022
azure;ISO (the International Organization for Standardization) and IEC (the International Electrotechnical Commission) form the specialized system for worldwide standardization. National bodies that are members of ISO or IEC participate in the development of International Standards through technical committees established by the respective organization to deal with particular fields of technical activity. ISO and IEC technical committees collaborate in fields of mutual interest. Other international organizations, governmental and non-governmental, in liaison with ISO and IEC, also take part in the work.;fd9388b0-2c00-4cf1-9e27-123b32fe4a92;global;2026-07-04 03:44:37.699268;A.5.18;Access Rights;Access rights to information and other associated assets should be provisioned, reviewed, modified and removed in accordance with the organisation’s topic-specific policy on and rules for access control.;A.5 Organizational controls;A.5.18;Access Rights;Access rights to information and other associated assets should be provisioned, reviewed, modified and removed in accordance with the organisation’s topic-specific policy on and rules for access control.;PASS;Entra does not allow users to consent non-verified apps accessing company data on their behalf.;authorizationPolicy;entra_policy_user_consent_for_verified_apps;False;Authorization Policy;ISO27001;ISO/IEC 27001 Information Security Management Standard 2022
azure;ISO (the International Organization for Standardization) and IEC (the International Electrotechnical Commission) form the specialized system for worldwide standardization. National bodies that are members of ISO or IEC participate in the development of International Standards through technical committees established by the respective organization to deal with particular fields of technical activity. ISO and IEC technical committees collaborate in fields of mutual interest. Other international organizations, governmental and non-governmental, in liaison with ISO and IEC, also take part in the work.;fd9388b0-2c00-4cf1-9e27-123b32fe4a92;global;2026-07-04 03:44:37.699268;A.5.15;Access Control;Rules to control physical and logical access to information and other associated assets should be established;A.5 Organizational controls;A.5.15;Access Control;Rules to control physical and logical access to information and other associated assets should be established;FAIL;There is no trusted location with IP ranges defined.;fd9388b0-2c00-4cf1-9e27-123b32fe4a92;entra_trusted_named_locations_exists;False;vinayhereonhotmail.onmicrosoft.com;ISO27001;ISO/IEC 27001 Information Security Management Standard 2022
azure;ISO (the International Organization for Standardization) and IEC (the International Electrotechnical Commission) form the specialized system for worldwide standardization. National bodies that are members of ISO or IEC participate in the development of International Standards through technical committees established by the respective organization to deal with particular fields of technical activity. ISO and IEC technical committees collaborate in fields of mutual interest. Other international organizations, governmental and non-governmental, in liaison with ISO and IEC, also take part in the work.;fd9388b0-2c00-4cf1-9e27-123b32fe4a92;global;2026-07-04 03:44:37.699268;A.5.2;Roles and Responsibilities;Information security roles and responsibilities should be defined and allocated according to the organisation needs.;A.5 Organizational controls;A.5.2;Roles and Responsibilities;Information security roles and responsibilities should be defined and allocated according to the organisation needs.;FAIL;Users can create Microsoft 365 groups.;fd9388b0-2c00-4cf1-9e27-123b32fe4a92;entra_users_cannot_create_microsoft_365_groups;False;vinayhereonhotmail.onmicrosoft.com;ISO27001;ISO/IEC 27001 Information Security Management Standard 2022
azure;ISO (the International Organization for Standardization) and IEC (the International Electrotechnical Commission) form the specialized system for worldwide standardization. National bodies that are members of ISO or IEC participate in the development of International Standards through technical committees established by the respective organization to deal with particular fields of technical activity. ISO and IEC technical committees collaborate in fields of mutual interest. Other international organizations, governmental and non-governmental, in liaison with ISO and IEC, also take part in the work.;fd9388b0-2c00-4cf1-9e27-123b32fe4a92;global;2026-07-04 03:44:37.699268;A.5.15;Access Control;Rules to control physical and logical access to information and other associated assets should be established;A.5 Organizational controls;A.5.15;Access Control;Rules to control physical and logical access to information and other associated assets should be established;FAIL;Users can create Microsoft 365 groups.;fd9388b0-2c00-4cf1-9e27-123b32fe4a92;entra_users_cannot_create_microsoft_365_groups;False;vinayhereonhotmail.onmicrosoft.com;ISO27001;ISO/IEC 27001 Information Security Management Standard 2022
azure;ISO (the International Organization for Standardization) and IEC (the International Electrotechnical Commission) form the specialized system for worldwide standardization. National bodies that are members of ISO or IEC participate in the development of International Standards through technical committees established by the respective organization to deal with particular fields of technical activity. ISO and IEC technical committees collaborate in fields of mutual interest. Other international organizations, governmental and non-governmental, in liaison with ISO and IEC, also take part in the work.;fd9388b0-2c00-4cf1-9e27-123b32fe4a92;global;2026-07-04 03:44:37.699268;A.5.16;Identity Management;The full lifecycle of identities should be managed.;A.5 Organizational controls;A.5.16;Identity Management;The full lifecycle of identities should be managed.;FAIL;Users can create Microsoft 365 groups.;fd9388b0-2c00-4cf1-9e27-123b32fe4a92;entra_users_cannot_create_microsoft_365_groups;False;vinayhereonhotmail.onmicrosoft.com;ISO27001;ISO/IEC 27001 Information Security Management Standard 2022
azure;ISO (the International Organization for Standardization) and IEC (the International Electrotechnical Commission) form the specialized system for worldwide standardization. National bodies that are members of ISO or IEC participate in the development of International Standards through technical committees established by the respective organization to deal with particular fields of technical activity. ISO and IEC technical committees collaborate in fields of mutual interest. Other international organizations, governmental and non-governmental, in liaison with ISO and IEC, also take part in the work.;fd9388b0-2c00-4cf1-9e27-123b32fe4a92;global;2026-07-04 03:44:37.699268;A.5.22;Monitor, Review And Change Management Of Supplier Services;The organisation should regularly monitor, review, evaluate and manage change in supplier information security practices and service delivery.;A.5 Organizational controls;A.5.22;Monitor, Review And Change Management Of Supplier Services;The organisation should regularly monitor, review, evaluate and manage change in supplier information security practices and service delivery.;FAIL;Users can create Microsoft 365 groups.;fd9388b0-2c00-4cf1-9e27-123b32fe4a92;entra_users_cannot_create_microsoft_365_groups;False;vinayhereonhotmail.onmicrosoft.com;ISO27001;ISO/IEC 27001 Information Security Management Standard 2022
azure;ISO (the International Organization for Standardization) and IEC (the International Electrotechnical Commission) form the specialized system for worldwide standardization. National bodies that are members of ISO or IEC participate in the development of International Standards through technical committees established by the respective organization to deal with particular fields of technical activity. ISO and IEC technical committees collaborate in fields of mutual interest. Other international organizations, governmental and non-governmental, in liaison with ISO and IEC, also take part in the work.;7e3283a3-d466-4e6f-95b1-543eec016e08;global;2026-07-04 03:44:37.699268;A.5.7;Threat Intelligence;Information relating to information security threats should be collected and analysed to produce threat intelligence.;A.5 Organizational controls;A.5.7;Threat Intelligence;Information relating to information security threats should be collected and analysed to produce threat intelligence.;FAIL;There is not an alert for creating Policy Assignments in subscription Azure subscription 1 (7e3283a3-d466-4e6f-95b1-543eec016e08).;/subscriptions/7e3283a3-d466-4e6f-95b1-543eec016e08;monitor_alert_create_policy_assignment;False;7e3283a3-d466-4e6f-95b1-543eec016e08;ISO27001;ISO/IEC 27001 Information Security Management Standard 2022
azure;ISO (the International Organization for Standardization) and IEC (the International Electrotechnical Commission) form the specialized system for worldwide standardization. National bodies that are members of ISO or IEC participate in the development of International Standards through technical committees established by the respective organization to deal with particular fields of technical activity. ISO and IEC technical committees collaborate in fields of mutual interest. Other international organizations, governmental and non-governmental, in liaison with ISO and IEC, also take part in the work.;7e3283a3-d466-4e6f-95b1-543eec016e08;global;2026-07-04 03:44:37.699268;A.8.16;Monitoring Activities;Networks, systems and applications should be monitored for anomalous behaviour and appropriate actions taken to evaluate potential information security incidents.;A.8 Technological controls;A.8.16;Monitoring Activities;Networks, systems and applications should be monitored for anomalous behaviour and appropriate actions taken to evaluate potential information security incidents.;FAIL;There is not an alert for creating Policy Assignments in subscription Azure subscription 1 (7e3283a3-d466-4e6f-95b1-543eec016e08).;/subscriptions/7e3283a3-d466-4e6f-95b1-543eec016e08;monitor_alert_create_policy_assignment;False;7e3283a3-d466-4e6f-95b1-543eec016e08;ISO27001;ISO/IEC 27001 Information Security Management Standard 2022
azure;ISO (the International Organization for Standardization) and IEC (the International Electrotechnical Commission) form the specialized system for worldwide standardization. National bodies that are members of ISO or IEC participate in the development of International Standards through technical committees established by the respective organization to deal with particular fields of technical activity. ISO and IEC technical committees collaborate in fields of mutual interest. Other international organizations, governmental and non-governmental, in liaison with ISO and IEC, also take part in the work.;7e3283a3-d466-4e6f-95b1-543eec016e08;global;2026-07-04 03:44:37.699268;A.5.7;Threat Intelligence;Information relating to information security threats should be collected and analysed to produce threat intelligence.;A.5 Organizational controls;A.5.7;Threat Intelligence;Information relating to information security threats should be collected and analysed to produce threat intelligence.;FAIL;There is not an alert for creating/updating Network Security Groups in subscription Azure subscription 1 (7e3283a3-d466-4e6f-95b1-543eec016e08).;/subscriptions/7e3283a3-d466-4e6f-95b1-543eec016e08;monitor_alert_create_update_nsg;False;7e3283a3-d466-4e6f-95b1-543eec016e08;ISO27001;ISO/IEC 27001 Information Security Management Standard 2022
azure;ISO (the International Organization for Standardization) and IEC (the International Electrotechnical Commission) form the specialized system for worldwide standardization. National bodies that are members of ISO or IEC participate in the development of International Standards through technical committees established by the respective organization to deal with particular fields of technical activity. ISO and IEC technical committees collaborate in fields of mutual interest. Other international organizations, governmental and non-governmental, in liaison with ISO and IEC, also take part in the work.;7e3283a3-d466-4e6f-95b1-543eec016e08;global;2026-07-04 03:44:37.699268;A.8.16;Monitoring Activities;Networks, systems and applications should be monitored for anomalous behaviour and appropriate actions taken to evaluate potential information security incidents.;A.8 Technological controls;A.8.16;Monitoring Activities;Networks, systems and applications should be monitored for anomalous behaviour and appropriate actions taken to evaluate potential information security incidents.;FAIL;There is not an alert for creating/updating Network Security Groups in subscription Azure subscription 1 (7e3283a3-d466-4e6f-95b1-543eec016e08).;/subscriptions/7e3283a3-d466-4e6f-95b1-543eec016e08;monitor_alert_create_update_nsg;False;7e3283a3-d466-4e6f-95b1-543eec016e08;ISO27001;ISO/IEC 27001 Information Security Management Standard 2022
azure;ISO (the International Organization for Standardization) and IEC (the International Electrotechnical Commission) form the specialized system for worldwide standardization. National bodies that are members of ISO or IEC participate in the development of International Standards through technical committees established by the respective organization to deal with particular fields of technical activity. ISO and IEC technical committees collaborate in fields of mutual interest. Other international organizations, governmental and non-governmental, in liaison with ISO and IEC, also take part in the work.;7e3283a3-d466-4e6f-95b1-543eec016e08;global;2026-07-04 03:44:37.699268;A.5.7;Threat Intelligence;Information relating to information security threats should be collected and analysed to produce threat intelligence.;A.5 Organizational controls;A.5.7;Threat Intelligence;Information relating to information security threats should be collected and analysed to produce threat intelligence.;FAIL;There is not an alert for creating/updating Public IP address rule in subscription Azure subscription 1 (7e3283a3-d466-4e6f-95b1-543eec016e08).;/subscriptions/7e3283a3-d466-4e6f-95b1-543eec016e08;monitor_alert_create_update_public_ip_address_rule;False;7e3283a3-d466-4e6f-95b1-543eec016e08;ISO27001;ISO/IEC 27001 Information Security Management Standard 2022
azure;ISO (the International Organization for Standardization) and IEC (the International Electrotechnical Commission) form the specialized system for worldwide standardization. National bodies that are members of ISO or IEC participate in the development of International Standards through technical committees established by the respective organization to deal with particular fields of technical activity. ISO and IEC technical committees collaborate in fields of mutual interest. Other international organizations, governmental and non-governmental, in liaison with ISO and IEC, also take part in the work.;7e3283a3-d466-4e6f-95b1-543eec016e08;global;2026-07-04 03:44:37.699268;A.8.1;User Endpoint Devices;Information stored on, processed by or accessible via user endpoint devices should be protected.;A.8 Technological controls;A.8.1;User Endpoint Devices;Information stored on, processed by or accessible via user endpoint devices should be protected.;FAIL;There is not an alert for creating/updating Public IP address rule in subscription Azure subscription 1 (7e3283a3-d466-4e6f-95b1-543eec016e08).;/subscriptions/7e3283a3-d466-4e6f-95b1-543eec016e08;monitor_alert_create_update_public_ip_address_rule;False;7e3283a3-d466-4e6f-95b1-543eec016e08;ISO27001;ISO/IEC 27001 Information Security Management Standard 2022
azure;ISO (the International Organization for Standardization) and IEC (the International Electrotechnical Commission) form the specialized system for worldwide standardization. National bodies that are members of ISO or IEC participate in the development of International Standards through technical committees established by the respective organization to deal with particular fields of technical activity. ISO and IEC technical committees collaborate in fields of mutual interest. Other international organizations, governmental and non-governmental, in liaison with ISO and IEC, also take part in the work.;7e3283a3-d466-4e6f-95b1-543eec016e08;global;2026-07-04 03:44:37.699268;A.8.16;Monitoring Activities;Networks, systems and applications should be monitored for anomalous behaviour and appropriate actions taken to evaluate potential information security incidents.;A.8 Technological controls;A.8.16;Monitoring Activities;Networks, systems and applications should be monitored for anomalous behaviour and appropriate actions taken to evaluate potential information security incidents.;FAIL;There is not an alert for creating/updating Public IP address rule in subscription Azure subscription 1 (7e3283a3-d466-4e6f-95b1-543eec016e08).;/subscriptions/7e3283a3-d466-4e6f-95b1-543eec016e08;monitor_alert_create_update_public_ip_address_rule;False;7e3283a3-d466-4e6f-95b1-543eec016e08;ISO27001;ISO/IEC 27001 Information Security Management Standard 2022
azure;ISO (the International Organization for Standardization) and IEC (the International Electrotechnical Commission) form the specialized system for worldwide standardization. National bodies that are members of ISO or IEC participate in the development of International Standards through technical committees established by the respective organization to deal with particular fields of technical activity. ISO and IEC technical committees collaborate in fields of mutual interest. Other international organizations, governmental and non-governmental, in liaison with ISO and IEC, also take part in the work.;7e3283a3-d466-4e6f-95b1-543eec016e08;global;2026-07-04 03:44:37.699268;A.5.7;Threat Intelligence;Information relating to information security threats should be collected and analysed to produce threat intelligence.;A.5 Organizational controls;A.5.7;Threat Intelligence;Information relating to information security threats should be collected and analysed to produce threat intelligence.;FAIL;There is not an alert for creating/updating Security Solution in subscription Azure subscription 1 (7e3283a3-d466-4e6f-95b1-543eec016e08).;/subscriptions/7e3283a3-d466-4e6f-95b1-543eec016e08;monitor_alert_create_update_security_solution;False;7e3283a3-d466-4e6f-95b1-543eec016e08;ISO27001;ISO/IEC 27001 Information Security Management Standard 2022
azure;ISO (the International Organization for Standardization) and IEC (the International Electrotechnical Commission) form the specialized system for worldwide standardization. National bodies that are members of ISO or IEC participate in the development of International Standards through technical committees established by the respective organization to deal with particular fields of technical activity. ISO and IEC technical committees collaborate in fields of mutual interest. Other international organizations, governmental and non-governmental, in liaison with ISO and IEC, also take part in the work.;7e3283a3-d466-4e6f-95b1-543eec016e08;global;2026-07-04 03:44:37.699268;A.5.16;Identity Management;The full lifecycle of identities should be managed.;A.5 Organizational controls;A.5.16;Identity Management;The full lifecycle of identities should be managed.;FAIL;There is not an alert for creating/updating Security Solution in subscription Azure subscription 1 (7e3283a3-d466-4e6f-95b1-543eec016e08).;/subscriptions/7e3283a3-d466-4e6f-95b1-543eec016e08;monitor_alert_create_update_security_solution;False;7e3283a3-d466-4e6f-95b1-543eec016e08;ISO27001;ISO/IEC 27001 Information Security Management Standard 2022
azure;ISO (the International Organization for Standardization) and IEC (the International Electrotechnical Commission) form the specialized system for worldwide standardization. National bodies that are members of ISO or IEC participate in the development of International Standards through technical committees established by the respective organization to deal with particular fields of technical activity. ISO and IEC technical committees collaborate in fields of mutual interest. Other international organizations, governmental and non-governmental, in liaison with ISO and IEC, also take part in the work.;7e3283a3-d466-4e6f-95b1-543eec016e08;global;2026-07-04 03:44:37.699268;A.5.22;Monitor, Review And Change Management Of Supplier Services;The organisation should regularly monitor, review, evaluate and manage change in supplier information security practices and service delivery.;A.5 Organizational controls;A.5.22;Monitor, Review And Change Management Of Supplier Services;The organisation should regularly monitor, review, evaluate and manage change in supplier information security practices and service delivery.;FAIL;There is not an alert for creating/updating Security Solution in subscription Azure subscription 1 (7e3283a3-d466-4e6f-95b1-543eec016e08).;/subscriptions/7e3283a3-d466-4e6f-95b1-543eec016e08;monitor_alert_create_update_security_solution;False;7e3283a3-d466-4e6f-95b1-543eec016e08;ISO27001;ISO/IEC 27001 Information Security Management Standard 2022
azure;ISO (the International Organization for Standardization) and IEC (the International Electrotechnical Commission) form the specialized system for worldwide standardization. National bodies that are members of ISO or IEC participate in the development of International Standards through technical committees established by the respective organization to deal with particular fields of technical activity. ISO and IEC technical committees collaborate in fields of mutual interest. Other international organizations, governmental and non-governmental, in liaison with ISO and IEC, also take part in the work.;7e3283a3-d466-4e6f-95b1-543eec016e08;global;2026-07-04 03:44:37.699268;A.8.16;Monitoring Activities;Networks, systems and applications should be monitored for anomalous behaviour and appropriate actions taken to evaluate potential information security incidents.;A.8 Technological controls;A.8.16;Monitoring Activities;Networks, systems and applications should be monitored for anomalous behaviour and appropriate actions taken to evaluate potential information security incidents.;FAIL;There is not an alert for creating/updating Security Solution in subscription Azure subscription 1 (7e3283a3-d466-4e6f-95b1-543eec016e08).;/subscriptions/7e3283a3-d466-4e6f-95b1-543eec016e08;monitor_alert_create_update_security_solution;False;7e3283a3-d466-4e6f-95b1-543eec016e08;ISO27001;ISO/IEC 27001 Information Security Management Standard 2022
azure;ISO (the International Organization for Standardization) and IEC (the International Electrotechnical Commission) form the specialized system for worldwide standardization. National bodies that are members of ISO or IEC participate in the development of International Standards through technical committees established by the respective organization to deal with particular fields of technical activity. ISO and IEC technical committees collaborate in fields of mutual interest. Other international organizations, governmental and non-governmental, in liaison with ISO and IEC, also take part in the work.;7e3283a3-d466-4e6f-95b1-543eec016e08;global;2026-07-04 03:44:37.699268;A.5.7;Threat Intelligence;Information relating to information security threats should be collected and analysed to produce threat intelligence.;A.5 Organizational controls;A.5.7;Threat Intelligence;Information relating to information security threats should be collected and analysed to produce threat intelligence.;FAIL;There is not an alert for creating/updating SQL Server firewall rule in subscription Azure subscription 1 (7e3283a3-d466-4e6f-95b1-543eec016e08).;/subscriptions/7e3283a3-d466-4e6f-95b1-543eec016e08;monitor_alert_create_update_sqlserver_fr;False;7e3283a3-d466-4e6f-95b1-543eec016e08;ISO27001;ISO/IEC 27001 Information Security Management Standard 2022
azure;ISO (the International Organization for Standardization) and IEC (the International Electrotechnical Commission) form the specialized system for worldwide standardization. National bodies that are members of ISO or IEC participate in the development of International Standards through technical committees established by the respective organization to deal with particular fields of technical activity. ISO and IEC technical committees collaborate in fields of mutual interest. Other international organizations, governmental and non-governmental, in liaison with ISO and IEC, also take part in the work.;7e3283a3-d466-4e6f-95b1-543eec016e08;global;2026-07-04 03:44:37.699268;A.8.16;Monitoring Activities;Networks, systems and applications should be monitored for anomalous behaviour and appropriate actions taken to evaluate potential information security incidents.;A.8 Technological controls;A.8.16;Monitoring Activities;Networks, systems and applications should be monitored for anomalous behaviour and appropriate actions taken to evaluate potential information security incidents.;FAIL;There is not an alert for creating/updating SQL Server firewall rule in subscription Azure subscription 1 (7e3283a3-d466-4e6f-95b1-543eec016e08).;/subscriptions/7e3283a3-d466-4e6f-95b1-543eec016e08;monitor_alert_create_update_sqlserver_fr;False;7e3283a3-d466-4e6f-95b1-543eec016e08;ISO27001;ISO/IEC 27001 Information Security Management Standard 2022
azure;ISO (the International Organization for Standardization) and IEC (the International Electrotechnical Commission) form the specialized system for worldwide standardization. National bodies that are members of ISO or IEC participate in the development of International Standards through technical committees established by the respective organization to deal with particular fields of technical activity. ISO and IEC technical committees collaborate in fields of mutual interest. Other international organizations, governmental and non-governmental, in liaison with ISO and IEC, also take part in the work.;7e3283a3-d466-4e6f-95b1-543eec016e08;global;2026-07-04 03:44:37.699268;A.5.7;Threat Intelligence;Information relating to information security threats should be collected and analysed to produce threat intelligence.;A.5 Organizational controls;A.5.7;Threat Intelligence;Information relating to information security threats should be collected and analysed to produce threat intelligence.;FAIL;There is not an alert for deleting Network Security Groups in subscription Azure subscription 1 (7e3283a3-d466-4e6f-95b1-543eec016e08).;/subscriptions/7e3283a3-d466-4e6f-95b1-543eec016e08;monitor_alert_delete_nsg;False;7e3283a3-d466-4e6f-95b1-543eec016e08;ISO27001;ISO/IEC 27001 Information Security Management Standard 2022
azure;ISO (the International Organization for Standardization) and IEC (the International Electrotechnical Commission) form the specialized system for worldwide standardization. National bodies that are members of ISO or IEC participate in the development of International Standards through technical committees established by the respective organization to deal with particular fields of technical activity. ISO and IEC technical committees collaborate in fields of mutual interest. Other international organizations, governmental and non-governmental, in liaison with ISO and IEC, also take part in the work.;7e3283a3-d466-4e6f-95b1-543eec016e08;global;2026-07-04 03:44:37.699268;A.8.16;Monitoring Activities;Networks, systems and applications should be monitored for anomalous behaviour and appropriate actions taken to evaluate potential information security incidents.;A.8 Technological controls;A.8.16;Monitoring Activities;Networks, systems and applications should be monitored for anomalous behaviour and appropriate actions taken to evaluate potential information security incidents.;FAIL;There is not an alert for deleting Network Security Groups in subscription Azure subscription 1 (7e3283a3-d466-4e6f-95b1-543eec016e08).;/subscriptions/7e3283a3-d466-4e6f-95b1-543eec016e08;monitor_alert_delete_nsg;False;7e3283a3-d466-4e6f-95b1-543eec016e08;ISO27001;ISO/IEC 27001 Information Security Management Standard 2022
azure;ISO (the International Organization for Standardization) and IEC (the International Electrotechnical Commission) form the specialized system for worldwide standardization. National bodies that are members of ISO or IEC participate in the development of International Standards through technical committees established by the respective organization to deal with particular fields of technical activity. ISO and IEC technical committees collaborate in fields of mutual interest. Other international organizations, governmental and non-governmental, in liaison with ISO and IEC, also take part in the work.;7e3283a3-d466-4e6f-95b1-543eec016e08;global;2026-07-04 03:44:37.699268;A.5.7;Threat Intelligence;Information relating to information security threats should be collected and analysed to produce threat intelligence.;A.5 Organizational controls;A.5.7;Threat Intelligence;Information relating to information security threats should be collected and analysed to produce threat intelligence.;FAIL;There is not an alert for deleting policy assignment in subscription Azure subscription 1 (7e3283a3-d466-4e6f-95b1-543eec016e08).;/subscriptions/7e3283a3-d466-4e6f-95b1-543eec016e08;monitor_alert_delete_policy_assignment;False;7e3283a3-d466-4e6f-95b1-543eec016e08;ISO27001;ISO/IEC 27001 Information Security Management Standard 2022
azure;ISO (the International Organization for Standardization) and IEC (the International Electrotechnical Commission) form the specialized system for worldwide standardization. National bodies that are members of ISO or IEC participate in the development of International Standards through technical committees established by the respective organization to deal with particular fields of technical activity. ISO and IEC technical committees collaborate in fields of mutual interest. Other international organizations, governmental and non-governmental, in liaison with ISO and IEC, also take part in the work.;7e3283a3-d466-4e6f-95b1-543eec016e08;global;2026-07-04 03:44:37.699268;A.8.16;Monitoring Activities;Networks, systems and applications should be monitored for anomalous behaviour and appropriate actions taken to evaluate potential information security incidents.;A.8 Technological controls;A.8.16;Monitoring Activities;Networks, systems and applications should be monitored for anomalous behaviour and appropriate actions taken to evaluate potential information security incidents.;FAIL;There is not an alert for deleting policy assignment in subscription Azure subscription 1 (7e3283a3-d466-4e6f-95b1-543eec016e08).;/subscriptions/7e3283a3-d466-4e6f-95b1-543eec016e08;monitor_alert_delete_policy_assignment;False;7e3283a3-d466-4e6f-95b1-543eec016e08;ISO27001;ISO/IEC 27001 Information Security Management Standard 2022
azure;ISO (the International Organization for Standardization) and IEC (the International Electrotechnical Commission) form the specialized system for worldwide standardization. National bodies that are members of ISO or IEC participate in the development of International Standards through technical committees established by the respective organization to deal with particular fields of technical activity. ISO and IEC technical committees collaborate in fields of mutual interest. Other international organizations, governmental and non-governmental, in liaison with ISO and IEC, also take part in the work.;7e3283a3-d466-4e6f-95b1-543eec016e08;global;2026-07-04 03:44:37.699268;A.5.7;Threat Intelligence;Information relating to information security threats should be collected and analysed to produce threat intelligence.;A.5 Organizational controls;A.5.7;Threat Intelligence;Information relating to information security threats should be collected and analysed to produce threat intelligence.;FAIL;There is not an alert for deleting public IP address rule in subscription Azure subscription 1 (7e3283a3-d466-4e6f-95b1-543eec016e08).;/subscriptions/7e3283a3-d466-4e6f-95b1-543eec016e08;monitor_alert_delete_public_ip_address_rule;False;7e3283a3-d466-4e6f-95b1-543eec016e08;ISO27001;ISO/IEC 27001 Information Security Management Standard 2022
azure;ISO (the International Organization for Standardization) and IEC (the International Electrotechnical Commission) form the specialized system for worldwide standardization. National bodies that are members of ISO or IEC participate in the development of International Standards through technical committees established by the respective organization to deal with particular fields of technical activity. ISO and IEC technical committees collaborate in fields of mutual interest. Other international organizations, governmental and non-governmental, in liaison with ISO and IEC, also take part in the work.;7e3283a3-d466-4e6f-95b1-543eec016e08;global;2026-07-04 03:44:37.699268;A.8.1;User Endpoint Devices;Information stored on, processed by or accessible via user endpoint devices should be protected.;A.8 Technological controls;A.8.1;User Endpoint Devices;Information stored on, processed by or accessible via user endpoint devices should be protected.;FAIL;There is not an alert for deleting public IP address rule in subscription Azure subscription 1 (7e3283a3-d466-4e6f-95b1-543eec016e08).;/subscriptions/7e3283a3-d466-4e6f-95b1-543eec016e08;monitor_alert_delete_public_ip_address_rule;False;7e3283a3-d466-4e6f-95b1-543eec016e08;ISO27001;ISO/IEC 27001 Information Security Management Standard 2022
azure;ISO (the International Organization for Standardization) and IEC (the International Electrotechnical Commission) form the specialized system for worldwide standardization. National bodies that are members of ISO or IEC participate in the development of International Standards through technical committees established by the respective organization to deal with particular fields of technical activity. ISO and IEC technical committees collaborate in fields of mutual interest. Other international organizations, governmental and non-governmental, in liaison with ISO and IEC, also take part in the work.;7e3283a3-d466-4e6f-95b1-543eec016e08;global;2026-07-04 03:44:37.699268;A.8.16;Monitoring Activities;Networks, systems and applications should be monitored for anomalous behaviour and appropriate actions taken to evaluate potential information security incidents.;A.8 Technological controls;A.8.16;Monitoring Activities;Networks, systems and applications should be monitored for anomalous behaviour and appropriate actions taken to evaluate potential information security incidents.;FAIL;There is not an alert for deleting public IP address rule in subscription Azure subscription 1 (7e3283a3-d466-4e6f-95b1-543eec016e08).;/subscriptions/7e3283a3-d466-4e6f-95b1-543eec016e08;monitor_alert_delete_public_ip_address_rule;False;7e3283a3-d466-4e6f-95b1-543eec016e08;ISO27001;ISO/IEC 27001 Information Security Management Standard 2022
azure;ISO (the International Organization for Standardization) and IEC (the International Electrotechnical Commission) form the specialized system for worldwide standardization. National bodies that are members of ISO or IEC participate in the development of International Standards through technical committees established by the respective organization to deal with particular fields of technical activity. ISO and IEC technical committees collaborate in fields of mutual interest. Other international organizations, governmental and non-governmental, in liaison with ISO and IEC, also take part in the work.;7e3283a3-d466-4e6f-95b1-543eec016e08;global;2026-07-04 03:44:37.699268;A.5.7;Threat Intelligence;Information relating to information security threats should be collected and analysed to produce threat intelligence.;A.5 Organizational controls;A.5.7;Threat Intelligence;Information relating to information security threats should be collected and analysed to produce threat intelligence.;FAIL;There is not an alert for deleting Security Solution in subscription Azure subscription 1 (7e3283a3-d466-4e6f-95b1-543eec016e08).;/subscriptions/7e3283a3-d466-4e6f-95b1-543eec016e08;monitor_alert_delete_security_solution;False;7e3283a3-d466-4e6f-95b1-543eec016e08;ISO27001;ISO/IEC 27001 Information Security Management Standard 2022
azure;ISO (the International Organization for Standardization) and IEC (the International Electrotechnical Commission) form the specialized system for worldwide standardization. National bodies that are members of ISO or IEC participate in the development of International Standards through technical committees established by the respective organization to deal with particular fields of technical activity. ISO and IEC technical committees collaborate in fields of mutual interest. Other international organizations, governmental and non-governmental, in liaison with ISO and IEC, also take part in the work.;7e3283a3-d466-4e6f-95b1-543eec016e08;global;2026-07-04 03:44:37.699268;A.5.16;Identity Management;The full lifecycle of identities should be managed.;A.5 Organizational controls;A.5.16;Identity Management;The full lifecycle of identities should be managed.;FAIL;There is not an alert for deleting Security Solution in subscription Azure subscription 1 (7e3283a3-d466-4e6f-95b1-543eec016e08).;/subscriptions/7e3283a3-d466-4e6f-95b1-543eec016e08;monitor_alert_delete_security_solution;False;7e3283a3-d466-4e6f-95b1-543eec016e08;ISO27001;ISO/IEC 27001 Information Security Management Standard 2022
azure;ISO (the International Organization for Standardization) and IEC (the International Electrotechnical Commission) form the specialized system for worldwide standardization. National bodies that are members of ISO or IEC participate in the development of International Standards through technical committees established by the respective organization to deal with particular fields of technical activity. ISO and IEC technical committees collaborate in fields of mutual interest. Other international organizations, governmental and non-governmental, in liaison with ISO and IEC, also take part in the work.;7e3283a3-d466-4e6f-95b1-543eec016e08;global;2026-07-04 03:44:37.699268;A.5.22;Monitor, Review And Change Management Of Supplier Services;The organisation should regularly monitor, review, evaluate and manage change in supplier information security practices and service delivery.;A.5 Organizational controls;A.5.22;Monitor, Review And Change Management Of Supplier Services;The organisation should regularly monitor, review, evaluate and manage change in supplier information security practices and service delivery.;FAIL;There is not an alert for deleting Security Solution in subscription Azure subscription 1 (7e3283a3-d466-4e6f-95b1-543eec016e08).;/subscriptions/7e3283a3-d466-4e6f-95b1-543eec016e08;monitor_alert_delete_security_solution;False;7e3283a3-d466-4e6f-95b1-543eec016e08;ISO27001;ISO/IEC 27001 Information Security Management Standard 2022
azure;ISO (the International Organization for Standardization) and IEC (the International Electrotechnical Commission) form the specialized system for worldwide standardization. National bodies that are members of ISO or IEC participate in the development of International Standards through technical committees established by the respective organization to deal with particular fields of technical activity. ISO and IEC technical committees collaborate in fields of mutual interest. Other international organizations, governmental and non-governmental, in liaison with ISO and IEC, also take part in the work.;7e3283a3-d466-4e6f-95b1-543eec016e08;global;2026-07-04 03:44:37.699268;A.8.16;Monitoring Activities;Networks, systems and applications should be monitored for anomalous behaviour and appropriate actions taken to evaluate potential information security incidents.;A.8 Technological controls;A.8.16;Monitoring Activities;Networks, systems and applications should be monitored for anomalous behaviour and appropriate actions taken to evaluate potential information security incidents.;FAIL;There is not an alert for deleting Security Solution in subscription Azure subscription 1 (7e3283a3-d466-4e6f-95b1-543eec016e08).;/subscriptions/7e3283a3-d466-4e6f-95b1-543eec016e08;monitor_alert_delete_security_solution;False;7e3283a3-d466-4e6f-95b1-543eec016e08;ISO27001;ISO/IEC 27001 Information Security Management Standard 2022
azure;ISO (the International Organization for Standardization) and IEC (the International Electrotechnical Commission) form the specialized system for worldwide standardization. National bodies that are members of ISO or IEC participate in the development of International Standards through technical committees established by the respective organization to deal with particular fields of technical activity. ISO and IEC technical committees collaborate in fields of mutual interest. Other international organizations, governmental and non-governmental, in liaison with ISO and IEC, also take part in the work.;7e3283a3-d466-4e6f-95b1-543eec016e08;global;2026-07-04 03:44:37.699268;A.5.7;Threat Intelligence;Information relating to information security threats should be collected and analysed to produce threat intelligence.;A.5 Organizational controls;A.5.7;Threat Intelligence;Information relating to information security threats should be collected and analysed to produce threat intelligence.;FAIL;There is not an alert for deleting SQL Server firewall rule in subscription Azure subscription 1 (7e3283a3-d466-4e6f-95b1-543eec016e08).;/subscriptions/7e3283a3-d466-4e6f-95b1-543eec016e08;monitor_alert_delete_sqlserver_fr;False;7e3283a3-d466-4e6f-95b1-543eec016e08;ISO27001;ISO/IEC 27001 Information Security Management Standard 2022
azure;ISO (the International Organization for Standardization) and IEC (the International Electrotechnical Commission) form the specialized system for worldwide standardization. National bodies that are members of ISO or IEC participate in the development of International Standards through technical committees established by the respective organization to deal with particular fields of technical activity. ISO and IEC technical committees collaborate in fields of mutual interest. Other international organizations, governmental and non-governmental, in liaison with ISO and IEC, also take part in the work.;7e3283a3-d466-4e6f-95b1-543eec016e08;global;2026-07-04 03:44:37.699268;A.8.16;Monitoring Activities;Networks, systems and applications should be monitored for anomalous behaviour and appropriate actions taken to evaluate potential information security incidents.;A.8 Technological controls;A.8.16;Monitoring Activities;Networks, systems and applications should be monitored for anomalous behaviour and appropriate actions taken to evaluate potential information security incidents.;FAIL;There is not an alert for deleting SQL Server firewall rule in subscription Azure subscription 1 (7e3283a3-d466-4e6f-95b1-543eec016e08).;/subscriptions/7e3283a3-d466-4e6f-95b1-543eec016e08;monitor_alert_delete_sqlserver_fr;False;7e3283a3-d466-4e6f-95b1-543eec016e08;ISO27001;ISO/IEC 27001 Information Security Management Standard 2022
azure;ISO (the International Organization for Standardization) and IEC (the International Electrotechnical Commission) form the specialized system for worldwide standardization. National bodies that are members of ISO or IEC participate in the development of International Standards through technical committees established by the respective organization to deal with particular fields of technical activity. ISO and IEC technical committees collaborate in fields of mutual interest. Other international organizations, governmental and non-governmental, in liaison with ISO and IEC, also take part in the work.;7e3283a3-d466-4e6f-95b1-543eec016e08;global;2026-07-04 03:44:37.699268;A.5.16;Identity Management;The full lifecycle of identities should be managed.;A.5 Organizational controls;A.5.16;Identity Management;The full lifecycle of identities should be managed.;FAIL;No diagnostic setting captures all appropriate categories (Administrative, Security, Alert, Policy) in subscription Azure subscription 1 (7e3283a3-d466-4e6f-95b1-543eec016e08).;/subscriptions/7e3283a3-d466-4e6f-95b1-543eec016e08;monitor_diagnostic_setting_with_appropriate_categories;False;7e3283a3-d466-4e6f-95b1-543eec016e08;ISO27001;ISO/IEC 27001 Information Security Management Standard 2022
azure;ISO (the International Organization for Standardization) and IEC (the International Electrotechnical Commission) form the specialized system for worldwide standardization. National bodies that are members of ISO or IEC participate in the development of International Standards through technical committees established by the respective organization to deal with particular fields of technical activity. ISO and IEC technical committees collaborate in fields of mutual interest. Other international organizations, governmental and non-governmental, in liaison with ISO and IEC, also take part in the work.;7e3283a3-d466-4e6f-95b1-543eec016e08;global;2026-07-04 03:44:37.699268;A.5.22;Monitor, Review And Change Management Of Supplier Services;The organisation should regularly monitor, review, evaluate and manage change in supplier information security practices and service delivery.;A.5 Organizational controls;A.5.22;Monitor, Review And Change Management Of Supplier Services;The organisation should regularly monitor, review, evaluate and manage change in supplier information security practices and service delivery.;FAIL;No diagnostic setting captures all appropriate categories (Administrative, Security, Alert, Policy) in subscription Azure subscription 1 (7e3283a3-d466-4e6f-95b1-543eec016e08).;/subscriptions/7e3283a3-d466-4e6f-95b1-543eec016e08;monitor_diagnostic_setting_with_appropriate_categories;False;7e3283a3-d466-4e6f-95b1-543eec016e08;ISO27001;ISO/IEC 27001 Information Security Management Standard 2022
azure;ISO (the International Organization for Standardization) and IEC (the International Electrotechnical Commission) form the specialized system for worldwide standardization. National bodies that are members of ISO or IEC participate in the development of International Standards through technical committees established by the respective organization to deal with particular fields of technical activity. ISO and IEC technical committees collaborate in fields of mutual interest. Other international organizations, governmental and non-governmental, in liaison with ISO and IEC, also take part in the work.;7e3283a3-d466-4e6f-95b1-543eec016e08;global;2026-07-04 03:44:37.699268;A.5.16;Identity Management;The full lifecycle of identities should be managed.;A.5 Organizational controls;A.5.16;Identity Management;The full lifecycle of identities should be managed.;FAIL;No diagnostic settings found in subscription Azure subscription 1 (7e3283a3-d466-4e6f-95b1-543eec016e08).;/subscriptions/7e3283a3-d466-4e6f-95b1-543eec016e08;monitor_diagnostic_settings_exists;False;7e3283a3-d466-4e6f-95b1-543eec016e08;ISO27001;ISO/IEC 27001 Information Security Management Standard 2022
azure;ISO (the International Organization for Standardization) and IEC (the International Electrotechnical Commission) form the specialized system for worldwide standardization. National bodies that are members of ISO or IEC participate in the development of International Standards through technical committees established by the respective organization to deal with particular fields of technical activity. ISO and IEC technical committees collaborate in fields of mutual interest. Other international organizations, governmental and non-governmental, in liaison with ISO and IEC, also take part in the work.;7e3283a3-d466-4e6f-95b1-543eec016e08;global;2026-07-04 03:44:37.699268;A.5.22;Monitor, Review And Change Management Of Supplier Services;The organisation should regularly monitor, review, evaluate and manage change in supplier information security practices and service delivery.;A.5 Organizational controls;A.5.22;Monitor, Review And Change Management Of Supplier Services;The organisation should regularly monitor, review, evaluate and manage change in supplier information security practices and service delivery.;FAIL;No diagnostic settings found in subscription Azure subscription 1 (7e3283a3-d466-4e6f-95b1-543eec016e08).;/subscriptions/7e3283a3-d466-4e6f-95b1-543eec016e08;monitor_diagnostic_settings_exists;False;7e3283a3-d466-4e6f-95b1-543eec016e08;ISO27001;ISO/IEC 27001 Information Security Management Standard 2022
azure;ISO (the International Organization for Standardization) and IEC (the International Electrotechnical Commission) form the specialized system for worldwide standardization. National bodies that are members of ISO or IEC participate in the development of International Standards through technical committees established by the respective organization to deal with particular fields of technical activity. ISO and IEC technical committees collaborate in fields of mutual interest. Other international organizations, governmental and non-governmental, in liaison with ISO and IEC, also take part in the work.;7e3283a3-d466-4e6f-95b1-543eec016e08;global;2026-07-04 03:44:37.699268;A.8.14;Redundancy of information processing facilities;Information processing facilities should be implemented with redundancy sufficient to meet availability;A.8 Technological controls;A.8.14;Redundancy of information processing facilities;Information processing facilities should be implemented with redundancy sufficient to meet availability;FAIL;Bastion Host from subscription Azure subscription 1 (7e3283a3-d466-4e6f-95b1-543eec016e08) does not exist;/subscriptions/7e3283a3-d466-4e6f-95b1-543eec016e08;network_bastion_host_exists;False;7e3283a3-d466-4e6f-95b1-543eec016e08;ISO27001;ISO/IEC 27001 Information Security Management Standard 2022
azure;ISO (the International Organization for Standardization) and IEC (the International Electrotechnical Commission) form the specialized system for worldwide standardization. National bodies that are members of ISO or IEC participate in the development of International Standards through technical committees established by the respective organization to deal with particular fields of technical activity. ISO and IEC technical committees collaborate in fields of mutual interest. Other international organizations, governmental and non-governmental, in liaison with ISO and IEC, also take part in the work.;7e3283a3-d466-4e6f-95b1-543eec016e08;global;2026-07-04 03:44:37.699268;A.8.20;Network Security;Networks and network devices should be secured, managed and controlled to protect information in systems and applications.;A.8 Technological controls;A.8.20;Network Security;Networks and network devices should be secured, managed and controlled to protect information in systems and applications.;FAIL;Bastion Host from subscription Azure subscription 1 (7e3283a3-d466-4e6f-95b1-543eec016e08) does not exist;/subscriptions/7e3283a3-d466-4e6f-95b1-543eec016e08;network_bastion_host_exists;False;7e3283a3-d466-4e6f-95b1-543eec016e08;ISO27001;ISO/IEC 27001 Information Security Management Standard 2022
azure;ISO (the International Organization for Standardization) and IEC (the International Electrotechnical Commission) form the specialized system for worldwide standardization. National bodies that are members of ISO or IEC participate in the development of International Standards through technical committees established by the respective organization to deal with particular fields of technical activity. ISO and IEC technical committees collaborate in fields of mutual interest. Other international organizations, governmental and non-governmental, in liaison with ISO and IEC, also take part in the work.;7e3283a3-d466-4e6f-95b1-543eec016e08;global;2026-07-04 03:44:37.699268;A.8.21;Security of Network Services;Security mechanisms, service levels and service requirements of network services should be identified, implemented and monitored.;A.8 Technological controls;A.8.21;Security of Network Services;Security mechanisms, service levels and service requirements of network services should be identified, implemented and monitored.;FAIL;Bastion Host from subscription Azure subscription 1 (7e3283a3-d466-4e6f-95b1-543eec016e08) does not exist;/subscriptions/7e3283a3-d466-4e6f-95b1-543eec016e08;network_bastion_host_exists;False;7e3283a3-d466-4e6f-95b1-543eec016e08;ISO27001;ISO/IEC 27001 Information Security Management Standard 2022
azure;ISO (the International Organization for Standardization) and IEC (the International Electrotechnical Commission) form the specialized system for worldwide standardization. National bodies that are members of ISO or IEC participate in the development of International Standards through technical committees established by the respective organization to deal with particular fields of technical activity. ISO and IEC technical committees collaborate in fields of mutual interest. Other international organizations, governmental and non-governmental, in liaison with ISO and IEC, also take part in the work.;7e3283a3-d466-4e6f-95b1-543eec016e08;global;2026-07-04 03:44:37.699268;A.8.22;Segregation of Networks;Security mechanisms, service levels and service requirements of network services should be identified, implemented and monitored.;A.8 Technological controls;A.8.22;Segregation of Networks;Security mechanisms, service levels and service requirements of network services should be identified, implemented and monitored.;FAIL;Bastion Host from subscription Azure subscription 1 (7e3283a3-d466-4e6f-95b1-543eec016e08) does not exist;/subscriptions/7e3283a3-d466-4e6f-95b1-543eec016e08;network_bastion_host_exists;False;7e3283a3-d466-4e6f-95b1-543eec016e08;ISO27001;ISO/IEC 27001 Information Security Management Standard 2022
azure;ISO (the International Organization for Standardization) and IEC (the International Electrotechnical Commission) form the specialized system for worldwide standardization. National bodies that are members of ISO or IEC participate in the development of International Standards through technical committees established by the respective organization to deal with particular fields of technical activity. ISO and IEC technical committees collaborate in fields of mutual interest. Other international organizations, governmental and non-governmental, in liaison with ISO and IEC, also take part in the work.;7e3283a3-d466-4e6f-95b1-543eec016e08;eastus;2026-07-04 03:44:37.699268;A.8.14;Redundancy of information processing facilities;Information processing facilities should be implemented with redundancy sufficient to meet availability;A.8 Technological controls;A.8.14;Redundancy of information processing facilities;Information processing facilities should be implemented with redundancy sufficient to meet availability;FAIL;Network Watcher NetworkWatcher_eastus from subscription Azure subscription 1 (7e3283a3-d466-4e6f-95b1-543eec016e08) has no flow logs;/subscriptions/7e3283a3-d466-4e6f-95b1-543eec016e08/resourceGroups/NetworkWatcherRG/providers/Microsoft.Network/networkWatchers/NetworkWatcher_eastus;network_flow_log_captured_sent;False;NetworkWatcher_eastus;ISO27001;ISO/IEC 27001 Information Security Management Standard 2022
azure;ISO (the International Organization for Standardization) and IEC (the International Electrotechnical Commission) form the specialized system for worldwide standardization. National bodies that are members of ISO or IEC participate in the development of International Standards through technical committees established by the respective organization to deal with particular fields of technical activity. ISO and IEC technical committees collaborate in fields of mutual interest. Other international organizations, governmental and non-governmental, in liaison with ISO and IEC, also take part in the work.;7e3283a3-d466-4e6f-95b1-543eec016e08;eastus;2026-07-04 03:44:37.699268;A.8.15;Logging;Logs that record activities, exceptions, faults and other relevant events should be produced, stored, protected and analysed.;A.8 Technological controls;A.8.15;Logging;Logs that record activities, exceptions, faults and other relevant events should be produced, stored, protected and analysed.;FAIL;Network Watcher NetworkWatcher_eastus from subscription Azure subscription 1 (7e3283a3-d466-4e6f-95b1-543eec016e08) has no flow logs;/subscriptions/7e3283a3-d466-4e6f-95b1-543eec016e08/resourceGroups/NetworkWatcherRG/providers/Microsoft.Network/networkWatchers/NetworkWatcher_eastus;network_flow_log_captured_sent;False;NetworkWatcher_eastus;ISO27001;ISO/IEC 27001 Information Security Management Standard 2022
azure;ISO (the International Organization for Standardization) and IEC (the International Electrotechnical Commission) form the specialized system for worldwide standardization. National bodies that are members of ISO or IEC participate in the development of International Standards through technical committees established by the respective organization to deal with particular fields of technical activity. ISO and IEC technical committees collaborate in fields of mutual interest. Other international organizations, governmental and non-governmental, in liaison with ISO and IEC, also take part in the work.;7e3283a3-d466-4e6f-95b1-543eec016e08;eastus;2026-07-04 03:44:37.699268;A.8.20;Network Security;Networks and network devices should be secured, managed and controlled to protect information in systems and applications.;A.8 Technological controls;A.8.20;Network Security;Networks and network devices should be secured, managed and controlled to protect information in systems and applications.;FAIL;Network Watcher NetworkWatcher_eastus from subscription Azure subscription 1 (7e3283a3-d466-4e6f-95b1-543eec016e08) has no flow logs;/subscriptions/7e3283a3-d466-4e6f-95b1-543eec016e08/resourceGroups/NetworkWatcherRG/providers/Microsoft.Network/networkWatchers/NetworkWatcher_eastus;network_flow_log_captured_sent;False;NetworkWatcher_eastus;ISO27001;ISO/IEC 27001 Information Security Management Standard 2022
azure;ISO (the International Organization for Standardization) and IEC (the International Electrotechnical Commission) form the specialized system for worldwide standardization. National bodies that are members of ISO or IEC participate in the development of International Standards through technical committees established by the respective organization to deal with particular fields of technical activity. ISO and IEC technical committees collaborate in fields of mutual interest. Other international organizations, governmental and non-governmental, in liaison with ISO and IEC, also take part in the work.;7e3283a3-d466-4e6f-95b1-543eec016e08;eastus;2026-07-04 03:44:37.699268;A.8.21;Security of Network Services;Security mechanisms, service levels and service requirements of network services should be identified, implemented and monitored.;A.8 Technological controls;A.8.21;Security of Network Services;Security mechanisms, service levels and service requirements of network services should be identified, implemented and monitored.;FAIL;Network Watcher NetworkWatcher_eastus from subscription Azure subscription 1 (7e3283a3-d466-4e6f-95b1-543eec016e08) has no flow logs;/subscriptions/7e3283a3-d466-4e6f-95b1-543eec016e08/resourceGroups/NetworkWatcherRG/providers/Microsoft.Network/networkWatchers/NetworkWatcher_eastus;network_flow_log_captured_sent;False;NetworkWatcher_eastus;ISO27001;ISO/IEC 27001 Information Security Management Standard 2022
azure;ISO (the International Organization for Standardization) and IEC (the International Electrotechnical Commission) form the specialized system for worldwide standardization. National bodies that are members of ISO or IEC participate in the development of International Standards through technical committees established by the respective organization to deal with particular fields of technical activity. ISO and IEC technical committees collaborate in fields of mutual interest. Other international organizations, governmental and non-governmental, in liaison with ISO and IEC, also take part in the work.;7e3283a3-d466-4e6f-95b1-543eec016e08;eastus;2026-07-04 03:44:37.699268;A.8.22;Segregation of Networks;Security mechanisms, service levels and service requirements of network services should be identified, implemented and monitored.;A.8 Technological controls;A.8.22;Segregation of Networks;Security mechanisms, service levels and service requirements of network services should be identified, implemented and monitored.;FAIL;Network Watcher NetworkWatcher_eastus from subscription Azure subscription 1 (7e3283a3-d466-4e6f-95b1-543eec016e08) has no flow logs;/subscriptions/7e3283a3-d466-4e6f-95b1-543eec016e08/resourceGroups/NetworkWatcherRG/providers/Microsoft.Network/networkWatchers/NetworkWatcher_eastus;network_flow_log_captured_sent;False;NetworkWatcher_eastus;ISO27001;ISO/IEC 27001 Information Security Management Standard 2022
azure;ISO (the International Organization for Standardization) and IEC (the International Electrotechnical Commission) form the specialized system for worldwide standardization. National bodies that are members of ISO or IEC participate in the development of International Standards through technical committees established by the respective organization to deal with particular fields of technical activity. ISO and IEC technical committees collaborate in fields of mutual interest. Other international organizations, governmental and non-governmental, in liaison with ISO and IEC, also take part in the work.;7e3283a3-d466-4e6f-95b1-543eec016e08;centralus;2026-07-04 03:44:37.699268;A.8.14;Redundancy of information processing facilities;Information processing facilities should be implemented with redundancy sufficient to meet availability;A.8 Technological controls;A.8.14;Redundancy of information processing facilities;Information processing facilities should be implemented with redundancy sufficient to meet availability;FAIL;Network Watcher NetworkWatcher_centralus from subscription Azure subscription 1 (7e3283a3-d466-4e6f-95b1-543eec016e08) has no flow logs;/subscriptions/7e3283a3-d466-4e6f-95b1-543eec016e08/resourceGroups/NetworkWatcherRG/providers/Microsoft.Network/networkWatchers/NetworkWatcher_centralus;network_flow_log_captured_sent;False;NetworkWatcher_centralus;ISO27001;ISO/IEC 27001 Information Security Management Standard 2022
azure;ISO (the International Organization for Standardization) and IEC (the International Electrotechnical Commission) form the specialized system for worldwide standardization. National bodies that are members of ISO or IEC participate in the development of International Standards through technical committees established by the respective organization to deal with particular fields of technical activity. ISO and IEC technical committees collaborate in fields of mutual interest. Other international organizations, governmental and non-governmental, in liaison with ISO and IEC, also take part in the work.;7e3283a3-d466-4e6f-95b1-543eec016e08;centralus;2026-07-04 03:44:37.699268;A.8.15;Logging;Logs that record activities, exceptions, faults and other relevant events should be produced, stored, protected and analysed.;A.8 Technological controls;A.8.15;Logging;Logs that record activities, exceptions, faults and other relevant events should be produced, stored, protected and analysed.;FAIL;Network Watcher NetworkWatcher_centralus from subscription Azure subscription 1 (7e3283a3-d466-4e6f-95b1-543eec016e08) has no flow logs;/subscriptions/7e3283a3-d466-4e6f-95b1-543eec016e08/resourceGroups/NetworkWatcherRG/providers/Microsoft.Network/networkWatchers/NetworkWatcher_centralus;network_flow_log_captured_sent;False;NetworkWatcher_centralus;ISO27001;ISO/IEC 27001 Information Security Management Standard 2022
azure;ISO (the International Organization for Standardization) and IEC (the International Electrotechnical Commission) form the specialized system for worldwide standardization. National bodies that are members of ISO or IEC participate in the development of International Standards through technical committees established by the respective organization to deal with particular fields of technical activity. ISO and IEC technical committees collaborate in fields of mutual interest. Other international organizations, governmental and non-governmental, in liaison with ISO and IEC, also take part in the work.;7e3283a3-d466-4e6f-95b1-543eec016e08;centralus;2026-07-04 03:44:37.699268;A.8.20;Network Security;Networks and network devices should be secured, managed and controlled to protect information in systems and applications.;A.8 Technological controls;A.8.20;Network Security;Networks and network devices should be secured, managed and controlled to protect information in systems and applications.;FAIL;Network Watcher NetworkWatcher_centralus from subscription Azure subscription 1 (7e3283a3-d466-4e6f-95b1-543eec016e08) has no flow logs;/subscriptions/7e3283a3-d466-4e6f-95b1-543eec016e08/resourceGroups/NetworkWatcherRG/providers/Microsoft.Network/networkWatchers/NetworkWatcher_centralus;network_flow_log_captured_sent;False;NetworkWatcher_centralus;ISO27001;ISO/IEC 27001 Information Security Management Standard 2022
azure;ISO (the International Organization for Standardization) and IEC (the International Electrotechnical Commission) form the specialized system for worldwide standardization. National bodies that are members of ISO or IEC participate in the development of International Standards through technical committees established by the respective organization to deal with particular fields of technical activity. ISO and IEC technical committees collaborate in fields of mutual interest. Other international organizations, governmental and non-governmental, in liaison with ISO and IEC, also take part in the work.;7e3283a3-d466-4e6f-95b1-543eec016e08;centralus;2026-07-04 03:44:37.699268;A.8.21;Security of Network Services;Security mechanisms, service levels and service requirements of network services should be identified, implemented and monitored.;A.8 Technological controls;A.8.21;Security of Network Services;Security mechanisms, service levels and service requirements of network services should be identified, implemented and monitored.;FAIL;Network Watcher NetworkWatcher_centralus from subscription Azure subscription 1 (7e3283a3-d466-4e6f-95b1-543eec016e08) has no flow logs;/subscriptions/7e3283a3-d466-4e6f-95b1-543eec016e08/resourceGroups/NetworkWatcherRG/providers/Microsoft.Network/networkWatchers/NetworkWatcher_centralus;network_flow_log_captured_sent;False;NetworkWatcher_centralus;ISO27001;ISO/IEC 27001 Information Security Management Standard 2022
azure;ISO (the International Organization for Standardization) and IEC (the International Electrotechnical Commission) form the specialized system for worldwide standardization. National bodies that are members of ISO or IEC participate in the development of International Standards through technical committees established by the respective organization to deal with particular fields of technical activity. ISO and IEC technical committees collaborate in fields of mutual interest. Other international organizations, governmental and non-governmental, in liaison with ISO and IEC, also take part in the work.;7e3283a3-d466-4e6f-95b1-543eec016e08;centralus;2026-07-04 03:44:37.699268;A.8.22;Segregation of Networks;Security mechanisms, service levels and service requirements of network services should be identified, implemented and monitored.;A.8 Technological controls;A.8.22;Segregation of Networks;Security mechanisms, service levels and service requirements of network services should be identified, implemented and monitored.;FAIL;Network Watcher NetworkWatcher_centralus from subscription Azure subscription 1 (7e3283a3-d466-4e6f-95b1-543eec016e08) has no flow logs;/subscriptions/7e3283a3-d466-4e6f-95b1-543eec016e08/resourceGroups/NetworkWatcherRG/providers/Microsoft.Network/networkWatchers/NetworkWatcher_centralus;network_flow_log_captured_sent;False;NetworkWatcher_centralus;ISO27001;ISO/IEC 27001 Information Security Management Standard 2022
azure;ISO (the International Organization for Standardization) and IEC (the International Electrotechnical Commission) form the specialized system for worldwide standardization. National bodies that are members of ISO or IEC participate in the development of International Standards through technical committees established by the respective organization to deal with particular fields of technical activity. ISO and IEC technical committees collaborate in fields of mutual interest. Other international organizations, governmental and non-governmental, in liaison with ISO and IEC, also take part in the work.;7e3283a3-d466-4e6f-95b1-543eec016e08;eastus;2026-07-04 03:44:37.699268;A.8.15;Logging;Logs that record activities, exceptions, faults and other relevant events should be produced, stored, protected and analysed.;A.8 Technological controls;A.8.15;Logging;Logs that record activities, exceptions, faults and other relevant events should be produced, stored, protected and analysed.;FAIL;Network Watcher NetworkWatcher_eastus from subscription Azure subscription 1 (7e3283a3-d466-4e6f-95b1-543eec016e08) has no flow logs;/subscriptions/7e3283a3-d466-4e6f-95b1-543eec016e08/resourceGroups/NetworkWatcherRG/providers/Microsoft.Network/networkWatchers/NetworkWatcher_eastus;network_flow_log_more_than_90_days;False;NetworkWatcher_eastus;ISO27001;ISO/IEC 27001 Information Security Management Standard 2022
azure;ISO (the International Organization for Standardization) and IEC (the International Electrotechnical Commission) form the specialized system for worldwide standardization. National bodies that are members of ISO or IEC participate in the development of International Standards through technical committees established by the respective organization to deal with particular fields of technical activity. ISO and IEC technical committees collaborate in fields of mutual interest. Other international organizations, governmental and non-governmental, in liaison with ISO and IEC, also take part in the work.;7e3283a3-d466-4e6f-95b1-543eec016e08;eastus;2026-07-04 03:44:37.699268;A.8.20;Network Security;Networks and network devices should be secured, managed and controlled to protect information in systems and applications.;A.8 Technological controls;A.8.20;Network Security;Networks and network devices should be secured, managed and controlled to protect information in systems and applications.;FAIL;Network Watcher NetworkWatcher_eastus from subscription Azure subscription 1 (7e3283a3-d466-4e6f-95b1-543eec016e08) has no flow logs;/subscriptions/7e3283a3-d466-4e6f-95b1-543eec016e08/resourceGroups/NetworkWatcherRG/providers/Microsoft.Network/networkWatchers/NetworkWatcher_eastus;network_flow_log_more_than_90_days;False;NetworkWatcher_eastus;ISO27001;ISO/IEC 27001 Information Security Management Standard 2022
azure;ISO (the International Organization for Standardization) and IEC (the International Electrotechnical Commission) form the specialized system for worldwide standardization. National bodies that are members of ISO or IEC participate in the development of International Standards through technical committees established by the respective organization to deal with particular fields of technical activity. ISO and IEC technical committees collaborate in fields of mutual interest. Other international organizations, governmental and non-governmental, in liaison with ISO and IEC, also take part in the work.;7e3283a3-d466-4e6f-95b1-543eec016e08;eastus;2026-07-04 03:44:37.699268;A.8.21;Security of Network Services;Security mechanisms, service levels and service requirements of network services should be identified, implemented and monitored.;A.8 Technological controls;A.8.21;Security of Network Services;Security mechanisms, service levels and service requirements of network services should be identified, implemented and monitored.;FAIL;Network Watcher NetworkWatcher_eastus from subscription Azure subscription 1 (7e3283a3-d466-4e6f-95b1-543eec016e08) has no flow logs;/subscriptions/7e3283a3-d466-4e6f-95b1-543eec016e08/resourceGroups/NetworkWatcherRG/providers/Microsoft.Network/networkWatchers/NetworkWatcher_eastus;network_flow_log_more_than_90_days;False;NetworkWatcher_eastus;ISO27001;ISO/IEC 27001 Information Security Management Standard 2022
azure;ISO (the International Organization for Standardization) and IEC (the International Electrotechnical Commission) form the specialized system for worldwide standardization. National bodies that are members of ISO or IEC participate in the development of International Standards through technical committees established by the respective organization to deal with particular fields of technical activity. ISO and IEC technical committees collaborate in fields of mutual interest. Other international organizations, governmental and non-governmental, in liaison with ISO and IEC, also take part in the work.;7e3283a3-d466-4e6f-95b1-543eec016e08;eastus;2026-07-04 03:44:37.699268;A.8.22;Segregation of Networks;Security mechanisms, service levels and service requirements of network services should be identified, implemented and monitored.;A.8 Technological controls;A.8.22;Segregation of Networks;Security mechanisms, service levels and service requirements of network services should be identified, implemented and monitored.;FAIL;Network Watcher NetworkWatcher_eastus from subscription Azure subscription 1 (7e3283a3-d466-4e6f-95b1-543eec016e08) has no flow logs;/subscriptions/7e3283a3-d466-4e6f-95b1-543eec016e08/resourceGroups/NetworkWatcherRG/providers/Microsoft.Network/networkWatchers/NetworkWatcher_eastus;network_flow_log_more_than_90_days;False;NetworkWatcher_eastus;ISO27001;ISO/IEC 27001 Information Security Management Standard 2022
azure;ISO (the International Organization for Standardization) and IEC (the International Electrotechnical Commission) form the specialized system for worldwide standardization. National bodies that are members of ISO or IEC participate in the development of International Standards through technical committees established by the respective organization to deal with particular fields of technical activity. ISO and IEC technical committees collaborate in fields of mutual interest. Other international organizations, governmental and non-governmental, in liaison with ISO and IEC, also take part in the work.;7e3283a3-d466-4e6f-95b1-543eec016e08;centralus;2026-07-04 03:44:37.699268;A.8.15;Logging;Logs that record activities, exceptions, faults and other relevant events should be produced, stored, protected and analysed.;A.8 Technological controls;A.8.15;Logging;Logs that record activities, exceptions, faults and other relevant events should be produced, stored, protected and analysed.;FAIL;Network Watcher NetworkWatcher_centralus from subscription Azure subscription 1 (7e3283a3-d466-4e6f-95b1-543eec016e08) has no flow logs;/subscriptions/7e3283a3-d466-4e6f-95b1-543eec016e08/resourceGroups/NetworkWatcherRG/providers/Microsoft.Network/networkWatchers/NetworkWatcher_centralus;network_flow_log_more_than_90_days;False;NetworkWatcher_centralus;ISO27001;ISO/IEC 27001 Information Security Management Standard 2022
azure;ISO (the International Organization for Standardization) and IEC (the International Electrotechnical Commission) form the specialized system for worldwide standardization. National bodies that are members of ISO or IEC participate in the development of International Standards through technical committees established by the respective organization to deal with particular fields of technical activity. ISO and IEC technical committees collaborate in fields of mutual interest. Other international organizations, governmental and non-governmental, in liaison with ISO and IEC, also take part in the work.;7e3283a3-d466-4e6f-95b1-543eec016e08;centralus;2026-07-04 03:44:37.699268;A.8.20;Network Security;Networks and network devices should be secured, managed and controlled to protect information in systems and applications.;A.8 Technological controls;A.8.20;Network Security;Networks and network devices should be secured, managed and controlled to protect information in systems and applications.;FAIL;Network Watcher NetworkWatcher_centralus from subscription Azure subscription 1 (7e3283a3-d466-4e6f-95b1-543eec016e08) has no flow logs;/subscriptions/7e3283a3-d466-4e6f-95b1-543eec016e08/resourceGroups/NetworkWatcherRG/providers/Microsoft.Network/networkWatchers/NetworkWatcher_centralus;network_flow_log_more_than_90_days;False;NetworkWatcher_centralus;ISO27001;ISO/IEC 27001 Information Security Management Standard 2022
azure;ISO (the International Organization for Standardization) and IEC (the International Electrotechnical Commission) form the specialized system for worldwide standardization. National bodies that are members of ISO or IEC participate in the development of International Standards through technical committees established by the respective organization to deal with particular fields of technical activity. ISO and IEC technical committees collaborate in fields of mutual interest. Other international organizations, governmental and non-governmental, in liaison with ISO and IEC, also take part in the work.;7e3283a3-d466-4e6f-95b1-543eec016e08;centralus;2026-07-04 03:44:37.699268;A.8.21;Security of Network Services;Security mechanisms, service levels and service requirements of network services should be identified, implemented and monitored.;A.8 Technological controls;A.8.21;Security of Network Services;Security mechanisms, service levels and service requirements of network services should be identified, implemented and monitored.;FAIL;Network Watcher NetworkWatcher_centralus from subscription Azure subscription 1 (7e3283a3-d466-4e6f-95b1-543eec016e08) has no flow logs;/subscriptions/7e3283a3-d466-4e6f-95b1-543eec016e08/resourceGroups/NetworkWatcherRG/providers/Microsoft.Network/networkWatchers/NetworkWatcher_centralus;network_flow_log_more_than_90_days;False;NetworkWatcher_centralus;ISO27001;ISO/IEC 27001 Information Security Management Standard 2022
azure;ISO (the International Organization for Standardization) and IEC (the International Electrotechnical Commission) form the specialized system for worldwide standardization. National bodies that are members of ISO or IEC participate in the development of International Standards through technical committees established by the respective organization to deal with particular fields of technical activity. ISO and IEC technical committees collaborate in fields of mutual interest. Other international organizations, governmental and non-governmental, in liaison with ISO and IEC, also take part in the work.;7e3283a3-d466-4e6f-95b1-543eec016e08;centralus;2026-07-04 03:44:37.699268;A.8.22;Segregation of Networks;Security mechanisms, service levels and service requirements of network services should be identified, implemented and monitored.;A.8 Technological controls;A.8.22;Segregation of Networks;Security mechanisms, service levels and service requirements of network services should be identified, implemented and monitored.;FAIL;Network Watcher NetworkWatcher_centralus from subscription Azure subscription 1 (7e3283a3-d466-4e6f-95b1-543eec016e08) has no flow logs;/subscriptions/7e3283a3-d466-4e6f-95b1-543eec016e08/resourceGroups/NetworkWatcherRG/providers/Microsoft.Network/networkWatchers/NetworkWatcher_centralus;network_flow_log_more_than_90_days;False;NetworkWatcher_centralus;ISO27001;ISO/IEC 27001 Information Security Management Standard 2022
azure;ISO (the International Organization for Standardization) and IEC (the International Electrotechnical Commission) form the specialized system for worldwide standardization. National bodies that are members of ISO or IEC participate in the development of International Standards through technical committees established by the respective organization to deal with particular fields of technical activity. ISO and IEC technical committees collaborate in fields of mutual interest. Other international organizations, governmental and non-governmental, in liaison with ISO and IEC, also take part in the work.;7e3283a3-d466-4e6f-95b1-543eec016e08;centralus;2026-07-04 03:44:37.699268;A.8.20;Network Security;Networks and network devices should be secured, managed and controlled to protect information in systems and applications.;A.8 Technological controls;A.8.20;Network Security;Networks and network devices should be secured, managed and controlled to protect information in systems and applications.;FAIL;Security Group nsg-web-cloudguardian-lab from subscription Azure subscription 1 (7e3283a3-d466-4e6f-95b1-543eec016e08) has HTTP internet access allowed.;/subscriptions/7e3283a3-d466-4e6f-95b1-543eec016e08/resourceGroups/rg-cloudguardian-lab/providers/Microsoft.Network/networkSecurityGroups/nsg-web-cloudguardian-lab;network_http_internet_access_restricted;False;nsg-web-cloudguardian-lab;ISO27001;ISO/IEC 27001 Information Security Management Standard 2022
azure;ISO (the International Organization for Standardization) and IEC (the International Electrotechnical Commission) form the specialized system for worldwide standardization. National bodies that are members of ISO or IEC participate in the development of International Standards through technical committees established by the respective organization to deal with particular fields of technical activity. ISO and IEC technical committees collaborate in fields of mutual interest. Other international organizations, governmental and non-governmental, in liaison with ISO and IEC, also take part in the work.;7e3283a3-d466-4e6f-95b1-543eec016e08;centralus;2026-07-04 03:44:37.699268;A.8.21;Security of Network Services;Security mechanisms, service levels and service requirements of network services should be identified, implemented and monitored.;A.8 Technological controls;A.8.21;Security of Network Services;Security mechanisms, service levels and service requirements of network services should be identified, implemented and monitored.;FAIL;Security Group nsg-web-cloudguardian-lab from subscription Azure subscription 1 (7e3283a3-d466-4e6f-95b1-543eec016e08) has HTTP internet access allowed.;/subscriptions/7e3283a3-d466-4e6f-95b1-543eec016e08/resourceGroups/rg-cloudguardian-lab/providers/Microsoft.Network/networkSecurityGroups/nsg-web-cloudguardian-lab;network_http_internet_access_restricted;False;nsg-web-cloudguardian-lab;ISO27001;ISO/IEC 27001 Information Security Management Standard 2022
azure;ISO (the International Organization for Standardization) and IEC (the International Electrotechnical Commission) form the specialized system for worldwide standardization. National bodies that are members of ISO or IEC participate in the development of International Standards through technical committees established by the respective organization to deal with particular fields of technical activity. ISO and IEC technical committees collaborate in fields of mutual interest. Other international organizations, governmental and non-governmental, in liaison with ISO and IEC, also take part in the work.;7e3283a3-d466-4e6f-95b1-543eec016e08;centralus;2026-07-04 03:44:37.699268;A.8.22;Segregation of Networks;Security mechanisms, service levels and service requirements of network services should be identified, implemented and monitored.;A.8 Technological controls;A.8.22;Segregation of Networks;Security mechanisms, service levels and service requirements of network services should be identified, implemented and monitored.;FAIL;Security Group nsg-web-cloudguardian-lab from subscription Azure subscription 1 (7e3283a3-d466-4e6f-95b1-543eec016e08) has HTTP internet access allowed.;/subscriptions/7e3283a3-d466-4e6f-95b1-543eec016e08/resourceGroups/rg-cloudguardian-lab/providers/Microsoft.Network/networkSecurityGroups/nsg-web-cloudguardian-lab;network_http_internet_access_restricted;False;nsg-web-cloudguardian-lab;ISO27001;ISO/IEC 27001 Information Security Management Standard 2022
azure;ISO (the International Organization for Standardization) and IEC (the International Electrotechnical Commission) form the specialized system for worldwide standardization. National bodies that are members of ISO or IEC participate in the development of International Standards through technical committees established by the respective organization to deal with particular fields of technical activity. ISO and IEC technical committees collaborate in fields of mutual interest. Other international organizations, governmental and non-governmental, in liaison with ISO and IEC, also take part in the work.;7e3283a3-d466-4e6f-95b1-543eec016e08;centralus;2026-07-04 03:44:37.699268;A.8.14;Redundancy of information processing facilities;Information processing facilities should be implemented with redundancy sufficient to meet availability;A.8 Technological controls;A.8.14;Redundancy of information processing facilities;Information processing facilities should be implemented with redundancy sufficient to meet availability;PASS;Security Group nsg-web-cloudguardian-lab from subscription Azure subscription 1 (7e3283a3-d466-4e6f-95b1-543eec016e08) has RDP internet access restricted.;/subscriptions/7e3283a3-d466-4e6f-95b1-543eec016e08/resourceGroups/rg-cloudguardian-lab/providers/Microsoft.Network/networkSecurityGroups/nsg-web-cloudguardian-lab;network_rdp_internet_access_restricted;False;nsg-web-cloudguardian-lab;ISO27001;ISO/IEC 27001 Information Security Management Standard 2022
azure;ISO (the International Organization for Standardization) and IEC (the International Electrotechnical Commission) form the specialized system for worldwide standardization. National bodies that are members of ISO or IEC participate in the development of International Standards through technical committees established by the respective organization to deal with particular fields of technical activity. ISO and IEC technical committees collaborate in fields of mutual interest. Other international organizations, governmental and non-governmental, in liaison with ISO and IEC, also take part in the work.;7e3283a3-d466-4e6f-95b1-543eec016e08;centralus;2026-07-04 03:44:37.699268;A.8.20;Network Security;Networks and network devices should be secured, managed and controlled to protect information in systems and applications.;A.8 Technological controls;A.8.20;Network Security;Networks and network devices should be secured, managed and controlled to protect information in systems and applications.;PASS;Security Group nsg-web-cloudguardian-lab from subscription Azure subscription 1 (7e3283a3-d466-4e6f-95b1-543eec016e08) has RDP internet access restricted.;/subscriptions/7e3283a3-d466-4e6f-95b1-543eec016e08/resourceGroups/rg-cloudguardian-lab/providers/Microsoft.Network/networkSecurityGroups/nsg-web-cloudguardian-lab;network_rdp_internet_access_restricted;False;nsg-web-cloudguardian-lab;ISO27001;ISO/IEC 27001 Information Security Management Standard 2022
azure;ISO (the International Organization for Standardization) and IEC (the International Electrotechnical Commission) form the specialized system for worldwide standardization. National bodies that are members of ISO or IEC participate in the development of International Standards through technical committees established by the respective organization to deal with particular fields of technical activity. ISO and IEC technical committees collaborate in fields of mutual interest. Other international organizations, governmental and non-governmental, in liaison with ISO and IEC, also take part in the work.;7e3283a3-d466-4e6f-95b1-543eec016e08;centralus;2026-07-04 03:44:37.699268;A.8.21;Security of Network Services;Security mechanisms, service levels and service requirements of network services should be identified, implemented and monitored.;A.8 Technological controls;A.8.21;Security of Network Services;Security mechanisms, service levels and service requirements of network services should be identified, implemented and monitored.;PASS;Security Group nsg-web-cloudguardian-lab from subscription Azure subscription 1 (7e3283a3-d466-4e6f-95b1-543eec016e08) has RDP internet access restricted.;/subscriptions/7e3283a3-d466-4e6f-95b1-543eec016e08/resourceGroups/rg-cloudguardian-lab/providers/Microsoft.Network/networkSecurityGroups/nsg-web-cloudguardian-lab;network_rdp_internet_access_restricted;False;nsg-web-cloudguardian-lab;ISO27001;ISO/IEC 27001 Information Security Management Standard 2022
azure;ISO (the International Organization for Standardization) and IEC (the International Electrotechnical Commission) form the specialized system for worldwide standardization. National bodies that are members of ISO or IEC participate in the development of International Standards through technical committees established by the respective organization to deal with particular fields of technical activity. ISO and IEC technical committees collaborate in fields of mutual interest. Other international organizations, governmental and non-governmental, in liaison with ISO and IEC, also take part in the work.;7e3283a3-d466-4e6f-95b1-543eec016e08;centralus;2026-07-04 03:44:37.699268;A.8.22;Segregation of Networks;Security mechanisms, service levels and service requirements of network services should be identified, implemented and monitored.;A.8 Technological controls;A.8.22;Segregation of Networks;Security mechanisms, service levels and service requirements of network services should be identified, implemented and monitored.;PASS;Security Group nsg-web-cloudguardian-lab from subscription Azure subscription 1 (7e3283a3-d466-4e6f-95b1-543eec016e08) has RDP internet access restricted.;/subscriptions/7e3283a3-d466-4e6f-95b1-543eec016e08/resourceGroups/rg-cloudguardian-lab/providers/Microsoft.Network/networkSecurityGroups/nsg-web-cloudguardian-lab;network_rdp_internet_access_restricted;False;nsg-web-cloudguardian-lab;ISO27001;ISO/IEC 27001 Information Security Management Standard 2022
azure;ISO (the International Organization for Standardization) and IEC (the International Electrotechnical Commission) form the specialized system for worldwide standardization. National bodies that are members of ISO or IEC participate in the development of International Standards through technical committees established by the respective organization to deal with particular fields of technical activity. ISO and IEC technical committees collaborate in fields of mutual interest. Other international organizations, governmental and non-governmental, in liaison with ISO and IEC, also take part in the work.;7e3283a3-d466-4e6f-95b1-543eec016e08;centralus;2026-07-04 03:44:37.699268;A.8.14;Redundancy of information processing facilities;Information processing facilities should be implemented with redundancy sufficient to meet availability;A.8 Technological controls;A.8.14;Redundancy of information processing facilities;Information processing facilities should be implemented with redundancy sufficient to meet availability;FAIL;Security Group nsg-web-cloudguardian-lab from subscription Azure subscription 1 (7e3283a3-d466-4e6f-95b1-543eec016e08) has SSH internet access allowed.;/subscriptions/7e3283a3-d466-4e6f-95b1-543eec016e08/resourceGroups/rg-cloudguardian-lab/providers/Microsoft.Network/networkSecurityGroups/nsg-web-cloudguardian-lab;network_ssh_internet_access_restricted;False;nsg-web-cloudguardian-lab;ISO27001;ISO/IEC 27001 Information Security Management Standard 2022
azure;ISO (the International Organization for Standardization) and IEC (the International Electrotechnical Commission) form the specialized system for worldwide standardization. National bodies that are members of ISO or IEC participate in the development of International Standards through technical committees established by the respective organization to deal with particular fields of technical activity. ISO and IEC technical committees collaborate in fields of mutual interest. Other international organizations, governmental and non-governmental, in liaison with ISO and IEC, also take part in the work.;7e3283a3-d466-4e6f-95b1-543eec016e08;centralus;2026-07-04 03:44:37.699268;A.8.20;Network Security;Networks and network devices should be secured, managed and controlled to protect information in systems and applications.;A.8 Technological controls;A.8.20;Network Security;Networks and network devices should be secured, managed and controlled to protect information in systems and applications.;FAIL;Security Group nsg-web-cloudguardian-lab from subscription Azure subscription 1 (7e3283a3-d466-4e6f-95b1-543eec016e08) has SSH internet access allowed.;/subscriptions/7e3283a3-d466-4e6f-95b1-543eec016e08/resourceGroups/rg-cloudguardian-lab/providers/Microsoft.Network/networkSecurityGroups/nsg-web-cloudguardian-lab;network_ssh_internet_access_restricted;False;nsg-web-cloudguardian-lab;ISO27001;ISO/IEC 27001 Information Security Management Standard 2022
azure;ISO (the International Organization for Standardization) and IEC (the International Electrotechnical Commission) form the specialized system for worldwide standardization. National bodies that are members of ISO or IEC participate in the development of International Standards through technical committees established by the respective organization to deal with particular fields of technical activity. ISO and IEC technical committees collaborate in fields of mutual interest. Other international organizations, governmental and non-governmental, in liaison with ISO and IEC, also take part in the work.;7e3283a3-d466-4e6f-95b1-543eec016e08;centralus;2026-07-04 03:44:37.699268;A.8.21;Security of Network Services;Security mechanisms, service levels and service requirements of network services should be identified, implemented and monitored.;A.8 Technological controls;A.8.21;Security of Network Services;Security mechanisms, service levels and service requirements of network services should be identified, implemented and monitored.;FAIL;Security Group nsg-web-cloudguardian-lab from subscription Azure subscription 1 (7e3283a3-d466-4e6f-95b1-543eec016e08) has SSH internet access allowed.;/subscriptions/7e3283a3-d466-4e6f-95b1-543eec016e08/resourceGroups/rg-cloudguardian-lab/providers/Microsoft.Network/networkSecurityGroups/nsg-web-cloudguardian-lab;network_ssh_internet_access_restricted;False;nsg-web-cloudguardian-lab;ISO27001;ISO/IEC 27001 Information Security Management Standard 2022
azure;ISO (the International Organization for Standardization) and IEC (the International Electrotechnical Commission) form the specialized system for worldwide standardization. National bodies that are members of ISO or IEC participate in the development of International Standards through technical committees established by the respective organization to deal with particular fields of technical activity. ISO and IEC technical committees collaborate in fields of mutual interest. Other international organizations, governmental and non-governmental, in liaison with ISO and IEC, also take part in the work.;7e3283a3-d466-4e6f-95b1-543eec016e08;centralus;2026-07-04 03:44:37.699268;A.8.22;Segregation of Networks;Security mechanisms, service levels and service requirements of network services should be identified, implemented and monitored.;A.8 Technological controls;A.8.22;Segregation of Networks;Security mechanisms, service levels and service requirements of network services should be identified, implemented and monitored.;FAIL;Security Group nsg-web-cloudguardian-lab from subscription Azure subscription 1 (7e3283a3-d466-4e6f-95b1-543eec016e08) has SSH internet access allowed.;/subscriptions/7e3283a3-d466-4e6f-95b1-543eec016e08/resourceGroups/rg-cloudguardian-lab/providers/Microsoft.Network/networkSecurityGroups/nsg-web-cloudguardian-lab;network_ssh_internet_access_restricted;False;nsg-web-cloudguardian-lab;ISO27001;ISO/IEC 27001 Information Security Management Standard 2022
azure;ISO (the International Organization for Standardization) and IEC (the International Electrotechnical Commission) form the specialized system for worldwide standardization. National bodies that are members of ISO or IEC participate in the development of International Standards through technical committees established by the respective organization to deal with particular fields of technical activity. ISO and IEC technical committees collaborate in fields of mutual interest. Other international organizations, governmental and non-governmental, in liaison with ISO and IEC, also take part in the work.;7e3283a3-d466-4e6f-95b1-543eec016e08;centralus;2026-07-04 03:44:37.699268;A.8.20;Network Security;Networks and network devices should be secured, managed and controlled to protect information in systems and applications.;A.8 Technological controls;A.8.20;Network Security;Networks and network devices should be secured, managed and controlled to protect information in systems and applications.;FAIL;Subnet 'snet-web-cloudguardian-lab' in VNet 'vnet-cloudguardian-lab' does not have an NSG associated.;/subscriptions/7e3283a3-d466-4e6f-95b1-543eec016e08/resourceGroups/rg-cloudguardian-lab/providers/Microsoft.Network/virtualNetworks/vnet-cloudguardian-lab/subnets/snet-web-cloudguardian-lab;network_subnet_nsg_associated;False;vnet-cloudguardian-lab/snet-web-cloudguardian-lab;ISO27001;ISO/IEC 27001 Information Security Management Standard 2022
azure;ISO (the International Organization for Standardization) and IEC (the International Electrotechnical Commission) form the specialized system for worldwide standardization. National bodies that are members of ISO or IEC participate in the development of International Standards through technical committees established by the respective organization to deal with particular fields of technical activity. ISO and IEC technical committees collaborate in fields of mutual interest. Other international organizations, governmental and non-governmental, in liaison with ISO and IEC, also take part in the work.;7e3283a3-d466-4e6f-95b1-543eec016e08;centralus;2026-07-04 03:44:37.699268;A.8.22;Segregation of Networks;Security mechanisms, service levels and service requirements of network services should be identified, implemented and monitored.;A.8 Technological controls;A.8.22;Segregation of Networks;Security mechanisms, service levels and service requirements of network services should be identified, implemented and monitored.;FAIL;Subnet 'snet-web-cloudguardian-lab' in VNet 'vnet-cloudguardian-lab' does not have an NSG associated.;/subscriptions/7e3283a3-d466-4e6f-95b1-543eec016e08/resourceGroups/rg-cloudguardian-lab/providers/Microsoft.Network/virtualNetworks/vnet-cloudguardian-lab/subnets/snet-web-cloudguardian-lab;network_subnet_nsg_associated;False;vnet-cloudguardian-lab/snet-web-cloudguardian-lab;ISO27001;ISO/IEC 27001 Information Security Management Standard 2022
azure;ISO (the International Organization for Standardization) and IEC (the International Electrotechnical Commission) form the specialized system for worldwide standardization. National bodies that are members of ISO or IEC participate in the development of International Standards through technical committees established by the respective organization to deal with particular fields of technical activity. ISO and IEC technical committees collaborate in fields of mutual interest. Other international organizations, governmental and non-governmental, in liaison with ISO and IEC, also take part in the work.;7e3283a3-d466-4e6f-95b1-543eec016e08;centralus;2026-07-04 03:44:37.699268;A.8.20;Network Security;Networks and network devices should be secured, managed and controlled to protect information in systems and applications.;A.8 Technological controls;A.8.20;Network Security;Networks and network devices should be secured, managed and controlled to protect information in systems and applications.;FAIL;Subnet 'snet-data-cloudguardian-lab' in VNet 'vnet-cloudguardian-lab' does not have an NSG associated.;/subscriptions/7e3283a3-d466-4e6f-95b1-543eec016e08/resourceGroups/rg-cloudguardian-lab/providers/Microsoft.Network/virtualNetworks/vnet-cloudguardian-lab/subnets/snet-data-cloudguardian-lab;network_subnet_nsg_associated;False;vnet-cloudguardian-lab/snet-data-cloudguardian-lab;ISO27001;ISO/IEC 27001 Information Security Management Standard 2022
azure;ISO (the International Organization for Standardization) and IEC (the International Electrotechnical Commission) form the specialized system for worldwide standardization. National bodies that are members of ISO or IEC participate in the development of International Standards through technical committees established by the respective organization to deal with particular fields of technical activity. ISO and IEC technical committees collaborate in fields of mutual interest. Other international organizations, governmental and non-governmental, in liaison with ISO and IEC, also take part in the work.;7e3283a3-d466-4e6f-95b1-543eec016e08;centralus;2026-07-04 03:44:37.699268;A.8.22;Segregation of Networks;Security mechanisms, service levels and service requirements of network services should be identified, implemented and monitored.;A.8 Technological controls;A.8.22;Segregation of Networks;Security mechanisms, service levels and service requirements of network services should be identified, implemented and monitored.;FAIL;Subnet 'snet-data-cloudguardian-lab' in VNet 'vnet-cloudguardian-lab' does not have an NSG associated.;/subscriptions/7e3283a3-d466-4e6f-95b1-543eec016e08/resourceGroups/rg-cloudguardian-lab/providers/Microsoft.Network/virtualNetworks/vnet-cloudguardian-lab/subnets/snet-data-cloudguardian-lab;network_subnet_nsg_associated;False;vnet-cloudguardian-lab/snet-data-cloudguardian-lab;ISO27001;ISO/IEC 27001 Information Security Management Standard 2022
azure;ISO (the International Organization for Standardization) and IEC (the International Electrotechnical Commission) form the specialized system for worldwide standardization. National bodies that are members of ISO or IEC participate in the development of International Standards through technical committees established by the respective organization to deal with particular fields of technical activity. ISO and IEC technical committees collaborate in fields of mutual interest. Other international organizations, governmental and non-governmental, in liaison with ISO and IEC, also take part in the work.;7e3283a3-d466-4e6f-95b1-543eec016e08;centralus;2026-07-04 03:44:37.699268;A.8.14;Redundancy of information processing facilities;Information processing facilities should be implemented with redundancy sufficient to meet availability;A.8 Technological controls;A.8.14;Redundancy of information processing facilities;Information processing facilities should be implemented with redundancy sufficient to meet availability;PASS;Security Group nsg-web-cloudguardian-lab from subscription Azure subscription 1 (7e3283a3-d466-4e6f-95b1-543eec016e08) has UDP internet access restricted.;/subscriptions/7e3283a3-d466-4e6f-95b1-543eec016e08/resourceGroups/rg-cloudguardian-lab/providers/Microsoft.Network/networkSecurityGroups/nsg-web-cloudguardian-lab;network_udp_internet_access_restricted;False;nsg-web-cloudguardian-lab;ISO27001;ISO/IEC 27001 Information Security Management Standard 2022
azure;ISO (the International Organization for Standardization) and IEC (the International Electrotechnical Commission) form the specialized system for worldwide standardization. National bodies that are members of ISO or IEC participate in the development of International Standards through technical committees established by the respective organization to deal with particular fields of technical activity. ISO and IEC technical committees collaborate in fields of mutual interest. Other international organizations, governmental and non-governmental, in liaison with ISO and IEC, also take part in the work.;7e3283a3-d466-4e6f-95b1-543eec016e08;centralus;2026-07-04 03:44:37.699268;A.8.20;Network Security;Networks and network devices should be secured, managed and controlled to protect information in systems and applications.;A.8 Technological controls;A.8.20;Network Security;Networks and network devices should be secured, managed and controlled to protect information in systems and applications.;PASS;Security Group nsg-web-cloudguardian-lab from subscription Azure subscription 1 (7e3283a3-d466-4e6f-95b1-543eec016e08) has UDP internet access restricted.;/subscriptions/7e3283a3-d466-4e6f-95b1-543eec016e08/resourceGroups/rg-cloudguardian-lab/providers/Microsoft.Network/networkSecurityGroups/nsg-web-cloudguardian-lab;network_udp_internet_access_restricted;False;nsg-web-cloudguardian-lab;ISO27001;ISO/IEC 27001 Information Security Management Standard 2022
azure;ISO (the International Organization for Standardization) and IEC (the International Electrotechnical Commission) form the specialized system for worldwide standardization. National bodies that are members of ISO or IEC participate in the development of International Standards through technical committees established by the respective organization to deal with particular fields of technical activity. ISO and IEC technical committees collaborate in fields of mutual interest. Other international organizations, governmental and non-governmental, in liaison with ISO and IEC, also take part in the work.;7e3283a3-d466-4e6f-95b1-543eec016e08;centralus;2026-07-04 03:44:37.699268;A.8.21;Security of Network Services;Security mechanisms, service levels and service requirements of network services should be identified, implemented and monitored.;A.8 Technological controls;A.8.21;Security of Network Services;Security mechanisms, service levels and service requirements of network services should be identified, implemented and monitored.;PASS;Security Group nsg-web-cloudguardian-lab from subscription Azure subscription 1 (7e3283a3-d466-4e6f-95b1-543eec016e08) has UDP internet access restricted.;/subscriptions/7e3283a3-d466-4e6f-95b1-543eec016e08/resourceGroups/rg-cloudguardian-lab/providers/Microsoft.Network/networkSecurityGroups/nsg-web-cloudguardian-lab;network_udp_internet_access_restricted;False;nsg-web-cloudguardian-lab;ISO27001;ISO/IEC 27001 Information Security Management Standard 2022
azure;ISO (the International Organization for Standardization) and IEC (the International Electrotechnical Commission) form the specialized system for worldwide standardization. National bodies that are members of ISO or IEC participate in the development of International Standards through technical committees established by the respective organization to deal with particular fields of technical activity. ISO and IEC technical committees collaborate in fields of mutual interest. Other international organizations, governmental and non-governmental, in liaison with ISO and IEC, also take part in the work.;7e3283a3-d466-4e6f-95b1-543eec016e08;centralus;2026-07-04 03:44:37.699268;A.8.22;Segregation of Networks;Security mechanisms, service levels and service requirements of network services should be identified, implemented and monitored.;A.8 Technological controls;A.8.22;Segregation of Networks;Security mechanisms, service levels and service requirements of network services should be identified, implemented and monitored.;PASS;Security Group nsg-web-cloudguardian-lab from subscription Azure subscription 1 (7e3283a3-d466-4e6f-95b1-543eec016e08) has UDP internet access restricted.;/subscriptions/7e3283a3-d466-4e6f-95b1-543eec016e08/resourceGroups/rg-cloudguardian-lab/providers/Microsoft.Network/networkSecurityGroups/nsg-web-cloudguardian-lab;network_udp_internet_access_restricted;False;nsg-web-cloudguardian-lab;ISO27001;ISO/IEC 27001 Information Security Management Standard 2022
azure;ISO (the International Organization for Standardization) and IEC (the International Electrotechnical Commission) form the specialized system for worldwide standardization. National bodies that are members of ISO or IEC participate in the development of International Standards through technical committees established by the respective organization to deal with particular fields of technical activity. ISO and IEC technical committees collaborate in fields of mutual interest. Other international organizations, governmental and non-governmental, in liaison with ISO and IEC, also take part in the work.;7e3283a3-d466-4e6f-95b1-543eec016e08;centralus;2026-07-04 03:44:37.699268;A.8.20;Network Security;Networks and network devices should be secured, managed and controlled to protect information in systems and applications.;A.8 Technological controls;A.8.20;Network Security;Networks and network devices should be secured, managed and controlled to protect information in systems and applications.;FAIL;Virtual network 'vnet-cloudguardian-lab' does not have DDoS protection enabled.;/subscriptions/7e3283a3-d466-4e6f-95b1-543eec016e08/resourceGroups/rg-cloudguardian-lab/providers/Microsoft.Network/virtualNetworks/vnet-cloudguardian-lab;network_vnet_ddos_protection_enabled;False;vnet-cloudguardian-lab;ISO27001;ISO/IEC 27001 Information Security Management Standard 2022
azure;ISO (the International Organization for Standardization) and IEC (the International Electrotechnical Commission) form the specialized system for worldwide standardization. National bodies that are members of ISO or IEC participate in the development of International Standards through technical committees established by the respective organization to deal with particular fields of technical activity. ISO and IEC technical committees collaborate in fields of mutual interest. Other international organizations, governmental and non-governmental, in liaison with ISO and IEC, also take part in the work.;7e3283a3-d466-4e6f-95b1-543eec016e08;global;2026-07-04 03:44:37.699268;A.8.14;Redundancy of information processing facilities;Information processing facilities should be implemented with redundancy sufficient to meet availability;A.8 Technological controls;A.8.14;Redundancy of information processing facilities;Information processing facilities should be implemented with redundancy sufficient to meet availability;FAIL;Network Watcher is not enabled for the following locations in subscription 'Azure subscription 1 (7e3283a3-d466-4e6f-95b1-543eec016e08)': swedencentral, westindia, southindia, koreacentral, indonesiacentral, norwaywest, northcentralus, southcentralus, westeurope, newzealandnorth, polandcentral, canadacentral, brazilsoutheast, norwayeast, switzerlandnorth, centralindia, australiacentral, jioindiacentral, malaysiawest, northeurope, westus, uaecentral, japaneast, westus2, spaincentral, austriaeast, uaenorth, brazilsouth, japanwest, italynorth, southafricawest, francesouth, chilecentral, mexicocentral, southafricanorth, israelcentral, denmarkeast, jioindiawest, westcentralus, francecentral, australiacentral2, switzerlandwest, belgiumcentral, australiasoutheast, germanywestcentral, qatarcentral, eastus2, ukwest, germanynorth, uksouth, southeastasia, eastasia, westus3, australiaeast, koreasouth, canadaeast.;/subscriptions/7e3283a3-d466-4e6f-95b1-543eec016e08;network_watcher_enabled;False;7e3283a3-d466-4e6f-95b1-543eec016e08;ISO27001;ISO/IEC 27001 Information Security Management Standard 2022
azure;ISO (the International Organization for Standardization) and IEC (the International Electrotechnical Commission) form the specialized system for worldwide standardization. National bodies that are members of ISO or IEC participate in the development of International Standards through technical committees established by the respective organization to deal with particular fields of technical activity. ISO and IEC technical committees collaborate in fields of mutual interest. Other international organizations, governmental and non-governmental, in liaison with ISO and IEC, also take part in the work.;7e3283a3-d466-4e6f-95b1-543eec016e08;global;2026-07-04 03:44:37.699268;A.8.20;Network Security;Networks and network devices should be secured, managed and controlled to protect information in systems and applications.;A.8 Technological controls;A.8.20;Network Security;Networks and network devices should be secured, managed and controlled to protect information in systems and applications.;FAIL;Network Watcher is not enabled for the following locations in subscription 'Azure subscription 1 (7e3283a3-d466-4e6f-95b1-543eec016e08)': swedencentral, westindia, southindia, koreacentral, indonesiacentral, norwaywest, northcentralus, southcentralus, westeurope, newzealandnorth, polandcentral, canadacentral, brazilsoutheast, norwayeast, switzerlandnorth, centralindia, australiacentral, jioindiacentral, malaysiawest, northeurope, westus, uaecentral, japaneast, westus2, spaincentral, austriaeast, uaenorth, brazilsouth, japanwest, italynorth, southafricawest, francesouth, chilecentral, mexicocentral, southafricanorth, israelcentral, denmarkeast, jioindiawest, westcentralus, francecentral, australiacentral2, switzerlandwest, belgiumcentral, australiasoutheast, germanywestcentral, qatarcentral, eastus2, ukwest, germanynorth, uksouth, southeastasia, eastasia, westus3, australiaeast, koreasouth, canadaeast.;/subscriptions/7e3283a3-d466-4e6f-95b1-543eec016e08;network_watcher_enabled;False;7e3283a3-d466-4e6f-95b1-543eec016e08;ISO27001;ISO/IEC 27001 Information Security Management Standard 2022
azure;ISO (the International Organization for Standardization) and IEC (the International Electrotechnical Commission) form the specialized system for worldwide standardization. National bodies that are members of ISO or IEC participate in the development of International Standards through technical committees established by the respective organization to deal with particular fields of technical activity. ISO and IEC technical committees collaborate in fields of mutual interest. Other international organizations, governmental and non-governmental, in liaison with ISO and IEC, also take part in the work.;7e3283a3-d466-4e6f-95b1-543eec016e08;global;2026-07-04 03:44:37.699268;A.8.21;Security of Network Services;Security mechanisms, service levels and service requirements of network services should be identified, implemented and monitored.;A.8 Technological controls;A.8.21;Security of Network Services;Security mechanisms, service levels and service requirements of network services should be identified, implemented and monitored.;FAIL;Network Watcher is not enabled for the following locations in subscription 'Azure subscription 1 (7e3283a3-d466-4e6f-95b1-543eec016e08)': swedencentral, westindia, southindia, koreacentral, indonesiacentral, norwaywest, northcentralus, southcentralus, westeurope, newzealandnorth, polandcentral, canadacentral, brazilsoutheast, norwayeast, switzerlandnorth, centralindia, australiacentral, jioindiacentral, malaysiawest, northeurope, westus, uaecentral, japaneast, westus2, spaincentral, austriaeast, uaenorth, brazilsouth, japanwest, italynorth, southafricawest, francesouth, chilecentral, mexicocentral, southafricanorth, israelcentral, denmarkeast, jioindiawest, westcentralus, francecentral, australiacentral2, switzerlandwest, belgiumcentral, australiasoutheast, germanywestcentral, qatarcentral, eastus2, ukwest, germanynorth, uksouth, southeastasia, eastasia, westus3, australiaeast, koreasouth, canadaeast.;/subscriptions/7e3283a3-d466-4e6f-95b1-543eec016e08;network_watcher_enabled;False;7e3283a3-d466-4e6f-95b1-543eec016e08;ISO27001;ISO/IEC 27001 Information Security Management Standard 2022
azure;ISO (the International Organization for Standardization) and IEC (the International Electrotechnical Commission) form the specialized system for worldwide standardization. National bodies that are members of ISO or IEC participate in the development of International Standards through technical committees established by the respective organization to deal with particular fields of technical activity. ISO and IEC technical committees collaborate in fields of mutual interest. Other international organizations, governmental and non-governmental, in liaison with ISO and IEC, also take part in the work.;7e3283a3-d466-4e6f-95b1-543eec016e08;global;2026-07-04 03:44:37.699268;A.8.22;Segregation of Networks;Security mechanisms, service levels and service requirements of network services should be identified, implemented and monitored.;A.8 Technological controls;A.8.22;Segregation of Networks;Security mechanisms, service levels and service requirements of network services should be identified, implemented and monitored.;FAIL;Network Watcher is not enabled for the following locations in subscription 'Azure subscription 1 (7e3283a3-d466-4e6f-95b1-543eec016e08)': swedencentral, westindia, southindia, koreacentral, indonesiacentral, norwaywest, northcentralus, southcentralus, westeurope, newzealandnorth, polandcentral, canadacentral, brazilsoutheast, norwayeast, switzerlandnorth, centralindia, australiacentral, jioindiacentral, malaysiawest, northeurope, westus, uaecentral, japaneast, westus2, spaincentral, austriaeast, uaenorth, brazilsouth, japanwest, italynorth, southafricawest, francesouth, chilecentral, mexicocentral, southafricanorth, israelcentral, denmarkeast, jioindiawest, westcentralus, francecentral, australiacentral2, switzerlandwest, belgiumcentral, australiasoutheast, germanywestcentral, qatarcentral, eastus2, ukwest, germanynorth, uksouth, southeastasia, eastasia, westus3, australiaeast, koreasouth, canadaeast.;/subscriptions/7e3283a3-d466-4e6f-95b1-543eec016e08;network_watcher_enabled;False;7e3283a3-d466-4e6f-95b1-543eec016e08;ISO27001;ISO/IEC 27001 Information Security Management Standard 2022
azure;ISO (the International Organization for Standardization) and IEC (the International Electrotechnical Commission) form the specialized system for worldwide standardization. National bodies that are members of ISO or IEC participate in the development of International Standards through technical committees established by the respective organization to deal with particular fields of technical activity. ISO and IEC technical committees collaborate in fields of mutual interest. Other international organizations, governmental and non-governmental, in liaison with ISO and IEC, also take part in the work.;7e3283a3-d466-4e6f-95b1-543eec016e08;global;2026-07-04 03:44:37.699268;A.5.1;Policies for information security;Information security policy and topic-specific policies should be defined, approved by management, published, communicated to and acknowledged by relevant personnel and relevant interested parties, and reviewed at planned intervals and if significant changes occur.;A.5 Organizational controls;A.5.1;Policies for information security;Information security policy and topic-specific policies should be defined, approved by management, published, communicated to and acknowledged by relevant personnel and relevant interested parties, and reviewed at planned intervals and if significant changes occur.;PASS;Policy assigment '/subscriptions/7e3283a3-d466-4e6f-95b1-543eec016e08/providers/Microsoft.Authorization/policyAssignments/SecurityCenterBuiltIn' from subscription Azure subscription 1 (7e3283a3-d466-4e6f-95b1-543eec016e08) is configured with enforcement mode 'Default'.;/subscriptions/7e3283a3-d466-4e6f-95b1-543eec016e08/providers/Microsoft.Authorization/policyAssignments/SecurityCenterBuiltIn;policy_ensure_asc_enforcement_enabled;False;SecurityCenterBuiltIn;ISO27001;ISO/IEC 27001 Information Security Management Standard 2022
azure;ISO (the International Organization for Standardization) and IEC (the International Electrotechnical Commission) form the specialized system for worldwide standardization. National bodies that are members of ISO or IEC participate in the development of International Standards through technical committees established by the respective organization to deal with particular fields of technical activity. ISO and IEC technical committees collaborate in fields of mutual interest. Other international organizations, governmental and non-governmental, in liaison with ISO and IEC, also take part in the work.;7e3283a3-d466-4e6f-95b1-543eec016e08;centralus;2026-07-04 03:44:37.699268;A.8.12;Data Leakage Prevention;Data leakage prevention measures should be applied to systems, networks and any other devices that process, store or transmit sensitive information.;A.8 Technological controls;A.8.12;Data Leakage Prevention;Data leakage prevention measures should be applied to systems, networks and any other devices that process, store or transmit sensitive information.;FAIL;SQL Server sql-cloudguardian-lab-6thil from subscription Azure subscription 1 (7e3283a3-d466-4e6f-95b1-543eec016e08) has TDE disabled without CMK.;/subscriptions/7e3283a3-d466-4e6f-95b1-543eec016e08/resourceGroups/rg-cloudguardian-lab/providers/Microsoft.Sql/servers/sql-cloudguardian-lab-6thil;sqlserver_tde_encrypted_with_cmk;False;sql-cloudguardian-lab-6thil;ISO27001;ISO/IEC 27001 Information Security Management Standard 2022
azure;ISO (the International Organization for Standardization) and IEC (the International Electrotechnical Commission) form the specialized system for worldwide standardization. National bodies that are members of ISO or IEC participate in the development of International Standards through technical committees established by the respective organization to deal with particular fields of technical activity. ISO and IEC technical committees collaborate in fields of mutual interest. Other international organizations, governmental and non-governmental, in liaison with ISO and IEC, also take part in the work.;7e3283a3-d466-4e6f-95b1-543eec016e08;centralus;2026-07-04 03:44:37.699268;A.8.24;Use of Cryptography;Rules for the effective use of cryptography, including cryptographic key management, should be defined and implemented.;A.8 Technological controls;A.8.24;Use of Cryptography;Rules for the effective use of cryptography, including cryptographic key management, should be defined and implemented.;FAIL;SQL Server sql-cloudguardian-lab-6thil from subscription Azure subscription 1 (7e3283a3-d466-4e6f-95b1-543eec016e08) has TDE disabled without CMK.;/subscriptions/7e3283a3-d466-4e6f-95b1-543eec016e08/resourceGroups/rg-cloudguardian-lab/providers/Microsoft.Sql/servers/sql-cloudguardian-lab-6thil;sqlserver_tde_encrypted_with_cmk;False;sql-cloudguardian-lab-6thil;ISO27001;ISO/IEC 27001 Information Security Management Standard 2022
azure;ISO (the International Organization for Standardization) and IEC (the International Electrotechnical Commission) form the specialized system for worldwide standardization. National bodies that are members of ISO or IEC participate in the development of International Standards through technical committees established by the respective organization to deal with particular fields of technical activity. ISO and IEC technical committees collaborate in fields of mutual interest. Other international organizations, governmental and non-governmental, in liaison with ISO and IEC, also take part in the work.;7e3283a3-d466-4e6f-95b1-543eec016e08;centralus;2026-07-04 03:44:37.699268;A.8.5;Secure Authentication;Secure authentication technologies and procedures should be implemented based on information access restrictions and the topic-specific policy on access control.;A.8 Technological controls;A.8.5;Secure Authentication;Secure authentication technologies and procedures should be implemented based on information access restrictions and the topic-specific policy on access control.;PASS;Database sqldb-cloudguardian-lab from SQL Server sql-cloudguardian-lab-6thil from subscription Azure subscription 1 (7e3283a3-d466-4e6f-95b1-543eec016e08) has TDE enabled;/subscriptions/7e3283a3-d466-4e6f-95b1-543eec016e08/resourceGroups/rg-cloudguardian-lab/providers/Microsoft.Sql/servers/sql-cloudguardian-lab-6thil/databases/sqldb-cloudguardian-lab;sqlserver_tde_encryption_enabled;False;sqldb-cloudguardian-lab;ISO27001;ISO/IEC 27001 Information Security Management Standard 2022
azure;ISO (the International Organization for Standardization) and IEC (the International Electrotechnical Commission) form the specialized system for worldwide standardization. National bodies that are members of ISO or IEC participate in the development of International Standards through technical committees established by the respective organization to deal with particular fields of technical activity. ISO and IEC technical committees collaborate in fields of mutual interest. Other international organizations, governmental and non-governmental, in liaison with ISO and IEC, also take part in the work.;7e3283a3-d466-4e6f-95b1-543eec016e08;centralus;2026-07-04 03:44:37.699268;A.8.12;Data Leakage Prevention;Data leakage prevention measures should be applied to systems, networks and any other devices that process, store or transmit sensitive information.;A.8 Technological controls;A.8.12;Data Leakage Prevention;Data leakage prevention measures should be applied to systems, networks and any other devices that process, store or transmit sensitive information.;PASS;Database sqldb-cloudguardian-lab from SQL Server sql-cloudguardian-lab-6thil from subscription Azure subscription 1 (7e3283a3-d466-4e6f-95b1-543eec016e08) has TDE enabled;/subscriptions/7e3283a3-d466-4e6f-95b1-543eec016e08/resourceGroups/rg-cloudguardian-lab/providers/Microsoft.Sql/servers/sql-cloudguardian-lab-6thil/databases/sqldb-cloudguardian-lab;sqlserver_tde_encryption_enabled;False;sqldb-cloudguardian-lab;ISO27001;ISO/IEC 27001 Information Security Management Standard 2022
azure;ISO (the International Organization for Standardization) and IEC (the International Electrotechnical Commission) form the specialized system for worldwide standardization. National bodies that are members of ISO or IEC participate in the development of International Standards through technical committees established by the respective organization to deal with particular fields of technical activity. ISO and IEC technical committees collaborate in fields of mutual interest. Other international organizations, governmental and non-governmental, in liaison with ISO and IEC, also take part in the work.;7e3283a3-d466-4e6f-95b1-543eec016e08;centralus;2026-07-04 03:44:37.699268;A.8.24;Use of Cryptography;Rules for the effective use of cryptography, including cryptographic key management, should be defined and implemented.;A.8 Technological controls;A.8.24;Use of Cryptography;Rules for the effective use of cryptography, including cryptographic key management, should be defined and implemented.;PASS;Database sqldb-cloudguardian-lab from SQL Server sql-cloudguardian-lab-6thil from subscription Azure subscription 1 (7e3283a3-d466-4e6f-95b1-543eec016e08) has TDE enabled;/subscriptions/7e3283a3-d466-4e6f-95b1-543eec016e08/resourceGroups/rg-cloudguardian-lab/providers/Microsoft.Sql/servers/sql-cloudguardian-lab-6thil/databases/sqldb-cloudguardian-lab;sqlserver_tde_encryption_enabled;False;sqldb-cloudguardian-lab;ISO27001;ISO/IEC 27001 Information Security Management Standard 2022
azure;ISO (the International Organization for Standardization) and IEC (the International Electrotechnical Commission) form the specialized system for worldwide standardization. National bodies that are members of ISO or IEC participate in the development of International Standards through technical committees established by the respective organization to deal with particular fields of technical activity. ISO and IEC technical committees collaborate in fields of mutual interest. Other international organizations, governmental and non-governmental, in liaison with ISO and IEC, also take part in the work.;7e3283a3-d466-4e6f-95b1-543eec016e08;centralus;2026-07-04 03:44:37.699268;A.8.1;User Endpoint Devices;Information stored on, processed by or accessible via user endpoint devices should be protected.;A.8 Technological controls;A.8.1;User Endpoint Devices;Information stored on, processed by or accessible via user endpoint devices should be protected.;FAIL;Storage account stcloudguardianlab6thil from subscription Azure subscription 1 (7e3283a3-d466-4e6f-95b1-543eec016e08) has allow blob public access enabled.;/subscriptions/7e3283a3-d466-4e6f-95b1-543eec016e08/resourceGroups/rg-cloudguardian-lab/providers/Microsoft.Storage/storageAccounts/stcloudguardianlab6thil;storage_blob_public_access_level_is_disabled;False;stcloudguardianlab6thil;ISO27001;ISO/IEC 27001 Information Security Management Standard 2022
azure;ISO (the International Organization for Standardization) and IEC (the International Electrotechnical Commission) form the specialized system for worldwide standardization. National bodies that are members of ISO or IEC participate in the development of International Standards through technical committees established by the respective organization to deal with particular fields of technical activity. ISO and IEC technical committees collaborate in fields of mutual interest. Other international organizations, governmental and non-governmental, in liaison with ISO and IEC, also take part in the work.;7e3283a3-d466-4e6f-95b1-543eec016e08;centralus;2026-07-04 03:44:37.699268;A.8.3;Information Access Restriction;Access to information and other associated assets should be restricted in accordance with the established topic-specific policy on access control.;A.8 Technological controls;A.8.3;Information Access Restriction;Access to information and other associated assets should be restricted in accordance with the established topic-specific policy on access control.;PASS;Storage account stcloudguardianlab6thil from subscription Azure subscription 1 (7e3283a3-d466-4e6f-95b1-543eec016e08) allows trusted Microsoft services to access this storage account.;/subscriptions/7e3283a3-d466-4e6f-95b1-543eec016e08/resourceGroups/rg-cloudguardian-lab/providers/Microsoft.Storage/storageAccounts/stcloudguardianlab6thil;storage_ensure_azure_services_are_trusted_to_access_is_enabled;False;stcloudguardianlab6thil;ISO27001;ISO/IEC 27001 Information Security Management Standard 2022
azure;ISO (the International Organization for Standardization) and IEC (the International Electrotechnical Commission) form the specialized system for worldwide standardization. National bodies that are members of ISO or IEC participate in the development of International Standards through technical committees established by the respective organization to deal with particular fields of technical activity. ISO and IEC technical committees collaborate in fields of mutual interest. Other international organizations, governmental and non-governmental, in liaison with ISO and IEC, also take part in the work.;7e3283a3-d466-4e6f-95b1-543eec016e08;centralus;2026-07-04 03:44:37.699268;A.8.5;Secure Authentication;Secure authentication technologies and procedures should be implemented based on information access restrictions and the topic-specific policy on access control.;A.8 Technological controls;A.8.5;Secure Authentication;Secure authentication technologies and procedures should be implemented based on information access restrictions and the topic-specific policy on access control.;FAIL;Storage account stcloudguardianlab6thil from subscription Azure subscription 1 (7e3283a3-d466-4e6f-95b1-543eec016e08) does not encrypt with CMKs.;/subscriptions/7e3283a3-d466-4e6f-95b1-543eec016e08/resourceGroups/rg-cloudguardian-lab/providers/Microsoft.Storage/storageAccounts/stcloudguardianlab6thil;storage_ensure_encryption_with_customer_managed_keys;False;stcloudguardianlab6thil;ISO27001;ISO/IEC 27001 Information Security Management Standard 2022
azure;ISO (the International Organization for Standardization) and IEC (the International Electrotechnical Commission) form the specialized system for worldwide standardization. National bodies that are members of ISO or IEC participate in the development of International Standards through technical committees established by the respective organization to deal with particular fields of technical activity. ISO and IEC technical committees collaborate in fields of mutual interest. Other international organizations, governmental and non-governmental, in liaison with ISO and IEC, also take part in the work.;7e3283a3-d466-4e6f-95b1-543eec016e08;centralus;2026-07-04 03:44:37.699268;A.8.11;Data Masking;Data masking should be used in accordance with the organisation’s topic-specific policy on access control and other related topic-specific policies, and business requirements, taking applicable legislation into consideration.;A.8 Technological controls;A.8.11;Data Masking;Data masking should be used in accordance with the organisation’s topic-specific policy on access control and other related topic-specific policies, and business requirements, taking applicable legislation into consideration.;FAIL;Storage account stcloudguardianlab6thil from subscription Azure subscription 1 (7e3283a3-d466-4e6f-95b1-543eec016e08) does not encrypt with CMKs.;/subscriptions/7e3283a3-d466-4e6f-95b1-543eec016e08/resourceGroups/rg-cloudguardian-lab/providers/Microsoft.Storage/storageAccounts/stcloudguardianlab6thil;storage_ensure_encryption_with_customer_managed_keys;False;stcloudguardianlab6thil;ISO27001;ISO/IEC 27001 Information Security Management Standard 2022
azure;ISO (the International Organization for Standardization) and IEC (the International Electrotechnical Commission) form the specialized system for worldwide standardization. National bodies that are members of ISO or IEC participate in the development of International Standards through technical committees established by the respective organization to deal with particular fields of technical activity. ISO and IEC technical committees collaborate in fields of mutual interest. Other international organizations, governmental and non-governmental, in liaison with ISO and IEC, also take part in the work.;7e3283a3-d466-4e6f-95b1-543eec016e08;centralus;2026-07-04 03:44:37.699268;A.8.24;Use of Cryptography;Rules for the effective use of cryptography, including cryptographic key management, should be defined and implemented.;A.8 Technological controls;A.8.24;Use of Cryptography;Rules for the effective use of cryptography, including cryptographic key management, should be defined and implemented.;FAIL;Storage account stcloudguardianlab6thil from subscription Azure subscription 1 (7e3283a3-d466-4e6f-95b1-543eec016e08) does not encrypt with CMKs.;/subscriptions/7e3283a3-d466-4e6f-95b1-543eec016e08/resourceGroups/rg-cloudguardian-lab/providers/Microsoft.Storage/storageAccounts/stcloudguardianlab6thil;storage_ensure_encryption_with_customer_managed_keys;False;stcloudguardianlab6thil;ISO27001;ISO/IEC 27001 Information Security Management Standard 2022
azure;ISO (the International Organization for Standardization) and IEC (the International Electrotechnical Commission) form the specialized system for worldwide standardization. National bodies that are members of ISO or IEC participate in the development of International Standards through technical committees established by the respective organization to deal with particular fields of technical activity. ISO and IEC technical committees collaborate in fields of mutual interest. Other international organizations, governmental and non-governmental, in liaison with ISO and IEC, also take part in the work.;7e3283a3-d466-4e6f-95b1-543eec016e08;centralus;2026-07-04 03:44:37.699268;A.8.14;Redundancy of information processing facilities;Information processing facilities should be implemented with redundancy sufficient to meet availability;A.8 Technological controls;A.8.14;Redundancy of information processing facilities;Information processing facilities should be implemented with redundancy sufficient to meet availability;FAIL;Storage account stcloudguardianlab6thil from subscription Azure subscription 1 (7e3283a3-d466-4e6f-95b1-543eec016e08) does not have private endpoint connections.;/subscriptions/7e3283a3-d466-4e6f-95b1-543eec016e08/resourceGroups/rg-cloudguardian-lab/providers/Microsoft.Storage/storageAccounts/stcloudguardianlab6thil;storage_ensure_private_endpoints_in_storage_accounts;False;stcloudguardianlab6thil;ISO27001;ISO/IEC 27001 Information Security Management Standard 2022
azure;ISO (the International Organization for Standardization) and IEC (the International Electrotechnical Commission) form the specialized system for worldwide standardization. National bodies that are members of ISO or IEC participate in the development of International Standards through technical committees established by the respective organization to deal with particular fields of technical activity. ISO and IEC technical committees collaborate in fields of mutual interest. Other international organizations, governmental and non-governmental, in liaison with ISO and IEC, also take part in the work.;7e3283a3-d466-4e6f-95b1-543eec016e08;centralus;2026-07-04 03:44:37.699268;A.8.10;Information Deletion;Information stored in information systems, devices or in any other storage media should be deleted when no longer required.;A.8 Technological controls;A.8.10;Information Deletion;Information stored in information systems, devices or in any other storage media should be deleted when no longer required.;FAIL;Storage account stcloudguardianlab6thil from subscription Azure subscription 1 (7e3283a3-d466-4e6f-95b1-543eec016e08) has soft delete disabled.;/subscriptions/7e3283a3-d466-4e6f-95b1-543eec016e08/resourceGroups/rg-cloudguardian-lab/providers/Microsoft.Storage/storageAccounts/stcloudguardianlab6thil;storage_ensure_soft_delete_is_enabled;False;stcloudguardianlab6thil;ISO27001;ISO/IEC 27001 Information Security Management Standard 2022
azure;ISO (the International Organization for Standardization) and IEC (the International Electrotechnical Commission) form the specialized system for worldwide standardization. National bodies that are members of ISO or IEC participate in the development of International Standards through technical committees established by the respective organization to deal with particular fields of technical activity. ISO and IEC technical committees collaborate in fields of mutual interest. Other international organizations, governmental and non-governmental, in liaison with ISO and IEC, also take part in the work.;7e3283a3-d466-4e6f-95b1-543eec016e08;centralus;2026-07-04 03:44:37.699268;A.8.5;Secure Authentication;Secure authentication technologies and procedures should be implemented based on information access restrictions and the topic-specific policy on access control.;A.8 Technological controls;A.8.5;Secure Authentication;Secure authentication technologies and procedures should be implemented based on information access restrictions and the topic-specific policy on access control.;FAIL;Storage account stcloudguardianlab6thil from subscription Azure subscription 1 (7e3283a3-d466-4e6f-95b1-543eec016e08) has infrastructure encryption disabled.;/subscriptions/7e3283a3-d466-4e6f-95b1-543eec016e08/resourceGroups/rg-cloudguardian-lab/providers/Microsoft.Storage/storageAccounts/stcloudguardianlab6thil;storage_infrastructure_encryption_is_enabled;False;stcloudguardianlab6thil;ISO27001;ISO/IEC 27001 Information Security Management Standard 2022
azure;ISO (the International Organization for Standardization) and IEC (the International Electrotechnical Commission) form the specialized system for worldwide standardization. National bodies that are members of ISO or IEC participate in the development of International Standards through technical committees established by the respective organization to deal with particular fields of technical activity. ISO and IEC technical committees collaborate in fields of mutual interest. Other international organizations, governmental and non-governmental, in liaison with ISO and IEC, also take part in the work.;7e3283a3-d466-4e6f-95b1-543eec016e08;centralus;2026-07-04 03:44:37.699268;A.8.11;Data Masking;Data masking should be used in accordance with the organisation’s topic-specific policy on access control and other related topic-specific policies, and business requirements, taking applicable legislation into consideration.;A.8 Technological controls;A.8.11;Data Masking;Data masking should be used in accordance with the organisation’s topic-specific policy on access control and other related topic-specific policies, and business requirements, taking applicable legislation into consideration.;FAIL;Storage account stcloudguardianlab6thil from subscription Azure subscription 1 (7e3283a3-d466-4e6f-95b1-543eec016e08) has infrastructure encryption disabled.;/subscriptions/7e3283a3-d466-4e6f-95b1-543eec016e08/resourceGroups/rg-cloudguardian-lab/providers/Microsoft.Storage/storageAccounts/stcloudguardianlab6thil;storage_infrastructure_encryption_is_enabled;False;stcloudguardianlab6thil;ISO27001;ISO/IEC 27001 Information Security Management Standard 2022
azure;ISO (the International Organization for Standardization) and IEC (the International Electrotechnical Commission) form the specialized system for worldwide standardization. National bodies that are members of ISO or IEC participate in the development of International Standards through technical committees established by the respective organization to deal with particular fields of technical activity. ISO and IEC technical committees collaborate in fields of mutual interest. Other international organizations, governmental and non-governmental, in liaison with ISO and IEC, also take part in the work.;7e3283a3-d466-4e6f-95b1-543eec016e08;centralus;2026-07-04 03:44:37.699268;A.8.24;Use of Cryptography;Rules for the effective use of cryptography, including cryptographic key management, should be defined and implemented.;A.8 Technological controls;A.8.24;Use of Cryptography;Rules for the effective use of cryptography, including cryptographic key management, should be defined and implemented.;FAIL;Storage account stcloudguardianlab6thil from subscription Azure subscription 1 (7e3283a3-d466-4e6f-95b1-543eec016e08) has infrastructure encryption disabled.;/subscriptions/7e3283a3-d466-4e6f-95b1-543eec016e08/resourceGroups/rg-cloudguardian-lab/providers/Microsoft.Storage/storageAccounts/stcloudguardianlab6thil;storage_infrastructure_encryption_is_enabled;False;stcloudguardianlab6thil;ISO27001;ISO/IEC 27001 Information Security Management Standard 2022
azure;ISO (the International Organization for Standardization) and IEC (the International Electrotechnical Commission) form the specialized system for worldwide standardization. National bodies that are members of ISO or IEC participate in the development of International Standards through technical committees established by the respective organization to deal with particular fields of technical activity. ISO and IEC technical committees collaborate in fields of mutual interest. Other international organizations, governmental and non-governmental, in liaison with ISO and IEC, also take part in the work.;7e3283a3-d466-4e6f-95b1-543eec016e08;centralus;2026-07-04 03:44:37.699268;A.8.12;Data Leakage Prevention;Data leakage prevention measures should be applied to systems, networks and any other devices that process, store or transmit sensitive information.;A.8 Technological controls;A.8.12;Data Leakage Prevention;Data leakage prevention measures should be applied to systems, networks and any other devices that process, store or transmit sensitive information.;FAIL;Storage account stcloudguardianlab6thil from subscription Azure subscription 1 (7e3283a3-d466-4e6f-95b1-543eec016e08) has secure transfer required disabled.;/subscriptions/7e3283a3-d466-4e6f-95b1-543eec016e08/resourceGroups/rg-cloudguardian-lab/providers/Microsoft.Storage/storageAccounts/stcloudguardianlab6thil;storage_secure_transfer_required_is_enabled;False;stcloudguardianlab6thil;ISO27001;ISO/IEC 27001 Information Security Management Standard 2022
azure;ISO (the International Organization for Standardization) and IEC (the International Electrotechnical Commission) form the specialized system for worldwide standardization. National bodies that are members of ISO or IEC participate in the development of International Standards through technical committees established by the respective organization to deal with particular fields of technical activity. ISO and IEC technical committees collaborate in fields of mutual interest. Other international organizations, governmental and non-governmental, in liaison with ISO and IEC, also take part in the work.;7e3283a3-d466-4e6f-95b1-543eec016e08;centralus;2026-07-04 03:44:37.699268;A.8.14;Redundancy of information processing facilities;Information processing facilities should be implemented with redundancy sufficient to meet availability;A.8 Technological controls;A.8.14;Redundancy of information processing facilities;Information processing facilities should be implemented with redundancy sufficient to meet availability;FAIL;Storage account stcloudguardianlab6thil from subscription Azure subscription 1 (7e3283a3-d466-4e6f-95b1-543eec016e08) has secure transfer required disabled.;/subscriptions/7e3283a3-d466-4e6f-95b1-543eec016e08/resourceGroups/rg-cloudguardian-lab/providers/Microsoft.Storage/storageAccounts/stcloudguardianlab6thil;storage_secure_transfer_required_is_enabled;False;stcloudguardianlab6thil;ISO27001;ISO/IEC 27001 Information Security Management Standard 2022
azure;ISO (the International Organization for Standardization) and IEC (the International Electrotechnical Commission) form the specialized system for worldwide standardization. National bodies that are members of ISO or IEC participate in the development of International Standards through technical committees established by the respective organization to deal with particular fields of technical activity. ISO and IEC technical committees collaborate in fields of mutual interest. Other international organizations, governmental and non-governmental, in liaison with ISO and IEC, also take part in the work.;7e3283a3-d466-4e6f-95b1-543eec016e08;centralus;2026-07-04 03:44:37.699268;A.8.24;Use of Cryptography;Rules for the effective use of cryptography, including cryptographic key management, should be defined and implemented.;A.8 Technological controls;A.8.24;Use of Cryptography;Rules for the effective use of cryptography, including cryptographic key management, should be defined and implemented.;FAIL;Storage account stcloudguardianlab6thil from subscription Azure subscription 1 (7e3283a3-d466-4e6f-95b1-543eec016e08) has secure transfer required disabled.;/subscriptions/7e3283a3-d466-4e6f-95b1-543eec016e08/resourceGroups/rg-cloudguardian-lab/providers/Microsoft.Storage/storageAccounts/stcloudguardianlab6thil;storage_secure_transfer_required_is_enabled;False;stcloudguardianlab6thil;ISO27001;ISO/IEC 27001 Information Security Management Standard 2022
azure;ISO (the International Organization for Standardization) and IEC (the International Electrotechnical Commission) form the specialized system for worldwide standardization. National bodies that are members of ISO or IEC participate in the development of International Standards through technical committees established by the respective organization to deal with particular fields of technical activity. ISO and IEC technical committees collaborate in fields of mutual interest. Other international organizations, governmental and non-governmental, in liaison with ISO and IEC, also take part in the work.;7e3283a3-d466-4e6f-95b1-543eec016e08;centralus;2026-07-04 03:44:37.699268;A.8.11;Data Masking;Data masking should be used in accordance with the organisation’s topic-specific policy on access control and other related topic-specific policies, and business requirements, taking applicable legislation into consideration.;A.8 Technological controls;A.8.11;Data Masking;Data masking should be used in accordance with the organisation’s topic-specific policy on access control and other related topic-specific policies, and business requirements, taking applicable legislation into consideration.;FAIL;Disk '5928a0ac-ae13-44f2-93ee-3938127fa860' is not encrypted with a customer-managed key in subscription Azure subscription 1 (7e3283a3-d466-4e6f-95b1-543eec016e08).;/subscriptions/7e3283a3-d466-4e6f-95b1-543eec016e08/resourceGroups/RG-CLOUDGUARDIAN-LAB/providers/Microsoft.Compute/disks/vm-web-cloudguardian-lab_disk1_5928a0acae1344f293ee3938127fa860;vm_ensure_attached_disks_encrypted_with_cmk;False;vm-web-cloudguardian-lab_disk1_5928a0acae1344f293ee3938127fa860;ISO27001;ISO/IEC 27001 Information Security Management Standard 2022
azure;ISO (the International Organization for Standardization) and IEC (the International Electrotechnical Commission) form the specialized system for worldwide standardization. National bodies that are members of ISO or IEC participate in the development of International Standards through technical committees established by the respective organization to deal with particular fields of technical activity. ISO and IEC technical committees collaborate in fields of mutual interest. Other international organizations, governmental and non-governmental, in liaison with ISO and IEC, also take part in the work.;7e3283a3-d466-4e6f-95b1-543eec016e08;centralus;2026-07-04 03:44:37.699268;A.8.24;Use of Cryptography;Rules for the effective use of cryptography, including cryptographic key management, should be defined and implemented.;A.8 Technological controls;A.8.24;Use of Cryptography;Rules for the effective use of cryptography, including cryptographic key management, should be defined and implemented.;FAIL;Disk '5928a0ac-ae13-44f2-93ee-3938127fa860' is not encrypted with a customer-managed key in subscription Azure subscription 1 (7e3283a3-d466-4e6f-95b1-543eec016e08).;/subscriptions/7e3283a3-d466-4e6f-95b1-543eec016e08/resourceGroups/RG-CLOUDGUARDIAN-LAB/providers/Microsoft.Compute/disks/vm-web-cloudguardian-lab_disk1_5928a0acae1344f293ee3938127fa860;vm_ensure_attached_disks_encrypted_with_cmk;False;vm-web-cloudguardian-lab_disk1_5928a0acae1344f293ee3938127fa860;ISO27001;ISO/IEC 27001 Information Security Management Standard 2022
azure;ISO (the International Organization for Standardization) and IEC (the International Electrotechnical Commission) form the specialized system for worldwide standardization. National bodies that are members of ISO or IEC participate in the development of International Standards through technical committees established by the respective organization to deal with particular fields of technical activity. ISO and IEC technical committees collaborate in fields of mutual interest. Other international organizations, governmental and non-governmental, in liaison with ISO and IEC, also take part in the work.;7e3283a3-d466-4e6f-95b1-543eec016e08;centralus;2026-07-04 03:44:37.699268;A.8.14;Redundancy of information processing facilities;Information processing facilities should be implemented with redundancy sufficient to meet availability;A.8 Technological controls;A.8.14;Redundancy of information processing facilities;Information processing facilities should be implemented with redundancy sufficient to meet availability;PASS;VM vm-web-cloudguardian-lab is using managed disks in subscription Azure subscription 1 (7e3283a3-d466-4e6f-95b1-543eec016e08);/subscriptions/7e3283a3-d466-4e6f-95b1-543eec016e08/resourceGroups/RG-CLOUDGUARDIAN-LAB/providers/Microsoft.Compute/virtualMachines/vm-web-cloudguardian-lab;vm_ensure_using_managed_disks;False;vm-web-cloudguardian-lab;ISO27001;ISO/IEC 27001 Information Security Management Standard 2022
azure;ISO (the International Organization for Standardization) and IEC (the International Electrotechnical Commission) form the specialized system for worldwide standardization. National bodies that are members of ISO or IEC participate in the development of International Standards through technical committees established by the respective organization to deal with particular fields of technical activity. ISO and IEC technical committees collaborate in fields of mutual interest. Other international organizations, governmental and non-governmental, in liaison with ISO and IEC, also take part in the work.;7e3283a3-d466-4e6f-95b1-543eec016e08;centralus;2026-07-04 03:44:37.699268;A.8.14;Redundancy of information processing facilities;Information processing facilities should be implemented with redundancy sufficient to meet availability;A.8 Technological controls;A.8.14;Redundancy of information processing facilities;Information processing facilities should be implemented with redundancy sufficient to meet availability;FAIL;VM vm-web-cloudguardian-lab has trusted launch disabled in subscription Azure subscription 1 (7e3283a3-d466-4e6f-95b1-543eec016e08);/subscriptions/7e3283a3-d466-4e6f-95b1-543eec016e08/resourceGroups/RG-CLOUDGUARDIAN-LAB/providers/Microsoft.Compute/virtualMachines/vm-web-cloudguardian-lab;vm_trusted_launch_enabled;False;vm-web-cloudguardian-lab;ISO27001;ISO/IEC 27001 Information Security Management Standard 2022
azure;ISO (the International Organization for Standardization) and IEC (the International Electrotechnical Commission) form the specialized system for worldwide standardization. National bodies that are members of ISO or IEC participate in the development of International Standards through technical committees established by the respective organization to deal with particular fields of technical activity. ISO and IEC technical committees collaborate in fields of mutual interest. Other international organizations, governmental and non-governmental, in liaison with ISO and IEC, also take part in the work.;;;2026-07-04 03:44:37.699268;A.5.3;Segregation of Duties;Conflicting duties and conflicting areas of responsibility should be segregated.;A.5 Organizational controls;A.5.3;Segregation of Duties;Conflicting duties and conflicting areas of responsibility should be segregated.;MANUAL;Manual check;manual_check;manual;False;Manual check;ISO27001;ISO/IEC 27001 Information Security Management Standard 2022
azure;ISO (the International Organization for Standardization) and IEC (the International Electrotechnical Commission) form the specialized system for worldwide standardization. National bodies that are members of ISO or IEC participate in the development of International Standards through technical committees established by the respective organization to deal with particular fields of technical activity. ISO and IEC technical committees collaborate in fields of mutual interest. Other international organizations, governmental and non-governmental, in liaison with ISO and IEC, also take part in the work.;;;2026-07-04 03:44:37.699268;A.5.4;Management Responsibilities;Management should require all personnel to apply information security in accordance with the established information security policy, topic-specific policies and procedures of the organization.;A.5 Organizational controls;A.5.4;Management Responsibilities;Management should require all personnel to apply information security in accordance with the established information security policy, topic-specific policies and procedures of the organization.;MANUAL;Manual check;manual_check;manual;False;Manual check;ISO27001;ISO/IEC 27001 Information Security Management Standard 2022
azure;ISO (the International Organization for Standardization) and IEC (the International Electrotechnical Commission) form the specialized system for worldwide standardization. National bodies that are members of ISO or IEC participate in the development of International Standards through technical committees established by the respective organization to deal with particular fields of technical activity. ISO and IEC technical committees collaborate in fields of mutual interest. Other international organizations, governmental and non-governmental, in liaison with ISO and IEC, also take part in the work.;;;2026-07-04 03:44:37.699268;A.5.6;Contact With Special Interest Groups;The organisation should establish and maintain contact with special interest groups or other specialist security forums and professional associations.;A.5 Organizational controls;A.5.6;Contact With Special Interest Groups;The organisation should establish and maintain contact with special interest groups or other specialist security forums and professional associations.;MANUAL;Manual check;manual_check;manual;False;Manual check;ISO27001;ISO/IEC 27001 Information Security Management Standard 2022
azure;ISO (the International Organization for Standardization) and IEC (the International Electrotechnical Commission) form the specialized system for worldwide standardization. National bodies that are members of ISO or IEC participate in the development of International Standards through technical committees established by the respective organization to deal with particular fields of technical activity. ISO and IEC technical committees collaborate in fields of mutual interest. Other international organizations, governmental and non-governmental, in liaison with ISO and IEC, also take part in the work.;;;2026-07-04 03:44:37.699268;A.5.8;Information Security In Project Management;Information security should be integrated into project management.;A.5 Organizational controls;A.5.8;Information Security In Project Management;Information security should be integrated into project management.;MANUAL;Manual check;manual_check;manual;False;Manual check;ISO27001;ISO/IEC 27001 Information Security Management Standard 2022
azure;ISO (the International Organization for Standardization) and IEC (the International Electrotechnical Commission) form the specialized system for worldwide standardization. National bodies that are members of ISO or IEC participate in the development of International Standards through technical committees established by the respective organization to deal with particular fields of technical activity. ISO and IEC technical committees collaborate in fields of mutual interest. Other international organizations, governmental and non-governmental, in liaison with ISO and IEC, also take part in the work.;;;2026-07-04 03:44:37.699268;A.5.9;Inventory Of Information And Other Associated Assets;An inventory of information and other associated assets, including owners, should be developed and maintained.;A.5 Organizational controls;A.5.9;Inventory Of Information And Other Associated Assets;An inventory of information and other associated assets, including owners, should be developed and maintained.;MANUAL;Manual check;manual_check;manual;False;Manual check;ISO27001;ISO/IEC 27001 Information Security Management Standard 2022
azure;ISO (the International Organization for Standardization) and IEC (the International Electrotechnical Commission) form the specialized system for worldwide standardization. National bodies that are members of ISO or IEC participate in the development of International Standards through technical committees established by the respective organization to deal with particular fields of technical activity. ISO and IEC technical committees collaborate in fields of mutual interest. Other international organizations, governmental and non-governmental, in liaison with ISO and IEC, also take part in the work.;;;2026-07-04 03:44:37.699268;A.5.10;Acceptable Use Of Information And Other Associated Assets;Rules for the acceptable use and procedures for handling information and other associated assets should be identified, documented and implemented.;A.5 Organizational controls;A.5.10;Acceptable Use Of Information And Other Associated Assets;Rules for the acceptable use and procedures for handling information and other associated assets should be identified, documented and implemented.;MANUAL;Manual check;manual_check;manual;False;Manual check;ISO27001;ISO/IEC 27001 Information Security Management Standard 2022
azure;ISO (the International Organization for Standardization) and IEC (the International Electrotechnical Commission) form the specialized system for worldwide standardization. National bodies that are members of ISO or IEC participate in the development of International Standards through technical committees established by the respective organization to deal with particular fields of technical activity. ISO and IEC technical committees collaborate in fields of mutual interest. Other international organizations, governmental and non-governmental, in liaison with ISO and IEC, also take part in the work.;;;2026-07-04 03:44:37.699268;A.5.11;Return Of Assets;Personnel and other interested parties as appropriate should return all the organisation’s assets in their possession upon change or termination of their employment, contract or agreement.;A.5 Organizational controls;A.5.11;Return Of Assets;Personnel and other interested parties as appropriate should return all the organisation’s assets in their possession upon change or termination of their employment, contract or agreement.;MANUAL;Manual check;manual_check;manual;False;Manual check;ISO27001;ISO/IEC 27001 Information Security Management Standard 2022
azure;ISO (the International Organization for Standardization) and IEC (the International Electrotechnical Commission) form the specialized system for worldwide standardization. National bodies that are members of ISO or IEC participate in the development of International Standards through technical committees established by the respective organization to deal with particular fields of technical activity. ISO and IEC technical committees collaborate in fields of mutual interest. Other international organizations, governmental and non-governmental, in liaison with ISO and IEC, also take part in the work.;;;2026-07-04 03:44:37.699268;A.5.12;Classification Of Information;Information should be classified according to the information security needs of the organisation based on confidentiality, integrity, availability and relevant interested party requirements.;A.5 Organizational controls;A.5.12;Classification Of Information;Information should be classified according to the information security needs of the organisation based on confidentiality, integrity, availability and relevant interested party requirements.;MANUAL;Manual check;manual_check;manual;False;Manual check;ISO27001;ISO/IEC 27001 Information Security Management Standard 2022
azure;ISO (the International Organization for Standardization) and IEC (the International Electrotechnical Commission) form the specialized system for worldwide standardization. National bodies that are members of ISO or IEC participate in the development of International Standards through technical committees established by the respective organization to deal with particular fields of technical activity. ISO and IEC technical committees collaborate in fields of mutual interest. Other international organizations, governmental and non-governmental, in liaison with ISO and IEC, also take part in the work.;;;2026-07-04 03:44:37.699268;A.5.13;Labelling Of Information;An appropriate set of procedures for information labelling should be developed and implemented in accordance with the information classification scheme adopted by the organisation.;A.5 Organizational controls;A.5.13;Labelling Of Information;An appropriate set of procedures for information labelling should be developed and implemented in accordance with the information classification scheme adopted by the organisation.;MANUAL;Manual check;manual_check;manual;False;Manual check;ISO27001;ISO/IEC 27001 Information Security Management Standard 2022
azure;ISO (the International Organization for Standardization) and IEC (the International Electrotechnical Commission) form the specialized system for worldwide standardization. National bodies that are members of ISO or IEC participate in the development of International Standards through technical committees established by the respective organization to deal with particular fields of technical activity. ISO and IEC technical committees collaborate in fields of mutual interest. Other international organizations, governmental and non-governmental, in liaison with ISO and IEC, also take part in the work.;;;2026-07-04 03:44:37.699268;A.5.14;Information Transfer;Information transfer rules, procedures, or agreements should be in place for all types of transfer facilities within the organisation and between the organisation and other parties.;A.5 Organizational controls;A.5.14;Information Transfer;Information transfer rules, procedures, or agreements should be in place for all types of transfer facilities within the organisation and between the organisation and other parties.;MANUAL;Manual check;manual_check;manual;False;Manual check;ISO27001;ISO/IEC 27001 Information Security Management Standard 2022
azure;ISO (the International Organization for Standardization) and IEC (the International Electrotechnical Commission) form the specialized system for worldwide standardization. National bodies that are members of ISO or IEC participate in the development of International Standards through technical committees established by the respective organization to deal with particular fields of technical activity. ISO and IEC technical committees collaborate in fields of mutual interest. Other international organizations, governmental and non-governmental, in liaison with ISO and IEC, also take part in the work.;;;2026-07-04 03:44:37.699268;A.5.20;Addressing Information Security Within Supplier Agreements;Relevant information security requirements should be established and agreed with each supplier based on the type of supplier relationship.;A.5 Organizational controls;A.5.20;Addressing Information Security Within Supplier Agreements;Relevant information security requirements should be established and agreed with each supplier based on the type of supplier relationship.;MANUAL;Manual check;manual_check;manual;False;Manual check;ISO27001;ISO/IEC 27001 Information Security Management Standard 2022
azure;ISO (the International Organization for Standardization) and IEC (the International Electrotechnical Commission) form the specialized system for worldwide standardization. National bodies that are members of ISO or IEC participate in the development of International Standards through technical committees established by the respective organization to deal with particular fields of technical activity. ISO and IEC technical committees collaborate in fields of mutual interest. Other international organizations, governmental and non-governmental, in liaison with ISO and IEC, also take part in the work.;;;2026-07-04 03:44:37.699268;A.5.23;Information Security For Use Of Cloud Services;Processes for acquisition, use, management and exit from cloud services should be established in accordance with the organisation’s information security requirements.;A.5 Organizational controls;A.5.23;Information Security For Use Of Cloud Services;Processes for acquisition, use, management and exit from cloud services should be established in accordance with the organisation’s information security requirements.;MANUAL;Manual check;manual_check;manual;False;Manual check;ISO27001;ISO/IEC 27001 Information Security Management Standard 2022
azure;ISO (the International Organization for Standardization) and IEC (the International Electrotechnical Commission) form the specialized system for worldwide standardization. National bodies that are members of ISO or IEC participate in the development of International Standards through technical committees established by the respective organization to deal with particular fields of technical activity. ISO and IEC technical committees collaborate in fields of mutual interest. Other international organizations, governmental and non-governmental, in liaison with ISO and IEC, also take part in the work.;;;2026-07-04 03:44:37.699268;A.5.24;Information Security Incident Management Planning and Preparation;The organization should plan and prepare for managing information security incidents by defining, establishing and communicating information security incident management processes, roles and responsibilities.;A.5 Organizational controls;A.5.24;Information Security Incident Management Planning and Preparation;The organization should plan and prepare for managing information security incidents by defining, establishing and communicating information security incident management processes, roles and responsibilities.;MANUAL;Manual check;manual_check;manual;False;Manual check;ISO27001;ISO/IEC 27001 Information Security Management Standard 2022
azure;ISO (the International Organization for Standardization) and IEC (the International Electrotechnical Commission) form the specialized system for worldwide standardization. National bodies that are members of ISO or IEC participate in the development of International Standards through technical committees established by the respective organization to deal with particular fields of technical activity. ISO and IEC technical committees collaborate in fields of mutual interest. Other international organizations, governmental and non-governmental, in liaison with ISO and IEC, also take part in the work.;;;2026-07-04 03:44:37.699268;A.5.26;Response To Information Security Incidents;Information security incidents should be responded to in accordance with the documented procedures.;A.5 Organizational controls;A.5.26;Response To Information Security Incidents;Information security incidents should be responded to in accordance with the documented procedures.;MANUAL;Manual check;manual_check;manual;False;Manual check;ISO27001;ISO/IEC 27001 Information Security Management Standard 2022
azure;ISO (the International Organization for Standardization) and IEC (the International Electrotechnical Commission) form the specialized system for worldwide standardization. National bodies that are members of ISO or IEC participate in the development of International Standards through technical committees established by the respective organization to deal with particular fields of technical activity. ISO and IEC technical committees collaborate in fields of mutual interest. Other international organizations, governmental and non-governmental, in liaison with ISO and IEC, also take part in the work.;;;2026-07-04 03:44:37.699268;A.5.27;Learning From Information Security Incidents;Knowledge gained from information security incidents should be used to strengthen and improve the information security controls.;A.5 Organizational controls;A.5.27;Learning From Information Security Incidents;Knowledge gained from information security incidents should be used to strengthen and improve the information security controls.;MANUAL;Manual check;manual_check;manual;False;Manual check;ISO27001;ISO/IEC 27001 Information Security Management Standard 2022
azure;ISO (the International Organization for Standardization) and IEC (the International Electrotechnical Commission) form the specialized system for worldwide standardization. National bodies that are members of ISO or IEC participate in the development of International Standards through technical committees established by the respective organization to deal with particular fields of technical activity. ISO and IEC technical committees collaborate in fields of mutual interest. Other international organizations, governmental and non-governmental, in liaison with ISO and IEC, also take part in the work.;;;2026-07-04 03:44:37.699268;A.5.30;Readiness For Business Continuity;ICT readiness should be planned, implemented, maintained and tested based on business continuity objectives and ICT continuity requirements. ;A.5 Organizational controls;A.5.30;Readiness For Business Continuity;ICT readiness should be planned, implemented, maintained and tested based on business continuity objectives and ICT continuity requirements. ;MANUAL;Manual check;manual_check;manual;False;Manual check;ISO27001;ISO/IEC 27001 Information Security Management Standard 2022
azure;ISO (the International Organization for Standardization) and IEC (the International Electrotechnical Commission) form the specialized system for worldwide standardization. National bodies that are members of ISO or IEC participate in the development of International Standards through technical committees established by the respective organization to deal with particular fields of technical activity. ISO and IEC technical committees collaborate in fields of mutual interest. Other international organizations, governmental and non-governmental, in liaison with ISO and IEC, also take part in the work.;;;2026-07-04 03:44:37.699268;A.5.31;Legal, statutory, regulatory and contractual requirements;Legal, statutory, regulatory and contractual requirements relevant to information security and the organisations approach to meet these requirements should be identified, documented and kept up to date. ;A.5 Organizational controls;A.5.31;Legal, statutory, regulatory and contractual requirements;Legal, statutory, regulatory and contractual requirements relevant to information security and the organisations approach to meet these requirements should be identified, documented and kept up to date. ;MANUAL;Manual check;manual_check;manual;False;Manual check;ISO27001;ISO/IEC 27001 Information Security Management Standard 2022
azure;ISO (the International Organization for Standardization) and IEC (the International Electrotechnical Commission) form the specialized system for worldwide standardization. National bodies that are members of ISO or IEC participate in the development of International Standards through technical committees established by the respective organization to deal with particular fields of technical activity. ISO and IEC technical committees collaborate in fields of mutual interest. Other international organizations, governmental and non-governmental, in liaison with ISO and IEC, also take part in the work.;;;2026-07-04 03:44:37.699268;A.5.32;Intellectual Property Rights;The organisation should implement appropriate procedures to protect intellectual property rights.  ;A.5 Organizational controls;A.5.32;Intellectual Property Rights;The organisation should implement appropriate procedures to protect intellectual property rights.  ;MANUAL;Manual check;manual_check;manual;False;Manual check;ISO27001;ISO/IEC 27001 Information Security Management Standard 2022
azure;ISO (the International Organization for Standardization) and IEC (the International Electrotechnical Commission) form the specialized system for worldwide standardization. National bodies that are members of ISO or IEC participate in the development of International Standards through technical committees established by the respective organization to deal with particular fields of technical activity. ISO and IEC technical committees collaborate in fields of mutual interest. Other international organizations, governmental and non-governmental, in liaison with ISO and IEC, also take part in the work.;;;2026-07-04 03:44:37.699268;A.5.33;Protection Of Records;Records should be protected from loss, destruction, falsification, unauthorised access and unauthorised release.;A.5 Organizational controls;A.5.33;Protection Of Records;Records should be protected from loss, destruction, falsification, unauthorised access and unauthorised release.;MANUAL;Manual check;manual_check;manual;False;Manual check;ISO27001;ISO/IEC 27001 Information Security Management Standard 2022
azure;ISO (the International Organization for Standardization) and IEC (the International Electrotechnical Commission) form the specialized system for worldwide standardization. National bodies that are members of ISO or IEC participate in the development of International Standards through technical committees established by the respective organization to deal with particular fields of technical activity. ISO and IEC technical committees collaborate in fields of mutual interest. Other international organizations, governmental and non-governmental, in liaison with ISO and IEC, also take part in the work.;;;2026-07-04 03:44:37.699268;A.5.34;Privacy And Protection Of PII;The organisation should identify and meet the requirements regarding the preservation of privacy and protection of PII according to applicable laws and regulations and contractual requirements.;A.5 Organizational controls;A.5.34;Privacy And Protection Of PII;The organisation should identify and meet the requirements regarding the preservation of privacy and protection of PII according to applicable laws and regulations and contractual requirements.;MANUAL;Manual check;manual_check;manual;False;Manual check;ISO27001;ISO/IEC 27001 Information Security Management Standard 2022
azure;ISO (the International Organization for Standardization) and IEC (the International Electrotechnical Commission) form the specialized system for worldwide standardization. National bodies that are members of ISO or IEC participate in the development of International Standards through technical committees established by the respective organization to deal with particular fields of technical activity. ISO and IEC technical committees collaborate in fields of mutual interest. Other international organizations, governmental and non-governmental, in liaison with ISO and IEC, also take part in the work.;;;2026-07-04 03:44:37.699268;A.5.35;Independent Review Of Information Security;The organisations approach to managing information security and its implementation including people, processes and technologies should be reviewed independently at planned intervals, or when significant changes occur. ;A.5 Organizational controls;A.5.35;Independent Review Of Information Security;The organisations approach to managing information security and its implementation including people, processes and technologies should be reviewed independently at planned intervals, or when significant changes occur. ;MANUAL;Manual check;manual_check;manual;False;Manual check;ISO27001;ISO/IEC 27001 Information Security Management Standard 2022
azure;ISO (the International Organization for Standardization) and IEC (the International Electrotechnical Commission) form the specialized system for worldwide standardization. National bodies that are members of ISO or IEC participate in the development of International Standards through technical committees established by the respective organization to deal with particular fields of technical activity. ISO and IEC technical committees collaborate in fields of mutual interest. Other international organizations, governmental and non-governmental, in liaison with ISO and IEC, also take part in the work.;;;2026-07-04 03:44:37.699268;A.5.36;Compliance With Policies, Rules And Standards For Information Security;Compliance with the organisations information security policy, topic-specific policies, rules and standards should be regularly reviewed. ;A.5 Organizational controls;A.5.36;Compliance With Policies, Rules And Standards For Information Security;Compliance with the organisations information security policy, topic-specific policies, rules and standards should be regularly reviewed. ;MANUAL;Manual check;manual_check;manual;False;Manual check;ISO27001;ISO/IEC 27001 Information Security Management Standard 2022
azure;ISO (the International Organization for Standardization) and IEC (the International Electrotechnical Commission) form the specialized system for worldwide standardization. National bodies that are members of ISO or IEC participate in the development of International Standards through technical committees established by the respective organization to deal with particular fields of technical activity. ISO and IEC technical committees collaborate in fields of mutual interest. Other international organizations, governmental and non-governmental, in liaison with ISO and IEC, also take part in the work.;;;2026-07-04 03:44:37.699268;A.5.37;Documented Operating Procedures;Operating procedures for information processing facilities should be documented and made available to personnel who need them. ;A.5 Organizational controls;A.5.37;Documented Operating Procedures;Operating procedures for information processing facilities should be documented and made available to personnel who need them. ;MANUAL;Manual check;manual_check;manual;False;Manual check;ISO27001;ISO/IEC 27001 Information Security Management Standard 2022
azure;ISO (the International Organization for Standardization) and IEC (the International Electrotechnical Commission) form the specialized system for worldwide standardization. National bodies that are members of ISO or IEC participate in the development of International Standards through technical committees established by the respective organization to deal with particular fields of technical activity. ISO and IEC technical committees collaborate in fields of mutual interest. Other international organizations, governmental and non-governmental, in liaison with ISO and IEC, also take part in the work.;;;2026-07-04 03:44:37.699268;A.6.1;Screening;Background verification checks on all candidates to become personnel should be carried out prior to joining the organisation and on an ongoing basis taking into consideration applicable laws, regulations and ethics and be proportional to the business requirements, the classification of the information to be accessed and the perceived risks. ;A.6 People controls;A.6.1;Screening;Background verification checks on all candidates to become personnel should be carried out prior to joining the organisation and on an ongoing basis taking into consideration applicable laws, regulations and ethics and be proportional to the business requirements, the classification of the information to be accessed and the perceived risks. ;MANUAL;Manual check;manual_check;manual;False;Manual check;ISO27001;ISO/IEC 27001 Information Security Management Standard 2022
azure;ISO (the International Organization for Standardization) and IEC (the International Electrotechnical Commission) form the specialized system for worldwide standardization. National bodies that are members of ISO or IEC participate in the development of International Standards through technical committees established by the respective organization to deal with particular fields of technical activity. ISO and IEC technical committees collaborate in fields of mutual interest. Other international organizations, governmental and non-governmental, in liaison with ISO and IEC, also take part in the work.;;;2026-07-04 03:44:37.699268;A.6.2;Terms and Conditions Of Employment;The employment contractual agreements should state the personnel’s and the organisations responsibilities for information security. ;A.6 People controls;A.6.2;Terms and Conditions Of Employment;The employment contractual agreements should state the personnel’s and the organisations responsibilities for information security. ;MANUAL;Manual check;manual_check;manual;False;Manual check;ISO27001;ISO/IEC 27001 Information Security Management Standard 2022
azure;ISO (the International Organization for Standardization) and IEC (the International Electrotechnical Commission) form the specialized system for worldwide standardization. National bodies that are members of ISO or IEC participate in the development of International Standards through technical committees established by the respective organization to deal with particular fields of technical activity. ISO and IEC technical committees collaborate in fields of mutual interest. Other international organizations, governmental and non-governmental, in liaison with ISO and IEC, also take part in the work.;;;2026-07-04 03:44:37.699268;A.6.3;Information Security Awareness, Education And Training;Personnel of the organisation and relevant interested parties should receive appropriate information security awareness, education and training and regular updates of the organisations information security policy, topic-specific policies and procedures, as relevant for their job function.;A.6 People controls;A.6.3;Information Security Awareness, Education And Training;Personnel of the organisation and relevant interested parties should receive appropriate information security awareness, education and training and regular updates of the organisations information security policy, topic-specific policies and procedures, as relevant for their job function.;MANUAL;Manual check;manual_check;manual;False;Manual check;ISO27001;ISO/IEC 27001 Information Security Management Standard 2022
azure;ISO (the International Organization for Standardization) and IEC (the International Electrotechnical Commission) form the specialized system for worldwide standardization. National bodies that are members of ISO or IEC participate in the development of International Standards through technical committees established by the respective organization to deal with particular fields of technical activity. ISO and IEC technical committees collaborate in fields of mutual interest. Other international organizations, governmental and non-governmental, in liaison with ISO and IEC, also take part in the work.;;;2026-07-04 03:44:37.699268;A.6.4;Disciplinary Process;A disciplinary process should be formalised and communicated to take actions against personnel and other relevant interested parties who have committed an information security policy violation.;A.6 People controls;A.6.4;Disciplinary Process;A disciplinary process should be formalised and communicated to take actions against personnel and other relevant interested parties who have committed an information security policy violation.;MANUAL;Manual check;manual_check;manual;False;Manual check;ISO27001;ISO/IEC 27001 Information Security Management Standard 2022
azure;ISO (the International Organization for Standardization) and IEC (the International Electrotechnical Commission) form the specialized system for worldwide standardization. National bodies that are members of ISO or IEC participate in the development of International Standards through technical committees established by the respective organization to deal with particular fields of technical activity. ISO and IEC technical committees collaborate in fields of mutual interest. Other international organizations, governmental and non-governmental, in liaison with ISO and IEC, also take part in the work.;;;2026-07-04 03:44:37.699268;A.6.5;Responsibilities After Termination Or Change Of Employment;Information security responsibilities and duties that remain valid after termination or change of employment should be defined, enforced and communicated to relevant personnel and other interested parties.;A.6 People controls;A.6.5;Responsibilities After Termination Or Change Of Employment;Information security responsibilities and duties that remain valid after termination or change of employment should be defined, enforced and communicated to relevant personnel and other interested parties.;MANUAL;Manual check;manual_check;manual;False;Manual check;ISO27001;ISO/IEC 27001 Information Security Management Standard 2022
azure;ISO (the International Organization for Standardization) and IEC (the International Electrotechnical Commission) form the specialized system for worldwide standardization. National bodies that are members of ISO or IEC participate in the development of International Standards through technical committees established by the respective organization to deal with particular fields of technical activity. ISO and IEC technical committees collaborate in fields of mutual interest. Other international organizations, governmental and non-governmental, in liaison with ISO and IEC, also take part in the work.;;;2026-07-04 03:44:37.699268;A.6.6;Confidentiality Or Non-Disclosure Agreements;Confidentiality or non-disclosure agreements reflecting the organisation’s needs for the protection of information should be identified, documented, regularly reviewed and signed by personnel and other relevant interested parties.;A.6 People controls;A.6.6;Confidentiality Or Non-Disclosure Agreements;Confidentiality or non-disclosure agreements reflecting the organisation’s needs for the protection of information should be identified, documented, regularly reviewed and signed by personnel and other relevant interested parties.;MANUAL;Manual check;manual_check;manual;False;Manual check;ISO27001;ISO/IEC 27001 Information Security Management Standard 2022
azure;ISO (the International Organization for Standardization) and IEC (the International Electrotechnical Commission) form the specialized system for worldwide standardization. National bodies that are members of ISO or IEC participate in the development of International Standards through technical committees established by the respective organization to deal with particular fields of technical activity. ISO and IEC technical committees collaborate in fields of mutual interest. Other international organizations, governmental and non-governmental, in liaison with ISO and IEC, also take part in the work.;;;2026-07-04 03:44:37.699268;A.6.7;Remote Working;Security measures should be implemented when personnel are working remotely to protect information accessed, processed or stored outside the organisation’s premises.;A.6 People controls;A.6.7;Remote Working;Security measures should be implemented when personnel are working remotely to protect information accessed, processed or stored outside the organisation’s premises.;MANUAL;Manual check;manual_check;manual;False;Manual check;ISO27001;ISO/IEC 27001 Information Security Management Standard 2022
azure;ISO (the International Organization for Standardization) and IEC (the International Electrotechnical Commission) form the specialized system for worldwide standardization. National bodies that are members of ISO or IEC participate in the development of International Standards through technical committees established by the respective organization to deal with particular fields of technical activity. ISO and IEC technical committees collaborate in fields of mutual interest. Other international organizations, governmental and non-governmental, in liaison with ISO and IEC, also take part in the work.;;;2026-07-04 03:44:37.699268;A.6.8;Information Security Event Reporting;The organisation should provide a mechanism for personnel to report observed or suspected information security events through appropriate channels in a timely manner.;A.6 People controls;A.6.8;Information Security Event Reporting;The organisation should provide a mechanism for personnel to report observed or suspected information security events through appropriate channels in a timely manner.;MANUAL;Manual check;manual_check;manual;False;Manual check;ISO27001;ISO/IEC 27001 Information Security Management Standard 2022
azure;ISO (the International Organization for Standardization) and IEC (the International Electrotechnical Commission) form the specialized system for worldwide standardization. National bodies that are members of ISO or IEC participate in the development of International Standards through technical committees established by the respective organization to deal with particular fields of technical activity. ISO and IEC technical committees collaborate in fields of mutual interest. Other international organizations, governmental and non-governmental, in liaison with ISO and IEC, also take part in the work.;;;2026-07-04 03:44:37.699268;A.7.1;Physical Security Perimeters;To prevent unauthorised physical access, damage and interference to the organisations information and other associated assets.;A.7 Physical controls;A.7.1;Physical Security Perimeters;To prevent unauthorised physical access, damage and interference to the organisations information and other associated assets.;MANUAL;Manual check;manual_check;manual;False;Manual check;ISO27001;ISO/IEC 27001 Information Security Management Standard 2022
azure;ISO (the International Organization for Standardization) and IEC (the International Electrotechnical Commission) form the specialized system for worldwide standardization. National bodies that are members of ISO or IEC participate in the development of International Standards through technical committees established by the respective organization to deal with particular fields of technical activity. ISO and IEC technical committees collaborate in fields of mutual interest. Other international organizations, governmental and non-governmental, in liaison with ISO and IEC, also take part in the work.;;;2026-07-04 03:44:37.699268;A.7.2;Physical Entry;Secure areas should be protected by appropriate entry controls and access points.;A.7 Physical controls;A.7.2;Physical Entry;Secure areas should be protected by appropriate entry controls and access points.;MANUAL;Manual check;manual_check;manual;False;Manual check;ISO27001;ISO/IEC 27001 Information Security Management Standard 2022
azure;ISO (the International Organization for Standardization) and IEC (the International Electrotechnical Commission) form the specialized system for worldwide standardization. National bodies that are members of ISO or IEC participate in the development of International Standards through technical committees established by the respective organization to deal with particular fields of technical activity. ISO and IEC technical committees collaborate in fields of mutual interest. Other international organizations, governmental and non-governmental, in liaison with ISO and IEC, also take part in the work.;;;2026-07-04 03:44:37.699268;A.7.3;Securing Offices, Rooms And Facilities;Physical security for offices, rooms and facilities should be designed and implemented.;A.7 Physical controls;A.7.3;Securing Offices, Rooms And Facilities;Physical security for offices, rooms and facilities should be designed and implemented.;MANUAL;Manual check;manual_check;manual;False;Manual check;ISO27001;ISO/IEC 27001 Information Security Management Standard 2022
azure;ISO (the International Organization for Standardization) and IEC (the International Electrotechnical Commission) form the specialized system for worldwide standardization. National bodies that are members of ISO or IEC participate in the development of International Standards through technical committees established by the respective organization to deal with particular fields of technical activity. ISO and IEC technical committees collaborate in fields of mutual interest. Other international organizations, governmental and non-governmental, in liaison with ISO and IEC, also take part in the work.;;;2026-07-04 03:44:37.699268;A.7.4;Physical Security Monitoring;Premises should be continuously monitored for unauthorised physical access.;A.7 Physical controls;A.7.4;Physical Security Monitoring;Premises should be continuously monitored for unauthorised physical access.;MANUAL;Manual check;manual_check;manual;False;Manual check;ISO27001;ISO/IEC 27001 Information Security Management Standard 2022
azure;ISO (the International Organization for Standardization) and IEC (the International Electrotechnical Commission) form the specialized system for worldwide standardization. National bodies that are members of ISO or IEC participate in the development of International Standards through technical committees established by the respective organization to deal with particular fields of technical activity. ISO and IEC technical committees collaborate in fields of mutual interest. Other international organizations, governmental and non-governmental, in liaison with ISO and IEC, also take part in the work.;;;2026-07-04 03:44:37.699268;A.7.5;Protecting Against Physical and Environmental Threats;Protection against physical and environmental threats, such as natural disasters and other intentional or unintentional physical threats to infrastructure should be designed and implemented.;A.7 Physical controls;A.7.5;Protecting Against Physical and Environmental Threats;Protection against physical and environmental threats, such as natural disasters and other intentional or unintentional physical threats to infrastructure should be designed and implemented.;MANUAL;Manual check;manual_check;manual;False;Manual check;ISO27001;ISO/IEC 27001 Information Security Management Standard 2022
azure;ISO (the International Organization for Standardization) and IEC (the International Electrotechnical Commission) form the specialized system for worldwide standardization. National bodies that are members of ISO or IEC participate in the development of International Standards through technical committees established by the respective organization to deal with particular fields of technical activity. ISO and IEC technical committees collaborate in fields of mutual interest. Other international organizations, governmental and non-governmental, in liaison with ISO and IEC, also take part in the work.;;;2026-07-04 03:44:37.699268;A.7.6;Working In Secure Areas;Security measures for working in secure areas should be designed and implemented.;A.7 Physical controls;A.7.6;Working In Secure Areas;Security measures for working in secure areas should be designed and implemented.;MANUAL;Manual check;manual_check;manual;False;Manual check;ISO27001;ISO/IEC 27001 Information Security Management Standard 2022
azure;ISO (the International Organization for Standardization) and IEC (the International Electrotechnical Commission) form the specialized system for worldwide standardization. National bodies that are members of ISO or IEC participate in the development of International Standards through technical committees established by the respective organization to deal with particular fields of technical activity. ISO and IEC technical committees collaborate in fields of mutual interest. Other international organizations, governmental and non-governmental, in liaison with ISO and IEC, also take part in the work.;;;2026-07-04 03:44:37.699268;A.7.7;Clear Desk And Clear Screen;Clear desk rules for papers and removable storage media and clear screen rules for information processing facilities should be defined and appropriately enforced.;A.7 Physical controls;A.7.7;Clear Desk And Clear Screen;Clear desk rules for papers and removable storage media and clear screen rules for information processing facilities should be defined and appropriately enforced.;MANUAL;Manual check;manual_check;manual;False;Manual check;ISO27001;ISO/IEC 27001 Information Security Management Standard 2022
azure;ISO (the International Organization for Standardization) and IEC (the International Electrotechnical Commission) form the specialized system for worldwide standardization. National bodies that are members of ISO or IEC participate in the development of International Standards through technical committees established by the respective organization to deal with particular fields of technical activity. ISO and IEC technical committees collaborate in fields of mutual interest. Other international organizations, governmental and non-governmental, in liaison with ISO and IEC, also take part in the work.;;;2026-07-04 03:44:37.699268;A.7.8;Equipment Siting And Protection;Equipment should be sited securely and protected.;A.7 Physical controls;A.7.8;Equipment Siting And Protection;Equipment should be sited securely and protected.;MANUAL;Manual check;manual_check;manual;False;Manual check;ISO27001;ISO/IEC 27001 Information Security Management Standard 2022
azure;ISO (the International Organization for Standardization) and IEC (the International Electrotechnical Commission) form the specialized system for worldwide standardization. National bodies that are members of ISO or IEC participate in the development of International Standards through technical committees established by the respective organization to deal with particular fields of technical activity. ISO and IEC technical committees collaborate in fields of mutual interest. Other international organizations, governmental and non-governmental, in liaison with ISO and IEC, also take part in the work.;;;2026-07-04 03:44:37.699268;A.7.9;Security Of Assets Off-Premises;Off-site assets should be protected.;A.7 Physical controls;A.7.9;Security Of Assets Off-Premises;Off-site assets should be protected.;MANUAL;Manual check;manual_check;manual;False;Manual check;ISO27001;ISO/IEC 27001 Information Security Management Standard 2022
azure;ISO (the International Organization for Standardization) and IEC (the International Electrotechnical Commission) form the specialized system for worldwide standardization. National bodies that are members of ISO or IEC participate in the development of International Standards through technical committees established by the respective organization to deal with particular fields of technical activity. ISO and IEC technical committees collaborate in fields of mutual interest. Other international organizations, governmental and non-governmental, in liaison with ISO and IEC, also take part in the work.;;;2026-07-04 03:44:37.699268;A.7.10;Storage Media;Storage media should be managed through their life cycle of acquisition, use, transportation and disposal in accordance with the organisations classification scheme and handling requirements.;A.7 Physical controls;A.7.10;Storage Media;Storage media should be managed through their life cycle of acquisition, use, transportation and disposal in accordance with the organisations classification scheme and handling requirements.;MANUAL;Manual check;manual_check;manual;False;Manual check;ISO27001;ISO/IEC 27001 Information Security Management Standard 2022
azure;ISO (the International Organization for Standardization) and IEC (the International Electrotechnical Commission) form the specialized system for worldwide standardization. National bodies that are members of ISO or IEC participate in the development of International Standards through technical committees established by the respective organization to deal with particular fields of technical activity. ISO and IEC technical committees collaborate in fields of mutual interest. Other international organizations, governmental and non-governmental, in liaison with ISO and IEC, also take part in the work.;;;2026-07-04 03:44:37.699268;A.7.11;Supporting Utilities;Information processing facilities should be protected from power failures and other disruptions caused by failures in supporting utilities.;A.7 Physical controls;A.7.11;Supporting Utilities;Information processing facilities should be protected from power failures and other disruptions caused by failures in supporting utilities.;MANUAL;Manual check;manual_check;manual;False;Manual check;ISO27001;ISO/IEC 27001 Information Security Management Standard 2022
azure;ISO (the International Organization for Standardization) and IEC (the International Electrotechnical Commission) form the specialized system for worldwide standardization. National bodies that are members of ISO or IEC participate in the development of International Standards through technical committees established by the respective organization to deal with particular fields of technical activity. ISO and IEC technical committees collaborate in fields of mutual interest. Other international organizations, governmental and non-governmental, in liaison with ISO and IEC, also take part in the work.;;;2026-07-04 03:44:37.699268;A.7.12;Cabling Security;Cables carrying power, data or supporting information services should be protected from interception;A.7 Physical controls;A.7.12;Cabling Security;Cables carrying power, data or supporting information services should be protected from interception;MANUAL;Manual check;manual_check;manual;False;Manual check;ISO27001;ISO/IEC 27001 Information Security Management Standard 2022
azure;ISO (the International Organization for Standardization) and IEC (the International Electrotechnical Commission) form the specialized system for worldwide standardization. National bodies that are members of ISO or IEC participate in the development of International Standards through technical committees established by the respective organization to deal with particular fields of technical activity. ISO and IEC technical committees collaborate in fields of mutual interest. Other international organizations, governmental and non-governmental, in liaison with ISO and IEC, also take part in the work.;;;2026-07-04 03:44:37.699268;A.7.13;Equipment Maintenance;Equipment should be maintained correctly to ensure availability, integrity and confidentiality of information.;A.7 Physical controls;A.7.13;Equipment Maintenance;Equipment should be maintained correctly to ensure availability, integrity and confidentiality of information.;MANUAL;Manual check;manual_check;manual;False;Manual check;ISO27001;ISO/IEC 27001 Information Security Management Standard 2022
azure;ISO (the International Organization for Standardization) and IEC (the International Electrotechnical Commission) form the specialized system for worldwide standardization. National bodies that are members of ISO or IEC participate in the development of International Standards through technical committees established by the respective organization to deal with particular fields of technical activity. ISO and IEC technical committees collaborate in fields of mutual interest. Other international organizations, governmental and non-governmental, in liaison with ISO and IEC, also take part in the work.;;;2026-07-04 03:44:37.699268;A.7.14;Secure Disposal Or Re-Use Of Equipment;Items of equipment containing storage media should be verified to ensure that any sensitive data and licensed software has been removed or securely overwritten prior to disposal or re-use.;A.7 Physical controls;A.7.14;Secure Disposal Or Re-Use Of Equipment;Items of equipment containing storage media should be verified to ensure that any sensitive data and licensed software has been removed or securely overwritten prior to disposal or re-use.;MANUAL;Manual check;manual_check;manual;False;Manual check;ISO27001;ISO/IEC 27001 Information Security Management Standard 2022
azure;ISO (the International Organization for Standardization) and IEC (the International Electrotechnical Commission) form the specialized system for worldwide standardization. National bodies that are members of ISO or IEC participate in the development of International Standards through technical committees established by the respective organization to deal with particular fields of technical activity. ISO and IEC technical committees collaborate in fields of mutual interest. Other international organizations, governmental and non-governmental, in liaison with ISO and IEC, also take part in the work.;;;2026-07-04 03:44:37.699268;A.8.4;Access To Source Code;Read and write access to source code, development tools and software libraries should be appropriately managed.;A.8 Technological controls;A.8.4;Access To Source Code;Read and write access to source code, development tools and software libraries should be appropriately managed.;MANUAL;Manual check;manual_check;manual;False;Manual check;ISO27001;ISO/IEC 27001 Information Security Management Standard 2022
azure;ISO (the International Organization for Standardization) and IEC (the International Electrotechnical Commission) form the specialized system for worldwide standardization. National bodies that are members of ISO or IEC participate in the development of International Standards through technical committees established by the respective organization to deal with particular fields of technical activity. ISO and IEC technical committees collaborate in fields of mutual interest. Other international organizations, governmental and non-governmental, in liaison with ISO and IEC, also take part in the work.;;;2026-07-04 03:44:37.699268;A.8.6;Capacity Management;The use of resources should be monitored and adjusted in line with current and expected capacity requirements.;A.8 Technological controls;A.8.6;Capacity Management;The use of resources should be monitored and adjusted in line with current and expected capacity requirements.;MANUAL;Manual check;manual_check;manual;False;Manual check;ISO27001;ISO/IEC 27001 Information Security Management Standard 2022
azure;ISO (the International Organization for Standardization) and IEC (the International Electrotechnical Commission) form the specialized system for worldwide standardization. National bodies that are members of ISO or IEC participate in the development of International Standards through technical committees established by the respective organization to deal with particular fields of technical activity. ISO and IEC technical committees collaborate in fields of mutual interest. Other international organizations, governmental and non-governmental, in liaison with ISO and IEC, also take part in the work.;;;2026-07-04 03:44:37.699268;A.8.8;Management of Technical Vulnerabilities;Information about technical vulnerabilities of information systems in use should be obtained, the organisations exposure to such vulnerabilities should be evaluated and appropriate measures should be taken.;A.8 Technological controls;A.8.8;Management of Technical Vulnerabilities;Information about technical vulnerabilities of information systems in use should be obtained, the organisations exposure to such vulnerabilities should be evaluated and appropriate measures should be taken.;MANUAL;Manual check;manual_check;manual;False;Manual check;ISO27001;ISO/IEC 27001 Information Security Management Standard 2022
azure;ISO (the International Organization for Standardization) and IEC (the International Electrotechnical Commission) form the specialized system for worldwide standardization. National bodies that are members of ISO or IEC participate in the development of International Standards through technical committees established by the respective organization to deal with particular fields of technical activity. ISO and IEC technical committees collaborate in fields of mutual interest. Other international organizations, governmental and non-governmental, in liaison with ISO and IEC, also take part in the work.;;;2026-07-04 03:44:37.699268;A.8.17;Clock Synchronisation;The clocks of information processing systems used by the organisation should be synchronised to approved time sources.;A.8 Technological controls;A.8.17;Clock Synchronisation;The clocks of information processing systems used by the organisation should be synchronised to approved time sources.;MANUAL;Manual check;manual_check;manual;False;Manual check;ISO27001;ISO/IEC 27001 Information Security Management Standard 2022
azure;ISO (the International Organization for Standardization) and IEC (the International Electrotechnical Commission) form the specialized system for worldwide standardization. National bodies that are members of ISO or IEC participate in the development of International Standards through technical committees established by the respective organization to deal with particular fields of technical activity. ISO and IEC technical committees collaborate in fields of mutual interest. Other international organizations, governmental and non-governmental, in liaison with ISO and IEC, also take part in the work.;;;2026-07-04 03:44:37.699268;A.8.18;Use of Privileged Utility Programs;The use of utility programs that can be capable of overriding system and application controls should be restricted and tightly controlled;A.8 Technological controls;A.8.18;Use of Privileged Utility Programs;The use of utility programs that can be capable of overriding system and application controls should be restricted and tightly controlled;MANUAL;Manual check;manual_check;manual;False;Manual check;ISO27001;ISO/IEC 27001 Information Security Management Standard 2022
azure;ISO (the International Organization for Standardization) and IEC (the International Electrotechnical Commission) form the specialized system for worldwide standardization. National bodies that are members of ISO or IEC participate in the development of International Standards through technical committees established by the respective organization to deal with particular fields of technical activity. ISO and IEC technical committees collaborate in fields of mutual interest. Other international organizations, governmental and non-governmental, in liaison with ISO and IEC, also take part in the work.;;;2026-07-04 03:44:37.699268;A.8.19;Installation of Software on Operational Systems;Procedures and measures should be implemented to securely manage software installation on operational systems.;A.8 Technological controls;A.8.19;Installation of Software on Operational Systems;Procedures and measures should be implemented to securely manage software installation on operational systems.;MANUAL;Manual check;manual_check;manual;False;Manual check;ISO27001;ISO/IEC 27001 Information Security Management Standard 2022
azure;ISO (the International Organization for Standardization) and IEC (the International Electrotechnical Commission) form the specialized system for worldwide standardization. National bodies that are members of ISO or IEC participate in the development of International Standards through technical committees established by the respective organization to deal with particular fields of technical activity. ISO and IEC technical committees collaborate in fields of mutual interest. Other international organizations, governmental and non-governmental, in liaison with ISO and IEC, also take part in the work.;;;2026-07-04 03:44:37.699268;A.8.23;Web Filtering;Access to external websites should be managed to reduce exposure to malicious content.;A.8 Technological controls;A.8.23;Web Filtering;Access to external websites should be managed to reduce exposure to malicious content.;MANUAL;Manual check;manual_check;manual;False;Manual check;ISO27001;ISO/IEC 27001 Information Security Management Standard 2022
azure;ISO (the International Organization for Standardization) and IEC (the International Electrotechnical Commission) form the specialized system for worldwide standardization. National bodies that are members of ISO or IEC participate in the development of International Standards through technical committees established by the respective organization to deal with particular fields of technical activity. ISO and IEC technical committees collaborate in fields of mutual interest. Other international organizations, governmental and non-governmental, in liaison with ISO and IEC, also take part in the work.;;;2026-07-04 03:44:37.699268;A.8.25;Secure Development Life Cycle;Rules for the secure development of software and systems should be established and applied.;A.8 Technological controls;A.8.25;Secure Development Life Cycle;Rules for the secure development of software and systems should be established and applied.;MANUAL;Manual check;manual_check;manual;False;Manual check;ISO27001;ISO/IEC 27001 Information Security Management Standard 2022
azure;ISO (the International Organization for Standardization) and IEC (the International Electrotechnical Commission) form the specialized system for worldwide standardization. National bodies that are members of ISO or IEC participate in the development of International Standards through technical committees established by the respective organization to deal with particular fields of technical activity. ISO and IEC technical committees collaborate in fields of mutual interest. Other international organizations, governmental and non-governmental, in liaison with ISO and IEC, also take part in the work.;;;2026-07-04 03:44:37.699268;A.8.26;Application Security Requirements;Information security requirements should be identified, specified and approved when developing or acquiring applications.;A.8 Technological controls;A.8.26;Application Security Requirements;Information security requirements should be identified, specified and approved when developing or acquiring applications.;MANUAL;Manual check;manual_check;manual;False;Manual check;ISO27001;ISO/IEC 27001 Information Security Management Standard 2022
azure;ISO (the International Organization for Standardization) and IEC (the International Electrotechnical Commission) form the specialized system for worldwide standardization. National bodies that are members of ISO or IEC participate in the development of International Standards through technical committees established by the respective organization to deal with particular fields of technical activity. ISO and IEC technical committees collaborate in fields of mutual interest. Other international organizations, governmental and non-governmental, in liaison with ISO and IEC, also take part in the work.;;;2026-07-04 03:44:37.699268;A.8.27;Secure Systems Architecture and Engineering Principles;Principles for engineering secure systems should be established, documented, maintained and applied to any information system development activities.;A.8 Technological controls;A.8.27;Secure Systems Architecture and Engineering Principles;Principles for engineering secure systems should be established, documented, maintained and applied to any information system development activities.;MANUAL;Manual check;manual_check;manual;False;Manual check;ISO27001;ISO/IEC 27001 Information Security Management Standard 2022
azure;ISO (the International Organization for Standardization) and IEC (the International Electrotechnical Commission) form the specialized system for worldwide standardization. National bodies that are members of ISO or IEC participate in the development of International Standards through technical committees established by the respective organization to deal with particular fields of technical activity. ISO and IEC technical committees collaborate in fields of mutual interest. Other international organizations, governmental and non-governmental, in liaison with ISO and IEC, also take part in the work.;;;2026-07-04 03:44:37.699268;A.8.29;Security Testing in Development and Acceptance;Security testing processes should be defined and implemented in the development life cycle.;A.8 Technological controls;A.8.29;Security Testing in Development and Acceptance;Security testing processes should be defined and implemented in the development life cycle.;MANUAL;Manual check;manual_check;manual;False;Manual check;ISO27001;ISO/IEC 27001 Information Security Management Standard 2022
azure;ISO (the International Organization for Standardization) and IEC (the International Electrotechnical Commission) form the specialized system for worldwide standardization. National bodies that are members of ISO or IEC participate in the development of International Standards through technical committees established by the respective organization to deal with particular fields of technical activity. ISO and IEC technical committees collaborate in fields of mutual interest. Other international organizations, governmental and non-governmental, in liaison with ISO and IEC, also take part in the work.;;;2026-07-04 03:44:37.699268;A.8.30;Outsourced Development;The organisation should direct, monitor and review the activities related to outsourced system development.;A.8 Technological controls;A.8.30;Outsourced Development;The organisation should direct, monitor and review the activities related to outsourced system development.;MANUAL;Manual check;manual_check;manual;False;Manual check;ISO27001;ISO/IEC 27001 Information Security Management Standard 2022
azure;ISO (the International Organization for Standardization) and IEC (the International Electrotechnical Commission) form the specialized system for worldwide standardization. National bodies that are members of ISO or IEC participate in the development of International Standards through technical committees established by the respective organization to deal with particular fields of technical activity. ISO and IEC technical committees collaborate in fields of mutual interest. Other international organizations, governmental and non-governmental, in liaison with ISO and IEC, also take part in the work.;;;2026-07-04 03:44:37.699268;A.8.31;Separation of Development, Test and Production Environments;Development, testing and production environments should be separated and secured.;A.8 Technological controls;A.8.31;Separation of Development, Test and Production Environments;Development, testing and production environments should be separated and secured.;MANUAL;Manual check;manual_check;manual;False;Manual check;ISO27001;ISO/IEC 27001 Information Security Management Standard 2022
azure;ISO (the International Organization for Standardization) and IEC (the International Electrotechnical Commission) form the specialized system for worldwide standardization. National bodies that are members of ISO or IEC participate in the development of International Standards through technical committees established by the respective organization to deal with particular fields of technical activity. ISO and IEC technical committees collaborate in fields of mutual interest. Other international organizations, governmental and non-governmental, in liaison with ISO and IEC, also take part in the work.;;;2026-07-04 03:44:37.699268;A.8.32;Change Management;Changes to information processing facilities and information systems should be subject to change management procedures.;A.8 Technological controls;A.8.32;Change Management;Changes to information processing facilities and information systems should be subject to change management procedures.;MANUAL;Manual check;manual_check;manual;False;Manual check;ISO27001;ISO/IEC 27001 Information Security Management Standard 2022
azure;ISO (the International Organization for Standardization) and IEC (the International Electrotechnical Commission) form the specialized system for worldwide standardization. National bodies that are members of ISO or IEC participate in the development of International Standards through technical committees established by the respective organization to deal with particular fields of technical activity. ISO and IEC technical committees collaborate in fields of mutual interest. Other international organizations, governmental and non-governmental, in liaison with ISO and IEC, also take part in the work.;;;2026-07-04 03:44:37.699268;A.8.33;Test Information;Test information should be appropriately selected, protected and managed.;A.8 Technological controls;A.8.33;Test Information;Test information should be appropriately selected, protected and managed.;MANUAL;Manual check;manual_check;manual;False;Manual check;ISO27001;ISO/IEC 27001 Information Security Management Standard 2022
azure;ISO (the International Organization for Standardization) and IEC (the International Electrotechnical Commission) form the specialized system for worldwide standardization. National bodies that are members of ISO or IEC participate in the development of International Standards through technical committees established by the respective organization to deal with particular fields of technical activity. ISO and IEC technical committees collaborate in fields of mutual interest. Other international organizations, governmental and non-governmental, in liaison with ISO and IEC, also take part in the work.;;;2026-07-04 03:44:37.699268;A.8.34;Protection of Information Systems During Audit Testing;Audit tests and other assurance activities involving assessment of operational systems should be planned and agreed between the tester and appropriate management.;A.8 Technological controls;A.8.34;Protection of Information Systems During Audit Testing;Audit tests and other assurance activities involving assessment of operational systems should be planned and agreed between the tester and appropriate management.;MANUAL;Manual check;manual_check;manual;False;Manual check;ISO27001;ISO/IEC 27001 Information Security Management Standard 2022
